{"type": "FeatureCollection", "features": [{"type": "Feature", "properties": {"featurecla": "Admin-1 states provinces", "scalerank": 10, "adm1_code": "MLT-5950", "diss_me": 5950, "iso_3166_2": "MT-21", "wikipedia": null, "iso_a2": "MT", "adm0_sr": 3, "name": "Kalkara", "name_alt": null, "name_local": null, "type": null, "type_en": null, "code_local": null, "code_hasc": "MT.SE.KA", "note": null, "hasc_maybe": null, "region": "Malta Xlokk", "region_cod": null, "provnum_ne": 0, "gadm_level": 0, "check_me": 0, "datarank": 10, "abbrev": null, "postal": null, "area_sqkm": 0, "sameascity": -99, "labelrank": 20, "name_len": 7, "mapcolor9": 1, "mapcolor13": 8, "fips": null, "fips_alt": null, "woe_id": 24551392, "woe_label": null, "woe_name": "Malta", "latitude": 35.8871, "longitude": 14.5351, "sov_a3": "MLT", "adm0_a3": "MLT", "adm0_label": 5, "admin": "Malta", "geonunit": "Malta", "gu_a3": "MLT", "gn_id": 8299725, "gn_name": "Il-Kalkara", "gns_id": 11534633, "gns_name": "Il-Kalkara", "gn_level": 1, "gn_region": null, "gn_a1_code": "MT.26", "region_sub": "Southern Harbour", "sub_code": null, "gns_level": 1, "gns_lang": "mlt", "gns_adm1": "MT26", "gns_region": null, "min_label": 11, "max_label": 11, "min_zoom": 11, "wikidataid": "Q533257", "name_ar": "\u0643\u0627\u0644\u0643\u0627\u0631\u0627", "name_bn": "\u0995\u09be\u09b2\u0995\u09be\u09b0\u09be", "name_de": "Kalkara", "name_en": "Kalkara", "name_es": "Kalkara", "name_fr": "Kalkara", "name_el": "\u039a\u03b1\u03bb\u03ba\u03ac\u03c1\u03b1", "name_hi": "\u0915\u0932\u0915\u093e\u0930\u093e", "name_hu": "Kalkara", "name_id": "Kalkara", "name_it": "Calcara", "name_ja": "\u30ab\u30eb\u30ab\u30e9", "name_ko": "\uce7c\uce74\ub77c", "name_nl": "Kalkara", "name_pl": "Kalkara", "name_pt": "Kalkara", "name_ru": "\u041a\u0430\u043b\u044c\u043a\u0430\u0440\u0430", "name_sv": "Kalkara", "name_tr": "Kalkara", "name_vi": "Kalkara", "name_zh": "\u9ea6\u57fa\u57fa", "ne_id": 1159318045, "name_he": "\u05e7\u05dc\u05e7\u05d0\u05e8\u05d4", "name_uk": "\u041a\u0430\u043b\u043a\u0430\u0440\u0430", "name_ur": "\u06a9\u0627\u0644\u06a9\u0627\u0631\u0627", "name_fa": "\u06a9\u0627\u0644\u06a9\u0627\u0631\u0627", "name_zht": "\u9ea5\u57fa\u57fa", "FCLASS_ISO": null, "FCLASS_US": null, "FCLASS_FR": null, "FCLASS_RU": null, "FCLASS_ES": null, "FCLASS_CN": null, "FCLASS_TW": null, "FCLASS_IN": null, "FCLASS_NP": null, "FCLASS_PK": null, "FCLASS_DE": null, "FCLASS_GB": null, "FCLASS_BR": null, "FCLASS_IL": null, "FCLASS_PS": null, "FCLASS_SA": null, "FCLASS_EG": null, "FCLASS_MA": null, "FCLASS_PT": null, "FCLASS_AR": null, "FCLASS_JP": null, "FCLASS_KO": null, "FCLASS_VN": null, "FCLASS_TR": null, "FCLASS_ID": null, "FCLASS_PL": null, "FCLASS_GR": null, "FCLASS_IT": null, "FCLASS_NL": null, "FCLASS_SE": null, "FCLASS_BD": null, "FCLASS_UA": null, "FCLASS_TLC": null}, "bbox": [14.519453, 35.881563, 14.548025, 35.898035], "geometry": {"type": "Polygon", "coordinates": [[[14.524896, 35.898035], [14.548025, 35.890041], [14.541201, 35.886001], [14.540018, 35.882747], [14.533213, 35.882747], [14.529367, 35.881563], [14.529013, 35.888959], [14.524785, 35.890439], [14.519453, 35.894254], [14.524896, 35.898035]]]}}, {"type": "Feature", "properties": {"featurecla": "Admin-1 states provinces", "scalerank": 10, "adm1_code": "MLT-5949", "diss_me": 5949, "iso_3166_2": "MT-60", "wikipedia": null, "iso_a2": "MT", "adm0_sr": 3, "name": "Valletta", "name_alt": null, "name_local": null, "type": null, "type_en": null, "code_local": null, "code_hasc": "MT.SE.VA", "note": null, "hasc_maybe": null, "region": "Malta Xlokk", "region_cod": null, "provnum_ne": 0, "gadm_level": 0, "check_me": 0, "datarank": 10, "abbrev": null, "postal": null, "area_sqkm": 0, "sameascity": -99, "labelrank": 20, "name_len": 8, "mapcolor9": 1, "mapcolor13": 8, "fips": null, "fips_alt": null, "woe_id": 24551399, "woe_label": null, "woe_name": "Malta", "latitude": 35.8948, "longitude": 14.511, "sov_a3": "MLT", "adm0_a3": "MLT", "adm0_label": 5, "admin": "Malta", "geonunit": "Malta", "gu_a3": "MLT", "gn_id": 8334638, "gn_name": "Il-Belt Valletta", "gns_id": 11536204, "gns_name": "Il-Belt Valletta", "gn_level": 1, "gn_region": null, "gn_a1_code": "MT.60", "region_sub": "Southern Harbour", "sub_code": null, "gns_level": 1, "gns_lang": "mlt", "gns_adm1": "MT60", "gns_region": null, "min_label": 11, "max_label": 11, "min_zoom": 11, "wikidataid": "Q23800", "name_ar": "\u0641\u0627\u0644\u064a\u062a\u0627", "name_bn": "\u09ad\u09be\u09b2\u09cd\u09b2\u09c7\u09a4\u09cd\u09a4\u09be", "name_de": "Valletta", "name_en": "Valletta", "name_es": "La Valeta", "name_fr": "La Valette", "name_el": "\u0392\u03b1\u03bb\u03ad\u03c4\u03b1", "name_hi": "\u0935\u0948\u0932\u0947\u091f\u093e", "name_hu": "Valletta", "name_id": "Valletta", "name_it": "La Valletta", "name_ja": "\u30d0\u30ec\u30c3\u30bf", "name_ko": "\ubc1c\ub808\ud0c0", "name_nl": "Valletta", "name_pl": "Valletta", "name_pt": "Valeta", "name_ru": "\u0412\u0430\u043b\u043b\u0435\u0442\u0442\u0430", "name_sv": "Valletta", "name_tr": "Valletta", "name_vi": "Valletta", "name_zh": "\u74e6\u83b1\u5854", "ne_id": 1159318043, "name_he": "\u05d5\u05dc\u05d8\u05d4", "name_uk": "\u0412\u0430\u043b\u043b\u0435\u0442\u0442\u0430", "name_ur": "\u0648\u0627\u0644\u06cc\u0679\u0627", "name_fa": "\u0648\u0627\u0644\u062a\u0627", "name_zht": "\u74e6\u840a\u5854", "FCLASS_ISO": null, "FCLASS_US": null, "FCLASS_FR": null, "FCLASS_RU": null, "FCLASS_ES": null, "FCLASS_CN": null, "FCLASS_TW": null, "FCLASS_IN": null, "FCLASS_NP": null, "FCLASS_PK": null, "FCLASS_DE": null, "FCLASS_GB": null, "FCLASS_BR": null, "FCLASS_IL": null, "FCLASS_PS": null, "FCLASS_SA": null, "FCLASS_EG": null, "FCLASS_MA": null, "FCLASS_PT": null, "FCLASS_AR": null, "FCLASS_JP": null, "FCLASS_KO": null, "FCLASS_VN": null, "FCLASS_TR": null, "FCLASS_ID": null, "FCLASS_PL": null, "FCLASS_GR": null, "FCLASS_IT": null, "FCLASS_NL": null, "FCLASS_SE": null, "FCLASS_BD": null, "FCLASS_UA": null, "FCLASS_TLC": null}, "bbox": [14.501557, 35.88896, 14.524896, 35.900824], "geometry": {"type": "Polygon", "coordinates": [[[14.513927, 35.900824], [14.519298, 35.89997], [14.524896, 35.898035], [14.519453, 35.894254], [14.515371, 35.891128], [14.510728, 35.88896], [14.501557, 35.895173], [14.507178, 35.898723], [14.513927, 35.900824]]]}}, {"type": "Feature", "properties": {"featurecla": "Admin-1 states provinces", "scalerank": 10, "adm1_code": "MLT-5936", "diss_me": 5936, "iso_3166_2": "MT-56", "wikipedia": null, "iso_a2": "MT", "adm0_sr": 3, "name": "Sliema", "name_alt": null, "name_local": null, "type": null, "type_en": null, "code_local": null, "code_hasc": "MT.CE.SL", "note": null, "hasc_maybe": null, "region": "Malta Majjistral", "region_cod": null, "provnum_ne": 0, "gadm_level": 0, "check_me": 0, "datarank": 10, "abbrev": null, "postal": null, "area_sqkm": 0, "sameascity": -99, "labelrank": 20, "name_len": 6, "mapcolor9": 1, "mapcolor13": 8, "fips": null, "fips_alt": null, "woe_id": 24551395, "woe_label": null, "woe_name": "Malta", "latitude": 35.9083, "longitude": 14.4992, "sov_a3": "MLT", "adm0_a3": "MLT", "adm0_label": 5, "admin": "Malta", "geonunit": "Malta", "gu_a3": "MLT", "gn_id": 8299755, "gn_name": "Tas-Sliema", "gns_id": 11535800, "gns_name": "Tas-Sliema", "gn_level": 1, "gn_region": null, "gn_a1_code": "MT.56", "region_sub": "Northern Harbour", "sub_code": null, "gns_level": 1, "gns_lang": "mlt", "gns_adm1": "MT56", "gns_region": null, "min_label": 11, "max_label": 11, "min_zoom": 11, "wikidataid": "Q39526", "name_ar": "\u0633\u0644\u064a\u0645\u0629", "name_bn": "\u09b8\u09cd\u09b2\u09bf\u09af\u09bc\u09c7\u09ae\u09be", "name_de": "Sliema", "name_en": "Sliema", "name_es": "Sliema", "name_fr": "Sliema", "name_el": "\u03a3\u03bb\u03b9\u03ad\u03bc\u03b1", "name_hi": "\u0938\u094d\u0932\u093f\u092e\u093e", "name_hu": "Sliema", "name_id": "Sliema", "name_it": "Sliema", "name_ja": "\u30b9\u30ea\u30de", "name_ko": "\uc2ac\ub9ac\ub9c8", "name_nl": "Sliema", "name_pl": "Sliema", "name_pt": "Sliema", "name_ru": "\u0421\u043b\u0438\u043c\u0430", "name_sv": "Sliema", "name_tr": "Sliema", "name_vi": "Sliema", "name_zh": "\u65af\u5229\u9a6c", "ne_id": 1159318013, "name_he": "\u05e1\u05dc\u05d9\u05de\u05d4", "name_uk": "\u0421\u043b\u0456\u043c\u0430", "name_ur": "\u0633\u0644\u06cc\u0645\u0627", "name_fa": "\u0633\u0644\u06cc\u0645\u0627", "name_zht": "\u65af\u5229\u99ac", "FCLASS_ISO": null, "FCLASS_US": null, "FCLASS_FR": null, "FCLASS_RU": null, "FCLASS_ES": null, "FCLASS_CN": null, "FCLASS_TW": null, "FCLASS_IN": null, "FCLASS_NP": null, "FCLASS_PK": null, "FCLASS_DE": null, "FCLASS_GB": null, "FCLASS_BR": null, "FCLASS_IL": null, "FCLASS_PS": null, "FCLASS_SA": null, "FCLASS_EG": null, "FCLASS_MA": null, "FCLASS_PT": null, "FCLASS_AR": null, "FCLASS_JP": null, "FCLASS_KO": null, "FCLASS_VN": null, "FCLASS_TR": null, "FCLASS_ID": null, "FCLASS_PL": null, "FCLASS_GR": null, "FCLASS_IT": null, "FCLASS_NL": null, "FCLASS_SE": null, "FCLASS_BD": null, "FCLASS_UA": null, "FCLASS_TLC": null}, "bbox": [14.492884, 35.898723, 14.514008, 35.924599], "geometry": {"type": "Polygon", "coordinates": [[[14.510391, 35.924599], [14.512869, 35.920803], [14.514008, 35.910834], [14.513927, 35.900824], [14.507178, 35.898723], [14.507478, 35.901999], [14.497352, 35.903786], [14.492884, 35.906616], [14.496309, 35.914807], [14.510391, 35.924599]]]}}, {"type": "Feature", "properties": {"featurecla": "Admin-1 states provinces", "scalerank": 10, "adm1_code": "MLT-5935", "diss_me": 5935, "iso_3166_2": "MT-48", "wikipedia": null, "iso_a2": "MT", "adm0_sr": 3, "name": "San Giljan", "name_alt": "St. Julian's", "name_local": null, "type": null, "type_en": null, "code_local": null, "code_hasc": "MT.CE.SG", "note": null, "hasc_maybe": null, "region": "Malta Majjistral", "region_cod": null, "provnum_ne": 0, "gadm_level": 0, "check_me": 0, "datarank": 10, "abbrev": null, "postal": null, "area_sqkm": 0, "sameascity": -99, "labelrank": 20, "name_len": 12, "mapcolor9": 1, "mapcolor13": 8, "fips": "MT49", "fips_alt": null, "woe_id": -56043491, "woe_label": null, "woe_name": "Malta", "latitude": 35.9126, "longitude": 14.4897, "sov_a3": "MLT", "adm0_a3": "MLT", "adm0_label": 5, "admin": "Malta", "geonunit": "Malta", "gu_a3": "MLT", "gn_id": 8299748, "gn_name": "Saint Julian", "gns_id": 11535792, "gns_name": "San Giljan", "gn_level": 1, "gn_region": null, "gn_a1_code": "MT.49", "region_sub": "Northern Harbour", "sub_code": null, "gns_level": 1, "gns_lang": "mlt", "gns_adm1": "MT49", "gns_region": null, "min_label": 11, "max_label": 11, "min_zoom": 11, "wikidataid": "Q669979", "name_ar": "\u0633\u0627\u0646\u062a \u062c\u0648\u0644\u064a\u0627\u0646", "name_bn": "\u09b8\u09c7\u09a8\u09cd\u099f \u099c\u09c1\u09b2\u09bf\u09af\u09bc\u09be\u09a8", "name_de": "San \u0120iljan", "name_en": "St. Julian's", "name_es": "San Juli\u00e1n", "name_fr": "San \u0120iljan", "name_el": "\u03a3\u03b5\u03bd\u03c4 \u03a4\u03b6\u03bf\u03cd\u03bb\u03b9\u03b1\u03bd\u03c2", "name_hi": "\u0938\u0947\u0902\u091f \u091c\u0942\u0932\u093f\u092f\u0902\u0938", "name_hu": "San \u0120iljan", "name_id": "St. Julian's", "name_it": "San Giuliano", "name_ja": "\u30bb\u30f3\u30b8\u30e5\u30ea\u30a2\u30f3", "name_ko": "\uc0b0\uc9c8\ub9ac\uc548", "name_nl": "San \u0120iljan", "name_pl": "St. Julian's", "name_pt": "St. Julian's", "name_ru": "\u0421\u0435\u043d\u0442-\u0414\u0436\u0443\u043b\u0438\u0430\u043d\u0441", "name_sv": "St. Julian's", "name_tr": "St. Julian's", "name_vi": "St. Julian's", "name_zh": "\u5723\u6731\u5229\u5b89\u65af", "ne_id": 1159318011, "name_he": "\u05e1\u05e0\u05d8 \u05d2'\u05d5\u05dc\u05d9\u05d0\u05df", "name_uk": "\u0421\u0435\u043d\u0442-\u0414\u0436\u0443\u043b\u0456\u0430\u043d\u0441", "name_ur": "\u0633\u06cc\u0646\u0679 \u06cc\u0648\u0644\u06cc\u0627\u0646", "name_fa": "\u0633\u0646 \u062c\u0648\u0644\u06cc\u0627\u0646", "name_zht": "\u8056\u6731\u5229\u5b89\u65af", "FCLASS_ISO": null, "FCLASS_US": null, "FCLASS_FR": null, "FCLASS_RU": null, "FCLASS_ES": null, "FCLASS_CN": null, "FCLASS_TW": null, "FCLASS_IN": null, "FCLASS_NP": null, "FCLASS_PK": null, "FCLASS_DE": null, "FCLASS_GB": null, "FCLASS_BR": null, "FCLASS_IL": null, "FCLASS_PS": null, "FCLASS_SA": null, "FCLASS_EG": null, "FCLASS_MA": null, "FCLASS_PT": null, "FCLASS_AR": null, "FCLASS_JP": null, "FCLASS_KO": null, "FCLASS_VN": null, "FCLASS_TR": null, "FCLASS_ID": null, "FCLASS_PL": null, "FCLASS_GR": null, "FCLASS_IT": null, "FCLASS_NL": null, "FCLASS_SE": null, "FCLASS_BD": null, "FCLASS_UA": null, "FCLASS_TLC": null}, "bbox": [14.48203, 35.90468, 14.510391, 35.930382], "geometry": {"type": "Polygon", "coordinates": [[[14.501433, 35.930382], [14.507823, 35.928534], [14.510391, 35.924599], [14.496309, 35.914807], [14.492884, 35.906616], [14.488566, 35.90468], [14.485587, 35.90736], [14.482609, 35.908999], [14.48203, 35.912332], [14.485581, 35.914699], [14.485876, 35.91825], [14.484101, 35.920025], [14.484397, 35.922687], [14.491498, 35.923871], [14.501433, 35.930382]]]}}, {"type": "Feature", "properties": {"featurecla": "Admin-1 states provinces", "scalerank": 10, "adm1_code": "MLT-5934", "diss_me": 5934, "iso_3166_2": "MT-40", "wikipedia": null, "iso_a2": "MT", "adm0_sr": 3, "name": "Pembroke", "name_alt": null, "name_local": null, "type": null, "type_en": null, "code_local": null, "code_hasc": "MT.NO.PE", "note": null, "hasc_maybe": null, "region": "Malta Majjistral", "region_cod": null, "provnum_ne": 0, "gadm_level": 0, "check_me": 0, "datarank": 10, "abbrev": null, "postal": null, "area_sqkm": 0, "sameascity": -99, "labelrank": 20, "name_len": 8, "mapcolor9": 1, "mapcolor13": 8, "fips": null, "fips_alt": null, "woe_id": 24551408, "woe_label": null, "woe_name": "Malta", "latitude": 35.9279, "longitude": 14.4756, "sov_a3": "MLT", "adm0_a3": "MLT", "adm0_label": 5, "admin": "Malta", "geonunit": "Malta", "gu_a3": "MLT", "gn_id": 8299739, "gn_name": "Pembroke", "gns_id": 11535782, "gns_name": "Pembroke", "gn_level": 1, "gn_region": null, "gn_a1_code": "MT.40", "region_sub": "Northern Harbour", "sub_code": null, "gns_level": 1, "gns_lang": "mlt", "gns_adm1": "MT40", "gns_region": null, "min_label": 11, "max_label": 11, "min_zoom": 11, "wikidataid": "Q775756", "name_ar": "\u0628\u064a\u0645\u0628\u0631\u0648\u0643", "name_bn": "\u09aa\u09c7\u09ae\u09ac\u09cd\u09b0\u09cb\u0995", "name_de": "Pembroke", "name_en": "Pembroke", "name_es": "Pembroke", "name_fr": "Pembroke", "name_el": "\u03a0\u03ad\u03bc\u03c0\u03c1\u03bf\u03c5\u03ba", "name_hi": "\u092a\u0947\u092e\u094d\u092c\u094d\u0930\u094b\u0915", "name_hu": "Pembroke", "name_id": "Pembroke", "name_it": "Pembroke", "name_ja": "\u30da\u30f3\u30d6\u30ed\u30fc\u30af", "name_ko": "\ud3a8\ube0c\ub85c\ud06c", "name_nl": "Pembroke", "name_pl": "Pembroke", "name_pt": "Pembroke", "name_ru": "\u041f\u0435\u043c\u0431\u0440\u043e\u043a", "name_sv": "Pembroke", "name_tr": "Pembroke", "name_vi": "Pembroke", "name_zh": "\u5f6d\u5e03\u7f57\u514b", "ne_id": 1159318009, "name_he": "\u05e4\u05de\u05d1\u05e8\u05d5\u05e7", "name_uk": "\u041f\u0435\u043c\u0431\u0440\u0443\u043a", "name_ur": "\u067e\u06cc\u0645\u0628\u0631\u0648\u06a9\u060c \u0645\u0627\u0644\u0679\u0627", "name_fa": "\u067e\u0645\u0628\u0631\u0648\u06a9", "name_zht": "\u5f6d\u5e03\u7f57\u514b", "FCLASS_ISO": null, "FCLASS_US": null, "FCLASS_FR": null, "FCLASS_RU": null, "FCLASS_ES": null, "FCLASS_CN": null, "FCLASS_TW": null, "FCLASS_IN": null, "FCLASS_NP": null, "FCLASS_PK": null, "FCLASS_DE": null, "FCLASS_GB": null, "FCLASS_BR": null, "FCLASS_IL": null, "FCLASS_PS": null, "FCLASS_SA": null, "FCLASS_EG": null, "FCLASS_MA": null, "FCLASS_PT": null, "FCLASS_AR": null, "FCLASS_JP": null, "FCLASS_KO": null, "FCLASS_VN": null, "FCLASS_TR": null, "FCLASS_ID": null, "FCLASS_PL": null, "FCLASS_GR": null, "FCLASS_IT": null, "FCLASS_NL": null, "FCLASS_SE": null, "FCLASS_BD": null, "FCLASS_UA": null, "FCLASS_TLC": null}, "bbox": [14.462504, 35.919433, 14.501433, 35.946559], "geometry": {"type": "Polygon", "coordinates": [[[14.464896, 35.946559], [14.478689, 35.936957], [14.501433, 35.930382], [14.491498, 35.923871], [14.484397, 35.922687], [14.484101, 35.920025], [14.475817, 35.919433], [14.471971, 35.920321], [14.470788, 35.924758], [14.467237, 35.927421], [14.462504, 35.929196], [14.463095, 35.935705], [14.464896, 35.946559]]]}}, {"type": "Feature", "properties": {"featurecla": "Admin-1 states provinces", "scalerank": 10, "adm1_code": "MLT-5928", "diss_me": 5928, "iso_3166_2": "MT-38", "wikipedia": null, "iso_a2": "MT", "adm0_sr": 3, "name": "Naxxar", "name_alt": null, "name_local": null, "type": null, "type_en": null, "code_local": null, "code_hasc": "MT.NO.NA", "note": null, "hasc_maybe": null, "region": "Malta Majjistral", "region_cod": null, "provnum_ne": 0, "gadm_level": 0, "check_me": 0, "datarank": 10, "abbrev": null, "postal": null, "area_sqkm": 0, "sameascity": -99, "labelrank": 20, "name_len": 6, "mapcolor9": 1, "mapcolor13": 8, "fips": null, "fips_alt": null, "woe_id": 24551365, "woe_label": null, "woe_name": "Malta", "latitude": 35.9289, "longitude": 14.4379, "sov_a3": "MLT", "adm0_a3": "MLT", "adm0_label": 5, "admin": "Malta", "geonunit": "Malta", "gu_a3": "MLT", "gn_id": 8299737, "gn_name": "In-Naxxar", "gns_id": 11534647, "gns_name": "In-Naxxar", "gn_level": 1, "gn_region": null, "gn_a1_code": "MT.38", "region_sub": "Northern", "sub_code": null, "gns_level": 1, "gns_lang": "mlt", "gns_adm1": "MT38", "gns_region": null, "min_label": 11, "max_label": 11, "min_zoom": 11, "wikidataid": "Q44397", "name_ar": "\u0646\u0627\u0643\u0633\u0627\u0631", "name_bn": "\u09a8\u09be\u0995\u09cd\u09b8\u09be\u09b0", "name_de": "Naxxar", "name_en": "Naxxar", "name_es": "Naxxar", "name_fr": "Naxxar", "name_el": "\u039d\u03ac\u03ba\u03c3\u03b1\u03c1", "name_hi": "\u0928\u0915\u094d\u0938\u0930", "name_hu": "Naxxar", "name_id": "Naxxar", "name_it": "Nasciaro", "name_ja": "\u30ca\u30c3\u30b7\u30e3\u30fc", "name_ko": "\ub098\uc0e4\ub974", "name_nl": "Naxxar", "name_pl": "Naxxar", "name_pt": "Naxxar", "name_ru": "\u041d\u0430\u0448\u0430\u0440", "name_sv": "In-Naxxar", "name_tr": "Naxxar", "name_vi": "Naxxar", "name_zh": "\u7eb3\u6c99\u5c14", "ne_id": 1159317995, "name_he": "\u05e0\u05d0\u05e9\u05d0\u05e8", "name_uk": "\u041d\u0430\u0448\u0430\u0440", "name_ur": "\u0646\u0627\u0634\u0627\u0631", "name_fa": "\u0646\u0627\u0633\u0627\u0631", "name_zht": "\u7d0d\u6c99\u723e", "FCLASS_ISO": null, "FCLASS_US": null, "FCLASS_FR": null, "FCLASS_RU": null, "FCLASS_ES": null, "FCLASS_CN": null, "FCLASS_TW": null, "FCLASS_IN": null, "FCLASS_NP": null, "FCLASS_PK": null, "FCLASS_DE": null, "FCLASS_GB": null, "FCLASS_BR": null, "FCLASS_IL": null, "FCLASS_PS": null, "FCLASS_SA": null, "FCLASS_EG": null, "FCLASS_MA": null, "FCLASS_PT": null, "FCLASS_AR": null, "FCLASS_JP": null, "FCLASS_KO": null, "FCLASS_VN": null, "FCLASS_TR": null, "FCLASS_ID": null, "FCLASS_PL": null, "FCLASS_GR": null, "FCLASS_IT": null, "FCLASS_NL": null, "FCLASS_SE": null, "FCLASS_BD": null, "FCLASS_UA": null, "FCLASS_TLC": null}, "bbox": [14.420196, 35.903457, 14.464896, 35.962574], "geometry": {"type": "Polygon", "coordinates": [[[14.438217, 35.962574], [14.445079, 35.960354], [14.464896, 35.946559], [14.463095, 35.935705], [14.462504, 35.929196], [14.455107, 35.9289], [14.45067, 35.927421], [14.448303, 35.925646], [14.447119, 35.920025], [14.447415, 35.916179], [14.451261, 35.912924], [14.448303, 35.909374], [14.450078, 35.905824], [14.446528, 35.904344], [14.44061, 35.903457], [14.434989, 35.905824], [14.433806, 35.908486], [14.43351, 35.911445], [14.432918, 35.914403], [14.432031, 35.917066], [14.42996, 35.919729], [14.425818, 35.920321], [14.422267, 35.923871], [14.420788, 35.925646], [14.422267, 35.927125], [14.422267, 35.930084], [14.420196, 35.93393], [14.421084, 35.938072], [14.424338, 35.942806], [14.430551, 35.95109], [14.438217, 35.962574]]]}}, {"type": "Feature", "properties": {"featurecla": "Admin-1 states provinces", "scalerank": 10, "adm1_code": "MLT-5926", "diss_me": 5926, "iso_3166_2": "MT-51", "wikipedia": null, "iso_a2": "MT", "adm0_sr": 3, "name": "San Pawl il-Bahar", "name_alt": "St. Paul's Bay", "name_local": null, "type": null, "type_en": null, "code_local": null, "code_hasc": "MT.NO.SP", "note": null, "hasc_maybe": null, "region": "Malta Majjistral", "region_cod": null, "provnum_ne": 0, "gadm_level": 0, "check_me": 0, "datarank": 10, "abbrev": null, "postal": null, "area_sqkm": 0, "sameascity": -99, "labelrank": 20, "name_len": 14, "mapcolor9": 1, "mapcolor13": 8, "fips": "MT52", "fips_alt": null, "woe_id": 24551368, "woe_label": null, "woe_name": "Malta", "latitude": 35.9405, "longitude": 14.4042, "sov_a3": "MLT", "adm0_a3": "MLT", "adm0_label": 5, "admin": "Malta", "geonunit": "Malta", "gu_a3": "MLT", "gn_id": 8299751, "gn_name": "Saint Paul's Bay", "gns_id": 11535795, "gns_name": "Saint Paul's Bay", "gn_level": 1, "gn_region": null, "gn_a1_code": "MT.52", "region_sub": "Northern", "sub_code": null, "gns_level": 1, "gns_lang": "eng", "gns_adm1": "MT52", "gns_region": null, "min_label": 11, "max_label": 11, "min_zoom": 11, "wikidataid": "Q39521", "name_ar": "\u0634\u0627\u0631\u0639 \u062e\u0644\u064a\u062c \u0628\u0648\u0644", "name_bn": "\u09b8\u09c7\u09a8\u09cd\u099f \u09aa\u09b2'\u09b8 \u09ac\u09c7", "name_de": "San Pawl il-Ba\u0127ar", "name_en": "St. Paul's Bay", "name_es": "San Pawl il-Ba\u0127ar", "name_fr": "San Pawl il-Ba\u0127ar", "name_el": "\u03a3\u03b5\u03bd\u03c4 \u03a0\u03cc\u03bb\u03c2 \u039c\u03c0\u03ad\u03b9", "name_hi": "\u0938\u0947\u0902\u091f \u092a\u0949\u0932 \u0916\u093e\u0921\u093c\u0940", "name_hu": "San Pawl il-Ba\u0127ar", "name_id": "St. Paul's Bay", "name_it": "Baia di San Paolo", "name_ja": "\u30bb\u30f3\u30c8\u30dd\u30fc\u30eb\u30ba\u30fb\u30d9\u30a4", "name_ko": "\uc0b0\ud30c\uc6b8\uc77c\ubc14\ud558\ub974", "name_nl": "San Pawl il-Ba\u0127ar", "name_pl": "St Paul's Bay", "name_pt": "St. Paul's Bay", "name_ru": "\u0421\u0435\u043d\u0442-\u041f\u043e\u043b\u0441-\u0411\u044d\u0439", "name_sv": "St. Paul's Bay", "name_tr": "St. Paul's Bay", "name_vi": "St. Paul's Bay", "name_zh": "\u5723\u4fdd\u7f57\u6e7e\u57ce", "ne_id": 1159317991, "name_he": "\u05e1\u05df \u05e4\u05d5\u05dc \u05d0\u05d9\u05dc-\u05d1\u05d7\u05e8", "name_uk": "\u0421\u0430\u043d-\u041f\u0430\u0443\u043b\u044c-\u0456\u043b\u044c-\u0411\u0430\u0445\u0430\u0440", "name_ur": "\u0633\u06cc\u0646\u0679 \u067e\u0627\u0644 \u0628\u06d2", "name_fa": "\u0633\u0627\u0646 \u067e\u0627\u0644 \u0627\u06cc\u0644\u0628\u0647\u0627\u0631", "name_zht": "\u8056\u4fdd\u7f85\u7063\u57ce", "FCLASS_ISO": null, "FCLASS_US": null, "FCLASS_FR": null, "FCLASS_RU": null, "FCLASS_ES": null, "FCLASS_CN": null, "FCLASS_TW": null, "FCLASS_IN": null, "FCLASS_NP": null, "FCLASS_PK": null, "FCLASS_DE": null, "FCLASS_GB": null, "FCLASS_BR": null, "FCLASS_IL": null, "FCLASS_PS": null, "FCLASS_SA": null, "FCLASS_EG": null, "FCLASS_MA": null, "FCLASS_PT": null, "FCLASS_AR": null, "FCLASS_JP": null, "FCLASS_KO": null, "FCLASS_VN": null, "FCLASS_TR": null, "FCLASS_ID": null, "FCLASS_PL": null, "FCLASS_GR": null, "FCLASS_IT": null, "FCLASS_NL": null, "FCLASS_SE": null, "FCLASS_BD": null, "FCLASS_UA": null, "FCLASS_TLC": null}, "bbox": [14.371676, 35.90819, 14.438217, 35.967848], "geometry": {"type": "Polygon", "coordinates": [[[14.4058, 35.967848], [14.428477, 35.965725], [14.438217, 35.962574], [14.430551, 35.95109], [14.424338, 35.942806], [14.421084, 35.938072], [14.420196, 35.93393], [14.422267, 35.930084], [14.422267, 35.927125], [14.420788, 35.925646], [14.422267, 35.923871], [14.425818, 35.920321], [14.422859, 35.917362], [14.420196, 35.915587], [14.417534, 35.917362], [14.41635, 35.920616], [14.413688, 35.922392], [14.409841, 35.924758], [14.404516, 35.925646], [14.396528, 35.924463], [14.394457, 35.922983], [14.39564, 35.9218], [14.399486, 35.922096], [14.402445, 35.921208], [14.403628, 35.91825], [14.407179, 35.916474], [14.410729, 35.915291], [14.411617, 35.91322], [14.409546, 35.911741], [14.405699, 35.909966], [14.403333, 35.90819], [14.400078, 35.908486], [14.39564, 35.909966], [14.39209, 35.912332], [14.391498, 35.916179], [14.390315, 35.921504], [14.387948, 35.924167], [14.380552, 35.924758], [14.377297, 35.92535], [14.377001, 35.928309], [14.379664, 35.93038], [14.381143, 35.933338], [14.379368, 35.935113], [14.373747, 35.936297], [14.371676, 35.94103], [14.372268, 35.945468], [14.375226, 35.947243], [14.383214, 35.949314], [14.389723, 35.952865], [14.399782, 35.955232], [14.4058, 35.967848]]]}}, {"type": "Feature", "properties": {"featurecla": "Admin-1 states provinces", "scalerank": 10, "adm1_code": "MLT-5925", "diss_me": 5925, "iso_3166_2": "MT-30", "wikipedia": null, "iso_a2": "MT", "adm0_sr": 3, "name": "Mellie\u0127a", "name_alt": "Mellieha|Il-Mellie\u0127a", "name_local": null, "type": null, "type_en": null, "code_local": null, "code_hasc": "MT.NO.ME", "note": null, "hasc_maybe": null, "region": "Malta Majjistral", "region_cod": null, "provnum_ne": 0, "gadm_level": 0, "check_me": 0, "datarank": 10, "abbrev": null, "postal": null, "area_sqkm": 0, "sameascity": -99, "labelrank": 20, "name_len": 8, "mapcolor9": 1, "mapcolor13": 8, "fips": null, "fips_alt": null, "woe_id": 24551366, "woe_label": null, "woe_name": "Malta", "latitude": 35.9558, "longitude": 14.3578, "sov_a3": "MLT", "adm0_a3": "MLT", "adm0_label": 5, "admin": "Malta", "geonunit": "Malta", "gu_a3": "MLT", "gn_id": 8299733, "gn_name": "Il-Mellieha", "gns_id": 11534643, "gns_name": "Il-Mellieha", "gn_level": 1, "gn_region": null, "gn_a1_code": "MT.34", "region_sub": "Northern", "sub_code": null, "gns_level": 1, "gns_lang": "mlt", "gns_adm1": "MT34", "gns_region": null, "min_label": 11, "max_label": 11, "min_zoom": 11, "wikidataid": "Q755979", "name_ar": "\u0645\u0644\u064a\u062d\u0629", "name_bn": "\u09ae\u09c7\u09b2\u09cd\u09af\u09bf\u09a8\u09be", "name_de": "Mellie\u0127a", "name_en": "Mellie\u0127a", "name_es": "Mellie\u0127a", "name_fr": "Mellie\u0127a", "name_el": "\u039c\u03b5\u03bb\u03af\u03c7\u03b1", "name_hi": "\u092e\u0947\u0932\u093f\u0939\u093e", "name_hu": "Mellie\u0127a", "name_id": "Mellie\u0127a", "name_it": "Mellie\u0127a", "name_ja": "\u30e1\u30ea\u30c3\u30cf", "name_ko": "\uba5c\ub9ac\ud558", "name_nl": "Mellie\u0127a", "name_pl": "Mellie\u0127a", "name_pt": "Mellie\u0127a", "name_ru": "\u041c\u0435\u043b\u043b\u0438\u0445\u0430", "name_sv": "Il-Mellie\u0127a", "name_tr": "Melliana", "name_vi": "Mellieha", "name_zh": "\u6885\u5229\u54c8", "ne_id": 1159317989, "name_he": "\u05de\u05e0\u05d0\u05d1\u05d4", "name_uk": "\u041c\u0435\u043b\u043b\u0456\u0445\u0430", "name_ur": "\u0645\u06c1\u0644\u06cc\u0626\u062d\u0627", "name_fa": "\u0645\u0644\u06cc\u062d\u0647", "name_zht": "\u6885\u5229\u54c8", "FCLASS_ISO": null, "FCLASS_US": null, "FCLASS_FR": null, "FCLASS_RU": null, "FCLASS_ES": null, "FCLASS_CN": null, "FCLASS_TW": null, "FCLASS_IN": null, "FCLASS_NP": null, "FCLASS_PK": null, "FCLASS_DE": null, "FCLASS_GB": null, "FCLASS_BR": null, "FCLASS_IL": null, "FCLASS_PS": null, "FCLASS_SA": null, "FCLASS_EG": null, "FCLASS_MA": null, "FCLASS_PT": null, "FCLASS_AR": null, "FCLASS_JP": null, "FCLASS_KO": null, "FCLASS_VN": null, "FCLASS_TR": null, "FCLASS_ID": null, "FCLASS_PL": null, "FCLASS_GR": null, "FCLASS_IT": null, "FCLASS_NL": null, "FCLASS_SE": null, "FCLASS_BD": null, "FCLASS_UA": null, "FCLASS_TLC": null}, "bbox": [14.322032, 35.92557, 14.4058, 35.993638], "geometry": {"type": "Polygon", "coordinates": [[[14.340892, 35.92557], [14.338227, 35.946967], [14.33253, 35.962836], [14.322032, 35.973131], [14.334727, 35.982367], [14.347504, 35.988715], [14.361501, 35.992418], [14.377289, 35.993638], [14.377289, 35.986233], [14.368175, 35.984849], [14.362315, 35.982408], [14.349376, 35.973131], [14.4058, 35.967848], [14.399782, 35.955232], [14.389723, 35.952865], [14.383214, 35.949314], [14.375226, 35.947243], [14.372268, 35.945468], [14.371676, 35.94103], [14.373747, 35.936297], [14.371676, 35.934226], [14.365167, 35.933634], [14.361617, 35.931267], [14.353629, 35.928309], [14.34712, 35.926534], [14.340892, 35.92557]]]}}, {"type": "Feature", "properties": {"featurecla": "Admin-1 states provinces", "scalerank": 10, "adm1_code": "MLT-5924", "diss_me": 5924, "iso_3166_2": "MT-31", "wikipedia": null, "iso_a2": "MT", "adm0_sr": 3, "name": "M\u0121arr", "name_alt": "Mgarr", "name_local": null, "type": null, "type_en": null, "code_local": null, "code_hasc": "MT.NO.MG", "note": null, "hasc_maybe": null, "region": "Malta Majjistral", "region_cod": null, "provnum_ne": 0, "gadm_level": 0, "check_me": 0, "datarank": 10, "abbrev": null, "postal": null, "area_sqkm": 0, "sameascity": -99, "labelrank": 20, "name_len": 5, "mapcolor9": 1, "mapcolor13": 8, "fips": null, "fips_alt": null, "woe_id": 24551364, "woe_label": null, "woe_name": "Malta", "latitude": 35.9148, "longitude": 14.3658, "sov_a3": "MLT", "adm0_a3": "MLT", "adm0_label": 5, "admin": "Malta", "geonunit": "Malta", "gu_a3": "MLT", "gn_id": 8299720, "gn_name": "L-Imgarr", "gns_id": 11534624, "gns_name": "L-Imgarr", "gn_level": 1, "gn_region": null, "gn_a1_code": "MT.21", "region_sub": "Northern", "sub_code": null, "gns_level": 1, "gns_lang": "mlt", "gns_adm1": "MT21", "gns_region": null, "min_label": 11, "max_label": 11, "min_zoom": 11, "wikidataid": "Q691220", "name_ar": "\u0645\u063a\u0627\u0631", "name_bn": "\u09ae\u09cd\u09af\u0997\u09be\u09b0", "name_de": "M\u0121arr", "name_en": "M\u0121arr", "name_es": "M\u0121arr", "name_fr": "M\u0121arr", "name_el": "\u039c\u03b3\u03ba\u03ac\u03c1", "name_hi": "\u0917\u093c\u093e\u0930", "name_hu": "M\u0121arr", "name_id": "M\u0121arr", "name_it": "M\u0121arr", "name_ja": "\u30a4\u30e0\u30b8\u30e3\u30fc", "name_ko": "\ubbc0\uc790\ub974", "name_nl": "M\u0121arr", "name_pl": "M\u0121arr", "name_pt": "M\u0121arr", "name_ru": "\u041c\u0434\u0436\u0430\u0440\u0440", "name_sv": "L-Im\u0121arr", "name_tr": "Mgarr", "name_vi": "M\u0121arr", "name_zh": "\u59c6\u8d3e\u5c14", "ne_id": 1159317987, "name_he": "\u05de\u05d9\u05d0\u05d5\u05dc\u05d9", "name_uk": "\u041c\u0434\u0436\u0430\u0440\u0440", "name_ur": "\u0645\u062c\u0627\u0631", "name_fa": "\u0645\u06af\u0627\u0631", "name_zht": "\u59c6\u8d3e\u5c14", "FCLASS_ISO": null, "FCLASS_US": null, "FCLASS_FR": null, "FCLASS_RU": null, "FCLASS_ES": null, "FCLASS_CN": null, "FCLASS_TW": null, "FCLASS_IN": null, "FCLASS_NP": null, "FCLASS_PK": null, "FCLASS_DE": null, "FCLASS_GB": null, "FCLASS_BR": null, "FCLASS_IL": null, "FCLASS_PS": null, "FCLASS_SA": null, "FCLASS_EG": null, "FCLASS_MA": null, "FCLASS_PT": null, "FCLASS_AR": null, "FCLASS_JP": null, "FCLASS_KO": null, "FCLASS_VN": null, "FCLASS_TR": null, "FCLASS_ID": null, "FCLASS_PL": null, "FCLASS_GR": null, "FCLASS_IT": null, "FCLASS_NL": null, "FCLASS_SE": null, "FCLASS_BD": null, "FCLASS_UA": null, "FCLASS_TLC": null}, "bbox": [14.340892, 35.895173, 14.40422, 35.936297], "geometry": {"type": "Polygon", "coordinates": [[[14.342621, 35.900202], [14.342621, 35.911689], [14.340892, 35.92557], [14.34712, 35.926534], [14.353629, 35.928309], [14.361617, 35.931267], [14.365167, 35.933634], [14.371676, 35.934226], [14.373747, 35.936297], [14.379368, 35.935113], [14.381143, 35.933338], [14.379664, 35.93038], [14.377001, 35.928309], [14.377297, 35.92535], [14.380552, 35.924758], [14.387948, 35.924167], [14.390315, 35.921504], [14.391498, 35.916179], [14.39209, 35.912332], [14.39564, 35.909966], [14.400078, 35.908486], [14.403333, 35.90819], [14.40422, 35.905232], [14.399782, 35.904048], [14.394457, 35.904048], [14.387356, 35.903161], [14.381143, 35.902569], [14.378185, 35.899611], [14.37493, 35.899315], [14.371084, 35.900794], [14.36783, 35.899315], [14.363984, 35.899315], [14.361025, 35.896652], [14.358658, 35.895173], [14.355108, 35.895469], [14.350966, 35.899019], [14.34712, 35.898131], [14.342621, 35.900202]]]}}, {"type": "Feature", "properties": {"featurecla": "Admin-1 states provinces", "scalerank": 10, "adm1_code": "MLT-5923", "diss_me": 5923, "iso_3166_2": "MT-46", "wikipedia": null, "iso_a2": "MT", "adm0_sr": 3, "name": "Rabat", "name_alt": null, "name_local": null, "type": null, "type_en": null, "code_local": null, "code_hasc": "MT.NO.RA", "note": null, "hasc_maybe": null, "region": "Malta Majjistral", "region_cod": null, "provnum_ne": 0, "gadm_level": 0, "check_me": 0, "datarank": 10, "abbrev": null, "postal": null, "area_sqkm": 0, "sameascity": -99, "labelrank": 20, "name_len": 5, "mapcolor9": 1, "mapcolor13": 8, "fips": null, "fips_alt": null, "woe_id": 24551372, "woe_label": null, "woe_name": "Malta", "latitude": 35.8833, "longitude": 14.3774, "sov_a3": "MLT", "adm0_a3": "MLT", "adm0_label": 5, "admin": "Malta", "geonunit": "Malta", "gu_a3": "MLT", "gn_id": -99, "gn_name": null, "gns_id": 11535787, "gns_name": "Ir-Rabat", "gn_level": 1, "gn_region": null, "gn_a1_code": "MT.", "region_sub": "Western", "sub_code": null, "gns_level": 1, "gns_lang": "mlt", "gns_adm1": "MT45", "gns_region": null, "min_label": 11, "max_label": 11, "min_zoom": 11, "wikidataid": "Q44381", "name_ar": "\u0627\u0644\u0631\u0627\u0628\u0627\u062a", "name_bn": "\u09b0\u09be\u09ac\u09be\u09a4", "name_de": "Rabat", "name_en": "Rabat", "name_es": "Rabat", "name_fr": "Rabat", "name_el": "\u03a1\u03b1\u03bc\u03c0\u03ac\u03c4", "name_hi": "\u0930\u092c\u093e\u0924", "name_hu": "Rabat", "name_id": "Rabat", "name_it": "Rabat", "name_ja": "\u30e9\u30d0\u30c8", "name_ko": "\ub77c\ubc14\ud2b8", "name_nl": "Rabat", "name_pl": "Rabat", "name_pt": "Rabat", "name_ru": "\u0420\u0430\u0431\u0430\u0442", "name_sv": "Rabat", "name_tr": "Rabat", "name_vi": "Rabat", "name_zh": "\u62c9\u5df4\u7279", "ne_id": 1159317985, "name_he": "\u05e8\u05d1\u05d0\u05d8", "name_uk": "\u0420\u0430\u0431\u0430\u0442", "name_ur": "\u0631\u0627\u0628\u0627\u062a\u060c \u0645\u0627\u0644\u0679\u0627", "name_fa": "\u0631\u0628\u0627\u062a\u060c \u0645\u0627\u0644\u062a", "name_zht": "\u62c9\u5df4\u7279", "FCLASS_ISO": null, "FCLASS_US": null, "FCLASS_FR": null, "FCLASS_RU": null, "FCLASS_ES": null, "FCLASS_CN": null, "FCLASS_TW": null, "FCLASS_IN": null, "FCLASS_NP": null, "FCLASS_PK": null, "FCLASS_DE": null, "FCLASS_GB": null, "FCLASS_BR": null, "FCLASS_IL": null, "FCLASS_PS": null, "FCLASS_SA": null, "FCLASS_EG": null, "FCLASS_MA": null, "FCLASS_PT": null, "FCLASS_AR": null, "FCLASS_JP": null, "FCLASS_KO": null, "FCLASS_VN": null, "FCLASS_TR": null, "FCLASS_ID": null, "FCLASS_PL": null, "FCLASS_GR": null, "FCLASS_IT": null, "FCLASS_NL": null, "FCLASS_SE": null, "FCLASS_BD": null, "FCLASS_UA": null, "FCLASS_TLC": null}, "bbox": [14.342621, 35.859078, 14.41635, 35.905232], "geometry": {"type": "Polygon", "coordinates": [[[14.36481, 35.864422], [14.363048, 35.866685], [14.359874, 35.869696], [14.345714, 35.875922], [14.342621, 35.880683], [14.342621, 35.900202], [14.34712, 35.898131], [14.350966, 35.899019], [14.355108, 35.895469], [14.358658, 35.895173], [14.361025, 35.896652], [14.363984, 35.899315], [14.36783, 35.899315], [14.371084, 35.900794], [14.37493, 35.899315], [14.378185, 35.899611], [14.381143, 35.902569], [14.387356, 35.903161], [14.394457, 35.904048], [14.399782, 35.904048], [14.40422, 35.905232], [14.407179, 35.902273], [14.409841, 35.900202], [14.413096, 35.89754], [14.412504, 35.893989], [14.411617, 35.891327], [14.408066, 35.890439], [14.403628, 35.890439], [14.398599, 35.890143], [14.39564, 35.887481], [14.396232, 35.883339], [14.402445, 35.881563], [14.404812, 35.879788], [14.409841, 35.879788], [14.4128, 35.879492], [14.412504, 35.87535], [14.414279, 35.874167], [14.41635, 35.863812], [14.4128, 35.859966], [14.406587, 35.859078], [14.398599, 35.860262], [14.395936, 35.86322], [14.395344, 35.865883], [14.392978, 35.867954], [14.387652, 35.867954], [14.377297, 35.866771], [14.370197, 35.867066], [14.36481, 35.864422]]]}}, {"type": "Feature", "properties": {"featurecla": "Admin-1 states provinces", "scalerank": 10, "adm1_code": "MLT-5947", "diss_me": 5947, "iso_3166_2": "MT-07", "wikipedia": null, "iso_a2": "MT", "adm0_sr": 3, "name": "Dingli", "name_alt": null, "name_local": null, "type": null, "type_en": null, "code_local": null, "code_hasc": "MT.NO.DI", "note": null, "hasc_maybe": null, "region": "Malta Majjistral", "region_cod": null, "provnum_ne": 0, "gadm_level": 0, "check_me": 0, "datarank": 10, "abbrev": null, "postal": null, "area_sqkm": 0, "sameascity": -99, "labelrank": 20, "name_len": 6, "mapcolor9": 1, "mapcolor13": 8, "fips": null, "fips_alt": null, "woe_id": 24551369, "woe_label": null, "woe_name": "Malta", "latitude": 35.859, "longitude": 14.3868, "sov_a3": "MLT", "adm0_a3": "MLT", "adm0_label": 5, "admin": "Malta", "geonunit": "Malta", "gu_a3": "MLT", "gn_id": 8299706, "gn_name": "Dingli", "gns_id": 11534044, "gns_name": "Had-Dingli", "gn_level": 1, "gn_region": null, "gn_a1_code": "MT.07", "region_sub": "Western", "sub_code": null, "gns_level": 1, "gns_lang": "mlt", "gns_adm1": "MT07", "gns_region": null, "min_label": 11, "max_label": 11, "min_zoom": 11, "wikidataid": "Q905641", "name_ar": "\u062f\u064a\u0646\u063a\u0644\u064a", "name_bn": "\u09a1\u09bf\u0982\u09b2\u09bf", "name_de": "Dingli", "name_en": "Dingli", "name_es": "Dingli", "name_fr": "Dingli", "name_el": "\u039d\u03c4\u03af\u03bd\u03b3\u03ba\u03bb\u03b9", "name_hi": "\u0921\u093f\u0902\u0917\u0932\u0940", "name_hu": "Dingli", "name_id": "Dingli", "name_it": "Dingli", "name_ja": "\u30c7\u30a3\u30f3\u30b0\u30ea", "name_ko": "\ub529\uae00\ub9ac", "name_nl": "Dingli", "name_pl": "Dingli", "name_pt": "Dingli", "name_ru": "\u0414\u0438\u043d\u0433\u043b\u0438", "name_sv": "Dingli", "name_tr": "Dingli", "name_vi": "Dingli", "name_zh": "\u4e01\u5229", "ne_id": 1159318039, "name_he": "\u05d3\u05d9\u05e0\u05d2\u05dc\u05d9", "name_uk": "\u0414\u0456\u043d\u0433\u043b\u0456", "name_ur": "\u062f\u06cc\u0646\u06af\u0644\u06cc", "name_fa": "\u062f\u06cc\u0646\u06af\u0644\u06cc", "name_zht": "\u4e01\u5229", "FCLASS_ISO": null, "FCLASS_US": null, "FCLASS_FR": null, "FCLASS_RU": null, "FCLASS_ES": null, "FCLASS_CN": null, "FCLASS_TW": null, "FCLASS_IN": null, "FCLASS_NP": null, "FCLASS_PK": null, "FCLASS_DE": null, "FCLASS_GB": null, "FCLASS_BR": null, "FCLASS_IL": null, "FCLASS_PS": null, "FCLASS_SA": null, "FCLASS_EG": null, "FCLASS_MA": null, "FCLASS_PT": null, "FCLASS_AR": null, "FCLASS_JP": null, "FCLASS_KO": null, "FCLASS_VN": null, "FCLASS_TR": null, "FCLASS_ID": null, "FCLASS_PL": null, "FCLASS_GR": null, "FCLASS_IT": null, "FCLASS_NL": null, "FCLASS_SE": null, "FCLASS_BD": null, "FCLASS_UA": null, "FCLASS_TLC": null}, "bbox": [14.36481, 35.839525, 14.398599, 35.867954], "geometry": {"type": "Polygon", "coordinates": [[[14.38918, 35.839525], [14.381521, 35.842963], [14.36481, 35.864422], [14.370197, 35.867066], [14.377297, 35.866771], [14.387652, 35.867954], [14.392978, 35.867954], [14.395344, 35.865883], [14.395936, 35.86322], [14.398599, 35.860262], [14.398007, 35.857007], [14.393865, 35.85109], [14.390315, 35.848428], [14.38918, 35.839525]]]}}, {"type": "Feature", "properties": {"featurecla": "Admin-1 states provinces", "scalerank": 10, "adm1_code": "MLT-5948", "diss_me": 5948, "iso_3166_2": "MT-55", "wikipedia": null, "iso_a2": "MT", "adm0_sr": 3, "name": "Si\u0121\u0121iewi", "name_alt": "Siggiewi", "name_local": null, "type": null, "type_en": null, "code_local": null, "code_hasc": "MT.SO.SI", "note": null, "hasc_maybe": null, "region": "Malta Majjistral", "region_cod": null, "provnum_ne": 0, "gadm_level": 0, "check_me": 0, "datarank": 10, "abbrev": null, "postal": null, "area_sqkm": 0, "sameascity": -99, "labelrank": 20, "name_len": 8, "mapcolor9": 1, "mapcolor13": 8, "fips": null, "fips_alt": null, "woe_id": 24551376, "woe_label": null, "woe_name": "Malta", "latitude": 35.8474, "longitude": 14.4252, "sov_a3": "MLT", "adm0_a3": "MLT", "adm0_label": 5, "admin": "Malta", "geonunit": "Malta", "gu_a3": "MLT", "gn_id": 8299754, "gn_name": "Is-Siggiewi", "gns_id": 11535799, "gns_name": "Is-Siggiewi", "gn_level": 1, "gn_region": null, "gn_a1_code": "MT.55", "region_sub": "Western", "sub_code": null, "gns_level": 1, "gns_lang": "mlt", "gns_adm1": "MT55", "gns_region": null, "min_label": 11, "max_label": 11, "min_zoom": 11, "wikidataid": "Q919908", "name_ar": "\u0628\u0644\u062f\u064a\u0629 \u0633\u064a\u0642\u064a\u0648\u064a", "name_bn": "\u09b8\u09bf\u099c\u09cd\u099e\u09bf\u09ac\u09bf", "name_de": "Si\u0121\u0121iewi", "name_en": "Si\u0121\u0121iewi", "name_es": "Si\u0121\u0121iewi", "name_fr": "Si\u0121\u0121iewi", "name_el": "\u03a3\u03b9\u03b3\u03ba\u03b9\u03ad\u03b2\u03b9", "name_hi": "\u0938\u093f\u0917\u094d\u092f\u0941\u090f", "name_hu": "Si\u0121\u0121iewi", "name_id": "Si\u0121\u0121iewi", "name_it": "Si\u0121\u0121iewi", "name_ja": "\u30b7\u30c3\u30b8\u30a6\u30a3\u30fc", "name_ko": "\uc2dc\uc9c0\uc704", "name_nl": "Si\u0121\u0121iewi", "name_pl": "Si\u0121\u0121iewi", "name_pt": "Si\u0121\u0121iewi", "name_ru": "\u0421\u0438\u0434\u0436\u0438\u0443\u0438", "name_sv": "Is-Si\u0121\u0121iewi", "name_tr": "Siggiewi", "name_vi": "Siggiewi", "name_zh": "\u9521\u6770\u7ef4", "ne_id": 1159318041, "name_he": "\u05e1\u05d9\u05d2'\u05d9\u05d5\u05d5\u05d9", "name_uk": "\u0421\u0456\u0491\u0491\u0456\u0454\u0432\u0456", "name_ur": "\u0633\u06cc\u062c\u062c\u06cc\u0648\u06cc", "name_fa": "\u0633\u06cc\u06af\u06cc\u0648\u06cc", "name_zht": "\u932b\u5091\u7dad", "FCLASS_ISO": null, "FCLASS_US": null, "FCLASS_FR": null, "FCLASS_RU": null, "FCLASS_ES": null, "FCLASS_CN": null, "FCLASS_TW": null, "FCLASS_IN": null, "FCLASS_NP": null, "FCLASS_PK": null, "FCLASS_DE": null, "FCLASS_GB": null, "FCLASS_BR": null, "FCLASS_IL": null, "FCLASS_PS": null, "FCLASS_SA": null, "FCLASS_EG": null, "FCLASS_MA": null, "FCLASS_PT": null, "FCLASS_AR": null, "FCLASS_JP": null, "FCLASS_KO": null, "FCLASS_VN": null, "FCLASS_TR": null, "FCLASS_ID": null, "FCLASS_PL": null, "FCLASS_GR": null, "FCLASS_IT": null, "FCLASS_NL": null, "FCLASS_SE": null, "FCLASS_BD": null, "FCLASS_UA": null, "FCLASS_TLC": null}, "bbox": [14.38918, 35.822576, 14.470492, 35.865291], "geometry": {"type": "Polygon", "coordinates": [[[14.428818, 35.822576], [14.42449, 35.823676], [14.38918, 35.839525], [14.390315, 35.848428], [14.393865, 35.85109], [14.398007, 35.857007], [14.398599, 35.860262], [14.406587, 35.859078], [14.4128, 35.859966], [14.41635, 35.863812], [14.4199, 35.864108], [14.422859, 35.862333], [14.428776, 35.860262], [14.434989, 35.857895], [14.441202, 35.85967], [14.444161, 35.862037], [14.44564, 35.864404], [14.451557, 35.865291], [14.455699, 35.8647], [14.458953, 35.862333], [14.460729, 35.861445], [14.463391, 35.862629], [14.466646, 35.860262], [14.4699, 35.860262], [14.470492, 35.856416], [14.465758, 35.853161], [14.462208, 35.849907], [14.458066, 35.849315], [14.457178, 35.847244], [14.45422, 35.846061], [14.453036, 35.843102], [14.45067, 35.839256], [14.447119, 35.838368], [14.444161, 35.837777], [14.44061, 35.835114], [14.441498, 35.832155], [14.44061, 35.83038], [14.436173, 35.83038], [14.432326, 35.828309], [14.428818, 35.822576]]]}}, {"type": "Feature", "properties": {"featurecla": "Admin-1 states provinces", "scalerank": 10, "adm1_code": "MLT-5972", "diss_me": 5972, "iso_3166_2": "MT-44", "wikipedia": null, "iso_a2": "MT", "adm0_sr": 3, "name": "Qrendi", "name_alt": null, "name_local": null, "type": null, "type_en": null, "code_local": null, "code_hasc": "MT.SO.QR", "note": null, "hasc_maybe": null, "region": "Malta Xlokk", "region_cod": null, "provnum_ne": 0, "gadm_level": 0, "check_me": 0, "datarank": 10, "abbrev": null, "postal": null, "area_sqkm": 0, "sameascity": -99, "labelrank": 20, "name_len": 6, "mapcolor9": 1, "mapcolor13": 8, "fips": null, "fips_alt": null, "woe_id": 24551377, "woe_label": null, "woe_name": "Malta", "latitude": 35.8312, "longitude": 14.4531, "sov_a3": "MLT", "adm0_a3": "MLT", "adm0_label": 5, "admin": "Malta", "geonunit": "Malta", "gu_a3": "MLT", "gn_id": 8299743, "gn_name": "Il-Qrendi", "gns_id": 11535786, "gns_name": "Il-Qrendi", "gn_level": 1, "gn_region": null, "gn_a1_code": "MT.44", "region_sub": "South Eastern", "sub_code": null, "gns_level": 1, "gns_lang": "mlt", "gns_adm1": "MT44", "gns_region": null, "min_label": 11, "max_label": 11, "min_zoom": 11, "wikidataid": "Q282203", "name_ar": "\u0643\u0631\u064a\u0646\u062f\u064a", "name_bn": "\u0995\u09c1\u09b0\u09c7\u09a8\u09cd\u09a1\u09bf", "name_de": "Qrendi", "name_en": "Qrendi", "name_es": "Qrendi", "name_fr": "Qrendi", "name_el": "\u039a\u03c1\u03ad\u03bd\u03c4\u03b9", "name_hi": "\u0915\u0941\u0930\u0947\u0928\u094d\u0926\u0940", "name_hu": "Qrendi", "name_id": "Qrendi", "name_it": "Qrendi", "name_ja": "\u30ec\u30f3\u30c7\u30a3", "name_ko": "\ub80c\ub514", "name_nl": "Qrendi", "name_pl": "Qrendi", "name_pt": "Qrendi", "name_ru": "\u041a\u0443\u0440\u0435\u043d\u0434\u0438", "name_sv": "Il-Qrendi", "name_tr": "Qrendi", "name_vi": "Qrendi", "name_zh": "\u594e\u4f26\u8fea", "ne_id": 1159318095, "name_he": "\u05e7\u05e8\u05e0\u05d3\u05d9", "name_uk": "\u041a\u0440\u0435\u043d\u0434\u0456", "name_ur": "\u0622\u0631\u06cc\u0646\u062f\u06cc", "name_fa": "\u0642\u0631\u0646\u062f\u06cc", "name_zht": "\u594e\u502b\u8fea", "FCLASS_ISO": null, "FCLASS_US": null, "FCLASS_FR": null, "FCLASS_RU": null, "FCLASS_ES": null, "FCLASS_CN": null, "FCLASS_TW": null, "FCLASS_IN": null, "FCLASS_NP": null, "FCLASS_PK": null, "FCLASS_DE": null, "FCLASS_GB": null, "FCLASS_BR": null, "FCLASS_IL": null, "FCLASS_PS": null, "FCLASS_SA": null, "FCLASS_EG": null, "FCLASS_MA": null, "FCLASS_PT": null, "FCLASS_AR": null, "FCLASS_JP": null, "FCLASS_KO": null, "FCLASS_VN": null, "FCLASS_TR": null, "FCLASS_ID": null, "FCLASS_PL": null, "FCLASS_GR": null, "FCLASS_IT": null, "FCLASS_NL": null, "FCLASS_SE": null, "FCLASS_BD": null, "FCLASS_UA": null, "FCLASS_TLC": null}, "bbox": [14.428818, 35.81628, 14.468125, 35.839256], "geometry": {"type": "Polygon", "coordinates": [[[14.453583, 35.81628], [14.428818, 35.822576], [14.432326, 35.828309], [14.436173, 35.83038], [14.44061, 35.83038], [14.441498, 35.832155], [14.44061, 35.835114], [14.444161, 35.837777], [14.447119, 35.838368], [14.45067, 35.839256], [14.456291, 35.838368], [14.461024, 35.836889], [14.466942, 35.837777], [14.468125, 35.834818], [14.465166, 35.833635], [14.464871, 35.831564], [14.466942, 35.830084], [14.464575, 35.828309], [14.461616, 35.826238], [14.455699, 35.820617], [14.453583, 35.81628]]]}}, {"type": "Feature", "properties": {"featurecla": "Admin-1 states provinces", "scalerank": 10, "adm1_code": "MLT-5973", "diss_me": 5973, "iso_3166_2": "MT-68", "wikipedia": null, "iso_a2": "MT", "adm0_sr": 3, "name": "\u017burrieq", "name_alt": "Zurrieq", "name_local": null, "type": null, "type_en": null, "code_local": null, "code_hasc": "MT.SO.ZU", "note": null, "hasc_maybe": null, "region": "Malta Xlokk", "region_cod": null, "provnum_ne": 0, "gadm_level": 0, "check_me": 0, "datarank": 10, "abbrev": null, "postal": null, "area_sqkm": 0, "sameascity": -99, "labelrank": 20, "name_len": 7, "mapcolor9": 1, "mapcolor13": 8, "fips": null, "fips_alt": null, "woe_id": 24551383, "woe_label": null, "woe_name": "Malta", "latitude": 35.823, "longitude": 14.4822, "sov_a3": "MLT", "adm0_a3": "MLT", "adm0_label": 5, "admin": "Malta", "geonunit": "Malta", "gu_a3": "MLT", "gn_id": 8299766, "gn_name": "Iz-Zurrieq", "gns_id": 11536501, "gns_name": "Iz-Zurrieq", "gn_level": 1, "gn_region": null, "gn_a1_code": "MT.68", "region_sub": "South Eastern", "sub_code": null, "gns_level": 1, "gns_lang": "mlt", "gns_adm1": "MT68", "gns_region": null, "min_label": 11, "max_label": 11, "min_zoom": 11, "wikidataid": "Q44417", "name_ar": "\u0632\u0631\u064a\u0627\u0642", "name_bn": "\u099c\u09c1\u09b0\u09bf\u0995", "name_de": "\u017burrieq", "name_en": "\u017burrieq", "name_es": "\u017burrieq", "name_fr": "\u017burrieq", "name_el": "\u0396\u03bf\u03c5\u03c1\u03b9\u03ad\u03ba", "name_hi": "\u091c\u093c\u0941\u0930\u094d\u0930\u0947\u0915", "name_hu": "\u017burrieq", "name_id": "\u017burrieq", "name_it": "Zurrico", "name_ja": "\u30ba\u30c3\u30ea\u30fc", "name_ko": "\uc8fc\ub9ac", "name_nl": "\u017burrieq", "name_pl": "\u017burrieq", "name_pt": "\u017burrieq", "name_ru": "\u0417\u0443\u0440\u0440\u0438\u043a", "name_sv": "I\u017c-\u017burrieq", "name_tr": "Zurrieq", "name_vi": "Zurrieq", "name_zh": "\u7956\u91cc\u683c", "ne_id": 1159318097, "name_he": "\u05d6\u05d5\u05e8\u05d9\u05e7", "name_uk": "\u0417\u0443\u0440\u0440\u0456\u043a", "name_ur": "\u0632\u0648\u0631\u06cc\u0626\u0627", "name_fa": "\u0632\u0648\u0631\u06cc\u06a9", "name_zht": "\u7956\u91cc\u683c", "FCLASS_ISO": null, "FCLASS_US": null, "FCLASS_FR": null, "FCLASS_RU": null, "FCLASS_ES": null, "FCLASS_CN": null, "FCLASS_TW": null, "FCLASS_IN": null, "FCLASS_NP": null, "FCLASS_PK": null, "FCLASS_DE": null, "FCLASS_GB": null, "FCLASS_BR": null, "FCLASS_IL": null, "FCLASS_PS": null, "FCLASS_SA": null, "FCLASS_EG": null, "FCLASS_MA": null, "FCLASS_PT": null, "FCLASS_AR": null, "FCLASS_JP": null, "FCLASS_KO": null, "FCLASS_VN": null, "FCLASS_TR": null, "FCLASS_ID": null, "FCLASS_PL": null, "FCLASS_GR": null, "FCLASS_IT": null, "FCLASS_NL": null, "FCLASS_SE": null, "FCLASS_BD": null, "FCLASS_UA": null, "FCLASS_TLC": null}, "bbox": [14.453583, 35.809422, 14.512503, 35.838368], "geometry": {"type": "Polygon", "coordinates": [[[14.497619, 35.809422], [14.472667, 35.811428], [14.453583, 35.81628], [14.455699, 35.820617], [14.461616, 35.826238], [14.464575, 35.828309], [14.466942, 35.830084], [14.464871, 35.831564], [14.465166, 35.833635], [14.468125, 35.834818], [14.466942, 35.837777], [14.472563, 35.838073], [14.476409, 35.838368], [14.480847, 35.836889], [14.48351, 35.834226], [14.479368, 35.830676], [14.479663, 35.828605], [14.482918, 35.825942], [14.486172, 35.825055], [14.49061, 35.82683], [14.494456, 35.828901], [14.498006, 35.827422], [14.500669, 35.826534], [14.504219, 35.829197], [14.508953, 35.829789], [14.510432, 35.825647], [14.512503, 35.820617], [14.511616, 35.818842], [14.507178, 35.81825], [14.501557, 35.819729], [14.498894, 35.819729], [14.498302, 35.817363], [14.500373, 35.813516], [14.49919, 35.811741], [14.497619, 35.809422]]]}}, {"type": "Feature", "properties": {"featurecla": "Admin-1 states provinces", "scalerank": 10, "adm1_code": "MLT-5968", "diss_me": 5968, "iso_3166_2": "MT-05", "wikipedia": null, "iso_a2": "MT", "adm0_sr": 3, "name": "Bir\u017cebbu\u0121a", "name_alt": "Birzebbugia", "name_local": null, "type": null, "type_en": null, "code_local": null, "code_hasc": "MT.SO.BZ", "note": null, "hasc_maybe": null, "region": "Malta Xlokk", "region_cod": null, "provnum_ne": 0, "gadm_level": 0, "check_me": 0, "datarank": 10, "abbrev": null, "postal": null, "area_sqkm": 0, "sameascity": -99, "labelrank": 20, "name_len": 10, "mapcolor9": 1, "mapcolor13": 8, "fips": null, "fips_alt": null, "woe_id": 24551382, "woe_label": null, "woe_name": "Malta", "latitude": 35.8281, "longitude": 14.5236, "sov_a3": "MLT", "adm0_a3": "MLT", "adm0_label": 5, "admin": "Malta", "geonunit": "Malta", "gu_a3": "MLT", "gn_id": 8299704, "gn_name": "Birzebbuga", "gns_id": 11534040, "gns_name": "Birzebbuga", "gn_level": 1, "gn_region": null, "gn_a1_code": "MT.05", "region_sub": "South Eastern", "sub_code": null, "gns_level": 1, "gns_lang": "mlt", "gns_adm1": "MT05", "gns_region": null, "min_label": 11, "max_label": 11, "min_zoom": 11, "wikidataid": "Q258028", "name_ar": "\u0628\u0626\u0631 \u0632\u064a\u0648\u062c\u0629", "name_bn": "\u09ac\u09bf\u09b0\u09cd\u099c\u09c7\u09ac\u09cd\u09ac\u09c1\u0997\u09be", "name_de": "Bir\u017cebbu\u0121a", "name_en": "Bir\u017cebbu\u0121a", "name_es": "Bir\u017cebbu\u0121a", "name_fr": "Bir\u017cebbu\u0121a", "name_el": "\u039c\u03c0\u03b9\u03c1\u03b6\u03b5\u03bc\u03c0\u03bf\u03cd\u03b3\u03ba\u03b1", "name_hi": "\u092c\u093f\u091c\u093c\u0947\u092c\u0941\u0917\u093e", "name_hu": "Bir\u017cebbu\u0121a", "name_id": "Bir\u017cebbu\u0121a", "name_it": "Birzebbugia", "name_ja": "\u30d3\u30eb\u30bc\u30d6\u30b8\u30e3", "name_ko": "\ube44\ub974\uc81c\ubd80\uc790", "name_nl": "Bir\u017cebbu\u0121a", "name_pl": "Bir\u017cebbu\u0121a", "name_pt": "Bir\u017cebbu\u0121a", "name_ru": "\u0411\u0438\u0440\u0437\u0435\u0431\u0431\u0443\u0434\u0436\u0430", "name_sv": "Bir\u017cebbu\u0121a", "name_tr": "Birzebbuga", "name_vi": "Birzebbuga", "name_zh": "\u6bd4\u5c14\u6cfd\u5e03\u8d3e", "ne_id": 1159318085, "name_he": "\u05d1\u05d9\u05e8\u05d6\u05d1\u05d5\u05d2'\u05d4", "name_uk": "\u0411\u0456\u0440\u0437\u0435\u0431\u0431\u0443\u0434\u0436\u0430", "name_ur": "\u0628\u06cc\u0631\u0632\u06cc\u0628\u0648\u062c\u0627", "name_fa": "\u0628\u06cc\u0631\u0632\u0628\u0648\u06af\u0627", "name_zht": "\u6bd4\u5c14\u6cfd\u5e03\u8d3e", "FCLASS_ISO": null, "FCLASS_US": null, "FCLASS_FR": null, "FCLASS_RU": null, "FCLASS_ES": null, "FCLASS_CN": null, "FCLASS_TW": null, "FCLASS_IN": null, "FCLASS_NP": null, "FCLASS_PK": null, "FCLASS_DE": null, "FCLASS_GB": null, "FCLASS_BR": null, "FCLASS_IL": null, "FCLASS_PS": null, "FCLASS_SA": null, "FCLASS_EG": null, "FCLASS_MA": null, "FCLASS_PT": null, "FCLASS_AR": null, "FCLASS_JP": null, "FCLASS_KO": null, "FCLASS_VN": null, "FCLASS_TR": null, "FCLASS_ID": null, "FCLASS_PL": null, "FCLASS_GR": null, "FCLASS_IT": null, "FCLASS_NL": null, "FCLASS_SE": null, "FCLASS_BD": null, "FCLASS_UA": null, "FCLASS_TLC": null}, "bbox": [14.497619, 35.801215, 14.54026, 35.839848], "geometry": {"type": "Polygon", "coordinates": [[[14.54026, 35.828992], [14.532481, 35.821967], [14.527517, 35.813544], [14.527517, 35.801215], [14.511485, 35.806464], [14.507091, 35.808661], [14.497619, 35.809422], [14.49919, 35.811741], [14.500373, 35.813516], [14.498302, 35.817363], [14.498894, 35.819729], [14.501557, 35.819729], [14.507178, 35.81825], [14.511616, 35.818842], [14.512503, 35.820617], [14.510432, 35.825647], [14.508953, 35.829789], [14.513095, 35.830084], [14.515462, 35.832451], [14.51635, 35.835114], [14.519012, 35.836002], [14.523746, 35.836889], [14.525225, 35.839848], [14.528776, 35.839848], [14.532917, 35.838368], [14.537651, 35.833931], [14.54026, 35.828992]]]}}, {"type": "Feature", "properties": {"featurecla": "Admin-1 states provinces", "scalerank": 10, "adm1_code": "MLT-5963", "diss_me": 5963, "iso_3166_2": "MT-28", "wikipedia": null, "iso_a2": "MT", "adm0_sr": 3, "name": "Marsaxlokk", "name_alt": null, "name_local": null, "type": null, "type_en": null, "code_local": null, "code_hasc": "MT.SE.MA", "note": null, "hasc_maybe": null, "region": "Malta Xlokk", "region_cod": null, "provnum_ne": 0, "gadm_level": 0, "check_me": 0, "datarank": 10, "abbrev": null, "postal": null, "area_sqkm": 0, "sameascity": -99, "labelrank": 20, "name_len": 10, "mapcolor9": 1, "mapcolor13": 8, "fips": null, "fips_alt": null, "woe_id": 24551380, "woe_label": null, "woe_name": "Malta", "latitude": 35.8393, "longitude": 14.5457, "sov_a3": "MLT", "adm0_a3": "MLT", "adm0_label": 5, "admin": "Malta", "geonunit": "Malta", "gu_a3": "MLT", "gn_id": 8299732, "gn_name": "Marsaxlokk", "gns_id": 11534642, "gns_name": "Marsaxlokk", "gn_level": 1, "gn_region": null, "gn_a1_code": "MT.33", "region_sub": "South Eastern", "sub_code": null, "gns_level": 1, "gns_lang": "mlt", "gns_adm1": "MT33", "gns_region": null, "min_label": 11, "max_label": 11, "min_zoom": 11, "wikidataid": "Q781921", "name_ar": "\u0645\u0627\u0631\u0633\u0627\u0643\u0633\u0644\u0648\u062e\u0643", "name_bn": "\u09ae\u09be\u09b0\u09b8\u09be\u09b6\u09cd\u09b2\u0995", "name_de": "Marsaxlokk", "name_en": "Marsaxlokk", "name_es": "Marsaxlokk", "name_fr": "Marsaxlokk", "name_el": "\u039c\u03b1\u03c1\u03c3\u03b1\u03c3\u03bb\u03cc\u03ba\u03ba", "name_hi": "\u092e\u093e\u0930\u094d\u0938\u0915\u094d\u0938\u0932\u0949\u0915", "name_hu": "Marsaxlokk", "name_id": "Marsaxlokk", "name_it": "Marsa Scirocco", "name_ja": "\u30de\u30eb\u30b5\u30b7\u30ed\u30af", "name_ko": "\ub9c8\ub974\uc0ac\uc2e4\ub85c\ud06c", "name_nl": "Marsaxlokk", "name_pl": "Marsaxlokk", "name_pt": "Marsaxlokk", "name_ru": "\u041c\u0430\u0440\u0441\u0430\u0448\u043b\u043e\u043a\u043a", "name_sv": "Marsaxlokk", "name_tr": "Marsaxlokk", "name_vi": "Marsaxlokk", "name_zh": "\u9a6c\u5c14\u8428\u4ec0\u6d1b\u514b", "ne_id": 1159318075, "name_he": "\u05de\u05e8\u05e1\u05e9\u05dc\u05d5\u05e7", "name_uk": "\u041c\u0430\u0440\u0441\u0430\u0448\u043b\u043e\u043a\u043a", "name_ur": "\u0645\u0627\u0631\u0633\u0627\u0634\u0644\u0648\u06a9", "name_fa": "\u0645\u0627\u0631\u0633\u0627\u06a9\u0633\u0644\u0648\u06a9", "name_zht": "\u9a6c\u5c14\u8428\u4ec0\u6d1b\u514b", "FCLASS_ISO": null, "FCLASS_US": null, "FCLASS_FR": null, "FCLASS_RU": null, "FCLASS_ES": null, "FCLASS_CN": null, "FCLASS_TW": null, "FCLASS_IN": null, "FCLASS_NP": null, "FCLASS_PK": null, "FCLASS_DE": null, "FCLASS_GB": null, "FCLASS_BR": null, "FCLASS_IL": null, "FCLASS_PS": null, "FCLASS_SA": null, "FCLASS_EG": null, "FCLASS_MA": null, "FCLASS_PT": null, "FCLASS_AR": null, "FCLASS_JP": null, "FCLASS_KO": null, "FCLASS_VN": null, "FCLASS_TR": null, "FCLASS_ID": null, "FCLASS_PL": null, "FCLASS_GR": null, "FCLASS_IT": null, "FCLASS_NL": null, "FCLASS_SE": null, "FCLASS_BD": null, "FCLASS_UA": null, "FCLASS_TLC": null}, "bbox": [14.524634, 35.828992, 14.565819, 35.846061], "geometry": {"type": "Polygon", "coordinates": [[[14.565819, 35.841697], [14.561778, 35.82982], [14.548025, 35.836005], [14.54026, 35.828992], [14.537651, 35.833931], [14.532917, 35.838368], [14.528776, 35.839848], [14.525225, 35.839848], [14.524634, 35.844581], [14.530847, 35.844286], [14.533213, 35.846061], [14.53913, 35.845469], [14.545048, 35.842806], [14.548302, 35.845765], [14.553627, 35.843694], [14.559249, 35.843102], [14.565819, 35.841697]]]}}, {"type": "Feature", "properties": {"featurecla": "Admin-1 states provinces", "scalerank": 10, "adm1_code": "MLT-5962", "diss_me": 5962, "iso_3166_2": "MT-27", "wikipedia": null, "iso_a2": "MT", "adm0_sr": 3, "name": "Marsaskala", "name_alt": "Marsascala", "name_local": null, "type": null, "type_en": null, "code_local": null, "code_hasc": "MT.SE.MS", "note": null, "hasc_maybe": null, "region": "Malta Xlokk", "region_cod": null, "provnum_ne": 0, "gadm_level": 0, "check_me": 0, "datarank": 10, "abbrev": null, "postal": null, "area_sqkm": 0, "sameascity": -99, "labelrank": 20, "name_len": 10, "mapcolor9": 1, "mapcolor13": 8, "fips": null, "fips_alt": null, "woe_id": 24551386, "woe_label": null, "woe_name": "Malta", "latitude": 35.8544, "longitude": 14.5538, "sov_a3": "MLT", "adm0_a3": "MLT", "adm0_label": 5, "admin": "Malta", "geonunit": "Malta", "gu_a3": "MLT", "gn_id": 8299731, "gn_name": "Marsaskala", "gns_id": 11534641, "gns_name": "Marsaskala", "gn_level": 1, "gn_region": null, "gn_a1_code": "MT.32", "region_sub": "South Eastern", "sub_code": null, "gns_level": 1, "gns_lang": "mlt", "gns_adm1": "MT32", "gns_region": null, "min_label": 11, "max_label": 11, "min_zoom": 11, "wikidataid": "Q534571", "name_ar": "\u0645\u0627\u0631\u0633\u0627\u0633\u0643\u0627\u0644\u0627", "name_bn": "\u09ae\u09be\u09b0\u09b8\u09be\u09b8\u09cd\u0995\u09be\u09b2\u09be", "name_de": "Marsaskala", "name_en": "Marsaskala", "name_es": "Marsaskala", "name_fr": "Marsaskala", "name_el": "\u039c\u03b1\u03c1\u03c3\u03b1\u03c3\u03ba\u03ac\u03bb\u03b1", "name_hi": "\u092e\u0930\u094d\u0938\u0938\u094d\u0915\u0932\u093e", "name_hu": "Marsaskala", "name_id": "Marsaskala", "name_it": "Marsascala", "name_ja": "\u30de\u30eb\u30b5\u30b9\u30ab\u30e9", "name_ko": "\ub9c8\ub974\uc0ac\uc2a4\uce7c\ub77c", "name_nl": "Marsaskala", "name_pl": "Marsaskala", "name_pt": "Marsaskala", "name_ru": "\u041c\u0430\u0440\u0441\u0430\u0441\u043a\u0430\u043b\u0430", "name_sv": "Marsaskala", "name_tr": "Marsaskala", "name_vi": "Marsaskala", "name_zh": "\u9a6c\u5c14\u8428\u65af\u5361\u62c9", "ne_id": 1159318073, "name_he": "\u05de\u05d0\u05e8\u05d5\u05e4\u05e1", "name_uk": "\u041c\u0430\u0440\u0441\u0430\u0441\u043a\u0430\u043b\u0430", "name_ur": "\u0645\u0627\u0631\u0633\u0627\u0633\u06a9\u0627\u0644\u0627", "name_fa": "\u0645\u0631\u0633\u0633\u06a9\u0644\u0627", "name_zht": "\u99ac\u723e\u85a9\u65af\u5361\u62c9", "FCLASS_ISO": null, "FCLASS_US": null, "FCLASS_FR": null, "FCLASS_RU": null, "FCLASS_ES": null, "FCLASS_CN": null, "FCLASS_TW": null, "FCLASS_IN": null, "FCLASS_NP": null, "FCLASS_PK": null, "FCLASS_DE": null, "FCLASS_GB": null, "FCLASS_BR": null, "FCLASS_IL": null, "FCLASS_PS": null, "FCLASS_SA": null, "FCLASS_EG": null, "FCLASS_MA": null, "FCLASS_PT": null, "FCLASS_AR": null, "FCLASS_JP": null, "FCLASS_KO": null, "FCLASS_VN": null, "FCLASS_TR": null, "FCLASS_ID": null, "FCLASS_PL": null, "FCLASS_GR": null, "FCLASS_IT": null, "FCLASS_NL": null, "FCLASS_SE": null, "FCLASS_BD": null, "FCLASS_UA": null, "FCLASS_TLC": null}, "bbox": [14.542977, 35.841697, 14.567149, 35.873031], "geometry": {"type": "Polygon", "coordinates": [[[14.560886, 35.873031], [14.563162, 35.870022], [14.567149, 35.845608], [14.565819, 35.841697], [14.559249, 35.843102], [14.553627, 35.843694], [14.548302, 35.845765], [14.546823, 35.847836], [14.546527, 35.849907], [14.54771, 35.852274], [14.546231, 35.855528], [14.542977, 35.860853], [14.545639, 35.862924], [14.548598, 35.86322], [14.551261, 35.865883], [14.552444, 35.868842], [14.560886, 35.873031]]]}}, {"type": "Feature", "properties": {"featurecla": "Admin-1 states provinces", "scalerank": 10, "adm1_code": "MLT-5956", "diss_me": 5956, "iso_3166_2": "MT-64", "wikipedia": null, "iso_a2": "MT", "adm0_sr": 3, "name": "\u017babbar", "name_alt": "Zabbar", "name_local": null, "type": null, "type_en": null, "code_local": null, "code_hasc": "MT.SE.ZA", "note": null, "hasc_maybe": null, "region": "Malta Xlokk", "region_cod": null, "provnum_ne": 0, "gadm_level": 0, "check_me": 0, "datarank": 10, "abbrev": null, "postal": null, "area_sqkm": 0, "sameascity": -99, "labelrank": 20, "name_len": 6, "mapcolor9": 1, "mapcolor13": 8, "fips": null, "fips_alt": null, "woe_id": 24551397, "woe_label": null, "woe_name": "Malta", "latitude": 35.8718, "longitude": 14.5397, "sov_a3": "MLT", "adm0_a3": "MLT", "adm0_label": 5, "admin": "Malta", "geonunit": "Malta", "gu_a3": "MLT", "gn_id": 8299762, "gn_name": "Haz-Zabbar", "gns_id": 11536394, "gns_name": "Haz-Zabbar", "gn_level": 1, "gn_region": null, "gn_a1_code": "MT.64", "region_sub": "Southern Harbour", "sub_code": null, "gns_level": 1, "gns_lang": "mlt", "gns_adm1": "MT64", "gns_region": null, "min_label": 11, "max_label": 11, "min_zoom": 11, "wikidataid": "Q39518", "name_ar": "\u062c\u0628\u0627\u0631", "name_bn": "\u099c\u09be\u09ac\u09cd\u09ac\u09be\u09b0", "name_de": "\u017babbar", "name_en": "\u017babbar", "name_es": "\u017babbar", "name_fr": "\u017babbar", "name_el": "\u0396\u03b1\u03bc\u03c0\u03ac\u03c1", "name_hi": "\u091c\u093c\u092c\u094d\u092c\u093e\u0930", "name_hu": "\u017babbar", "name_id": "\u017babbar", "name_it": "Zabbar", "name_ja": "\u30b6\u30c3\u30d1\u30fc\u30eb", "name_ko": "\uc790\ubc14\ub974", "name_nl": "\u017babbar", "name_pl": "\u017babbar", "name_pt": "\u017babbar", "name_ru": "\u0417\u0430\u0431\u0431\u0430\u0440", "name_sv": "\u017babbar", "name_tr": "Zabbar", "name_vi": "Zabbar", "name_zh": "\u624e\u5df4\u5c14", "ne_id": 1159318059, "name_he": "\u05d6\u05d0\u05d1\u05d0\u05e8", "name_uk": "\u0417\u0430\u0431\u0431\u0430\u0440", "name_ur": "\u0632\u0627\u0628\u0627\u0631", "name_fa": "\u0632\u0627\u0628\u0627\u0631", "name_zht": "\u624e\u5df4\u723e", "FCLASS_ISO": null, "FCLASS_US": null, "FCLASS_FR": null, "FCLASS_RU": null, "FCLASS_ES": null, "FCLASS_CN": null, "FCLASS_TW": null, "FCLASS_IN": null, "FCLASS_NP": null, "FCLASS_PK": null, "FCLASS_DE": null, "FCLASS_GB": null, "FCLASS_BR": null, "FCLASS_IL": null, "FCLASS_PS": null, "FCLASS_SA": null, "FCLASS_EG": null, "FCLASS_MA": null, "FCLASS_PT": null, "FCLASS_AR": null, "FCLASS_JP": null, "FCLASS_KO": null, "FCLASS_VN": null, "FCLASS_TR": null, "FCLASS_ID": null, "FCLASS_PL": null, "FCLASS_GR": null, "FCLASS_IT": null, "FCLASS_NL": null, "FCLASS_SE": null, "FCLASS_BD": null, "FCLASS_UA": null, "FCLASS_TLC": null}, "bbox": [14.525225, 35.860853, 14.560886, 35.882747], "geometry": {"type": "Polygon", "coordinates": [[[14.556176, 35.879261], [14.560886, 35.873031], [14.552444, 35.868842], [14.551261, 35.865883], [14.548598, 35.86322], [14.545639, 35.862924], [14.542977, 35.860853], [14.534988, 35.861445], [14.53203, 35.864108], [14.527592, 35.864404], [14.525225, 35.865587], [14.526409, 35.868842], [14.528184, 35.871208], [14.529071, 35.873575], [14.526705, 35.874463], [14.527, 35.877717], [14.529367, 35.881563], [14.533213, 35.882747], [14.540018, 35.882747], [14.543568, 35.878309], [14.548302, 35.876534], [14.556176, 35.879261]]]}}, {"type": "Feature", "properties": {"featurecla": "Admin-1 states provinces", "scalerank": 10, "adm1_code": "MLT-5952", "diss_me": 5952, "iso_3166_2": "MT-63", "wikipedia": null, "iso_a2": "MT", "adm0_sr": 3, "name": "Xg\u0127ajra", "name_alt": "Xghajra", "name_local": null, "type": null, "type_en": null, "code_local": null, "code_hasc": "MT.SE.XG", "note": null, "hasc_maybe": null, "region": "Malta Xlokk", "region_cod": null, "provnum_ne": 0, "gadm_level": 0, "check_me": 0, "datarank": 10, "abbrev": null, "postal": null, "area_sqkm": 0, "sameascity": -99, "labelrank": 20, "name_len": 7, "mapcolor9": 1, "mapcolor13": 8, "fips": null, "fips_alt": null, "woe_id": 24551401, "woe_label": null, "woe_name": "Malta", "latitude": 35.8816, "longitude": 14.5457, "sov_a3": "MLT", "adm0_a3": "MLT", "adm0_label": 5, "admin": "Malta", "geonunit": "Malta", "gu_a3": "MLT", "gn_id": 8299761, "gn_name": "Ix-Xghajra", "gns_id": 11536393, "gns_name": "Ix-Xghajra", "gn_level": 1, "gn_region": null, "gn_a1_code": "MT.63", "region_sub": "Southern Harbour", "sub_code": null, "gns_level": 1, "gns_lang": "mlt", "gns_adm1": "MT63", "gns_region": null, "min_label": 11, "max_label": 11, "min_zoom": 11, "wikidataid": "Q520962", "name_ar": "\u0632\u063a\u0648\u0627\u062c\u0631\u0627", "name_bn": "\u099c\u09be\u099d\u09b0\u09be", "name_de": "Xg\u0127ajra", "name_en": "Xg\u0127ajra", "name_es": "Xg\u0127ajra", "name_fr": "Xg\u0127ajra", "name_el": "\u039e\u03b3\u03ba\u03ac\u03c4\u03b6\u03c1\u03b1", "name_hi": "\u091c\u093c\u0917\u093c\u093e\u091c\u093c\u0930\u093e", "name_hu": "Xg\u0127ajra", "name_id": "Xg\u0127ajra", "name_it": "Sciaira", "name_ja": "\u30b7\u30e3\u30a4\u30e9", "name_ko": "\uc0e4\uc774\ub77c", "name_nl": "Xg\u0127ajra", "name_pl": "Xg\u0127ajra", "name_pt": "Xg\u0127ajra", "name_ru": "\u0428\u0430\u0439\u0440\u0430", "name_sv": "Ix-Xg\u0127ajra", "name_tr": "Xghajra", "name_vi": "Xghajra", "name_zh": "\u54c8\u52a0", "ne_id": 1159318049, "name_he": "\u05e9\u05d2\u05d0\u05d9\u05e8\u05d4", "name_uk": "\u0428\u0430\u0439\u0440\u0430", "name_ur": "\u0634\u0627\u06cc\u0631\u0627", "name_fa": "\u0632\u06af\u0646\u0627\u062c\u0631\u0627", "name_zht": "\u54c8\u52a0", "FCLASS_ISO": null, "FCLASS_US": null, "FCLASS_FR": null, "FCLASS_RU": null, "FCLASS_ES": null, "FCLASS_CN": null, "FCLASS_TW": null, "FCLASS_IN": null, "FCLASS_NP": null, "FCLASS_PK": null, "FCLASS_DE": null, "FCLASS_GB": null, "FCLASS_BR": null, "FCLASS_IL": null, "FCLASS_PS": null, "FCLASS_SA": null, "FCLASS_EG": null, "FCLASS_MA": null, "FCLASS_PT": null, "FCLASS_AR": null, "FCLASS_JP": null, "FCLASS_KO": null, "FCLASS_VN": null, "FCLASS_TR": null, "FCLASS_ID": null, "FCLASS_PL": null, "FCLASS_GR": null, "FCLASS_IT": null, "FCLASS_NL": null, "FCLASS_SE": null, "FCLASS_BD": null, "FCLASS_UA": null, "FCLASS_TLC": null}, "bbox": [14.540018, 35.876534, 14.556176, 35.890041], "geometry": {"type": "Polygon", "coordinates": [[[14.548025, 35.890041], [14.556176, 35.879261], [14.548302, 35.876534], [14.543568, 35.878309], [14.540018, 35.882747], [14.541201, 35.886001], [14.548025, 35.890041]]]}}, {"type": "Feature", "properties": {"featurecla": "Admin-1 states provinces", "scalerank": 10, "adm1_code": "MLT-5974", "diss_me": 5974, "iso_3166_2": "MT-50", "wikipedia": null, "iso_a2": "MT", "adm0_sr": 8, "name": "San Lawrenz", "name_alt": "Saint Lawrence", "name_local": null, "type": null, "type_en": null, "code_local": null, "code_hasc": "MT.GO.SL", "note": null, "hasc_maybe": null, "region": "Gozo", "region_cod": null, "provnum_ne": 0, "gadm_level": 0, "check_me": 0, "datarank": 11, "abbrev": null, "postal": null, "area_sqkm": 0, "sameascity": -99, "labelrank": 20, "name_len": 14, "mapcolor9": 1, "mapcolor13": 8, "fips": "MT50", "fips_alt": null, "woe_id": 24551361, "woe_label": null, "woe_name": null, "latitude": 36.0471, "longitude": 14.1971, "sov_a3": "MLT", "adm0_a3": "MLT", "adm0_label": 5, "admin": "Malta", "geonunit": "Malta", "gu_a3": "MLT", "gn_id": 8299749, "gn_name": "Saint Lawrence", "gns_id": 11535793, "gns_name": "Saint Lawrence", "gn_level": 1, "gn_region": null, "gn_a1_code": "MT.50", "region_sub": "Gozo and Comino", "sub_code": null, "gns_level": 1, "gns_lang": "eng", "gns_adm1": "MT50", "gns_region": null, "min_label": 11, "max_label": 11, "min_zoom": 11, "wikidataid": "Q537308", "name_ar": "\u0633\u0627\u0646\u062a \u0644\u0648\u0631\u0627\u0646\u0633", "name_bn": "\u09b8\u09c7\u09a8\u09cd\u099f \u09b2\u09b0\u09c7\u09a8\u09cd\u09b8", "name_de": "San Lawrenz", "name_en": "Saint Lawrence", "name_es": "San Lawrenz", "name_fr": "San Lawrenz", "name_el": "\u03a3\u03b5\u03bd\u03c4 \u039b\u03cc\u03c1\u03b5\u03bd\u03c2", "name_hi": "\u0938\u0947\u0902\u091f \u0932\u0949\u0930\u0947\u0902\u0938", "name_hu": "San Lawrenz", "name_id": "Saint Lawrence", "name_it": "San Lorenzo", "name_ja": "\u30b5\u30f3\u30fb\u30ed\u30fc\u30ec\u30f3\u30c4", "name_ko": "\uc0b0\ub77c\uc6b0\ub80c\uce20", "name_nl": "San Lawrenz", "name_pl": "San Lawrenz", "name_pt": "Saint Lawrence", "name_ru": "\u0421\u0430\u043d-\u041b\u043e\u0440\u0435\u043d\u0446", "name_sv": "San Lawrenz", "name_tr": "Saint Lawrence", "name_vi": "Saint Lawrence", "name_zh": "\u5723\u52b3\u4f26\u5179", "ne_id": 1159317949, "name_he": "\u05e1\u05df \u05dc\u05d5\u05e8\u05e0\u05e5", "name_uk": "\u0421\u0430\u043d-\u041b\u043e\u0440\u0435\u043d\u0446", "name_ur": "\u0633\u06cc\u0646\u0679 \u0644\u0627\u0631\u0646\u0633\u060c \u0645\u0627\u0644\u0679\u0627", "name_fa": "\u0633\u0646 \u0644\u0627\u0648\u0631\u0646\u0632", "name_zht": "\u8056\u52de\u502b\u8332", "FCLASS_ISO": null, "FCLASS_US": null, "FCLASS_FR": null, "FCLASS_RU": null, "FCLASS_ES": null, "FCLASS_CN": null, "FCLASS_TW": null, "FCLASS_IN": null, "FCLASS_NP": null, "FCLASS_PK": null, "FCLASS_DE": null, "FCLASS_GB": null, "FCLASS_BR": null, "FCLASS_IL": null, "FCLASS_PS": null, "FCLASS_SA": null, "FCLASS_EG": null, "FCLASS_MA": null, "FCLASS_PT": null, "FCLASS_AR": null, "FCLASS_JP": null, "FCLASS_KO": null, "FCLASS_VN": null, "FCLASS_TR": null, "FCLASS_ID": null, "FCLASS_PL": null, "FCLASS_GR": null, "FCLASS_IT": null, "FCLASS_NL": null, "FCLASS_SE": null, "FCLASS_BD": null, "FCLASS_UA": null, "FCLASS_TLC": null}, "bbox": [14.183604, 36.029396, 14.211785, 36.064765], "geometry": {"type": "Polygon", "coordinates": [[[14.194844, 36.029396], [14.184906, 36.034613], [14.187999, 36.045396], [14.184337, 36.056301], [14.183604, 36.064765], [14.191432, 36.059477], [14.202082, 36.05569], [14.206341, 36.05711], [14.208235, 36.053561], [14.211785, 36.051904], [14.210128, 36.047407], [14.206815, 36.044804], [14.206815, 36.041017], [14.200188, 36.035338], [14.194844, 36.029396]]]}}, {"type": "Feature", "properties": {"featurecla": "Admin-1 states provinces", "scalerank": 10, "adm1_code": "MLT-5981", "diss_me": 5981, "iso_3166_2": "MT-22", "wikipedia": null, "iso_a2": "MT", "adm0_sr": 8, "name": "Ker\u010bem", "name_alt": "Kercem", "name_local": null, "type": null, "type_en": null, "code_local": null, "code_hasc": "MT.GO.KE", "note": null, "hasc_maybe": null, "region": "Gozo", "region_cod": null, "provnum_ne": 0, "gadm_level": 0, "check_me": 0, "datarank": 11, "abbrev": null, "postal": null, "area_sqkm": 0, "sameascity": -99, "labelrank": 20, "name_len": 6, "mapcolor9": 1, "mapcolor13": 8, "fips": null, "fips_alt": null, "woe_id": 24551358, "woe_label": null, "woe_name": null, "latitude": 36.0361, "longitude": 14.2145, "sov_a3": "MLT", "adm0_a3": "MLT", "adm0_label": 5, "admin": "Malta", "geonunit": "Malta", "gu_a3": "MLT", "gn_id": 8299726, "gn_name": "Ta' Kercem", "gns_id": 11534634, "gns_name": "Ta' Kercem", "gn_level": 1, "gn_region": null, "gn_a1_code": "MT.27", "region_sub": "Gozo and Comino", "sub_code": null, "gns_level": 1, "gns_lang": "mlt", "gns_adm1": "MT27", "gns_region": null, "min_label": 11, "max_label": 11, "min_zoom": 11, "wikidataid": "Q674679", "name_ar": "\u0643\u064a\u0631\u062a\u0634\u0645", "name_bn": "\u0995\u09c7\u09b0\u099a\u09c7\u09ae", "name_de": "Ker\u010bem", "name_en": "Ker\u010bem", "name_es": "Ker\u010bem", "name_fr": "Ker\u010bem", "name_el": "\u039a\u03b5\u03c1\u03ba\u03ad\u03bc", "name_hi": "\u0915\u0947\u0930\u094d\u0938\u0947\u092e", "name_hu": "Ker\u010bem", "name_id": "Ker\u010bem", "name_it": "Ker\u010bem", "name_ja": "\u30b1\u30eb\u30c1\u30e3\u30e0", "name_ko": "\ucf00\ub974\uccc4", "name_nl": "Ker\u010bem", "name_pl": "Ker\u010bem", "name_pt": "Ker\u010bem", "name_ru": "\u041a\u0435\u0440\u0447\u0435\u043c", "name_sv": "Ta\u2019 Ker\u010bem", "name_tr": "Kercem", "name_vi": "Kercem", "name_zh": "\u51ef\u5c14\u5207\u59c6", "ne_id": 1159317965, "name_he": "\u05e7\u05e8\u05e6'\u05dd", "name_uk": "\u041a\u0435\u0440\u0447\u0435\u043c", "name_ur": "\u06a9\u06cc\u0631\u0686\u06cc\u0645", "name_fa": "\u06a9\u0631\u0634\u0645", "name_zht": "\u51f1\u723e\u5207\u59c6", "FCLASS_ISO": null, "FCLASS_US": null, "FCLASS_FR": null, "FCLASS_RU": null, "FCLASS_ES": null, "FCLASS_CN": null, "FCLASS_TW": null, "FCLASS_IN": null, "FCLASS_NP": null, "FCLASS_PK": null, "FCLASS_DE": null, "FCLASS_GB": null, "FCLASS_BR": null, "FCLASS_IL": null, "FCLASS_PS": null, "FCLASS_SA": null, "FCLASS_EG": null, "FCLASS_MA": null, "FCLASS_PT": null, "FCLASS_AR": null, "FCLASS_JP": null, "FCLASS_KO": null, "FCLASS_VN": null, "FCLASS_TR": null, "FCLASS_ID": null, "FCLASS_PL": null, "FCLASS_GR": null, "FCLASS_IT": null, "FCLASS_NL": null, "FCLASS_SE": null, "FCLASS_BD": null, "FCLASS_UA": null, "FCLASS_TLC": null}, "bbox": [14.194844, 36.023105, 14.235687, 36.051904], "geometry": {"type": "Polygon", "coordinates": [[[14.209669, 36.023105], [14.201182, 36.026068], [14.194844, 36.029396], [14.200188, 36.035338], [14.206815, 36.041017], [14.206815, 36.044804], [14.210128, 36.047407], [14.211785, 36.051904], [14.218884, 36.051431], [14.221961, 36.048591], [14.228588, 36.047644], [14.231427, 36.044567], [14.232847, 36.041017], [14.235451, 36.039834], [14.235687, 36.037941], [14.235451, 36.031788], [14.230481, 36.032971], [14.226458, 36.033444], [14.222671, 36.032024], [14.216281, 36.028474], [14.209669, 36.023105]]]}}, {"type": "Feature", "properties": {"featurecla": "Admin-1 states provinces", "scalerank": 10, "adm1_code": "MLT-5984", "diss_me": 5984, "iso_3166_2": "MT-36", "wikipedia": null, "iso_a2": "MT", "adm0_sr": 8, "name": "Munxar", "name_alt": null, "name_local": null, "type": null, "type_en": null, "code_local": null, "code_hasc": "MT.GO.MU", "note": null, "hasc_maybe": null, "region": "Gozo", "region_cod": null, "provnum_ne": 0, "gadm_level": 0, "check_me": 0, "datarank": 11, "abbrev": null, "postal": null, "area_sqkm": 0, "sameascity": -99, "labelrank": 20, "name_len": 6, "mapcolor9": 1, "mapcolor13": 8, "fips": null, "fips_alt": null, "woe_id": 24551354, "woe_label": null, "woe_name": null, "latitude": 36.0251, "longitude": 14.2276, "sov_a3": "MLT", "adm0_a3": "MLT", "adm0_label": 5, "admin": "Malta", "geonunit": "Malta", "gu_a3": "MLT", "gn_id": 8299735, "gn_name": "Il-Munxar", "gns_id": 11534645, "gns_name": "Il-Munxar", "gn_level": 1, "gn_region": null, "gn_a1_code": "MT.36", "region_sub": "Gozo and Comino", "sub_code": null, "gns_level": 1, "gns_lang": "mlt", "gns_adm1": "MT36", "gns_region": null, "min_label": 11, "max_label": 11, "min_zoom": 11, "wikidataid": "Q587462", "name_ar": "\u0645\u0648\u0646\u0643\u0633\u0627\u0631", "name_bn": "\u09ae\u09c1\u09a8\u0995\u09cd\u09b8\u09be\u09b0", "name_de": "Munxar", "name_en": "Munxar", "name_es": "Munxar", "name_fr": "Munxar", "name_el": "\u039c\u03bf\u03c5\u03bd\u03ba\u03c3\u03ac\u03c1", "name_hi": "\u092e\u0941\u0928\u094d\u0915\u094d\u0938\u093e\u0930", "name_hu": "Munxar", "name_id": "Munxar", "name_it": "Monsciar", "name_ja": "\u30e0\u30f3\u30b7\u30fc", "name_ko": "\ubb38\uc0e4\ub974", "name_nl": "Munxar", "name_pl": "Munxar", "name_pt": "Munxar", "name_ru": "\u041c\u0443\u043d\u0448\u0430\u0440", "name_sv": "Il-Munxar", "name_tr": "Munxar", "name_vi": "Munxar", "name_zh": "\u8499\u6c99\u5c14", "ne_id": 1159317971, "name_he": "\u05de\u05d5\u05e8\u05d0\u05de\u05d5\u05d5\u05d9\u05d4", "name_uk": "\u041c\u0443\u043d\u0448\u0430\u0440", "name_ur": "\u0645\u0648\u0646\u0634\u0627\u0631", "name_fa": "\u0645\u0648\u0646\u06a9\u0633\u0627\u0631", "name_zht": "\u8499\u6c99\u723e", "FCLASS_ISO": null, "FCLASS_US": null, "FCLASS_FR": null, "FCLASS_RU": null, "FCLASS_ES": null, "FCLASS_CN": null, "FCLASS_TW": null, "FCLASS_IN": null, "FCLASS_NP": null, "FCLASS_PK": null, "FCLASS_DE": null, "FCLASS_GB": null, "FCLASS_BR": null, "FCLASS_IL": null, "FCLASS_PS": null, "FCLASS_SA": null, "FCLASS_EG": null, "FCLASS_MA": null, "FCLASS_PT": null, "FCLASS_AR": null, "FCLASS_JP": null, "FCLASS_KO": null, "FCLASS_VN": null, "FCLASS_TR": null, "FCLASS_ID": null, "FCLASS_PL": null, "FCLASS_GR": null, "FCLASS_IT": null, "FCLASS_NL": null, "FCLASS_SE": null, "FCLASS_BD": null, "FCLASS_UA": null, "FCLASS_TLC": null}, "bbox": [14.209669, 36.016508, 14.241131, 36.033444], "geometry": {"type": "Polygon", "coordinates": [[[14.233002, 36.016508], [14.220876, 36.019192], [14.209669, 36.023105], [14.216281, 36.028474], [14.222671, 36.032024], [14.226458, 36.033444], [14.230481, 36.032971], [14.235451, 36.031788], [14.237344, 36.029421], [14.241131, 36.028474], [14.240421, 36.026581], [14.237817, 36.022795], [14.233794, 36.019008], [14.233002, 36.016508]]]}}, {"type": "Feature", "properties": {"featurecla": "Admin-1 states provinces", "scalerank": 10, "adm1_code": "MLT-5985", "diss_me": 5985, "iso_3166_2": "MT-52", "wikipedia": null, "iso_a2": "MT", "adm0_sr": 8, "name": "Sannat", "name_alt": null, "name_local": null, "type": null, "type_en": null, "code_local": null, "code_hasc": "MT.GO.SA", "note": null, "hasc_maybe": null, "region": "Gozo", "region_cod": null, "provnum_ne": 0, "gadm_level": 0, "check_me": 0, "datarank": 11, "abbrev": null, "postal": null, "area_sqkm": 0, "sameascity": -99, "labelrank": 20, "name_len": 6, "mapcolor9": 1, "mapcolor13": 8, "fips": null, "fips_alt": null, "woe_id": 24551350, "woe_label": null, "woe_name": null, "latitude": 36.0201, "longitude": 14.2514, "sov_a3": "MLT", "adm0_a3": "MLT", "adm0_label": 5, "admin": "Malta", "geonunit": "Malta", "gu_a3": "MLT", "gn_id": 8299753, "gn_name": "Sannat", "gns_id": 11535797, "gns_name": "Ta' Sannat", "gn_level": 1, "gn_region": null, "gn_a1_code": "MT.54", "region_sub": "Gozo and Comino", "sub_code": null, "gns_level": 1, "gns_lang": "mlt", "gns_adm1": "MT54", "gns_region": null, "min_label": 11, "max_label": 11, "min_zoom": 11, "wikidataid": "Q602037", "name_ar": "\u0633\u0627\u0646\u0627\u062a", "name_bn": "\u09b8\u09be\u0981\u09a8\u09cd\u09af\u09be\u09ce", "name_de": "Sannat", "name_en": "Sannat", "name_es": "Sannat", "name_fr": "Sannat", "name_el": "\u03a3\u03b1\u03bd\u03bd\u03ac\u03c4", "name_hi": "\u0938\u0928\u0924", "name_hu": "Sannat", "name_id": "Sannat", "name_it": "Sannat", "name_ja": "\u30b5\u30f3\u30ca\u30c3\u30c8", "name_ko": "\uc0b0\ub098\ud2b8", "name_nl": "Sannat", "name_pl": "Sannat", "name_pt": "Sannat", "name_ru": "\u0421\u0430\u043d\u043d\u0430\u0442", "name_sv": "Sannat", "name_tr": "Sannat", "name_vi": "Sannat", "name_zh": "\u6851\u7eb3\u7279", "ne_id": 1159317973, "name_he": "\u05e1\u05d0\u05e0\u05d0\u05ea", "name_uk": "\u0421\u0430\u043d\u043d\u0430\u0442", "name_ur": "\u0633\u0627\u0646\u0646\u0627\u062a", "name_fa": "\u0633\u0646\u0627\u062a", "name_zht": "\u6851\u7d0d\u7279", "FCLASS_ISO": null, "FCLASS_US": null, "FCLASS_FR": null, "FCLASS_RU": null, "FCLASS_ES": null, "FCLASS_CN": null, "FCLASS_TW": null, "FCLASS_IN": null, "FCLASS_NP": null, "FCLASS_PK": null, "FCLASS_DE": null, "FCLASS_GB": null, "FCLASS_BR": null, "FCLASS_IL": null, "FCLASS_PS": null, "FCLASS_SA": null, "FCLASS_EG": null, "FCLASS_MA": null, "FCLASS_PT": null, "FCLASS_AR": null, "FCLASS_JP": null, "FCLASS_KO": null, "FCLASS_VN": null, "FCLASS_TR": null, "FCLASS_ID": null, "FCLASS_PL": null, "FCLASS_GR": null, "FCLASS_IT": null, "FCLASS_NL": null, "FCLASS_SE": null, "FCLASS_BD": null, "FCLASS_UA": null, "FCLASS_TLC": null}, "bbox": [14.233002, 36.013495, 14.273635, 36.026581], "geometry": {"type": "Polygon", "coordinates": [[[14.273635, 36.015953], [14.26002, 36.013495], [14.241466, 36.014635], [14.233002, 36.016508], [14.233794, 36.019008], [14.237817, 36.022795], [14.240421, 36.026581], [14.24397, 36.025871], [14.251544, 36.025871], [14.25604, 36.024925], [14.259353, 36.022321], [14.264087, 36.021138], [14.268583, 36.019008], [14.27166, 36.019245], [14.273635, 36.015953]]]}}, {"type": "Feature", "properties": {"featurecla": "Admin-1 states provinces", "scalerank": 10, "adm1_code": "MLT-5987", "diss_me": 5987, "iso_3166_2": "MT-13", "wikipedia": null, "iso_a2": "MT", "adm0_sr": 8, "name": "G\u0127ajnsielem", "name_alt": "Ghajnsielem", "name_local": null, "type": null, "type_en": null, "code_local": null, "code_hasc": "MT.GO.GJ", "note": null, "hasc_maybe": null, "region": "Gozo", "region_cod": null, "provnum_ne": 0, "gadm_level": 0, "check_me": 0, "datarank": 11, "abbrev": null, "postal": null, "area_sqkm": 0, "sameascity": -99, "labelrank": 20, "name_len": 11, "mapcolor9": 1, "mapcolor13": 8, "fips": null, "fips_alt": null, "woe_id": 24551363, "woe_label": null, "woe_name": null, "latitude": 36.0251, "longitude": 14.2853, "sov_a3": "MLT", "adm0_a3": "MLT", "adm0_label": 5, "admin": "Malta", "geonunit": "Malta", "gu_a3": "MLT", "gn_id": 8299710, "gn_name": "Ghajnsielem", "gns_id": 11534051, "gns_name": "Ghajnsielem", "gn_level": 1, "gn_region": null, "gn_a1_code": "MT.11", "region_sub": "Gozo and Comino", "sub_code": null, "gns_level": 1, "gns_lang": "mlt", "gns_adm1": "MT11", "gns_region": null, "min_label": 11, "max_label": 11, "min_zoom": 11, "wikidataid": "Q761675", "name_ar": "\u063a\u0648\u064a\u0646\u0632\u064a\u0644\u0645", "name_bn": "\u0997\u09be\u09a8\u09cd\u09b8\u09bf\u09b2\u09c7\u09ae", "name_de": "G\u0127ajnsielem", "name_en": "G\u0127ajnsielem", "name_es": "G\u0127ajnsielem", "name_fr": "G\u0127ajnsielem", "name_el": "\u0393\u03ba\u03b1\u03c4\u03b6\u03bd\u03c3\u03b9\u03b5\u03bb\u03ad\u03bc", "name_hi": "\u0918\u0902\u0938\u093f\u0932\u0947\u092e", "name_hu": "G\u0127ajnsielem", "name_id": "G\u0127ajnsielem", "name_it": "G\u0127ajnsielem", "name_ja": "\u30a2\u30a4\u30f3\u30b7\u30fc\u30ec\u30e0", "name_ko": "\uc544\uc778\uc2e4\ub818", "name_nl": "G\u0127ajnsielem", "name_pl": "G\u0127ajnsielem", "name_pt": "G\u0127ajnsielem", "name_ru": "\u0410\u0439\u043d\u0441\u0438\u043b\u0435\u043c", "name_sv": "G\u0127ajnsielem", "name_tr": "Ghajnsielem", "name_vi": "Ghajnsielem", "name_zh": "\u827e\u56e0\u897f\u83b1\u59c6", "ne_id": 1159317977, "name_he": "\u05d2\u05d0\u05e0\u05e1\u05d9\u05d9\u05dc\u05dd", "name_uk": "\u0410\u0439\u043d\u0441\u0456\u043b\u0435\u043c", "name_ur": "\u0627\u06cc\u0646\u0633\u06cc\u0644\u06cc\u0645", "name_fa": "\u06af\u0627\u062c\u0646\u0633\u06cc\u0644\u0645", "name_zht": "\u827e\u56e0\u897f\u83b1\u59c6", "FCLASS_ISO": null, "FCLASS_US": null, "FCLASS_FR": null, "FCLASS_RU": null, "FCLASS_ES": null, "FCLASS_CN": null, "FCLASS_TW": null, "FCLASS_IN": null, "FCLASS_NP": null, "FCLASS_PK": null, "FCLASS_DE": null, "FCLASS_GB": null, "FCLASS_BR": null, "FCLASS_IL": null, "FCLASS_PS": null, "FCLASS_SA": null, "FCLASS_EG": null, "FCLASS_MA": null, "FCLASS_PT": null, "FCLASS_AR": null, "FCLASS_JP": null, "FCLASS_KO": null, "FCLASS_VN": null, "FCLASS_TR": null, "FCLASS_ID": null, "FCLASS_PL": null, "FCLASS_GR": null, "FCLASS_IT": null, "FCLASS_NL": null, "FCLASS_SE": null, "FCLASS_BD": null, "FCLASS_UA": null, "FCLASS_TLC": null}, "bbox": [14.27166, 36.015953, 14.30012, 36.033444], "geometry": {"type": "Polygon", "coordinates": [[[14.30012, 36.024995], [14.277599, 36.016669], [14.273635, 36.015953], [14.27166, 36.019245], [14.272133, 36.020428], [14.276156, 36.023741], [14.27663, 36.028238], [14.27876, 36.030131], [14.280653, 36.033444], [14.284913, 36.031078], [14.289173, 36.030368], [14.296982, 36.030368], [14.299349, 36.028001], [14.30012, 36.024995]]]}}, {"type": "Feature", "properties": {"featurecla": "Admin-1 states provinces", "scalerank": 10, "adm1_code": "MLT-5980", "diss_me": 5980, "iso_3166_2": "MT-42", "wikipedia": null, "iso_a2": "MT", "adm0_sr": 8, "name": "Qala", "name_alt": null, "name_local": null, "type": null, "type_en": null, "code_local": null, "code_hasc": "MT.GO.QA", "note": null, "hasc_maybe": null, "region": "Gozo", "region_cod": null, "provnum_ne": 0, "gadm_level": 0, "check_me": 0, "datarank": 11, "abbrev": null, "postal": null, "area_sqkm": 0, "sameascity": -99, "labelrank": 20, "name_len": 4, "mapcolor9": 1, "mapcolor13": 8, "fips": null, "fips_alt": null, "woe_id": 24551357, "woe_label": null, "woe_name": null, "latitude": 36.0332, "longitude": 14.3163, "sov_a3": "MLT", "adm0_a3": "MLT", "adm0_label": 5, "admin": "Malta", "geonunit": "Malta", "gu_a3": "MLT", "gn_id": 8299741, "gn_name": "Il-Qala", "gns_id": 11535784, "gns_name": "Il-Qala", "gn_level": 1, "gn_region": null, "gn_a1_code": "MT.42", "region_sub": "Gozo and Comino", "sub_code": null, "gns_level": 1, "gns_lang": "mlt", "gns_adm1": "MT42", "gns_region": null, "min_label": 11, "max_label": 11, "min_zoom": 11, "wikidataid": "Q1088033", "name_ar": "\u0642\u0627\u0644\u0627\u060c \u0645\u0627\u0644\u0637\u0627", "name_bn": "\u0995\u09be\u09b2\u09be", "name_de": "Qala", "name_en": "Qala", "name_es": "Qala", "name_fr": "Qala", "name_el": "\u039a\u03ac\u03bb\u03b1", "name_hi": "\u0915\u093e\u0932\u093e.", "name_hu": "Qala", "name_id": "Qala", "name_it": "Qala", "name_ja": "\u30a2\u30e9", "name_ko": "\uc54c\ub77c", "name_nl": "Qala", "name_pl": "Qala", "name_pt": "Qala", "name_ru": "\u041a\u0430\u043b\u0430", "name_sv": "Il-Qala", "name_tr": "Qala", "name_vi": "Qala", "name_zh": "\u5361\u62c9", "ne_id": 1159317961, "name_he": "\u05e7\u05d0\u05dc\u05d4", "name_uk": "\u041a\u0430\u043b\u0430", "name_ur": "\u0622\u0644\u0627\u060c \u0645\u0627\u0644\u0679\u0627", "name_fa": "\u0642\u0627\u0644\u0627", "name_zht": "\u5361\u62c9", "FCLASS_ISO": null, "FCLASS_US": null, "FCLASS_FR": null, "FCLASS_RU": null, "FCLASS_ES": null, "FCLASS_CN": null, "FCLASS_TW": null, "FCLASS_IN": null, "FCLASS_NP": null, "FCLASS_PK": null, "FCLASS_DE": null, "FCLASS_GB": null, "FCLASS_BR": null, "FCLASS_IL": null, "FCLASS_PS": null, "FCLASS_SA": null, "FCLASS_EG": null, "FCLASS_MA": null, "FCLASS_PT": null, "FCLASS_AR": null, "FCLASS_JP": null, "FCLASS_KO": null, "FCLASS_VN": null, "FCLASS_TR": null, "FCLASS_ID": null, "FCLASS_PL": null, "FCLASS_GR": null, "FCLASS_IT": null, "FCLASS_NL": null, "FCLASS_SE": null, "FCLASS_BD": null, "FCLASS_UA": null, "FCLASS_TLC": null}, "bbox": [14.296982, 36.024995, 14.334239, 36.046244], "geometry": {"type": "Polygon", "coordinates": [[[14.320429, 36.046244], [14.334239, 36.034369], [14.322032, 36.027167], [14.304454, 36.026597], [14.30012, 36.024995], [14.299349, 36.028001], [14.296982, 36.030368], [14.305266, 36.031314], [14.307632, 36.033918], [14.307869, 36.038651], [14.308579, 36.041017], [14.312129, 36.041727], [14.315679, 36.043621], [14.320429, 36.046244]]]}}, {"type": "Feature", "properties": {"featurecla": "Admin-1 states provinces", "scalerank": 10, "adm1_code": "MLT-5979", "diss_me": 5979, "iso_3166_2": "MT-37", "wikipedia": null, "iso_a2": "MT", "adm0_sr": 8, "name": "Nadur", "name_alt": null, "name_local": null, "type": null, "type_en": null, "code_local": null, "code_hasc": "MT.GO.NA", "note": null, "hasc_maybe": null, "region": "Gozo", "region_cod": null, "provnum_ne": 0, "gadm_level": 0, "check_me": 0, "datarank": 11, "abbrev": null, "postal": null, "area_sqkm": 0, "sameascity": -99, "labelrank": 20, "name_len": 5, "mapcolor9": 1, "mapcolor13": 8, "fips": null, "fips_alt": null, "woe_id": 24551353, "woe_label": null, "woe_name": null, "latitude": 36.0451, "longitude": 14.2978, "sov_a3": "MLT", "adm0_a3": "MLT", "adm0_label": 5, "admin": "Malta", "geonunit": "Malta", "gu_a3": "MLT", "gn_id": 8299736, "gn_name": "In-Nadur", "gns_id": 11534646, "gns_name": "In-Nadur", "gn_level": 1, "gn_region": null, "gn_a1_code": "MT.37", "region_sub": "Gozo and Comino", "sub_code": null, "gns_level": 1, "gns_lang": "mlt", "gns_adm1": "MT37", "gns_region": null, "min_label": 11, "max_label": 11, "min_zoom": 11, "wikidataid": "Q929969", "name_ar": "\u0628\u0644\u062f\u0629 \u0646\u0627\u062f\u0648\u0631", "name_bn": "\u09a8\u09be\u09a6\u09c1\u09b0", "name_de": "Nadur", "name_en": "Nadur", "name_es": "Nadur", "name_fr": "Nadur", "name_el": "\u039d\u03b1\u03bd\u03c4\u03bf\u03cd\u03c1", "name_hi": "\u0928\u093e\u0926\u0941\u0930", "name_hu": "Nadur", "name_id": "Nadur", "name_it": "Nadur", "name_ja": "\u30ca\u30c9\u30a5\u30fc\u30eb", "name_ko": "\ub098\ub450\ub974", "name_nl": "Nadur", "name_pl": "Nadur", "name_pt": "Nadur", "name_ru": "\u041d\u0430\u0434\u0443\u0440", "name_sv": "In-Nadur", "name_tr": "Nadur", "name_vi": "Nadur", "name_zh": "\u7eb3\u675c\u5c14", "ne_id": 1159317959, "name_he": "\u05e0\u05d0\u05d3\u05d9\u05dd", "name_uk": "\u041d\u0443\u0434\u0443\u0440", "name_ur": "\u0646\u0627\u062f\u0648\u0631", "name_fa": "\u0646\u0627\u062f\u0648\u0631", "name_zht": "\u7d0d\u675c\u723e", "FCLASS_ISO": null, "FCLASS_US": null, "FCLASS_FR": null, "FCLASS_RU": null, "FCLASS_ES": null, "FCLASS_CN": null, "FCLASS_TW": null, "FCLASS_IN": null, "FCLASS_NP": null, "FCLASS_PK": null, "FCLASS_DE": null, "FCLASS_GB": null, "FCLASS_BR": null, "FCLASS_IL": null, "FCLASS_PS": null, "FCLASS_SA": null, "FCLASS_EG": null, "FCLASS_MA": null, "FCLASS_PT": null, "FCLASS_AR": null, "FCLASS_JP": null, "FCLASS_KO": null, "FCLASS_VN": null, "FCLASS_TR": null, "FCLASS_ID": null, "FCLASS_PL": null, "FCLASS_GR": null, "FCLASS_IT": null, "FCLASS_NL": null, "FCLASS_SE": null, "FCLASS_BD": null, "FCLASS_UA": null, "FCLASS_TLC": null}, "bbox": [14.280653, 36.030368, 14.320429, 36.064467], "geometry": {"type": "Polygon", "coordinates": [[[14.289079, 36.064467], [14.314789, 36.051093], [14.320429, 36.046244], [14.315679, 36.043621], [14.312129, 36.041727], [14.308579, 36.041017], [14.307869, 36.038651], [14.307632, 36.033918], [14.305266, 36.031314], [14.296982, 36.030368], [14.289173, 36.030368], [14.284913, 36.031078], [14.280653, 36.033444], [14.280889, 36.037941], [14.282309, 36.040781], [14.283019, 36.045277], [14.286096, 36.046461], [14.286096, 36.057584], [14.289079, 36.064467]]]}}, {"type": "Feature", "properties": {"featurecla": "Admin-1 states provinces", "scalerank": 10, "adm1_code": "MLT-5978", "diss_me": 5978, "iso_3166_2": "MT-61", "wikipedia": null, "iso_a2": "MT", "adm0_sr": 8, "name": "Xag\u0127ra", "name_alt": "Xaghra", "name_local": null, "type": null, "type_en": null, "code_local": null, "code_hasc": "MT.GO.XA", "note": null, "hasc_maybe": null, "region": "Gozo", "region_cod": null, "provnum_ne": 0, "gadm_level": 0, "check_me": 0, "datarank": 11, "abbrev": null, "postal": null, "area_sqkm": 0, "sameascity": -99, "labelrank": 20, "name_len": 6, "mapcolor9": 1, "mapcolor13": 8, "fips": null, "fips_alt": null, "woe_id": 24551356, "woe_label": null, "woe_name": null, "latitude": 36.0506, "longitude": 14.272, "sov_a3": "MLT", "adm0_a3": "MLT", "adm0_label": 5, "admin": "Malta", "geonunit": "Malta", "gu_a3": "MLT", "gn_id": 8299759, "gn_name": "Ix-Xaghra", "gns_id": 11536387, "gns_name": "Ix-Xaghra", "gn_level": 1, "gn_region": null, "gn_a1_code": "MT.61", "region_sub": "Gozo and Comino", "sub_code": null, "gns_level": 1, "gns_lang": "mlt", "gns_adm1": "MT61", "gns_region": null, "min_label": 11, "max_label": 11, "min_zoom": 11, "wikidataid": "Q605343", "name_ar": "\u0628\u0644\u062f\u0629 \u0632\u0627\u062c\u0648\u0631\u0627", "name_bn": "\u099c\u09be\u0998\u09cd\u09b0\u09be", "name_de": "Xag\u0127ra", "name_en": "Xag\u0127ra", "name_es": "Xag\u0127ra", "name_fr": "Xag\u0127ra", "name_el": "\u039e\u03ac\u03b3\u03ba\u03c7\u03c1\u03b1", "name_hi": "\u091c\u093c\u0947\u0928\u094d\u0917\u0930\u0949", "name_hu": "Xag\u0127ra", "name_id": "Xag\u0127ra", "name_it": "Xag\u0127ra", "name_ja": "\u30b7\u30e3\u30fc\u30e9", "name_ko": "\uc0e4\ub77c", "name_nl": "Xag\u0127ra", "name_pl": "Xag\u0127ra", "name_pt": "Xag\u0127ra", "name_ru": "\u0428\u0430\u0430\u0440\u0430", "name_sv": "Ix-Xag\u0127ra", "name_tr": "Xaghra", "name_vi": "Xaghra", "name_zh": "\u6c99\u62c9", "ne_id": 1159317957, "name_he": "\u05e9\u05d0\u05d2\u05e8\u05d4", "name_uk": "\u0428\u0430\u0430\u0440\u0430", "name_ur": "\u0634\u0627\u0631\u0627", "name_fa": "\u0632\u0627\u06af\u0631\u0627", "name_zht": "\u6c99\u62c9", "FCLASS_ISO": null, "FCLASS_US": null, "FCLASS_FR": null, "FCLASS_RU": null, "FCLASS_ES": null, "FCLASS_CN": null, "FCLASS_TW": null, "FCLASS_IN": null, "FCLASS_NP": null, "FCLASS_PK": null, "FCLASS_DE": null, "FCLASS_GB": null, "FCLASS_BR": null, "FCLASS_IL": null, "FCLASS_PS": null, "FCLASS_SA": null, "FCLASS_EG": null, "FCLASS_MA": null, "FCLASS_PT": null, "FCLASS_AR": null, "FCLASS_JP": null, "FCLASS_KO": null, "FCLASS_VN": null, "FCLASS_TR": null, "FCLASS_ID": null, "FCLASS_PL": null, "FCLASS_GR": null, "FCLASS_IT": null, "FCLASS_NL": null, "FCLASS_SE": null, "FCLASS_BD": null, "FCLASS_UA": null, "FCLASS_TLC": null}, "bbox": [14.250597, 36.033444, 14.289079, 36.071004], "geometry": {"type": "Polygon", "coordinates": [[[14.271997, 36.071004], [14.282563, 36.067857], [14.289079, 36.064467], [14.286096, 36.057584], [14.286096, 36.046461], [14.283019, 36.045277], [14.282309, 36.040781], [14.280889, 36.037941], [14.280653, 36.033444], [14.27521, 36.036758], [14.271423, 36.038178], [14.266927, 36.037468], [14.261247, 36.036521], [14.255093, 36.037468], [14.255567, 36.040071], [14.253437, 36.042437], [14.250597, 36.045751], [14.2532, 36.045987], [14.254384, 36.047881], [14.252964, 36.051194], [14.253437, 36.054507], [14.256987, 36.05782], [14.26172, 36.059714], [14.267637, 36.05995], [14.268583, 36.061844], [14.268346, 36.065157], [14.267873, 36.06776], [14.271997, 36.071004]]]}}, {"type": "Feature", "properties": {"featurecla": "Admin-1 states provinces", "scalerank": 10, "adm1_code": "MLT-5977", "diss_me": 5977, "iso_3166_2": "MT-65", "wikipedia": null, "iso_a2": "MT", "adm0_sr": 8, "name": "\u017bebbu\u0121", "name_alt": null, "name_local": null, "type": null, "type_en": null, "code_local": null, "code_hasc": "MT.GO.ZE", "note": null, "hasc_maybe": null, "region": "Gozo", "region_cod": null, "provnum_ne": 0, "gadm_level": 0, "check_me": 0, "datarank": 11, "abbrev": null, "postal": null, "area_sqkm": 0, "sameascity": -99, "labelrank": 20, "name_len": 6, "mapcolor9": 1, "mapcolor13": 8, "fips": null, "fips_alt": null, "woe_id": 24551359, "woe_label": null, "woe_name": null, "latitude": 36.0625, "longitude": 14.2488, "sov_a3": "MLT", "adm0_a3": "MLT", "adm0_label": 5, "admin": "Malta", "geonunit": "Malta", "gu_a3": "MLT", "gn_id": 8299764, "gn_name": "Iz-Zebbug", "gns_id": 11536399, "gns_name": "Iz-Zebbug", "gn_level": 1, "gn_region": null, "gn_a1_code": "MT.66", "region_sub": "Gozo and Comino", "sub_code": null, "gns_level": 1, "gns_lang": "mlt", "gns_adm1": "MT66", "gns_region": null, "min_label": 11, "max_label": 11, "min_zoom": 11, "wikidataid": null, "name_ar": "\u0632\u064a\u0628\u0627\u062c", "name_bn": "\u0987\u09ac\u09cd\u09ac\u09c1", "name_de": "\u017bebbu\u0121", "name_en": "\u017bebbu\u0121", "name_es": "Zebbug", "name_fr": "\u017bebbu\u0121", "name_el": "\u0396\u03b5\u03bc\u03c0\u03bf\u03cd\u03b3\u03ba", "name_hi": "\u091c\u0947\u092c\u0917", "name_hu": "\u017bebbu\u0121", "name_id": "Zebbug", "name_it": "\u017bebbu\u0121", "name_ja": "\u30bc\u30d0\u30b0", "name_ko": "\uc138\ubd80\uc5d0", "name_nl": "\u017bebbu\u0121", "name_pl": "\u017bebbu\u0121", "name_pt": "\u017bebbu\u0121", "name_ru": "\u0417\u0435\u0431\u0431\u0443\u0434\u0436", "name_sv": "\u017bebbu\u0121", "name_tr": "\u017bebbu\u0121", "name_vi": "\u017bebbu\u0121", "name_zh": "\u6cfd\u5e03\u5b63", "ne_id": 1159317955, "name_he": "\u05d2'\u05d1\u05d5", "name_uk": "\u0417\u0435\u0431\u0431\u0430\u0433", "name_ur": "\u0632\u06cc\u0628\u06af", "name_fa": "\u0632\u0628\u0648\u06af", "name_zht": "\u6fa4\u5e03\u5b63", "FCLASS_ISO": null, "FCLASS_US": null, "FCLASS_FR": null, "FCLASS_RU": null, "FCLASS_ES": null, "FCLASS_CN": null, "FCLASS_TW": null, "FCLASS_IN": null, "FCLASS_NP": null, "FCLASS_PK": null, "FCLASS_DE": null, "FCLASS_GB": null, "FCLASS_BR": null, "FCLASS_IL": null, "FCLASS_PS": null, "FCLASS_SA": null, "FCLASS_EG": null, "FCLASS_MA": null, "FCLASS_PT": null, "FCLASS_AR": null, "FCLASS_JP": null, "FCLASS_KO": null, "FCLASS_VN": null, "FCLASS_TR": null, "FCLASS_ID": null, "FCLASS_PL": null, "FCLASS_GR": null, "FCLASS_IT": null, "FCLASS_NL": null, "FCLASS_SE": null, "FCLASS_BD": null, "FCLASS_UA": null, "FCLASS_TLC": null}, "bbox": [14.230244, 36.045751, 14.271997, 36.075588], "geometry": {"type": "Polygon", "coordinates": [[[14.233525, 36.072761], [14.256602, 36.075588], [14.271997, 36.071004], [14.267873, 36.06776], [14.268346, 36.065157], [14.268583, 36.061844], [14.267637, 36.05995], [14.26172, 36.059714], [14.256987, 36.05782], [14.253437, 36.054507], [14.252964, 36.051194], [14.254384, 36.047881], [14.2532, 36.045987], [14.250597, 36.045751], [14.245154, 36.045751], [14.239474, 36.049301], [14.239001, 36.05498], [14.236634, 36.057584], [14.233321, 36.056637], [14.231191, 36.057347], [14.230244, 36.062554], [14.230481, 36.068707], [14.233525, 36.072761]]]}}, {"type": "Feature", "properties": {"featurecla": "Admin-1 states provinces", "scalerank": 10, "adm1_code": "MLT-5976", "diss_me": 5976, "iso_3166_2": "MT-16", "wikipedia": null, "iso_a2": "MT", "adm0_sr": 8, "name": "G\u0127asri", "name_alt": "Ghasri", "name_local": null, "type": null, "type_en": null, "code_local": null, "code_hasc": "MT.GO.GS", "note": null, "hasc_maybe": null, "region": "Gozo", "region_cod": null, "provnum_ne": 0, "gadm_level": 0, "check_me": 0, "datarank": 11, "abbrev": null, "postal": null, "area_sqkm": 0, "sameascity": -99, "labelrank": 20, "name_len": 6, "mapcolor9": 1, "mapcolor13": 8, "fips": null, "fips_alt": null, "woe_id": 24551355, "woe_label": null, "woe_name": null, "latitude": 36.0625, "longitude": 14.2247, "sov_a3": "MLT", "adm0_a3": "MLT", "adm0_label": 5, "admin": "Malta", "geonunit": "Malta", "gu_a3": "MLT", "gn_id": 8299713, "gn_name": "L-Ghasri", "gns_id": 11534055, "gns_name": "L-Ghasri", "gn_level": 1, "gn_region": null, "gn_a1_code": "MT.14", "region_sub": "Gozo and Comino", "sub_code": null, "gns_level": 1, "gns_lang": "mlt", "gns_adm1": "MT14", "gns_region": null, "min_label": 11, "max_label": 11, "min_zoom": 11, "wikidataid": "Q1017339", "name_ar": "\u063a\u0627\u0633\u0631\u064a", "name_bn": "\u0998\u09be\u09b0\u09cd\u09b8\u09bf", "name_de": "G\u0127asri", "name_en": "G\u0127asri", "name_es": "G\u0127asri", "name_fr": "G\u0127asri", "name_el": "\u0393\u03ba\u03ac\u03c3\u03c1\u03b9", "name_hi": "\u0918\u0938\u0930\u0940", "name_hu": "G\u0127asri", "name_id": "G\u0127asri", "name_it": "G\u0127asri", "name_ja": "\u30a2\u30fc\u30b7\u30ea", "name_ko": "\uc544\uc2a4\ub9ac", "name_nl": "G\u0127asri", "name_pl": "G\u0127asri", "name_pt": "G\u0127asri", "name_ru": "\u0410\u0441\u0440\u0438", "name_sv": "L-Ghasri", "name_tr": "Ghasri", "name_vi": "Ghasri", "name_zh": "\u52a0\u65af\u91cc", "ne_id": 1159317953, "name_he": "\u05d2\u05d0\u05e1\u05e8\u05d9", "name_uk": "\u0410\u0441\u0440\u0456", "name_ur": "\u0627\u0633\u0631\u06cc", "name_fa": "\u06af\u0627\u0633\u0631\u06cc", "name_zht": "\u52a0\u65af\u91cc", "FCLASS_ISO": null, "FCLASS_US": null, "FCLASS_FR": null, "FCLASS_RU": null, "FCLASS_ES": null, "FCLASS_CN": null, "FCLASS_TW": null, "FCLASS_IN": null, "FCLASS_NP": null, "FCLASS_PK": null, "FCLASS_DE": null, "FCLASS_GB": null, "FCLASS_BR": null, "FCLASS_IL": null, "FCLASS_PS": null, "FCLASS_SA": null, "FCLASS_EG": null, "FCLASS_MA": null, "FCLASS_PT": null, "FCLASS_AR": null, "FCLASS_JP": null, "FCLASS_KO": null, "FCLASS_VN": null, "FCLASS_TR": null, "FCLASS_ID": null, "FCLASS_PL": null, "FCLASS_GR": null, "FCLASS_IT": null, "FCLASS_NL": null, "FCLASS_SE": null, "FCLASS_BD": null, "FCLASS_UA": null, "FCLASS_TLC": null}, "bbox": [14.212495, 36.047644, 14.239474, 36.072761], "geometry": {"type": "Polygon", "coordinates": [[[14.212925, 36.070238], [14.233525, 36.072761], [14.230481, 36.068707], [14.230244, 36.062554], [14.231191, 36.057347], [14.233321, 36.056637], [14.236634, 36.057584], [14.239001, 36.05498], [14.239474, 36.049301], [14.234504, 36.049537], [14.230007, 36.049064], [14.228588, 36.047644], [14.221961, 36.048591], [14.218884, 36.051431], [14.218174, 36.058057], [14.216045, 36.06279], [14.212495, 36.06634], [14.212925, 36.070238]]]}}, {"type": "Feature", "properties": {"featurecla": "Admin-1 states provinces", "scalerank": 10, "adm1_code": "MLT-5975", "diss_me": 5975, "iso_3166_2": "MT-14", "wikipedia": null, "iso_a2": "MT", "adm0_sr": 8, "name": "G\u0127arb", "name_alt": "Gharb", "name_local": null, "type": null, "type_en": null, "code_local": null, "code_hasc": "MT.GO.GB", "note": null, "hasc_maybe": null, "region": "Gozo", "region_cod": null, "provnum_ne": 0, "gadm_level": 0, "check_me": 0, "datarank": 11, "abbrev": null, "postal": null, "area_sqkm": 0, "sameascity": -99, "labelrank": 20, "name_len": 5, "mapcolor9": 1, "mapcolor13": 8, "fips": null, "fips_alt": null, "woe_id": 24551351, "woe_label": null, "woe_name": null, "latitude": 36.0622, "longitude": 14.2058, "sov_a3": "MLT", "adm0_a3": "MLT", "adm0_label": 5, "admin": "Malta", "geonunit": "Malta", "gu_a3": "MLT", "gn_id": 8299711, "gn_name": "L-Gharb", "gns_id": 11534052, "gns_name": "L-Gharb", "gn_level": 1, "gn_region": null, "gn_a1_code": "MT.12", "region_sub": "Gozo and Comino", "sub_code": null, "gns_level": 1, "gns_lang": "mlt", "gns_adm1": "MT12", "gns_region": null, "min_label": 11, "max_label": 11, "min_zoom": 11, "wikidataid": "Q1026487", "name_ar": "\u063a\u0627\u0631\u0628", "name_bn": "\u0998\u09be\u09b0\u09cd\u09ac", "name_de": "G\u0127arb", "name_en": "G\u0127arb", "name_es": "G\u0127arb", "name_fr": "G\u0127arb", "name_el": "\u0393\u03ba\u03b1\u03c1\u03bc\u03c0", "name_hi": "\u0918\u0930\u094d\u092c", "name_hu": "G\u0127arb", "name_id": "G\u0127arb", "name_it": "G\u0127arb", "name_ja": "\u30a2\u30fc\u30d6", "name_ko": "\uc544\ub974\ud504", "name_nl": "G\u0127arb", "name_pl": "G\u0127arb", "name_pt": "G\u0127arb", "name_ru": "\u0410\u0440\u0431", "name_sv": "L-G\u0127arb", "name_tr": "Gharb", "name_vi": "Gharb", "name_zh": "\u963f\u5c14\u535c", "ne_id": 1159317951, "name_he": "\u05d2\u05d0\u05e8\u05d1", "name_uk": "\u0410\u0440\u0431", "name_ur": "\u0627\u0631\u0628\u060c \u0645\u0627\u0644\u0679\u0627", "name_fa": "\u06af\u0627\u0631\u0628", "name_zht": "\u963f\u723e\u535c", "FCLASS_ISO": null, "FCLASS_US": null, "FCLASS_FR": null, "FCLASS_RU": null, "FCLASS_ES": null, "FCLASS_CN": null, "FCLASS_TW": null, "FCLASS_IN": null, "FCLASS_NP": null, "FCLASS_PK": null, "FCLASS_DE": null, "FCLASS_GB": null, "FCLASS_BR": null, "FCLASS_IL": null, "FCLASS_PS": null, "FCLASS_SA": null, "FCLASS_EG": null, "FCLASS_MA": null, "FCLASS_PT": null, "FCLASS_AR": null, "FCLASS_JP": null, "FCLASS_KO": null, "FCLASS_VN": null, "FCLASS_TR": null, "FCLASS_ID": null, "FCLASS_PL": null, "FCLASS_GR": null, "FCLASS_IT": null, "FCLASS_NL": null, "FCLASS_SE": null, "FCLASS_BD": null, "FCLASS_UA": null, "FCLASS_TLC": null}, "bbox": [14.183604, 36.051431, 14.218884, 36.070238], "geometry": {"type": "Polygon", "coordinates": [[[14.183604, 36.064765], [14.195486, 36.068101], [14.212925, 36.070238], [14.212495, 36.06634], [14.216045, 36.06279], [14.218174, 36.058057], [14.218884, 36.051431], [14.211785, 36.051904], [14.208235, 36.053561], [14.206341, 36.05711], [14.202082, 36.05569], [14.191432, 36.059477], [14.183604, 36.064765]]]}}, {"type": "Feature", "properties": {"featurecla": "Admin-1 states provinces", "scalerank": 10, "adm1_code": "MLT-5982", "diss_me": 5982, "iso_3166_2": "MT-45", "wikipedia": null, "iso_a2": "MT", "adm0_sr": 8, "name": "Victoria", "name_alt": "Rabat|Ir-Rabat G\u0127awdex|Citt\u00e0 Victoria", "name_local": null, "type": null, "type_en": null, "code_local": null, "code_hasc": "MT.GO.RA", "note": null, "hasc_maybe": null, "region": "Gozo", "region_cod": null, "provnum_ne": 0, "gadm_level": 0, "check_me": 0, "datarank": 11, "abbrev": null, "postal": null, "area_sqkm": 0, "sameascity": -99, "labelrank": 20, "name_len": 8, "mapcolor9": 1, "mapcolor13": 8, "fips": null, "fips_alt": null, "woe_id": 24551352, "woe_label": null, "woe_name": null, "latitude": 36.0407, "longitude": 14.2444, "sov_a3": "MLT", "adm0_a3": "MLT", "adm0_label": 5, "admin": "Malta", "geonunit": "Malta", "gu_a3": "MLT", "gn_id": 8299745, "gn_name": "Ir-Rabat", "gns_id": 11535788, "gns_name": "Ir-Rabat", "gn_level": 1, "gn_region": null, "gn_a1_code": "MT.46", "region_sub": "Gozo and Comino", "sub_code": null, "gns_level": 1, "gns_lang": "mlt", "gns_adm1": "MT46", "gns_region": null, "min_label": 11, "max_label": 11, "min_zoom": 11, "wikidataid": "Q752348", "name_ar": "\u0627\u0644\u0631\u0628\u0627\u0637", "name_bn": "\u09ad\u09bf\u0995\u09cd\u099f\u09cb\u09b0\u09bf\u09af\u09bc\u09be", "name_de": "Victoria", "name_en": "Victoria", "name_es": "Victoria", "name_fr": "Rabat", "name_el": "\u0392\u03b9\u03ba\u03c4\u03ce\u03c1\u03b9\u03b1", "name_hi": "\u0935\u093f\u0915\u094d\u091f\u094b\u0930\u093f\u092f\u093e", "name_hu": "Rabat", "name_id": "Victoria", "name_it": "Rabat", "name_ja": "\u30e9\u30d0\u30c3\u30c8", "name_ko": "\ube45\ud1a0\ub9ac\uc544", "name_nl": "Victoria", "name_pl": "Victoria", "name_pt": "Victoria", "name_ru": "\u0412\u0438\u043a\u0442\u043e\u0440\u0438\u044f", "name_sv": "Victoria", "name_tr": "Victoria", "name_vi": "Victoria", "name_zh": "\u7ef4\u591a\u5229\u4e9a", "ne_id": 1159317967, "name_he": "\u05d5\u05d9\u05e7\u05d8\u05d5\u05e8\u05d9\u05d4", "name_uk": "\u0412\u0456\u043a\u0442\u043e\u0440\u0456\u044f", "name_ur": "\u0648\u06a9\u0679\u0648\u0631\u06cc\u06c1\u060c \u06af\u0648\u0632\u0648", "name_fa": "\u0648\u06cc\u06a9\u062a\u0648\u0631\u06cc\u0627\u060c \u0645\u0627\u0644\u062a", "name_zht": "\u7dad\u591a\u5229\u4e9e", "FCLASS_ISO": null, "FCLASS_US": null, "FCLASS_FR": null, "FCLASS_RU": null, "FCLASS_ES": null, "FCLASS_CN": null, "FCLASS_TW": null, "FCLASS_IN": null, "FCLASS_NP": null, "FCLASS_PK": null, "FCLASS_DE": null, "FCLASS_GB": null, "FCLASS_BR": null, "FCLASS_IL": null, "FCLASS_PS": null, "FCLASS_SA": null, "FCLASS_EG": null, "FCLASS_MA": null, "FCLASS_PT": null, "FCLASS_AR": null, "FCLASS_JP": null, "FCLASS_KO": null, "FCLASS_VN": null, "FCLASS_TR": null, "FCLASS_ID": null, "FCLASS_PL": null, "FCLASS_GR": null, "FCLASS_IT": null, "FCLASS_NL": null, "FCLASS_SE": null, "FCLASS_BD": null, "FCLASS_UA": null, "FCLASS_TLC": null}, "bbox": [14.228588, 36.030604, 14.255567, 36.049537], "geometry": {"type": "Polygon", "coordinates": [[[14.235687, 36.037941], [14.235451, 36.039834], [14.232847, 36.041017], [14.231427, 36.044567], [14.228588, 36.047644], [14.230007, 36.049064], [14.234504, 36.049537], [14.239474, 36.049301], [14.245154, 36.045751], [14.250597, 36.045751], [14.253437, 36.042437], [14.255567, 36.040071], [14.255093, 36.037468], [14.254147, 36.032498], [14.250597, 36.032261], [14.247284, 36.032498], [14.24468, 36.030604], [14.244444, 36.033918], [14.240894, 36.035574], [14.239001, 36.037941], [14.235687, 36.037941]]]}}, {"type": "Feature", "properties": {"featurecla": "Admin-1 states provinces", "scalerank": 10, "adm1_code": "MLT-5983", "diss_me": 5983, "iso_3166_2": "MT-10", "wikipedia": null, "iso_a2": "MT", "adm0_sr": 8, "name": "Fontana, Gozo", "name_alt": null, "name_local": null, "type": null, "type_en": null, "code_local": null, "code_hasc": "MT.GO.FO", "note": null, "hasc_maybe": null, "region": "Gozo", "region_cod": null, "provnum_ne": 0, "gadm_level": 0, "check_me": 0, "datarank": 11, "abbrev": null, "postal": null, "area_sqkm": 0, "sameascity": -99, "labelrank": 20, "name_len": 13, "mapcolor9": 1, "mapcolor13": 8, "fips": null, "fips_alt": null, "woe_id": 24551362, "woe_label": null, "woe_name": null, "latitude": 36.0332, "longitude": 14.2398, "sov_a3": "MLT", "adm0_a3": "MLT", "adm0_label": 5, "admin": "Malta", "geonunit": "Malta", "gu_a3": "MLT", "gn_id": 8299709, "gn_name": "Il-Fontana", "gns_id": 11534050, "gns_name": "Il-Fontana", "gn_level": 1, "gn_region": null, "gn_a1_code": "MT.10", "region_sub": "Gozo and Comino", "sub_code": null, "gns_level": 1, "gns_lang": "mlt", "gns_adm1": "MT10", "gns_region": null, "min_label": 11, "max_label": 11, "min_zoom": 11, "wikidataid": "Q1002742", "name_ar": "\u0641\u0648\u0646\u062a\u0627\u0646\u0627", "name_bn": "\u09ab\u09a8\u09cd\u099f\u09be\u09a8\u09be", "name_de": "Fontana", "name_en": "Fontana", "name_es": "Fontana", "name_fr": "Fontana", "name_el": "\u03a6\u03bf\u03bd\u03c4\u03ac\u03bd\u03b1", "name_hi": "\u092b\u094b\u0902\u091f\u093e\u0928\u093e", "name_hu": "Fontana", "name_id": "Fontana", "name_it": "Fontana", "name_ja": "\u30d5\u30a9\u30f3\u30bf\u30fc\u30ca", "name_ko": "\ud3f0\ud0c0\ub098", "name_nl": "Fontana", "name_pl": "Fontana", "name_pt": "Fontana", "name_ru": "\u0424\u043e\u043d\u0442\u0430\u043d\u0430", "name_sv": "Il-Fontana", "name_tr": "Fontana", "name_vi": "Fontana", "name_zh": "\u4e30\u5854\u7eb3", "ne_id": 1159317969, "name_he": "\u05e4\u05d5\u05e0\u05d8\u05e0\u05d4, \u05d2\u05d5\u05d6\u05d5", "name_uk": "\u0424\u043e\u043d\u0442\u0430\u043d\u0430", "name_ur": "\u0641\u0648\u0646\u062a\u0627\u0646\u0627\u060c \u06af\u0648\u0632\u0648", "name_fa": "\u0641\u0648\u0646\u062a\u0627\u0646\u0627", "name_zht": "\u4e30\u5854\u7eb3", "FCLASS_ISO": null, "FCLASS_US": null, "FCLASS_FR": null, "FCLASS_RU": null, "FCLASS_ES": null, "FCLASS_CN": null, "FCLASS_TW": null, "FCLASS_IN": null, "FCLASS_NP": null, "FCLASS_PK": null, "FCLASS_DE": null, "FCLASS_GB": null, "FCLASS_BR": null, "FCLASS_IL": null, "FCLASS_PS": null, "FCLASS_SA": null, "FCLASS_EG": null, "FCLASS_MA": null, "FCLASS_PT": null, "FCLASS_AR": null, "FCLASS_JP": null, "FCLASS_KO": null, "FCLASS_VN": null, "FCLASS_TR": null, "FCLASS_ID": null, "FCLASS_PL": null, "FCLASS_GR": null, "FCLASS_IT": null, "FCLASS_NL": null, "FCLASS_SE": null, "FCLASS_BD": null, "FCLASS_UA": null, "FCLASS_TLC": null}, "bbox": [14.235451, 36.028474, 14.24468, 36.037941], "geometry": {"type": "Polygon", "coordinates": [[[14.235451, 36.031788], [14.235687, 36.037941], [14.239001, 36.037941], [14.240894, 36.035574], [14.244444, 36.033918], [14.24468, 36.030604], [14.241131, 36.028474], [14.237344, 36.029421], [14.235451, 36.031788]]]}}, {"type": "Feature", "properties": {"featurecla": "Admin-1 states provinces", "scalerank": 10, "adm1_code": "MLT-5986", "diss_me": 5986, "iso_3166_2": "MT-62", "wikipedia": null, "iso_a2": "MT", "adm0_sr": 8, "name": "Xewkija", "name_alt": null, "name_local": null, "type": null, "type_en": null, "code_local": null, "code_hasc": "MT.GO.XE", "note": null, "hasc_maybe": null, "region": "Gozo", "region_cod": null, "provnum_ne": 0, "gadm_level": 0, "check_me": 0, "datarank": 11, "abbrev": null, "postal": null, "area_sqkm": 0, "sameascity": -99, "labelrank": 20, "name_len": 7, "mapcolor9": 1, "mapcolor13": 8, "fips": null, "fips_alt": null, "woe_id": 24551360, "woe_label": null, "woe_name": null, "latitude": 36.03, "longitude": 14.2656, "sov_a3": "MLT", "adm0_a3": "MLT", "adm0_label": 5, "admin": "Malta", "geonunit": "Malta", "gu_a3": "MLT", "gn_id": 8299760, "gn_name": "Ix-Xewkija", "gns_id": 11536390, "gns_name": "Ix-Xewkija", "gn_level": 1, "gn_region": null, "gn_a1_code": "MT.62", "region_sub": "Gozo and Comino", "sub_code": null, "gns_level": 1, "gns_lang": "mlt", "gns_adm1": "MT62", "gns_region": null, "min_label": 11, "max_label": 11, "min_zoom": 11, "wikidataid": "Q919921", "name_ar": "\u0634\u0648\u0643\u064a\u0629", "name_bn": "\u099c\u09bf\u0989\u0995\u09bf\u099c\u09be", "name_de": "Xewkija", "name_en": "Xewkija", "name_es": "Xewkija", "name_fr": "Xewkija", "name_el": "\u039e\u03b5\u03bf\u03c5\u03ba\u03af\u03c4\u03b6\u03b1", "name_hi": "\u091d\u094d\u092f\u0941\u0915\u093f\u092f\u093e", "name_hu": "Xewkija", "name_id": "Xewkija", "name_it": "Xeuchia", "name_ja": "\u30b7\u30a7\u30a6\u30ad\u30fc\u30e4", "name_ko": "\uc170\uc6b0\ud0a4\uc57c", "name_nl": "Xewkija", "name_pl": "Xewkija", "name_pt": "Xewkija", "name_ru": "\u0428\u0435\u0432\u043a\u0438\u044f", "name_sv": "Ix-Xewkija", "name_tr": "Xekija", "name_vi": "Xewkija", "name_zh": "\u7ecd\u57fa\u4e9a", "ne_id": 1159317975, "name_he": "\u05e9\u05d5\u05d5\u05e7\u05d9\u05d9\u05d4", "name_uk": "\u0428\u0435\u0432\u043a\u0456\u044f", "name_ur": "\u0634\u06cc\u0648\u06a9\u06cc\u0627", "name_fa": "\u0632\u0648\u06a9\u06cc\u062c\u0627", "name_zht": "\u7d39\u57fa\u4e9e", "FCLASS_ISO": null, "FCLASS_US": null, "FCLASS_FR": null, "FCLASS_RU": null, "FCLASS_ES": null, "FCLASS_CN": null, "FCLASS_TW": null, "FCLASS_IN": null, "FCLASS_NP": null, "FCLASS_PK": null, "FCLASS_DE": null, "FCLASS_GB": null, "FCLASS_BR": null, "FCLASS_IL": null, "FCLASS_PS": null, "FCLASS_SA": null, "FCLASS_EG": null, "FCLASS_MA": null, "FCLASS_PT": null, "FCLASS_AR": null, "FCLASS_JP": null, "FCLASS_KO": null, "FCLASS_VN": null, "FCLASS_TR": null, "FCLASS_ID": null, "FCLASS_PL": null, "FCLASS_GR": null, "FCLASS_IT": null, "FCLASS_NL": null, "FCLASS_SE": null, "FCLASS_BD": null, "FCLASS_UA": null, "FCLASS_TLC": null}, "bbox": [14.240421, 36.019008, 14.280653, 36.038178], "geometry": {"type": "Polygon", "coordinates": [[[14.240421, 36.026581], [14.241131, 36.028474], [14.24468, 36.030604], [14.247284, 36.032498], [14.250597, 36.032261], [14.254147, 36.032498], [14.255093, 36.037468], [14.261247, 36.036521], [14.266927, 36.037468], [14.271423, 36.038178], [14.27521, 36.036758], [14.280653, 36.033444], [14.27876, 36.030131], [14.27663, 36.028238], [14.276156, 36.023741], [14.272133, 36.020428], [14.27166, 36.019245], [14.268583, 36.019008], [14.264087, 36.021138], [14.259353, 36.022321], [14.25604, 36.024925], [14.251544, 36.025871], [14.24397, 36.025871], [14.240421, 36.026581]]]}}, {"type": "Feature", "properties": {"featurecla": "Admin-1 states provinces", "scalerank": 10, "adm1_code": "MLT-5927", "diss_me": 5927, "iso_3166_2": "MT-32", "wikipedia": null, "iso_a2": "MT", "adm0_sr": 3, "name": "Mosta", "name_alt": null, "name_local": null, "type": null, "type_en": null, "code_local": null, "code_hasc": "MT.NO.MO", "note": null, "hasc_maybe": null, "region": "Malta Majjistral", "region_cod": null, "provnum_ne": 0, "gadm_level": 0, "check_me": 0, "datarank": 10, "abbrev": null, "postal": null, "area_sqkm": 0, "sameascity": -99, "labelrank": 20, "name_len": 5, "mapcolor9": 1, "mapcolor13": 8, "fips": null, "fips_alt": null, "woe_id": 24551367, "woe_label": null, "woe_name": "Malta", "latitude": 35.9076, "longitude": 14.4209, "sov_a3": "MLT", "adm0_a3": "MLT", "adm0_label": 5, "admin": "Malta", "geonunit": "Malta", "gu_a3": "MLT", "gn_id": 8299734, "gn_name": "Il-Mosta", "gns_id": 11534644, "gns_name": "Il-Mosta", "gn_level": 1, "gn_region": null, "gn_a1_code": "MT.35", "region_sub": "Northern", "sub_code": null, "gns_level": 1, "gns_lang": "mlt", "gns_adm1": "MT35", "gns_region": null, "min_label": 11, "max_label": 11, "min_zoom": 11, "wikidataid": "Q39520", "name_ar": "\u0645\u0648\u0633\u062a\u0627", "name_bn": "\u09ae\u09cb\u09b8\u09cd\u09a4\u09be", "name_de": "Mosta", "name_en": "Mosta", "name_es": "Mosta", "name_fr": "Mosta", "name_el": "\u039c\u03cc\u03c3\u03c4\u03b1", "name_hi": "\u092e\u094b\u0938\u094d\u091f\u093e", "name_hu": "Mosta", "name_id": "Mosta", "name_it": "Musta", "name_ja": "\u30e2\u30b9\u30bf", "name_ko": "\ubaa8\uc2a4\ud0c0", "name_nl": "Mosta", "name_pl": "Mosta", "name_pt": "Mosta", "name_ru": "\u041c\u043e\u0441\u0442\u0430", "name_sv": "Mosta", "name_tr": "Mosta", "name_vi": "Mosta", "name_zh": "\u83ab\u65af\u5854", "ne_id": 1159317993, "name_he": "\u05de\u05d5\u05e1\u05d8\u05d4", "name_uk": "\u041c\u043e\u0441\u0442\u0430", "name_ur": "\u0645\u0648\u0633\u062a\u0627", "name_fa": "\u0645\u0648\u0633\u062a\u0627", "name_zht": "\u83ab\u65af\u5854", "FCLASS_ISO": null, "FCLASS_US": null, "FCLASS_FR": null, "FCLASS_RU": null, "FCLASS_ES": null, "FCLASS_CN": null, "FCLASS_TW": null, "FCLASS_IN": null, "FCLASS_NP": null, "FCLASS_PK": null, "FCLASS_DE": null, "FCLASS_GB": null, "FCLASS_BR": null, "FCLASS_IL": null, "FCLASS_PS": null, "FCLASS_SA": null, "FCLASS_EG": null, "FCLASS_MA": null, "FCLASS_PT": null, "FCLASS_AR": null, "FCLASS_JP": null, "FCLASS_KO": null, "FCLASS_VN": null, "FCLASS_TR": null, "FCLASS_ID": null, "FCLASS_PL": null, "FCLASS_GR": null, "FCLASS_IT": null, "FCLASS_NL": null, "FCLASS_SE": null, "FCLASS_BD": null, "FCLASS_UA": null, "FCLASS_TLC": null}, "bbox": [14.394457, 35.895173, 14.435285, 35.925646], "geometry": {"type": "Polygon", "coordinates": [[[14.40422, 35.905232], [14.403333, 35.90819], [14.405699, 35.909966], [14.409546, 35.911741], [14.411617, 35.91322], [14.410729, 35.915291], [14.407179, 35.916474], [14.403628, 35.91825], [14.402445, 35.921208], [14.399486, 35.922096], [14.39564, 35.9218], [14.394457, 35.922983], [14.396528, 35.924463], [14.404516, 35.925646], [14.409841, 35.924758], [14.413688, 35.922392], [14.41635, 35.920616], [14.417534, 35.917362], [14.420196, 35.915587], [14.422859, 35.917362], [14.425818, 35.920321], [14.42996, 35.919729], [14.432031, 35.917066], [14.432918, 35.914403], [14.43351, 35.911445], [14.433806, 35.908486], [14.434989, 35.905824], [14.433214, 35.904048], [14.433214, 35.900794], [14.435285, 35.895173], [14.431735, 35.895469], [14.428184, 35.89754], [14.422563, 35.899611], [14.41635, 35.899019], [14.413096, 35.89754], [14.409841, 35.900202], [14.407179, 35.902273], [14.40422, 35.905232]]]}}, {"type": "Feature", "properties": {"featurecla": "Admin-1 states provinces", "scalerank": 10, "adm1_code": "MLT-5929", "diss_me": 5929, "iso_3166_2": "MT-24", "wikipedia": null, "iso_a2": "MT", "adm0_sr": 3, "name": "Lija", "name_alt": null, "name_local": null, "type": null, "type_en": null, "code_local": null, "code_hasc": "MT.CE.LI", "note": null, "hasc_maybe": null, "region": "Malta Majjistral", "region_cod": null, "provnum_ne": 0, "gadm_level": 0, "check_me": 0, "datarank": 10, "abbrev": null, "postal": null, "area_sqkm": 0, "sameascity": -99, "labelrank": 20, "name_len": 4, "mapcolor9": 1, "mapcolor13": 8, "fips": null, "fips_alt": null, "woe_id": 24551371, "woe_label": null, "woe_name": "Malta", "latitude": 35.8992, "longitude": 14.4412, "sov_a3": "MLT", "adm0_a3": "MLT", "adm0_label": 5, "admin": "Malta", "geonunit": "Malta", "gu_a3": "MLT", "gn_id": 8299728, "gn_name": "Lija", "gns_id": 11534638, "gns_name": "Hal Lija", "gn_level": 1, "gn_region": null, "gn_a1_code": "MT.29", "region_sub": "Western", "sub_code": null, "gns_level": 1, "gns_lang": "mlt", "gns_adm1": "MT29", "gns_region": null, "min_label": 11, "max_label": 11, "min_zoom": 11, "wikidataid": "Q782049", "name_ar": "\u0644\u064a\u0627", "name_bn": "\u09b2\u09bf\u099c\u09be", "name_de": "Lija", "name_en": "Lija", "name_es": "Lija", "name_fr": "Lija", "name_el": "\u039b\u03af\u03c4\u03b6\u03b1", "name_hi": "\u0932\u0940\u092f\u093e", "name_hu": "Lija", "name_id": "Lija", "name_it": "Lia", "name_ja": "\u30ea\u30fc\u30e4", "name_ko": "\ub9ac\uc57c", "name_nl": "Lija", "name_pl": "Lija", "name_pt": "Lija", "name_ru": "\u041b\u0438\u044f", "name_sv": "Lija", "name_tr": "Lija", "name_vi": "Lija", "name_zh": "\u5229\u4e9a", "ne_id": 1159317997, "name_he": "\u05dc\u05d9\u05d0\u05d4", "name_uk": "\u041b\u0456\u044f", "name_ur": "\u0644\u06cc\u06cc\u0627", "name_fa": "\u0628\u062e\u0634 \u0644\u06cc\u062e\u0627", "name_zht": "\u5229\u4e9a", "FCLASS_ISO": null, "FCLASS_US": null, "FCLASS_FR": null, "FCLASS_RU": null, "FCLASS_ES": null, "FCLASS_CN": null, "FCLASS_TW": null, "FCLASS_IN": null, "FCLASS_NP": null, "FCLASS_PK": null, "FCLASS_DE": null, "FCLASS_GB": null, "FCLASS_BR": null, "FCLASS_IL": null, "FCLASS_PS": null, "FCLASS_SA": null, "FCLASS_EG": null, "FCLASS_MA": null, "FCLASS_PT": null, "FCLASS_AR": null, "FCLASS_JP": null, "FCLASS_KO": null, "FCLASS_VN": null, "FCLASS_TR": null, "FCLASS_ID": null, "FCLASS_PL": null, "FCLASS_GR": null, "FCLASS_IT": null, "FCLASS_NL": null, "FCLASS_SE": null, "FCLASS_BD": null, "FCLASS_UA": null, "FCLASS_TLC": null}, "bbox": [14.433214, 35.894581, 14.448599, 35.905824], "geometry": {"type": "Polygon", "coordinates": [[[14.435285, 35.895173], [14.433214, 35.900794], [14.433214, 35.904048], [14.434989, 35.905824], [14.44061, 35.903457], [14.446528, 35.904344], [14.448599, 35.90109], [14.445936, 35.894877], [14.439723, 35.894581], [14.435285, 35.895173]]]}}, {"type": "Feature", "properties": {"featurecla": "Admin-1 states provinces", "scalerank": 10, "adm1_code": "MLT-5920", "diss_me": 5920, "iso_3166_2": "MT-01", "wikipedia": null, "iso_a2": "MT", "adm0_sr": 3, "name": "Attard", "name_alt": null, "name_local": null, "type": null, "type_en": null, "code_local": null, "code_hasc": "MT.CE.AT", "note": null, "hasc_maybe": null, "region": "Malta Majjistral", "region_cod": null, "provnum_ne": 0, "gadm_level": 0, "check_me": 0, "datarank": 10, "abbrev": null, "postal": null, "area_sqkm": 0, "sameascity": -99, "labelrank": 20, "name_len": 6, "mapcolor9": 1, "mapcolor13": 8, "fips": null, "fips_alt": null, "woe_id": 24551373, "woe_label": null, "woe_name": "Malta", "latitude": 35.8878, "longitude": 14.4318, "sov_a3": "MLT", "adm0_a3": "MLT", "adm0_label": 5, "admin": "Malta", "geonunit": "Malta", "gu_a3": "MLT", "gn_id": 8299700, "gn_name": "Attard", "gns_id": 11534002, "gns_name": "H'Attard", "gn_level": 1, "gn_region": null, "gn_a1_code": "MT.01", "region_sub": "Western", "sub_code": null, "gns_level": 1, "gns_lang": "mlt", "gns_adm1": "MT01", "gns_region": null, "min_label": 11, "max_label": 11, "min_zoom": 11, "wikidataid": "Q44557", "name_ar": "\u0639\u0637\u0627\u0631", "name_bn": "\u0986\u09a4\u09be\u09b0\u09cd\u09a1", "name_de": "Attard", "name_en": "Attard", "name_es": "Attard", "name_fr": "Attard", "name_el": "\u0391\u03c4\u03ac\u03c1\u03bd\u03c4", "name_hi": "\u0905\u091f\u093e\u0930\u094d\u0921", "name_hu": "Attard", "name_id": "Attard", "name_it": "Attard", "name_ja": "\u30a2\u30bf\u30fc\u30c9", "name_ko": "\uc544\ud0c0\ub974\ud2b8", "name_nl": "Attard", "name_pl": "Attard", "name_pt": "Attard", "name_ru": "\u0410\u0442\u0442\u0430\u0440\u0434", "name_sv": "Attard", "name_tr": "Attard", "name_vi": "Attard", "name_zh": "\u963f\u5854\u5c14\u5fb7", "ne_id": 1159315585, "name_he": "\u05d0\u05d8\u05d0\u05e8\u05d3", "name_uk": "\u0410\u0442\u0442\u0430\u0440\u0434", "name_ur": "\u0622\u062a\u0627\u0631", "name_fa": "\u0622\u062a\u0627\u0631\u062f", "name_zht": "\u963f\u5854\u723e\u5fb7", "FCLASS_ISO": null, "FCLASS_US": null, "FCLASS_FR": null, "FCLASS_RU": null, "FCLASS_ES": null, "FCLASS_CN": null, "FCLASS_TW": null, "FCLASS_IN": null, "FCLASS_NP": null, "FCLASS_PK": null, "FCLASS_DE": null, "FCLASS_GB": null, "FCLASS_BR": null, "FCLASS_IL": null, "FCLASS_PS": null, "FCLASS_SA": null, "FCLASS_EG": null, "FCLASS_MA": null, "FCLASS_PT": null, "FCLASS_AR": null, "FCLASS_JP": null, "FCLASS_KO": null, "FCLASS_VN": null, "FCLASS_TR": null, "FCLASS_ID": null, "FCLASS_PL": null, "FCLASS_GR": null, "FCLASS_IT": null, "FCLASS_NL": null, "FCLASS_SE": null, "FCLASS_BD": null, "FCLASS_UA": null, "FCLASS_TLC": null}, "bbox": [14.411025, 35.878605, 14.45777, 35.899611], "geometry": {"type": "Polygon", "coordinates": [[[14.422563, 35.899611], [14.428184, 35.89754], [14.431735, 35.895469], [14.435285, 35.895173], [14.439723, 35.894581], [14.445936, 35.894877], [14.448599, 35.891622], [14.452149, 35.889847], [14.45777, 35.88896], [14.456882, 35.885705], [14.454516, 35.883043], [14.443273, 35.882451], [14.43706, 35.882155], [14.433806, 35.879492], [14.428776, 35.878605], [14.423451, 35.879197], [14.418421, 35.88038], [14.4128, 35.879492], [14.411025, 35.884226], [14.411321, 35.887481], [14.411617, 35.891327], [14.412504, 35.893989], [14.413096, 35.89754], [14.41635, 35.899019], [14.422563, 35.899611]]]}}, {"type": "Feature", "properties": {"featurecla": "Admin-1 states provinces", "scalerank": 10, "adm1_code": "MLT-5922", "diss_me": 5922, "iso_3166_2": "MT-35", "wikipedia": null, "iso_a2": "MT", "adm0_sr": 3, "name": "Mtarfa", "name_alt": "Imtarfa", "name_local": null, "type": null, "type_en": null, "code_local": null, "code_hasc": "MT.NO.MT", "note": null, "hasc_maybe": null, "region": "Malta Majjistral", "region_cod": null, "provnum_ne": 0, "gadm_level": 0, "check_me": 0, "datarank": 10, "abbrev": null, "postal": null, "area_sqkm": 0, "sameascity": -99, "labelrank": 20, "name_len": 7, "mapcolor9": 1, "mapcolor13": 8, "fips": null, "fips_alt": null, "woe_id": 56043489, "woe_label": null, "woe_name": "Malta", "latitude": 35.8869, "longitude": 14.4049, "sov_a3": "MLT", "adm0_a3": "MLT", "adm0_label": 5, "admin": "Malta", "geonunit": "Malta", "gu_a3": "MLT", "gn_id": 8299723, "gn_name": "L-Imtarfa", "gns_id": 11534630, "gns_name": "L-Imtarfa", "gn_level": 1, "gn_region": null, "gn_a1_code": "MT.24", "region_sub": "Western", "sub_code": null, "gns_level": 1, "gns_lang": "mlt", "gns_adm1": "MT24", "gns_region": null, "min_label": 11, "max_label": 11, "min_zoom": 11, "wikidataid": "Q656837", "name_ar": "\u0627\u0644\u0645\u0637\u0631\u0641\u0629", "name_bn": "\u09ae\u09a4\u09be\u09b0\u09ab\u09be", "name_de": "Mtarfa", "name_en": "Mtarfa", "name_es": "Mtarfa", "name_fr": "Mtarfa", "name_el": "\u0399\u03bc\u03c4\u03ac\u03c1\u03c6\u03b1", "name_hi": "\u0924\u093e\u0930\u092b\u093c\u093e", "name_hu": "Mtarfa", "name_id": "Mtarfa", "name_it": "Mtarfa", "name_ja": "\u30a4\u30e0\u30bf\u30eb\u30d5\u30a1", "name_ko": "\ubbc0\ud0c0\ub974\ud30c", "name_nl": "Mtarfa", "name_pl": "Mtarfa", "name_pt": "Mtarfa", "name_ru": "\u041c\u0442\u0430\u0440\u0444\u0430", "name_sv": "L-Imtarfa", "name_tr": "Mtarfa", "name_vi": "Mtarfa", "name_zh": "\u739b\u5854\u6cd5", "ne_id": 1159317983, "name_he": "\u05de\u05d8\u05d5\u05e8\u05d5\u05d5\u05d9", "name_uk": "\u041c\u0442\u0430\u0440\u0444\u0430", "name_ur": "\u0645\u062a\u0627\u0631\u0641\u0627", "name_fa": "\u0645\u0639\u0645\u0631\u0641\u0627", "name_zht": "\u739b\u5854\u6cd5", "FCLASS_ISO": null, "FCLASS_US": null, "FCLASS_FR": null, "FCLASS_RU": null, "FCLASS_ES": null, "FCLASS_CN": null, "FCLASS_TW": null, "FCLASS_IN": null, "FCLASS_NP": null, "FCLASS_PK": null, "FCLASS_DE": null, "FCLASS_GB": null, "FCLASS_BR": null, "FCLASS_IL": null, "FCLASS_PS": null, "FCLASS_SA": null, "FCLASS_EG": null, "FCLASS_MA": null, "FCLASS_PT": null, "FCLASS_AR": null, "FCLASS_JP": null, "FCLASS_KO": null, "FCLASS_VN": null, "FCLASS_TR": null, "FCLASS_ID": null, "FCLASS_PL": null, "FCLASS_GR": null, "FCLASS_IT": null, "FCLASS_NL": null, "FCLASS_SE": null, "FCLASS_BD": null, "FCLASS_UA": null, "FCLASS_TLC": null}, "bbox": [14.39564, 35.881563, 14.411617, 35.891327], "geometry": {"type": "Polygon", "coordinates": [[[14.402445, 35.881563], [14.396232, 35.883339], [14.39564, 35.887481], [14.398599, 35.890143], [14.403628, 35.890439], [14.408066, 35.890439], [14.411617, 35.891327], [14.411321, 35.887481], [14.411025, 35.884226], [14.407475, 35.884226], [14.403924, 35.883339], [14.402445, 35.881563]]]}}, {"type": "Feature", "properties": {"featurecla": "Admin-1 states provinces", "scalerank": 10, "adm1_code": "MLT-5921", "diss_me": 5921, "iso_3166_2": "MT-29", "wikipedia": null, "iso_a2": "MT", "adm0_sr": 3, "name": "Mdina", "name_alt": null, "name_local": null, "type": null, "type_en": null, "code_local": null, "code_hasc": "MT.NO.MD", "note": null, "hasc_maybe": null, "region": "Malta Majjistral", "region_cod": null, "provnum_ne": 0, "gadm_level": 0, "check_me": 0, "datarank": 10, "abbrev": null, "postal": null, "area_sqkm": 0, "sameascity": -99, "labelrank": 20, "name_len": 5, "mapcolor9": 1, "mapcolor13": 8, "fips": null, "fips_alt": null, "woe_id": 24551374, "woe_label": null, "woe_name": "Malta", "latitude": 35.8818, "longitude": 14.4085, "sov_a3": "MLT", "adm0_a3": "MLT", "adm0_label": 5, "admin": "Malta", "geonunit": "Malta", "gu_a3": "MLT", "gn_id": 8299719, "gn_name": "L-Imdina", "gns_id": 11534623, "gns_name": "L-Imdina", "gn_level": 1, "gn_region": null, "gn_a1_code": "MT.20", "region_sub": "Western", "sub_code": null, "gns_level": 1, "gns_lang": "mlt", "gns_adm1": "MT20", "gns_region": null, "min_label": 11, "max_label": 11, "min_zoom": 11, "wikidataid": "Q207277", "name_ar": "\u0645\u062f\u064a\u0646\u0629", "name_bn": "\u09ae\u09a6\u09bf\u09a8\u09be", "name_de": "Mdina", "name_en": "Mdina", "name_es": "Mdina", "name_fr": "Mdina", "name_el": "\u039c\u03bd\u03c4\u03af\u03bd\u03b1", "name_hi": "\u090f\u092e\u0921\u0940\u0928\u093e", "name_hu": "Mdina", "name_id": "Mdina", "name_it": "Mdina", "name_ja": "\u30a4\u30e0\u30c7\u30a3\u30fc\u30ca", "name_ko": "\ubbc0\ub514\ub098", "name_nl": "Mdina", "name_pl": "Mdina", "name_pt": "Mdina", "name_ru": "\u041c\u0434\u0438\u043d\u0430", "name_sv": "Mdina", "name_tr": "Mdina", "name_vi": "Mdina", "name_zh": "\u59c6\u8fea\u7eb3", "ne_id": 1159317979, "name_he": "\u05de\u05d3\u05d9\u05e0\u05d4", "name_uk": "\u041c\u0434\u0456\u043d\u0430", "name_ur": "\u0645\u062f\u06cc\u0646\u06c1\u060c \u0645\u0627\u0644\u0679\u0627", "name_fa": "\u0628\u062e\u0634 \u0645\u062f\u06cc\u0646\u0627", "name_zht": "\u59c6\u8fea\u7d0d", "FCLASS_ISO": null, "FCLASS_US": null, "FCLASS_FR": null, "FCLASS_RU": null, "FCLASS_ES": null, "FCLASS_CN": null, "FCLASS_TW": null, "FCLASS_IN": null, "FCLASS_NP": null, "FCLASS_PK": null, "FCLASS_DE": null, "FCLASS_GB": null, "FCLASS_BR": null, "FCLASS_IL": null, "FCLASS_PS": null, "FCLASS_SA": null, "FCLASS_EG": null, "FCLASS_MA": null, "FCLASS_PT": null, "FCLASS_AR": null, "FCLASS_JP": null, "FCLASS_KO": null, "FCLASS_VN": null, "FCLASS_TR": null, "FCLASS_ID": null, "FCLASS_PL": null, "FCLASS_GR": null, "FCLASS_IT": null, "FCLASS_NL": null, "FCLASS_SE": null, "FCLASS_BD": null, "FCLASS_UA": null, "FCLASS_TLC": null}, "bbox": [14.402445, 35.879492, 14.4128, 35.884226], "geometry": {"type": "Polygon", "coordinates": [[[14.402445, 35.881563], [14.403924, 35.883339], [14.407475, 35.884226], [14.411025, 35.884226], [14.4128, 35.879492], [14.409841, 35.879788], [14.404812, 35.879788], [14.402445, 35.881563]]]}}, {"type": "Feature", "properties": {"featurecla": "Admin-1 states provinces", "scalerank": 10, "adm1_code": "MLT-5946", "diss_me": 5946, "iso_3166_2": "MT-66", "wikipedia": null, "iso_a2": "MT", "adm0_sr": 3, "name": "\u017bebbu\u0121", "name_alt": null, "name_local": null, "type": null, "type_en": null, "code_local": null, "code_hasc": "MT.SO.ZB", "note": null, "hasc_maybe": null, "region": "Malta Majjistral", "region_cod": null, "provnum_ne": 0, "gadm_level": 0, "check_me": 0, "datarank": 10, "abbrev": null, "postal": null, "area_sqkm": 0, "sameascity": -99, "labelrank": 20, "name_len": 6, "mapcolor9": 1, "mapcolor13": 8, "fips": null, "fips_alt": null, "woe_id": 24551370, "woe_label": null, "woe_name": "Malta", "latitude": 35.8713, "longitude": 14.4365, "sov_a3": "MLT", "adm0_a3": "MLT", "adm0_label": 5, "admin": "Malta", "geonunit": "Malta", "gu_a3": "MLT", "gn_id": 8299763, "gn_name": "Haz-Zebbug", "gns_id": 11536396, "gns_name": "Haz-Zebbug", "gn_level": 1, "gn_region": null, "gn_a1_code": "MT.65", "region_sub": "Western", "sub_code": null, "gns_level": 1, "gns_lang": "mlt", "gns_adm1": "MT65", "gns_region": null, "min_label": 11, "max_label": 11, "min_zoom": 11, "wikidataid": "Q179243", "name_ar": "\u0632\u064a\u0628\u0627\u062c", "name_bn": "\u0987\u09ac\u09cd\u09ac\u09c1", "name_de": "\u017bebbu\u0121", "name_en": "\u017bebbu\u0121 Gozo", "name_es": "\u017bebbu\u0121", "name_fr": "\u017bebbu\u0121", "name_el": "\u0396\u03b5\u03bc\u03c0\u03bf\u03cd\u03b3\u03ba", "name_hi": "\u091c\u0947\u092c\u0917", "name_hu": "\u017bebbu\u0121", "name_id": "\u017bebbu\u0121", "name_it": "\u017bebbu\u0121", "name_ja": "\u30bc\u30d6\u30fc\u30b8", "name_ko": "\uc81c\ubd80\uce58", "name_nl": "\u017bebbu\u0121", "name_pl": "\u017bebbu\u0121", "name_pt": "\u017bebbu\u0121", "name_ru": "\u0417\u0435\u0431\u0431\u0443\u0434\u0436", "name_sv": "I\u017c-\u017bebbu\u0121", "name_tr": "\u017bebbu\u0121", "name_vi": "\u017bebbu\u0121", "name_zh": "\u6cfd\u5e03\u7ee7", "ne_id": 1159318037, "name_he": "\u05d2'\u05d1\u05d5", "name_uk": "\u0417\u0435\u0431\u0431\u0430\u0433", "name_ur": "\u0632\u06cc\u0628\u0648\u062c\u060c \u06af\u0648\u0632\u0648", "name_fa": "\u0632\u0628\u0648\u06af", "name_zht": "\u6fa4\u5e03\u7e7c", "FCLASS_ISO": null, "FCLASS_US": null, "FCLASS_FR": null, "FCLASS_RU": null, "FCLASS_ES": null, "FCLASS_CN": null, "FCLASS_TW": null, "FCLASS_IN": null, "FCLASS_NP": null, "FCLASS_PK": null, "FCLASS_DE": null, "FCLASS_GB": null, "FCLASS_BR": null, "FCLASS_IL": null, "FCLASS_PS": null, "FCLASS_SA": null, "FCLASS_EG": null, "FCLASS_MA": null, "FCLASS_PT": null, "FCLASS_AR": null, "FCLASS_JP": null, "FCLASS_KO": null, "FCLASS_VN": null, "FCLASS_TR": null, "FCLASS_ID": null, "FCLASS_PL": null, "FCLASS_GR": null, "FCLASS_IT": null, "FCLASS_NL": null, "FCLASS_SE": null, "FCLASS_BD": null, "FCLASS_UA": null, "FCLASS_TLC": null}, "bbox": [14.412504, 35.857895, 14.463391, 35.883043], "geometry": {"type": "Polygon", "coordinates": [[[14.41635, 35.863812], [14.414279, 35.874167], [14.412504, 35.87535], [14.4128, 35.879492], [14.418421, 35.88038], [14.423451, 35.879197], [14.428776, 35.878605], [14.433806, 35.879492], [14.43706, 35.882155], [14.443273, 35.882451], [14.454516, 35.883043], [14.453332, 35.88038], [14.451557, 35.878013], [14.452445, 35.873871], [14.454811, 35.8718], [14.459841, 35.871208], [14.4628, 35.869137], [14.4628, 35.865883], [14.463391, 35.862629], [14.460729, 35.861445], [14.458953, 35.862333], [14.455699, 35.8647], [14.451557, 35.865291], [14.44564, 35.864404], [14.444161, 35.862037], [14.441202, 35.85967], [14.434989, 35.857895], [14.428776, 35.860262], [14.422859, 35.862333], [14.4199, 35.864108], [14.41635, 35.863812]]]}}, {"type": "Feature", "properties": {"featurecla": "Admin-1 states provinces", "scalerank": 10, "adm1_code": "MLT-5945", "diss_me": 5945, "iso_3166_2": "MT-43", "wikipedia": null, "iso_a2": "MT", "adm0_sr": 3, "name": "Qormi", "name_alt": null, "name_local": null, "type": null, "type_en": null, "code_local": null, "code_hasc": "MT.SO.QO", "note": null, "hasc_maybe": null, "region": "Malta Majjistral", "region_cod": null, "provnum_ne": 0, "gadm_level": 0, "check_me": 0, "datarank": 10, "abbrev": null, "postal": null, "area_sqkm": 0, "sameascity": -99, "labelrank": 20, "name_len": 5, "mapcolor9": 1, "mapcolor13": 8, "fips": null, "fips_alt": null, "woe_id": 24551406, "woe_label": null, "woe_name": "Malta", "latitude": 35.8753, "longitude": 14.4684, "sov_a3": "MLT", "adm0_a3": "MLT", "adm0_label": 5, "admin": "Malta", "geonunit": "Malta", "gu_a3": "MLT", "gn_id": 8299742, "gn_name": "Qormi", "gns_id": 11535785, "gns_name": "Hal Qormi", "gn_level": 1, "gn_region": null, "gn_a1_code": "MT.43", "region_sub": "Northern Harbour", "sub_code": null, "gns_level": 1, "gns_lang": "mlt", "gns_adm1": "MT43", "gns_region": null, "min_label": 11, "max_label": 11, "min_zoom": 11, "wikidataid": "Q39578", "name_ar": "\u0643\u0648\u0631\u0645\u064a", "name_bn": "\u0995\u09b0\u09cd\u09ae\u09c0", "name_de": "Qormi", "name_en": "Qormi", "name_es": "Qormi", "name_fr": "Qormi", "name_el": "\u039a\u03cc\u03c1\u03bc\u03b9", "name_hi": "\u0915\u094b\u0930\u092e\u0940", "name_hu": "Qormi", "name_id": "Qormi", "name_it": "Qormi", "name_ja": "\u30aa\u30eb\u30df", "name_ko": "\uc624\ub974\ubbf8", "name_nl": "Qormi", "name_pl": "Qormi", "name_pt": "Qormi", "name_ru": "\u041a\u043e\u0440\u043c\u0438", "name_sv": "Qormi", "name_tr": "Qormi", "name_vi": "Qormi", "name_zh": "\u6208\u5c14\u7c73", "ne_id": 1159318033, "name_he": "\u05e7\u05d5\u05e8\u05de\u05d9", "name_uk": "\u041a\u043e\u0440\u043c\u0456", "name_ur": "\u0622\u0648\u0631\u0645\u06cc", "name_fa": "\u06a9\u0648\u0631\u0645\u06cc", "name_zht": "\u6208\u723e\u7c73", "FCLASS_ISO": null, "FCLASS_US": null, "FCLASS_FR": null, "FCLASS_RU": null, "FCLASS_ES": null, "FCLASS_CN": null, "FCLASS_TW": null, "FCLASS_IN": null, "FCLASS_NP": null, "FCLASS_PK": null, "FCLASS_DE": null, "FCLASS_GB": null, "FCLASS_BR": null, "FCLASS_IL": null, "FCLASS_PS": null, "FCLASS_SA": null, "FCLASS_EG": null, "FCLASS_MA": null, "FCLASS_PT": null, "FCLASS_AR": null, "FCLASS_JP": null, "FCLASS_KO": null, "FCLASS_VN": null, "FCLASS_TR": null, "FCLASS_ID": null, "FCLASS_PL": null, "FCLASS_GR": null, "FCLASS_IT": null, "FCLASS_NL": null, "FCLASS_SE": null, "FCLASS_BD": null, "FCLASS_UA": null, "FCLASS_TLC": null}, "bbox": [14.451557, 35.860262, 14.484101, 35.88896], "geometry": {"type": "Polygon", "coordinates": [[[14.463391, 35.862629], [14.4628, 35.865883], [14.4628, 35.869137], [14.459841, 35.871208], [14.454811, 35.8718], [14.452445, 35.873871], [14.451557, 35.878013], [14.453332, 35.88038], [14.454516, 35.883043], [14.456882, 35.885705], [14.45777, 35.88896], [14.463687, 35.884818], [14.470196, 35.884226], [14.473746, 35.882747], [14.479072, 35.881859], [14.484101, 35.875942], [14.480847, 35.874463], [14.480255, 35.872096], [14.477001, 35.869137], [14.4699, 35.860262], [14.466646, 35.860262], [14.463391, 35.862629]]]}}, {"type": "Feature", "properties": {"featurecla": "Admin-1 states provinces", "scalerank": 10, "adm1_code": "MLT-5933", "diss_me": 5933, "iso_3166_2": "MT-57", "wikipedia": null, "iso_a2": "MT", "adm0_sr": 3, "name": "Swieqi", "name_alt": null, "name_local": null, "type": null, "type_en": null, "code_local": null, "code_hasc": "MT.NO.SW", "note": null, "hasc_maybe": null, "region": "Malta Majjistral", "region_cod": null, "provnum_ne": 0, "gadm_level": 0, "check_me": 0, "datarank": 10, "abbrev": null, "postal": null, "area_sqkm": 0, "sameascity": -99, "labelrank": 20, "name_len": 6, "mapcolor9": 1, "mapcolor13": 8, "fips": null, "fips_alt": null, "woe_id": 24551413, "woe_label": null, "woe_name": "Malta", "latitude": 35.917, "longitude": 14.4698, "sov_a3": "MLT", "adm0_a3": "MLT", "adm0_label": 5, "admin": "Malta", "geonunit": "Malta", "gu_a3": "MLT", "gn_id": 8299756, "gn_name": "Is-Swieqi", "gns_id": 11536201, "gns_name": "Is-Swieqi", "gn_level": 1, "gn_region": null, "gn_a1_code": "MT.57", "region_sub": "Northern Harbour", "sub_code": null, "gns_level": 1, "gns_lang": "mlt", "gns_adm1": "MT57", "gns_region": null, "min_label": 11, "max_label": 11, "min_zoom": 11, "wikidataid": "Q220667", "name_ar": "\u0633\u0648\u064a\u0642\u064a", "name_bn": "\u09b8\u09c1\u0987\u0995\u09bf", "name_de": "Swieqi", "name_en": "Swieqi", "name_es": "Swieqi", "name_fr": "Swieqi", "name_el": "\u03a3\u03b2\u03b9\u03ad\u03ba\u03b9", "name_hi": "\u0938\u094d\u0935\u093f\u090f\u0915\u0940", "name_hu": "Swieqi", "name_id": "Swieqi", "name_it": "Swieqi", "name_ja": "\u30b7\u30a6\u30a3\u30fc\u30a4", "name_ko": "\uc2a4\uc704\uc774", "name_nl": "Swieqi", "name_pl": "Swieqi", "name_pt": "Swieqi", "name_ru": "\u0421\u0432\u0438\u0439\u0438", "name_sv": "Is-Swieqi", "name_tr": "Sweiqi", "name_vi": "Swieqi", "name_zh": "\u65af\u7ef4\u5409", "ne_id": 1159318007, "name_he": "\u05e1\u05d5\u05d5\u05d9\u05d9\u05e7\u05d9", "name_uk": "\u0421\u0432\u0456\u043a\u0456", "name_ur": "\u0633\u0648\u06cc\u0626\u0627\u06cc", "name_fa": "\u0633\u0648\u06cc\u06a9\u06cc", "name_zht": "\u65af\u7dad\u5409", "FCLASS_ISO": null, "FCLASS_US": null, "FCLASS_FR": null, "FCLASS_RU": null, "FCLASS_ES": null, "FCLASS_CN": null, "FCLASS_TW": null, "FCLASS_IN": null, "FCLASS_NP": null, "FCLASS_PK": null, "FCLASS_DE": null, "FCLASS_GB": null, "FCLASS_BR": null, "FCLASS_IL": null, "FCLASS_PS": null, "FCLASS_SA": null, "FCLASS_EG": null, "FCLASS_MA": null, "FCLASS_PT": null, "FCLASS_AR": null, "FCLASS_JP": null, "FCLASS_KO": null, "FCLASS_VN": null, "FCLASS_TR": null, "FCLASS_ID": null, "FCLASS_PL": null, "FCLASS_GR": null, "FCLASS_IT": null, "FCLASS_NL": null, "FCLASS_SE": null, "FCLASS_BD": null, "FCLASS_UA": null, "FCLASS_TLC": null}, "bbox": [14.455107, 35.910557, 14.485876, 35.929196], "geometry": {"type": "Polygon", "coordinates": [[[14.455107, 35.9289], [14.462504, 35.929196], [14.467237, 35.927421], [14.470788, 35.924758], [14.471971, 35.920321], [14.475817, 35.919433], [14.484101, 35.920025], [14.485876, 35.91825], [14.485581, 35.914699], [14.48203, 35.912332], [14.479959, 35.914108], [14.477297, 35.912037], [14.472267, 35.910557], [14.46635, 35.910853], [14.463687, 35.911741], [14.4628, 35.916474], [14.460433, 35.919729], [14.459545, 35.924463], [14.455107, 35.925942], [14.455107, 35.9289]]]}}, {"type": "Feature", "properties": {"featurecla": "Admin-1 states provinces", "scalerank": 10, "adm1_code": "MLT-5932", "diss_me": 5932, "iso_3166_2": "MT-15", "wikipedia": null, "iso_a2": "MT", "adm0_sr": 3, "name": "G\u0127arg\u0127ur", "name_alt": "Gharghur", "name_local": null, "type": null, "type_en": null, "code_local": null, "code_hasc": "MT.NO.GH", "note": null, "hasc_maybe": null, "region": "Malta Majjistral", "region_cod": null, "provnum_ne": 0, "gadm_level": 0, "check_me": 0, "datarank": 10, "abbrev": null, "postal": null, "area_sqkm": 0, "sameascity": -99, "labelrank": 20, "name_len": 8, "mapcolor9": 1, "mapcolor13": 8, "fips": null, "fips_alt": null, "woe_id": 24551405, "woe_label": null, "woe_name": "Malta", "latitude": 35.9188, "longitude": 14.4553, "sov_a3": "MLT", "adm0_a3": "MLT", "adm0_label": 5, "admin": "Malta", "geonunit": "Malta", "gu_a3": "MLT", "gn_id": 8299712, "gn_name": "Hal Gharghur", "gns_id": 11534054, "gns_name": "Hal Gharghur", "gn_level": 1, "gn_region": null, "gn_a1_code": "MT.13", "region_sub": "Northern", "sub_code": null, "gns_level": 1, "gns_lang": "mlt", "gns_adm1": "MT13", "gns_region": null, "min_label": 11, "max_label": 11, "min_zoom": 11, "wikidataid": "Q1018111", "name_ar": "\u0639\u0631\u0639\u0648\u0631", "name_bn": "\u0998\u09be\u09b0\u0998\u09c1\u09b0", "name_de": "G\u0127arg\u0127ur", "name_en": "G\u0127arg\u0127ur", "name_es": "G\u0127arg\u0127ur", "name_fr": "G\u0127arg\u0127ur", "name_el": "\u0393\u03ba\u03b1\u03c1\u03b3\u03ba\u03bf\u03cd\u03c1", "name_hi": "\u0918\u093e\u0930\u094d\u0918\u0941\u0930", "name_hu": "G\u0127arg\u0127ur", "name_id": "G\u0127arg\u0127ur", "name_it": "Gargur", "name_ja": "\u30a2\u30fc\u30a6\u30fc\u30eb", "name_ko": "\uc544\ub974\uc6b0\ub974", "name_nl": "G\u0127arg\u0127ur", "name_pl": "G\u0127arg\u0127ur", "name_pt": "G\u0127arg\u0127ur", "name_ru": "\u0413\u0430\u0440\u0433\u0443\u0440", "name_sv": "\u0126al G\u0127arg\u0127ur", "name_tr": "Gharghur", "name_vi": "Gharghur", "name_zh": "\u52a0\u5c14\u53e4\u5c14", "ne_id": 1159318005, "name_he": "\u05d2\u05d0\u05e8\u05d2\u05d5\u05e8", "name_uk": "\u0413\u0430\u0440\u0433\u0443\u0440", "name_ur": "\u0627\u0631\u0648\u0631", "name_fa": "\u06af\u0627\u0631\u06af\u0648\u0631", "name_zht": "\u52a0\u5c14\u53e4\u5c14", "FCLASS_ISO": null, "FCLASS_US": null, "FCLASS_FR": null, "FCLASS_RU": null, "FCLASS_ES": null, "FCLASS_CN": null, "FCLASS_TW": null, "FCLASS_IN": null, "FCLASS_NP": null, "FCLASS_PK": null, "FCLASS_DE": null, "FCLASS_GB": null, "FCLASS_BR": null, "FCLASS_IL": null, "FCLASS_PS": null, "FCLASS_SA": null, "FCLASS_EG": null, "FCLASS_MA": null, "FCLASS_PT": null, "FCLASS_AR": null, "FCLASS_JP": null, "FCLASS_KO": null, "FCLASS_VN": null, "FCLASS_TR": null, "FCLASS_ID": null, "FCLASS_PL": null, "FCLASS_GR": null, "FCLASS_IT": null, "FCLASS_NL": null, "FCLASS_SE": null, "FCLASS_BD": null, "FCLASS_UA": null, "FCLASS_TLC": null}, "bbox": [14.447119, 35.909374, 14.463687, 35.9289], "geometry": {"type": "Polygon", "coordinates": [[[14.451261, 35.912924], [14.447415, 35.916179], [14.447119, 35.920025], [14.448303, 35.925646], [14.45067, 35.927421], [14.455107, 35.9289], [14.455107, 35.925942], [14.459545, 35.924463], [14.460433, 35.919729], [14.4628, 35.916474], [14.463687, 35.911741], [14.462208, 35.909374], [14.458362, 35.911741], [14.455107, 35.912628], [14.451261, 35.912924]]]}}, {"type": "Feature", "properties": {"featurecla": "Admin-1 states provinces", "scalerank": 10, "adm1_code": "MLT-5937", "diss_me": 5937, "iso_3166_2": "MT-49", "wikipedia": null, "iso_a2": "MT", "adm0_sr": 3, "name": "San \u0120wann", "name_alt": null, "name_local": null, "type": null, "type_en": null, "code_local": null, "code_hasc": "MT.CE.SN", "note": null, "hasc_maybe": null, "region": "Malta Majjistral", "region_cod": null, "provnum_ne": 0, "gadm_level": 0, "check_me": 0, "datarank": 10, "abbrev": null, "postal": null, "area_sqkm": 0, "sameascity": -99, "labelrank": 20, "name_len": 9, "mapcolor9": 1, "mapcolor13": 8, "fips": "MT48", "fips_alt": null, "woe_id": 24551407, "woe_label": null, "woe_name": "Malta", "latitude": 35.905, "longitude": 14.4756, "sov_a3": "MLT", "adm0_a3": "MLT", "adm0_label": 5, "admin": "Malta", "geonunit": "Malta", "gu_a3": "MLT", "gn_id": 8299747, "gn_name": "Saint John", "gns_id": 11535791, "gns_name": "San Gwann", "gn_level": 1, "gn_region": null, "gn_a1_code": "MT.48", "region_sub": "Northern Harbour", "sub_code": null, "gns_level": 1, "gns_lang": "mlt", "gns_adm1": "MT48", "gns_region": null, "min_label": 11, "max_label": 11, "min_zoom": 11, "wikidataid": "Q39507", "name_ar": "\u0633\u0627\u0646 \u063a\u0648\u0627\u0646", "name_bn": "\u09b8\u09be\u09a8 \u0997\u09cb\u09af\u09bc\u09be\u09a8", "name_de": "San \u0120wann", "name_en": "San \u0120wann", "name_es": "San \u0120wann", "name_fr": "San \u0120wann", "name_el": "\u03a3\u03b1\u03bd \u0393\u03ba\u03bf\u03c5\u03ac\u03bd", "name_hi": "\u0938\u0948\u0928 \u0917\u094d\u0935\u093e\u0928", "name_hu": "San \u0120wann", "name_id": "San \u0120wann", "name_it": "San Giovanni", "name_ja": "\u30b5\u30f3\u30b8\u30e5\u30ef\u30f3", "name_ko": "\uc0b0\uc988\uc644", "name_nl": "San \u0120wann", "name_pl": "San \u0120wann", "name_pt": "San \u0120wann", "name_ru": "\u0421\u0430\u043d-\u0413\u0432\u0430\u043d\u043d", "name_sv": "San \u0120wann", "name_tr": "San Gwann", "name_vi": "San Gwann", "name_zh": "\u5723\u74dc\u5b89", "ne_id": 1159318015, "name_he": "\u05e1\u05df \u05d2'\u05d5\u05d5\u05d0\u05df", "name_uk": "\u0421\u0430\u043d-\u0413\u0432\u0430\u043d\u043d", "name_ur": "\u0633\u0627\u0646 \u062c\u0648\u0627\u0646", "name_fa": "\u0633\u0627\u0646 \u06af\u0648\u0627\u0646", "name_zht": "\u8056\u74dc\u5b89", "FCLASS_ISO": null, "FCLASS_US": null, "FCLASS_FR": null, "FCLASS_RU": null, "FCLASS_ES": null, "FCLASS_CN": null, "FCLASS_TW": null, "FCLASS_IN": null, "FCLASS_NP": null, "FCLASS_PK": null, "FCLASS_DE": null, "FCLASS_GB": null, "FCLASS_BR": null, "FCLASS_IL": null, "FCLASS_PS": null, "FCLASS_SA": null, "FCLASS_EG": null, "FCLASS_MA": null, "FCLASS_PT": null, "FCLASS_AR": null, "FCLASS_JP": null, "FCLASS_KO": null, "FCLASS_VN": null, "FCLASS_TR": null, "FCLASS_ID": null, "FCLASS_PL": null, "FCLASS_GR": null, "FCLASS_IT": null, "FCLASS_NL": null, "FCLASS_SE": null, "FCLASS_BD": null, "FCLASS_UA": null, "FCLASS_TLC": null}, "bbox": [14.462208, 35.898872, 14.488566, 35.914108], "geometry": {"type": "Polygon", "coordinates": [[[14.479959, 35.914108], [14.48203, 35.912332], [14.482609, 35.908999], [14.485587, 35.90736], [14.488566, 35.90468], [14.485885, 35.900361], [14.475907, 35.899914], [14.472184, 35.898872], [14.462504, 35.90109], [14.462208, 35.909374], [14.463687, 35.911741], [14.46635, 35.910853], [14.472267, 35.910557], [14.477297, 35.912037], [14.479959, 35.914108]]]}}, {"type": "Feature", "properties": {"featurecla": "Admin-1 states provinces", "scalerank": 10, "adm1_code": "MLT-5931", "diss_me": 5931, "iso_3166_2": "MT-19", "wikipedia": null, "iso_a2": "MT", "adm0_sr": 3, "name": "Iklin", "name_alt": null, "name_local": null, "type": null, "type_en": null, "code_local": null, "code_hasc": "MT.CE.IK", "note": null, "hasc_maybe": null, "region": "Malta Majjistral", "region_cod": null, "provnum_ne": 0, "gadm_level": 0, "check_me": 0, "datarank": 10, "abbrev": null, "postal": null, "area_sqkm": 0, "sameascity": -99, "labelrank": 20, "name_len": 5, "mapcolor9": 1, "mapcolor13": 8, "fips": null, "fips_alt": null, "woe_id": 24551409, "woe_label": null, "woe_name": "Malta", "latitude": 35.9054, "longitude": 14.4549, "sov_a3": "MLT", "adm0_a3": "MLT", "adm0_label": 5, "admin": "Malta", "geonunit": "Malta", "gu_a3": "MLT", "gn_id": 8299718, "gn_name": "L-Iklin", "gns_id": 11534060, "gns_name": "L-Iklin", "gn_level": 1, "gn_region": null, "gn_a1_code": "MT.19", "region_sub": "Western", "sub_code": null, "gns_level": 1, "gns_lang": "mlt", "gns_adm1": "MT19", "gns_region": null, "min_label": 11, "max_label": 11, "min_zoom": 11, "wikidataid": "Q304589", "name_ar": "\u0625\u0643\u0644\u064a\u0646", "name_bn": "\u0987\u0995\u09cd\u09b2\u09bf\u09a8", "name_de": "Iklin", "name_en": "Iklin", "name_es": "Iklin", "name_fr": "Iklin", "name_el": "\u0399\u03ba\u03bb\u03af\u03bd", "name_hi": "\u0907\u0915\u0932\u093f\u0928", "name_hu": "Iklin", "name_id": "Iklin", "name_it": "L'Iclin", "name_ja": "\u30a4\u30ad\u30ea\u30f3", "name_ko": "\uc774\ud074\ub9b0", "name_nl": "Iklin", "name_pl": "Iklin", "name_pt": "Iklin", "name_ru": "\u0418\u043a\u043b\u0438\u043d", "name_sv": "L-Iklin", "name_tr": "Iklin", "name_vi": "Iklin", "name_zh": "\u4f0a\u514b\u6797", "ne_id": 1159318003, "name_he": "\u05d0\u05d9\u05e7\u05dc\u05d9\u05df", "name_uk": "\u0406\u043a\u043b\u0456\u043d", "name_ur": "\u0627\u06a9\u0644\u06cc\u0646", "name_fa": "\u0627\u06cc\u06a9\u0644\u06cc\u0646", "name_zht": "\u4f0a\u514b\u6797", "FCLASS_ISO": null, "FCLASS_US": null, "FCLASS_FR": null, "FCLASS_RU": null, "FCLASS_ES": null, "FCLASS_CN": null, "FCLASS_TW": null, "FCLASS_IN": null, "FCLASS_NP": null, "FCLASS_PK": null, "FCLASS_DE": null, "FCLASS_GB": null, "FCLASS_BR": null, "FCLASS_IL": null, "FCLASS_PS": null, "FCLASS_SA": null, "FCLASS_EG": null, "FCLASS_MA": null, "FCLASS_PT": null, "FCLASS_AR": null, "FCLASS_JP": null, "FCLASS_KO": null, "FCLASS_VN": null, "FCLASS_TR": null, "FCLASS_ID": null, "FCLASS_PL": null, "FCLASS_GR": null, "FCLASS_IT": null, "FCLASS_NL": null, "FCLASS_SE": null, "FCLASS_BD": null, "FCLASS_UA": null, "FCLASS_TLC": null}, "bbox": [14.446528, 35.899019, 14.462504, 35.912924], "geometry": {"type": "Polygon", "coordinates": [[[14.451261, 35.912924], [14.455107, 35.912628], [14.458362, 35.911741], [14.462208, 35.909374], [14.462504, 35.90109], [14.458658, 35.899906], [14.454516, 35.899019], [14.448599, 35.90109], [14.446528, 35.904344], [14.450078, 35.905824], [14.448303, 35.909374], [14.451261, 35.912924]]]}}, {"type": "Feature", "properties": {"featurecla": "Admin-1 states provinces", "scalerank": 10, "adm1_code": "MLT-5939", "diss_me": 5939, "iso_3166_2": "MT-04", "wikipedia": null, "iso_a2": "MT", "adm0_sr": 3, "name": "Birkirkara", "name_alt": null, "name_local": null, "type": null, "type_en": null, "code_local": null, "code_hasc": "MT.CE.BI", "note": null, "hasc_maybe": null, "region": "Malta Majjistral", "region_cod": null, "provnum_ne": 0, "gadm_level": 0, "check_me": 0, "datarank": 10, "abbrev": null, "postal": null, "area_sqkm": 0, "sameascity": -99, "labelrank": 20, "name_len": 10, "mapcolor9": 1, "mapcolor13": 8, "fips": null, "fips_alt": null, "woe_id": 24551412, "woe_label": null, "woe_name": "Malta", "latitude": 35.8934, "longitude": 14.4662, "sov_a3": "MLT", "adm0_a3": "MLT", "adm0_label": 5, "admin": "Malta", "geonunit": "Malta", "gu_a3": "MLT", "gn_id": 8299703, "gn_name": "Birkirkara", "gns_id": 11534038, "gns_name": "Birkirkara", "gn_level": 1, "gn_region": null, "gn_a1_code": "MT.04", "region_sub": "Northern Harbour", "sub_code": null, "gns_level": 1, "gns_lang": "mlt", "gns_adm1": "MT04", "gns_region": null, "min_label": 11, "max_label": 11, "min_zoom": 11, "wikidataid": "Q39583", "name_ar": "\u0628\u064a\u0631\u0643\u064a\u0631\u0643\u0627\u0631\u0627", "name_bn": "\u09ac\u09bf\u09b0\u0995\u09bf\u09b0\u0995\u09be\u09b0\u09be", "name_de": "Birkirkara", "name_en": "Birkirkara", "name_es": "Birkirkara", "name_fr": "Birkirkara", "name_el": "\u039c\u03c0\u03b9\u03c1\u03ba\u03b9\u03c1\u03ba\u03ac\u03c1\u03b1", "name_hi": "\u092c\u0940\u0930\u0915\u0940\u0930\u0915\u093e\u0930\u093e", "name_hu": "Birkirkara", "name_id": "Birkirkara", "name_it": "Birchircara", "name_ja": "\u30d3\u30eb\u30ad\u30eb\u30ab\u30e9", "name_ko": "\ube44\ub974\ud0a4\ub974\uce74\ub77c", "name_nl": "Birkirkara", "name_pl": "Birkirkara", "name_pt": "Birkirkara", "name_ru": "\u0411\u0438\u0440\u043a\u0438\u0440\u043a\u0430\u0440\u0430", "name_sv": "Birkirkara", "name_tr": "Birkirkara", "name_vi": "Birkirkara", "name_zh": "\u6bd4\u5c14\u57fa\u5361\u62c9", "ne_id": 1159318021, "name_he": "\u05d1\u05d9\u05e8\u05e7\u05d9\u05e8\u05e7\u05d0\u05e8\u05d4", "name_uk": "\u0411\u0456\u0440\u043a\u0456\u0440\u043a\u0430\u0440\u0430", "name_ur": "\u0628\u06cc\u0631\u06a9\u06cc\u0631\u06a9\u0627\u0631\u0627", "name_fa": "\u0628\u06cc\u0631\u06a9\u06cc\u0631\u06a9\u0627\u0631\u0627", "name_zht": "\u6bd4\u723e\u57fa\u5361\u62c9", "FCLASS_ISO": null, "FCLASS_US": null, "FCLASS_FR": null, "FCLASS_RU": null, "FCLASS_ES": null, "FCLASS_CN": null, "FCLASS_TW": null, "FCLASS_IN": null, "FCLASS_NP": null, "FCLASS_PK": null, "FCLASS_DE": null, "FCLASS_GB": null, "FCLASS_BR": null, "FCLASS_IL": null, "FCLASS_PS": null, "FCLASS_SA": null, "FCLASS_EG": null, "FCLASS_MA": null, "FCLASS_PT": null, "FCLASS_AR": null, "FCLASS_JP": null, "FCLASS_KO": null, "FCLASS_VN": null, "FCLASS_TR": null, "FCLASS_ID": null, "FCLASS_PL": null, "FCLASS_GR": null, "FCLASS_IT": null, "FCLASS_NL": null, "FCLASS_SE": null, "FCLASS_BD": null, "FCLASS_UA": null, "FCLASS_TLC": null}, "bbox": [14.454516, 35.884226, 14.476801, 35.90109], "geometry": {"type": "Polygon", "coordinates": [[[14.454516, 35.899019], [14.458658, 35.899906], [14.462504, 35.90109], [14.472184, 35.898872], [14.475758, 35.896489], [14.476801, 35.894107], [14.47412, 35.891724], [14.472184, 35.89083], [14.471589, 35.888299], [14.470196, 35.884226], [14.463687, 35.884818], [14.45777, 35.88896], [14.458362, 35.89251], [14.456882, 35.89606], [14.454516, 35.899019]]]}}, {"type": "Feature", "properties": {"featurecla": "Admin-1 states provinces", "scalerank": 10, "adm1_code": "MLT-5930", "diss_me": 5930, "iso_3166_2": "MT-02", "wikipedia": null, "iso_a2": "MT", "adm0_sr": 3, "name": "Balzan", "name_alt": null, "name_local": null, "type": null, "type_en": null, "code_local": null, "code_hasc": "MT.CE.BA", "note": null, "hasc_maybe": null, "region": "Malta Majjistral", "region_cod": null, "provnum_ne": 0, "gadm_level": 0, "check_me": 0, "datarank": 10, "abbrev": null, "postal": null, "area_sqkm": 0, "sameascity": -99, "labelrank": 20, "name_len": 6, "mapcolor9": 1, "mapcolor13": 8, "fips": null, "fips_alt": null, "woe_id": 24551375, "woe_label": null, "woe_name": "Malta", "latitude": 35.8952, "longitude": 14.4524, "sov_a3": "MLT", "adm0_a3": "MLT", "adm0_label": 5, "admin": "Malta", "geonunit": "Malta", "gu_a3": "MLT", "gn_id": 8299701, "gn_name": "Balzan", "gns_id": 11534034, "gns_name": "Hal Balzan", "gn_level": 1, "gn_region": null, "gn_a1_code": "MT.02", "region_sub": "Western", "sub_code": null, "gns_level": 1, "gns_lang": "mlt", "gns_adm1": "MT02", "gns_region": null, "min_label": 11, "max_label": 11, "min_zoom": 11, "wikidataid": "Q789794", "name_ar": "\u0628\u0627\u0644\u0632\u0627\u0646", "name_bn": "\u09ac\u09be\u09b2\u09af\u09be\u09a8", "name_de": "Balzan", "name_en": "Balzan", "name_es": "Balzan", "name_fr": "Balzan", "name_el": "\u039c\u03c0\u03b1\u03bb\u03b6\u03ac\u03bd", "name_hi": "\u092c\u093e\u0932\u094d\u091c\u093c\u0928", "name_hu": "Balzan", "name_id": "Balzan", "name_it": "Balzan", "name_ja": "\u30d0\u30eb\u30c4\u30a1\u30fc\u30f3", "name_ko": "\ubc1c\ucc2c", "name_nl": "Balzan", "name_pl": "Balzan", "name_pt": "Balzan", "name_ru": "\u0411\u0430\u043b\u044c\u0446\u0430\u043d", "name_sv": "Balzan", "name_tr": "Balzan", "name_vi": "Balzan", "name_zh": "\u5df4\u5c14\u707f", "ne_id": 1159318001, "name_he": "\u05e4\u05e8\u05e1 \u05d1\u05dc\u05e6\u05df", "name_uk": "\u0411\u0430\u043b\u044c\u0446\u0430\u043d", "name_ur": "\u0628\u0627\u0644\u0632\u0627\u0646", "name_fa": "\u0628\u0627\u0644\u0632\u0627\u0646", "name_zht": "\u5df4\u5c14\u707f", "FCLASS_ISO": null, "FCLASS_US": null, "FCLASS_FR": null, "FCLASS_RU": null, "FCLASS_ES": null, "FCLASS_CN": null, "FCLASS_TW": null, "FCLASS_IN": null, "FCLASS_NP": null, "FCLASS_PK": null, "FCLASS_DE": null, "FCLASS_GB": null, "FCLASS_BR": null, "FCLASS_IL": null, "FCLASS_PS": null, "FCLASS_SA": null, "FCLASS_EG": null, "FCLASS_MA": null, "FCLASS_PT": null, "FCLASS_AR": null, "FCLASS_JP": null, "FCLASS_KO": null, "FCLASS_VN": null, "FCLASS_TR": null, "FCLASS_ID": null, "FCLASS_PL": null, "FCLASS_GR": null, "FCLASS_IT": null, "FCLASS_NL": null, "FCLASS_SE": null, "FCLASS_BD": null, "FCLASS_UA": null, "FCLASS_TLC": null}, "bbox": [14.445936, 35.88896, 14.458362, 35.90109], "geometry": {"type": "Polygon", "coordinates": [[[14.448599, 35.90109], [14.454516, 35.899019], [14.456882, 35.89606], [14.458362, 35.89251], [14.45777, 35.88896], [14.452149, 35.889847], [14.448599, 35.891622], [14.445936, 35.894877], [14.448599, 35.90109]]]}}, {"type": "Feature", "properties": {"featurecla": "Admin-1 states provinces", "scalerank": 10, "adm1_code": "MLT-5943", "diss_me": 5943, "iso_3166_2": "MT-54", "wikipedia": null, "iso_a2": "MT", "adm0_sr": 3, "name": "Santa Venera", "name_alt": null, "name_local": null, "type": null, "type_en": null, "code_local": null, "code_hasc": "MT.CE.SV", "note": null, "hasc_maybe": null, "region": "Malta Majjistral", "region_cod": null, "provnum_ne": 0, "gadm_level": 0, "check_me": 0, "datarank": 10, "abbrev": null, "postal": null, "area_sqkm": 0, "sameascity": -99, "labelrank": 20, "name_len": 12, "mapcolor9": 1, "mapcolor13": 8, "fips": "MT53", "fips_alt": null, "woe_id": 24551410, "woe_label": null, "woe_name": "Malta", "latitude": 35.8865, "longitude": 14.4781, "sov_a3": "MLT", "adm0_a3": "MLT", "adm0_label": 5, "admin": "Malta", "geonunit": "Malta", "gu_a3": "MLT", "gn_id": 8299752, "gn_name": "Saint Venera", "gns_id": 11535796, "gns_name": "Saint Venera", "gn_level": 1, "gn_region": null, "gn_a1_code": "MT.53", "region_sub": "Northern Harbour", "sub_code": null, "gns_level": 1, "gns_lang": "eng", "gns_adm1": "MT53", "gns_region": null, "min_label": 11, "max_label": 11, "min_zoom": 11, "wikidataid": "Q585420", "name_ar": "\u0633\u0627\u0646\u062a\u0627 \u0641\u064a\u0646\u064a\u0631\u0627", "name_bn": "\u09b8\u09cd\u09af\u09be\u09a8\u09cd\u099f\u09be \u09ad\u09c7\u09a8\u09c7\u09b0\u09be", "name_de": "Santa Venera", "name_en": "Santa Venera", "name_es": "Santa Venera", "name_fr": "Santa Venera", "name_el": "\u03a3\u03ac\u03bd\u03c4\u03b1 \u0392\u03b5\u03bd\u03ad\u03c1\u03b1", "name_hi": "\u0938\u0948\u0902\u091f\u093e \u0935\u0947\u0928\u0947\u0930\u093e", "name_hu": "Santa Venera", "name_id": "Santa Venera", "name_it": "Santa Venera", "name_ja": "\u30b5\u30f3\u30bf\u30f4\u30a7\u30cd\u30e9", "name_ko": "\uc0b0\ud0c0\ubca0\ub124\ub77c", "name_nl": "Santa Venera", "name_pl": "Santa Venera", "name_pt": "Santa Venera", "name_ru": "\u0421\u0430\u043d\u0442\u0430-\u0412\u0435\u043d\u0435\u0440\u0430", "name_sv": "Santa Venera", "name_tr": "Santa Venera", "name_vi": "Santa Venera", "name_zh": "\u5723\u97e6\u5185\u62c9", "ne_id": 1159318029, "name_he": "\u05e1\u05e0\u05d8\u05d4 \u05d5\u05e0\u05e8\u05d4", "name_uk": "\u0421\u0430\u043d\u0442\u0430-\u0412\u0435\u043d\u0435\u0440\u0430", "name_ur": "\u0633\u0627\u0646\u062a\u0627 \u0648\u06cc\u0646\u06cc\u0631\u0627", "name_fa": "\u0633\u0627\u0646\u062a\u0627 \u0648\u0646\u0631\u0627", "name_zht": "\u8056\u97cb\u5167\u62c9", "FCLASS_ISO": null, "FCLASS_US": null, "FCLASS_FR": null, "FCLASS_RU": null, "FCLASS_ES": null, "FCLASS_CN": null, "FCLASS_TW": null, "FCLASS_IN": null, "FCLASS_NP": null, "FCLASS_PK": null, "FCLASS_DE": null, "FCLASS_GB": null, "FCLASS_BR": null, "FCLASS_IL": null, "FCLASS_PS": null, "FCLASS_SA": null, "FCLASS_EG": null, "FCLASS_MA": null, "FCLASS_PT": null, "FCLASS_AR": null, "FCLASS_JP": null, "FCLASS_KO": null, "FCLASS_VN": null, "FCLASS_TR": null, "FCLASS_ID": null, "FCLASS_PL": null, "FCLASS_GR": null, "FCLASS_IT": null, "FCLASS_NL": null, "FCLASS_SE": null, "FCLASS_BD": null, "FCLASS_UA": null, "FCLASS_TLC": null}, "bbox": [14.470196, 35.881859, 14.48663, 35.891724], "geometry": {"type": "Polygon", "coordinates": [[[14.479072, 35.881859], [14.473746, 35.882747], [14.470196, 35.884226], [14.471589, 35.888299], [14.472184, 35.89083], [14.47412, 35.891724], [14.476801, 35.891128], [14.482311, 35.889788], [14.48663, 35.886363], [14.480673, 35.884427], [14.479072, 35.881859]]]}}, {"type": "Feature", "properties": {"featurecla": "Admin-1 states provinces", "scalerank": 10, "adm1_code": "MLT-5944", "diss_me": 5944, "iso_3166_2": "MT-18", "wikipedia": null, "iso_a2": "MT", "adm0_sr": 3, "name": "\u0126amrun", "name_alt": "Hamrun", "name_local": null, "type": null, "type_en": null, "code_local": null, "code_hasc": "MT.SO.HA", "note": null, "hasc_maybe": null, "region": "Malta Majjistral", "region_cod": null, "provnum_ne": 0, "gadm_level": 0, "check_me": 0, "datarank": 10, "abbrev": null, "postal": null, "area_sqkm": 0, "sameascity": -99, "labelrank": 20, "name_len": 6, "mapcolor9": 1, "mapcolor13": 8, "fips": null, "fips_alt": null, "woe_id": 24551387, "woe_label": null, "woe_name": "Malta", "latitude": 35.8818, "longitude": 14.4868, "sov_a3": "MLT", "adm0_a3": "MLT", "adm0_label": 5, "admin": "Malta", "geonunit": "Malta", "gu_a3": "MLT", "gn_id": 8299717, "gn_name": "Il-Hamrun", "gns_id": 11534059, "gns_name": "Il-Hamrun", "gn_level": 1, "gn_region": null, "gn_a1_code": "MT.18", "region_sub": "Northern Harbour", "sub_code": null, "gns_level": 1, "gns_lang": "mlt", "gns_adm1": "MT18", "gns_region": null, "min_label": 11, "max_label": 11, "min_zoom": 11, "wikidataid": "Q343001", "name_ar": "\u062d\u0645\u0631\u0648\u0646", "name_bn": "\u09ab\u09cd\u09b2\u09be\u09ae\u09c1\u09a8", "name_de": "\u0126amrun", "name_en": "\u0126amrun", "name_es": "\u0126amrun", "name_fr": "Hamrun", "name_el": "\u03a7\u03b1\u03bc\u03c1\u03bf\u03cd\u03bd", "name_hi": "\u0939\u092e\u094d\u0930\u094d\u0928", "name_hu": "\u0126amrun", "name_id": "\u0126amrun", "name_it": "\u0126amrun", "name_ja": "\u30cf\u30e0\u30eb\u30fc\u30f3", "name_ko": "\ud568\ub8ec", "name_nl": "\u0126amrun", "name_pl": "\u0126amrun", "name_pt": "\u0126amrun", "name_ru": "\u0425\u0430\u043c\u0440\u0443\u043d", "name_sv": "Il-\u0126amrun", "name_tr": "Hamrun", "name_vi": "Hamrun", "name_zh": "\u54c8\u59c6\u4f26", "ne_id": 1159318031, "name_he": "\u05e2\u05de\u05e8\u05d5\u05df", "name_uk": "\u0425\u0430\u043c\u0440\u0443\u043d", "name_ur": "\u062d\u0627\u0645\u0631\u0648\u0646", "name_fa": "\u0647\u0627\u0631\u0648\u0646\u060c \u0645\u0627\u0644\u062a", "name_zht": "\u54c8\u59c6\u502b", "FCLASS_ISO": null, "FCLASS_US": null, "FCLASS_FR": null, "FCLASS_RU": null, "FCLASS_ES": null, "FCLASS_CN": null, "FCLASS_TW": null, "FCLASS_IN": null, "FCLASS_NP": null, "FCLASS_PK": null, "FCLASS_DE": null, "FCLASS_GB": null, "FCLASS_BR": null, "FCLASS_IL": null, "FCLASS_PS": null, "FCLASS_SA": null, "FCLASS_EG": null, "FCLASS_MA": null, "FCLASS_PT": null, "FCLASS_AR": null, "FCLASS_JP": null, "FCLASS_KO": null, "FCLASS_VN": null, "FCLASS_TR": null, "FCLASS_ID": null, "FCLASS_PL": null, "FCLASS_GR": null, "FCLASS_IT": null, "FCLASS_NL": null, "FCLASS_SE": null, "FCLASS_BD": null, "FCLASS_UA": null, "FCLASS_TLC": null}, "bbox": [14.479072, 35.875646, 14.498096, 35.888299], "geometry": {"type": "Polygon", "coordinates": [[[14.484101, 35.875942], [14.479072, 35.881859], [14.480673, 35.884427], [14.48663, 35.886363], [14.490948, 35.885916], [14.496161, 35.888299], [14.498096, 35.886065], [14.496607, 35.884427], [14.492089, 35.882155], [14.490018, 35.875646], [14.484101, 35.875942]]]}}, {"type": "Feature", "properties": {"featurecla": "Admin-1 states provinces", "scalerank": 10, "adm1_code": "MLT-5957", "diss_me": 5957, "iso_3166_2": "MT-26", "wikipedia": null, "iso_a2": "MT", "adm0_sr": 3, "name": "Marsa", "name_alt": null, "name_local": null, "type": null, "type_en": null, "code_local": null, "code_hasc": "MT.SE.MX", "note": null, "hasc_maybe": null, "region": "Malta Xlokk", "region_cod": null, "provnum_ne": 0, "gadm_level": 0, "check_me": 0, "datarank": 10, "abbrev": null, "postal": null, "area_sqkm": 0, "sameascity": -99, "labelrank": 20, "name_len": 5, "mapcolor9": 1, "mapcolor13": 8, "fips": null, "fips_alt": null, "woe_id": 24551393, "woe_label": null, "woe_name": "Malta", "latitude": 35.8716, "longitude": 14.4926, "sov_a3": "MLT", "adm0_a3": "MLT", "adm0_label": 5, "admin": "Malta", "geonunit": "Malta", "gu_a3": "MLT", "gn_id": 8299730, "gn_name": "Il-Marsa", "gns_id": 11534640, "gns_name": "Il-Marsa", "gn_level": 1, "gn_region": null, "gn_a1_code": "MT.31", "region_sub": "Southern Harbour", "sub_code": null, "gns_level": 1, "gns_lang": "mlt", "gns_adm1": "MT31", "gns_region": null, "min_label": 11, "max_label": 11, "min_zoom": 11, "wikidataid": "Q267431", "name_ar": "\u0627\u0644\u0645\u0631\u0633\u0649", "name_bn": "\u09ae\u09be\u09b0\u09b8\u09be", "name_de": "Marsa", "name_en": "Marsa", "name_es": "Marsa", "name_fr": "Marsa", "name_el": "\u039c\u03ac\u03c1\u03c3\u03b1", "name_hi": "\u092e\u093e\u0930\u094d\u0938\u093e", "name_hu": "Marsa", "name_id": "Marsa", "name_it": "Marsa", "name_ja": "\u30de\u30eb\u30b5", "name_ko": "\ub9c8\ub974\uc0ac", "name_nl": "Marsa", "name_pl": "Marsa", "name_pt": "Marsa", "name_ru": "\u041c\u0430\u0440\u0441\u0430", "name_sv": "Il-Marsa", "name_tr": "Marsa", "name_vi": "Marsa", "name_zh": "\u9a6c\u5c14\u8428", "ne_id": 1159318061, "name_he": "\u05de\u05e8\u05e1\u05d4", "name_uk": "\u041c\u0430\u0440\u0441\u0430", "name_ur": "\u0645\u0627\u0631\u0633\u0627\u060c \u0645\u0627\u0644\u0679\u0627", "name_fa": "\u0645\u0627\u0631\u0633\u0627", "name_zht": "\u99ac\u723e\u85a9", "FCLASS_ISO": null, "FCLASS_US": null, "FCLASS_FR": null, "FCLASS_RU": null, "FCLASS_ES": null, "FCLASS_CN": null, "FCLASS_TW": null, "FCLASS_IN": null, "FCLASS_NP": null, "FCLASS_PK": null, "FCLASS_DE": null, "FCLASS_GB": null, "FCLASS_BR": null, "FCLASS_IL": null, "FCLASS_PS": null, "FCLASS_SA": null, "FCLASS_EG": null, "FCLASS_MA": null, "FCLASS_PT": null, "FCLASS_AR": null, "FCLASS_JP": null, "FCLASS_KO": null, "FCLASS_VN": null, "FCLASS_TR": null, "FCLASS_ID": null, "FCLASS_PL": null, "FCLASS_GR": null, "FCLASS_IT": null, "FCLASS_NL": null, "FCLASS_SE": null, "FCLASS_BD": null, "FCLASS_UA": null, "FCLASS_TLC": null}, "bbox": [14.480255, 35.862924, 14.500669, 35.884427], "geometry": {"type": "Polygon", "coordinates": [[[14.480255, 35.872096], [14.480847, 35.874463], [14.484101, 35.875942], [14.490018, 35.875646], [14.492089, 35.882155], [14.496607, 35.884427], [14.498598, 35.883339], [14.500669, 35.879788], [14.500373, 35.873575], [14.497711, 35.867362], [14.493273, 35.862924], [14.489427, 35.862924], [14.485285, 35.865587], [14.48203, 35.866179], [14.48203, 35.868842], [14.480255, 35.872096]]]}}, {"type": "Feature", "properties": {"featurecla": "Admin-1 states provinces", "scalerank": 10, "adm1_code": "MLT-5964", "diss_me": 5964, "iso_3166_2": "MT-25", "wikipedia": null, "iso_a2": "MT", "adm0_sr": 3, "name": "Luqa", "name_alt": null, "name_local": null, "type": null, "type_en": null, "code_local": null, "code_hasc": "MT.SO.LU", "note": null, "hasc_maybe": null, "region": "Malta Xlokk", "region_cod": null, "provnum_ne": 0, "gadm_level": 0, "check_me": 0, "datarank": 10, "abbrev": null, "postal": null, "area_sqkm": 0, "sameascity": -99, "labelrank": 20, "name_len": 4, "mapcolor9": 1, "mapcolor13": 8, "fips": null, "fips_alt": null, "woe_id": 24551411, "woe_label": null, "woe_name": "Malta", "latitude": 35.8563, "longitude": 14.4831, "sov_a3": "MLT", "adm0_a3": "MLT", "adm0_label": 5, "admin": "Malta", "geonunit": "Malta", "gu_a3": "MLT", "gn_id": 8299729, "gn_name": "Luqa", "gns_id": 11534639, "gns_name": "Hal Luqa", "gn_level": 1, "gn_region": null, "gn_a1_code": "MT.30", "region_sub": "Southern Harbour", "sub_code": null, "gns_level": 1, "gns_lang": "mlt", "gns_adm1": "MT30", "gns_region": null, "min_label": 11, "max_label": 11, "min_zoom": 11, "wikidataid": "Q475585", "name_ar": "\u0644\u0648\u0642\u0627", "name_bn": "\u09b2\u09c1\u0995\u09be", "name_de": "Luqa", "name_en": "Luqa", "name_es": "Luqa", "name_fr": "Luqa", "name_el": "\u039b\u03bf\u03cd\u03ba\u03b1", "name_hi": "\u0932\u0941\u0915\u093e", "name_hu": "Luqa", "name_id": "Luqa", "name_it": "Luca", "name_ja": "\u30eb\u30a2", "name_ko": "\ub8e8\uc544", "name_nl": "Luqa", "name_pl": "Luqa", "name_pt": "Luqa", "name_ru": "\u041b\u0443\u043a\u0430", "name_sv": "Luqa", "name_tr": "Luqa", "name_vi": "Luqa", "name_zh": "\u5362\u52a0", "ne_id": 1159318077, "name_he": "\u05dc\u05d5\u05d0\u05d4", "name_uk": "\u041b\u0443\u043a\u0430", "name_ur": "\u0644\u0648\u0622", "name_fa": "\u0644\u0627\u06a9\u0627", "name_zht": "\u76e7\u52a0", "FCLASS_ISO": null, "FCLASS_US": null, "FCLASS_FR": null, "FCLASS_RU": null, "FCLASS_ES": null, "FCLASS_CN": null, "FCLASS_TW": null, "FCLASS_IN": null, "FCLASS_NP": null, "FCLASS_PK": null, "FCLASS_DE": null, "FCLASS_GB": null, "FCLASS_BR": null, "FCLASS_IL": null, "FCLASS_PS": null, "FCLASS_SA": null, "FCLASS_EG": null, "FCLASS_MA": null, "FCLASS_PT": null, "FCLASS_AR": null, "FCLASS_JP": null, "FCLASS_KO": null, "FCLASS_VN": null, "FCLASS_TR": null, "FCLASS_ID": null, "FCLASS_PL": null, "FCLASS_GR": null, "FCLASS_IT": null, "FCLASS_NL": null, "FCLASS_SE": null, "FCLASS_BD": null, "FCLASS_UA": null, "FCLASS_TLC": null}, "bbox": [14.457178, 35.829197, 14.508953, 35.872096], "geometry": {"type": "Polygon", "coordinates": [[[14.4699, 35.860262], [14.477001, 35.869137], [14.480255, 35.872096], [14.48203, 35.868842], [14.48203, 35.866179], [14.485285, 35.865587], [14.489427, 35.862924], [14.493273, 35.862924], [14.494752, 35.858487], [14.494752, 35.854345], [14.494456, 35.850794], [14.496231, 35.846948], [14.496231, 35.844877], [14.496527, 35.841031], [14.498894, 35.839256], [14.503332, 35.836593], [14.506586, 35.833339], [14.508953, 35.829789], [14.504219, 35.829197], [14.498598, 35.833635], [14.495048, 35.837481], [14.490314, 35.839552], [14.489427, 35.843102], [14.487356, 35.84399], [14.484397, 35.847244], [14.481734, 35.848428], [14.478184, 35.846357], [14.472859, 35.84754], [14.469013, 35.849315], [14.464575, 35.846652], [14.461024, 35.845469], [14.457178, 35.847244], [14.458066, 35.849315], [14.462208, 35.849907], [14.465758, 35.853161], [14.470492, 35.856416], [14.4699, 35.860262]]]}}, {"type": "Feature", "properties": {"featurecla": "Admin-1 states provinces", "scalerank": 10, "adm1_code": "MLT-5969", "diss_me": 5969, "iso_3166_2": "MT-33", "wikipedia": null, "iso_a2": "MT", "adm0_sr": 3, "name": "Mqabba", "name_alt": null, "name_local": null, "type": null, "type_en": null, "code_local": null, "code_hasc": "MT.SO.MQ", "note": null, "hasc_maybe": null, "region": "Malta Xlokk", "region_cod": null, "provnum_ne": 0, "gadm_level": 0, "check_me": 0, "datarank": 10, "abbrev": null, "postal": null, "area_sqkm": 0, "sameascity": -99, "labelrank": 20, "name_len": 6, "mapcolor9": 1, "mapcolor13": 8, "fips": null, "fips_alt": null, "woe_id": 24551381, "woe_label": null, "woe_name": "Malta", "latitude": 35.8426, "longitude": 14.4666, "sov_a3": "MLT", "adm0_a3": "MLT", "adm0_label": 5, "admin": "Malta", "geonunit": "Malta", "gu_a3": "MLT", "gn_id": 8299721, "gn_name": "L-Imqabba", "gns_id": 11534626, "gns_name": "L-Imqabba", "gn_level": 1, "gn_region": null, "gn_a1_code": "MT.22", "region_sub": "South Eastern", "sub_code": null, "gns_level": 1, "gns_lang": "mlt", "gns_adm1": "MT22", "gns_region": null, "min_label": 11, "max_label": 11, "min_zoom": 11, "wikidataid": "Q1017953", "name_ar": "\u0645\u0642\u0627\u0628\u0627", "name_bn": "\u09ae\u09be\u0995\u09be\u09ac\u09cd\u09ac\u09be", "name_de": "Mqabba", "name_en": "Mqabba", "name_es": "Mqabba", "name_fr": "Mqabba", "name_el": "\u039c\u03ba\u03ac\u03bc\u03c0\u03b1", "name_hi": "\u092e\u0915\u093e\u092c\u093e", "name_hu": "Mqabba", "name_id": "Mqabba", "name_it": "Mqabba", "name_ja": "\u30a2\u30c3\u30d0", "name_ko": "\ubbc0\uc544\ubc14", "name_nl": "Mqabba", "name_pl": "Mqabba", "name_pt": "Mqabba", "name_ru": "\u041c\u043a\u0430\u0431\u0431\u0430", "name_sv": "Mqabba", "name_tr": "Mqabba", "name_vi": "Mqabba", "name_zh": "\u59c6\u5361\u5df4", "ne_id": 1159318087, "name_he": "\u05de\u05e1\u05d8\u05d4", "name_uk": "\u041c\u043a\u0430\u0431\u0430", "name_ur": "\u0645\u0622\u0628\u0627", "name_fa": "\u0645\u0642\u0627\u0628\u0627", "name_zht": "\u59c6\u5361\u5df4", "FCLASS_ISO": null, "FCLASS_US": null, "FCLASS_FR": null, "FCLASS_RU": null, "FCLASS_ES": null, "FCLASS_CN": null, "FCLASS_TW": null, "FCLASS_IN": null, "FCLASS_NP": null, "FCLASS_PK": null, "FCLASS_DE": null, "FCLASS_GB": null, "FCLASS_BR": null, "FCLASS_IL": null, "FCLASS_PS": null, "FCLASS_SA": null, "FCLASS_EG": null, "FCLASS_MA": null, "FCLASS_PT": null, "FCLASS_AR": null, "FCLASS_JP": null, "FCLASS_KO": null, "FCLASS_VN": null, "FCLASS_TR": null, "FCLASS_ID": null, "FCLASS_PL": null, "FCLASS_GR": null, "FCLASS_IT": null, "FCLASS_NL": null, "FCLASS_SE": null, "FCLASS_BD": null, "FCLASS_UA": null, "FCLASS_TLC": null}, "bbox": [14.45067, 35.836889, 14.479663, 35.849315], "geometry": {"type": "Polygon", "coordinates": [[[14.45067, 35.839256], [14.453036, 35.843102], [14.45422, 35.846061], [14.457178, 35.847244], [14.461024, 35.845469], [14.464575, 35.846652], [14.469013, 35.849315], [14.472859, 35.84754], [14.478184, 35.846357], [14.479663, 35.843694], [14.478184, 35.841919], [14.476409, 35.838368], [14.472563, 35.838073], [14.466942, 35.837777], [14.461024, 35.836889], [14.456291, 35.838368], [14.45067, 35.839256]]]}}, {"type": "Feature", "properties": {"featurecla": "Admin-1 states provinces", "scalerank": 10, "adm1_code": "MLT-5970", "diss_me": 5970, "iso_3166_2": "MT-23", "wikipedia": null, "iso_a2": "MT", "adm0_sr": 3, "name": "Kirkop", "name_alt": null, "name_local": null, "type": null, "type_en": null, "code_local": null, "code_hasc": "MT.SO.KI", "note": null, "hasc_maybe": null, "region": "Malta Xlokk", "region_cod": null, "provnum_ne": 0, "gadm_level": 0, "check_me": 0, "datarank": 10, "abbrev": null, "postal": null, "area_sqkm": 0, "sameascity": -99, "labelrank": 20, "name_len": 6, "mapcolor9": 1, "mapcolor13": 8, "fips": null, "fips_alt": null, "woe_id": 24551378, "woe_label": null, "woe_name": "Malta", "latitude": 35.8409, "longitude": 14.4836, "sov_a3": "MLT", "adm0_a3": "MLT", "adm0_label": 5, "admin": "Malta", "geonunit": "Malta", "gu_a3": "MLT", "gn_id": 8299727, "gn_name": "Kirkop", "gns_id": 11534637, "gns_name": "Hal Kirkop", "gn_level": 1, "gn_region": null, "gn_a1_code": "MT.28", "region_sub": "South Eastern", "sub_code": null, "gns_level": 1, "gns_lang": "mlt", "gns_adm1": "MT28", "gns_region": null, "min_label": 11, "max_label": 11, "min_zoom": 11, "wikidataid": "Q597464", "name_ar": "\u0643\u064a\u0631\u0643\u0648\u0628", "name_bn": "\u0995\u09bf\u09b0\u0995\u09cb\u09aa", "name_de": "Kirkop", "name_en": "Kirkop", "name_es": "Kirkop", "name_fr": "Kirkop", "name_el": "\u039a\u03af\u03c1\u03ba\u03bf\u03c0", "name_hi": "\u0915\u093f\u0930\u094d\u0915\u094b\u092a", "name_hu": "Kirkop", "name_id": "Kirkop", "name_it": "Kirkop", "name_ja": "\u30ad\u30eb\u30b3\u30c3\u30d7", "name_ko": "\ud0a4\ub974\ucf54\ud504", "name_nl": "Kirkop", "name_pl": "Kirkop", "name_pt": "Kirkop", "name_ru": "\u041a\u0438\u0440\u043a\u043e\u043f", "name_sv": "Kirkop", "name_tr": "Kirkop", "name_vi": "Kirkop", "name_zh": "\u57fa\u5c14\u79d1\u666e", "ne_id": 1159318091, "name_he": "\u05e7\u05d9\u05e8\u05e7\u05d5\u05e4", "name_uk": "\u041a\u0456\u0440\u043a\u043e\u043f", "name_ur": "\u06a9\u06cc\u0631\u06a9\u0648\u067e", "name_fa": "\u06a9\u0631\u06a9\u0648\u067e", "name_zht": "\u57fa\u5c14\u79d1\u666e", "FCLASS_ISO": null, "FCLASS_US": null, "FCLASS_FR": null, "FCLASS_RU": null, "FCLASS_ES": null, "FCLASS_CN": null, "FCLASS_TW": null, "FCLASS_IN": null, "FCLASS_NP": null, "FCLASS_PK": null, "FCLASS_DE": null, "FCLASS_GB": null, "FCLASS_BR": null, "FCLASS_IL": null, "FCLASS_PS": null, "FCLASS_SA": null, "FCLASS_EG": null, "FCLASS_MA": null, "FCLASS_PT": null, "FCLASS_AR": null, "FCLASS_JP": null, "FCLASS_KO": null, "FCLASS_VN": null, "FCLASS_TR": null, "FCLASS_ID": null, "FCLASS_PL": null, "FCLASS_GR": null, "FCLASS_IT": null, "FCLASS_NL": null, "FCLASS_SE": null, "FCLASS_BD": null, "FCLASS_UA": null, "FCLASS_TLC": null}, "bbox": [14.476409, 35.834226, 14.490314, 35.848428], "geometry": {"type": "Polygon", "coordinates": [[[14.48351, 35.834226], [14.480847, 35.836889], [14.476409, 35.838368], [14.478184, 35.841919], [14.479663, 35.843694], [14.478184, 35.846357], [14.481734, 35.848428], [14.484397, 35.847244], [14.487356, 35.84399], [14.489427, 35.843102], [14.490314, 35.839552], [14.48351, 35.834226]]]}}, {"type": "Feature", "properties": {"featurecla": "Admin-1 states provinces", "scalerank": 10, "adm1_code": "MLT-5971", "diss_me": 5971, "iso_3166_2": "MT-47", "wikipedia": null, "iso_a2": "MT", "adm0_sr": 3, "name": "Safi", "name_alt": null, "name_local": null, "type": null, "type_en": null, "code_local": null, "code_hasc": "MT.SO.SA", "note": null, "hasc_maybe": null, "region": "Malta Xlokk", "region_cod": null, "provnum_ne": 0, "gadm_level": 0, "check_me": 0, "datarank": 10, "abbrev": null, "postal": null, "area_sqkm": 0, "sameascity": -99, "labelrank": 20, "name_len": 4, "mapcolor9": 1, "mapcolor13": 8, "fips": null, "fips_alt": null, "woe_id": 24551385, "woe_label": null, "woe_name": "Malta", "latitude": 35.8323, "longitude": 14.4902, "sov_a3": "MLT", "adm0_a3": "MLT", "adm0_label": 5, "admin": "Malta", "geonunit": "Malta", "gu_a3": "MLT", "gn_id": 8299746, "gn_name": "Safi", "gns_id": 11535790, "gns_name": "Hal Safi", "gn_level": 1, "gn_region": null, "gn_a1_code": "MT.47", "region_sub": "South Eastern", "sub_code": null, "gns_level": 1, "gns_lang": "mlt", "gns_adm1": "MT47", "gns_region": null, "min_label": 11, "max_label": 11, "min_zoom": 11, "wikidataid": "Q658903", "name_ar": "\u0633\u0627\u0641\u064a", "name_bn": "\u09b8\u09be\u09ab\u09bf", "name_de": "Safi", "name_en": "Safi", "name_es": "Safi", "name_fr": "Safi", "name_el": "\u03a3\u03ac\u03c6\u03b9", "name_hi": "\u0938\u092b\u093c\u0940", "name_hu": "Safi", "name_id": "Safi", "name_it": "Safi", "name_ja": "\u30b5\u30fc\u30d5\u30a3", "name_ko": "\uc0ac\ud53c", "name_nl": "Safi", "name_pl": "Safi", "name_pt": "Safi", "name_ru": "\u0421\u0430\u0444\u0438", "name_sv": "Safi", "name_tr": "Safi", "name_vi": "Safi", "name_zh": "\u8428\u83f2", "ne_id": 1159318093, "name_he": "\u05e1\u05d0\u05e4\u05d9", "name_uk": "\u0421\u0430\u0444\u0456", "name_ur": "\u0633\u0627\u0641\u06cc\u060c \u0645\u0627\u0644\u0679\u0627", "name_fa": "\u0633\u0627\u0641\u06cc", "name_zht": "\u85a9\u975e", "FCLASS_ISO": null, "FCLASS_US": null, "FCLASS_FR": null, "FCLASS_RU": null, "FCLASS_ES": null, "FCLASS_CN": null, "FCLASS_TW": null, "FCLASS_IN": null, "FCLASS_NP": null, "FCLASS_PK": null, "FCLASS_DE": null, "FCLASS_GB": null, "FCLASS_BR": null, "FCLASS_IL": null, "FCLASS_PS": null, "FCLASS_SA": null, "FCLASS_EG": null, "FCLASS_MA": null, "FCLASS_PT": null, "FCLASS_AR": null, "FCLASS_JP": null, "FCLASS_KO": null, "FCLASS_VN": null, "FCLASS_TR": null, "FCLASS_ID": null, "FCLASS_PL": null, "FCLASS_GR": null, "FCLASS_IT": null, "FCLASS_NL": null, "FCLASS_SE": null, "FCLASS_BD": null, "FCLASS_UA": null, "FCLASS_TLC": null}, "bbox": [14.479368, 35.825055, 14.504219, 35.839552], "geometry": {"type": "Polygon", "coordinates": [[[14.486172, 35.825055], [14.482918, 35.825942], [14.479663, 35.828605], [14.479368, 35.830676], [14.48351, 35.834226], [14.490314, 35.839552], [14.495048, 35.837481], [14.498598, 35.833635], [14.504219, 35.829197], [14.500669, 35.826534], [14.498006, 35.827422], [14.494456, 35.828901], [14.49061, 35.82683], [14.486172, 35.825055]]]}}, {"type": "Feature", "properties": {"featurecla": "Admin-1 states provinces", "scalerank": 10, "adm1_code": "MLT-5967", "diss_me": 5967, "iso_3166_2": "MT-17", "wikipedia": null, "iso_a2": "MT", "adm0_sr": 3, "name": "G\u0127axaq", "name_alt": "Ghaxaq", "name_local": null, "type": null, "type_en": null, "code_local": null, "code_hasc": "MT.SO.GH", "note": null, "hasc_maybe": null, "region": "Malta Xlokk", "region_cod": null, "provnum_ne": 0, "gadm_level": 0, "check_me": 0, "datarank": 10, "abbrev": null, "postal": null, "area_sqkm": 0, "sameascity": -99, "labelrank": 20, "name_len": 6, "mapcolor9": 1, "mapcolor13": 8, "fips": null, "fips_alt": null, "woe_id": 24551379, "woe_label": null, "woe_name": "Malta", "latitude": 35.8418, "longitude": 14.515, "sov_a3": "MLT", "adm0_a3": "MLT", "adm0_label": 5, "admin": "Malta", "geonunit": "Malta", "gu_a3": "MLT", "gn_id": 8299714, "gn_name": "Hal Ghaxaq", "gns_id": 11534056, "gns_name": "Hal Ghaxaq", "gn_level": 1, "gn_region": null, "gn_a1_code": "MT.15", "region_sub": "South Eastern", "sub_code": null, "gns_level": 1, "gns_lang": "mlt", "gns_adm1": "MT15", "gns_region": null, "min_label": 11, "max_label": 11, "min_zoom": 11, "wikidataid": "Q426385", "name_ar": "\u063a\u0627\u0643\u0633\u0627\u0642", "name_bn": "\u0998\u09be\u099c\u09be\u0995", "name_de": "G\u0127axaq", "name_en": "G\u0127axaq", "name_es": "G\u0127axaq", "name_fr": "G\u0127axaq", "name_el": "\u0393\u03ba\u03ac\u03be\u03b1\u03ba", "name_hi": "\u0917\u094d\u092f\u0947\u0915\u094d\u0938\u0948\u0915", "name_hu": "G\u0127axaq", "name_id": "G\u0127axaq", "name_it": "G\u0127axaq", "name_ja": "\u30a2\u30fc\u30b7\u30e3", "name_ko": "\uc544\uc0e4", "name_nl": "G\u0127axaq", "name_pl": "G\u0127axaq", "name_pt": "G\u0127axaq", "name_ru": "\u0410\u0448\u0430\u043a", "name_sv": "\u0126al G\u0127axaq", "name_tr": "Ghaxaq", "name_vi": "Ghaxaq", "name_zh": "\u963f\u6c99\u683c", "ne_id": 1159318083, "name_he": "\u05d2\u05d0\u05e7\u05e1\u05d0\u05e7", "name_uk": "\u0413\u0430\u0448\u0430\u043a", "name_ur": "\u0627\u0634\u0622", "name_fa": "\u06af\u0627\u06a9\u0633\u0627\u0642", "name_zht": "\u963f\u6c99\u683c", "FCLASS_ISO": null, "FCLASS_US": null, "FCLASS_FR": null, "FCLASS_RU": null, "FCLASS_ES": null, "FCLASS_CN": null, "FCLASS_TW": null, "FCLASS_IN": null, "FCLASS_NP": null, "FCLASS_PK": null, "FCLASS_DE": null, "FCLASS_GB": null, "FCLASS_BR": null, "FCLASS_IL": null, "FCLASS_PS": null, "FCLASS_SA": null, "FCLASS_EG": null, "FCLASS_MA": null, "FCLASS_PT": null, "FCLASS_AR": null, "FCLASS_JP": null, "FCLASS_KO": null, "FCLASS_VN": null, "FCLASS_TR": null, "FCLASS_ID": null, "FCLASS_PL": null, "FCLASS_GR": null, "FCLASS_IT": null, "FCLASS_NL": null, "FCLASS_SE": null, "FCLASS_BD": null, "FCLASS_UA": null, "FCLASS_TLC": null}, "bbox": [14.503332, 35.829789, 14.525225, 35.856711], "geometry": {"type": "Polygon", "coordinates": [[[14.525225, 35.839848], [14.523746, 35.836889], [14.519012, 35.836002], [14.51635, 35.835114], [14.515462, 35.832451], [14.513095, 35.830084], [14.508953, 35.829789], [14.506586, 35.833339], [14.503332, 35.836593], [14.505699, 35.838368], [14.505699, 35.840144], [14.505995, 35.843398], [14.507178, 35.845765], [14.509249, 35.846948], [14.509841, 35.850203], [14.510432, 35.851682], [14.509841, 35.854936], [14.511024, 35.856711], [14.515758, 35.855528], [14.5199, 35.85109], [14.524634, 35.844581], [14.525225, 35.839848]]]}}, {"type": "Feature", "properties": {"featurecla": "Admin-1 states provinces", "scalerank": 10, "adm1_code": "MLT-5961", "diss_me": 5961, "iso_3166_2": "MT-67", "wikipedia": null, "iso_a2": "MT", "adm0_sr": 3, "name": "\u017bejtun", "name_alt": "Zejtun", "name_local": null, "type": null, "type_en": null, "code_local": null, "code_hasc": "MT.SE.ZJ", "note": null, "hasc_maybe": null, "region": "Malta Xlokk", "region_cod": null, "provnum_ne": 0, "gadm_level": 0, "check_me": 0, "datarank": 10, "abbrev": null, "postal": null, "area_sqkm": 0, "sameascity": -99, "labelrank": 20, "name_len": 6, "mapcolor9": 1, "mapcolor13": 8, "fips": null, "fips_alt": null, "woe_id": 24551384, "woe_label": null, "woe_name": "Malta", "latitude": 35.8539, "longitude": 14.5324, "sov_a3": "MLT", "adm0_a3": "MLT", "adm0_label": 5, "admin": "Malta", "geonunit": "Malta", "gu_a3": "MLT", "gn_id": 8299765, "gn_name": "Iz-Zejtun", "gns_id": 11536499, "gns_name": "Iz-Zejtun", "gn_level": 1, "gn_region": null, "gn_a1_code": "MT.67", "region_sub": "South Eastern", "sub_code": null, "gns_level": 1, "gns_lang": "mlt", "gns_adm1": "MT67", "gns_region": null, "min_label": 11, "max_label": 11, "min_zoom": 11, "wikidataid": "Q44392", "name_ar": "\u0627\u0644\u0632\u064a\u062a\u0648\u0646", "name_bn": "\u099c\u09c7\u09a4\u09cb\u09a8", "name_de": "\u017bejtun", "name_en": "\u017bejtun", "name_es": "\u017bejtun", "name_fr": "\u017bejtun", "name_el": "\u0396\u03ad\u03c4\u03b6\u03c4\u03bf\u03c5\u03bd", "name_hi": "\u091c\u093c\u0947\u092f\u0924\u0928", "name_hu": "\u017bejtun", "name_id": "\u017bejtun", "name_it": "\u017bejtun", "name_ja": "\u30bc\u30a4\u30c8\u30a5\u30f3", "name_ko": "\uc81c\uc774\ud230", "name_nl": "\u017bejtun", "name_pl": "\u017bejtun", "name_pt": "\u017bejtun", "name_ru": "\u0417\u0435\u0439\u0442\u0443\u043d", "name_sv": "I\u017c-\u017bejtun", "name_tr": "Zejtun", "name_vi": "Zejtun", "name_zh": "\u699f\u6a54", "ne_id": 1159318069, "name_he": "\u05d0\u05d9\u05d6-\u05d6\u05d9\u05ea\u05d5\u05df", "name_uk": "\u0417\u0435\u0439\u0442\u0443\u043d", "name_ur": "\u0632\u06cc\u062a\u0648\u0646\u060c \u0645\u0627\u0644\u0679\u0627", "name_fa": "\u0632\u06cc\u062a\u0648\u0646\u060c \u0645\u0627\u0644\u062a", "name_zht": "\u699f\u6a54", "FCLASS_ISO": null, "FCLASS_US": null, "FCLASS_FR": null, "FCLASS_RU": null, "FCLASS_ES": null, "FCLASS_CN": null, "FCLASS_TW": null, "FCLASS_IN": null, "FCLASS_NP": null, "FCLASS_PK": null, "FCLASS_DE": null, "FCLASS_GB": null, "FCLASS_BR": null, "FCLASS_IL": null, "FCLASS_PS": null, "FCLASS_SA": null, "FCLASS_EG": null, "FCLASS_MA": null, "FCLASS_PT": null, "FCLASS_AR": null, "FCLASS_JP": null, "FCLASS_KO": null, "FCLASS_VN": null, "FCLASS_TR": null, "FCLASS_ID": null, "FCLASS_PL": null, "FCLASS_GR": null, "FCLASS_IT": null, "FCLASS_NL": null, "FCLASS_SE": null, "FCLASS_BD": null, "FCLASS_UA": null, "FCLASS_TLC": null}, "bbox": [14.511024, 35.842806, 14.548302, 35.865587], "geometry": {"type": "Polygon", "coordinates": [[[14.545048, 35.842806], [14.53913, 35.845469], [14.533213, 35.846061], [14.530847, 35.844286], [14.524634, 35.844581], [14.5199, 35.85109], [14.515758, 35.855528], [14.511024, 35.856711], [14.512503, 35.858191], [14.51635, 35.860262], [14.518421, 35.861445], [14.519308, 35.864108], [14.521675, 35.8647], [14.525225, 35.865587], [14.527592, 35.864404], [14.53203, 35.864108], [14.534988, 35.861445], [14.542977, 35.860853], [14.546231, 35.855528], [14.54771, 35.852274], [14.546527, 35.849907], [14.546823, 35.847836], [14.548302, 35.845765], [14.545048, 35.842806]]]}}, {"type": "Feature", "properties": {"featurecla": "Admin-1 states provinces", "scalerank": 10, "adm1_code": "MLT-5959", "diss_me": 5959, "iso_3166_2": "MT-08", "wikipedia": null, "iso_a2": "MT", "adm0_sr": 3, "name": "Fgura", "name_alt": null, "name_local": null, "type": null, "type_en": null, "code_local": null, "code_hasc": "MT.SE.FG", "note": null, "hasc_maybe": null, "region": "Malta Xlokk", "region_cod": null, "provnum_ne": 0, "gadm_level": 0, "check_me": 0, "datarank": 10, "abbrev": null, "postal": null, "area_sqkm": 0, "sameascity": -99, "labelrank": 20, "name_len": 5, "mapcolor9": 1, "mapcolor13": 8, "fips": null, "fips_alt": null, "woe_id": 24551403, "woe_label": null, "woe_name": "Malta", "latitude": 35.8694, "longitude": 14.5196, "sov_a3": "MLT", "adm0_a3": "MLT", "adm0_label": 5, "admin": "Malta", "geonunit": "Malta", "gu_a3": "MLT", "gn_id": 8299707, "gn_name": "Il-Fgura", "gns_id": 11534047, "gns_name": "Il-Fgura", "gn_level": 1, "gn_region": null, "gn_a1_code": "MT.08", "region_sub": "Southern Harbour", "sub_code": null, "gns_level": 1, "gns_lang": "mlt", "gns_adm1": "MT08", "gns_region": null, "min_label": 11, "max_label": 11, "min_zoom": 11, "wikidataid": "Q44388", "name_ar": "\u0641\u063a\u0648\u0631\u0627", "name_bn": "\u09ab\u09c7\u0997\u09c1\u09b0\u09be", "name_de": "Fgura", "name_en": "Fgura", "name_es": "Fgura", "name_fr": "Fgura", "name_el": "\u03a6\u03b3\u03ba\u03bf\u03cd\u03c1\u03b1", "name_hi": "\u092b\u093e\u0917\u0941\u0930\u093e", "name_hu": "Fgura", "name_id": "Fgura", "name_it": "Figura", "name_ja": "\u30d5\u30b0\u30fc\u30e9", "name_ko": "\ud504\uad6c\ub77c", "name_nl": "Fgura", "name_pl": "Fgura", "name_pt": "Fgura", "name_ru": "\u0424\u0433\u0443\u0440\u0430", "name_sv": "Il-Fgura", "name_tr": "Fgura", "name_vi": "Fgura", "name_zh": "\u5f17\u53e4\u62c9", "ne_id": 1159318065, "name_he": "\u05e4\u05d2\u05d5\u05e8\u05d4", "name_uk": "\u0424\u0433\u0443\u0440\u0430", "name_ur": "\u0641\u06af\u0648\u0631\u0627", "name_fa": "\u0641\u06af\u0648\u0631\u0627", "name_zht": "\u5f17\u53e4\u62c9", "FCLASS_ISO": null, "FCLASS_US": null, "FCLASS_FR": null, "FCLASS_RU": null, "FCLASS_ES": null, "FCLASS_CN": null, "FCLASS_TW": null, "FCLASS_IN": null, "FCLASS_NP": null, "FCLASS_PK": null, "FCLASS_DE": null, "FCLASS_GB": null, "FCLASS_BR": null, "FCLASS_IL": null, "FCLASS_PS": null, "FCLASS_SA": null, "FCLASS_EG": null, "FCLASS_MA": null, "FCLASS_PT": null, "FCLASS_AR": null, "FCLASS_JP": null, "FCLASS_KO": null, "FCLASS_VN": null, "FCLASS_TR": null, "FCLASS_ID": null, "FCLASS_PL": null, "FCLASS_GR": null, "FCLASS_IT": null, "FCLASS_NL": null, "FCLASS_SE": null, "FCLASS_BD": null, "FCLASS_UA": null, "FCLASS_TLC": null}, "bbox": [14.508361, 35.860262, 14.529071, 35.874463], "geometry": {"type": "Polygon", "coordinates": [[[14.525225, 35.865587], [14.521675, 35.8647], [14.519308, 35.864108], [14.518421, 35.861445], [14.51635, 35.860262], [14.51487, 35.86322], [14.515758, 35.865587], [14.513095, 35.867954], [14.508361, 35.869137], [14.513687, 35.873871], [14.517237, 35.873871], [14.522858, 35.874167], [14.526705, 35.874463], [14.529071, 35.873575], [14.528184, 35.871208], [14.526409, 35.868842], [14.525225, 35.865587]]]}}, {"type": "Feature", "properties": {"featurecla": "Admin-1 states provinces", "scalerank": 10, "adm1_code": "MLT-5960", "diss_me": 5960, "iso_3166_2": "MT-59", "wikipedia": null, "iso_a2": "MT", "adm0_sr": 3, "name": "Tarxien", "name_alt": null, "name_local": null, "type": null, "type_en": null, "code_local": null, "code_hasc": "MT.SE.TA", "note": null, "hasc_maybe": null, "region": "Malta Xlokk", "region_cod": null, "provnum_ne": 0, "gadm_level": 0, "check_me": 0, "datarank": 10, "abbrev": null, "postal": null, "area_sqkm": 0, "sameascity": -99, "labelrank": 20, "name_len": 7, "mapcolor9": 1, "mapcolor13": 8, "fips": null, "fips_alt": null, "woe_id": 24551402, "woe_label": null, "woe_name": "Malta", "latitude": 35.8616, "longitude": 14.5088, "sov_a3": "MLT", "adm0_a3": "MLT", "adm0_label": 5, "admin": "Malta", "geonunit": "Malta", "gu_a3": "MLT", "gn_id": 8299757, "gn_name": "Tarxien", "gns_id": 11536202, "gns_name": "Hal Tarxien", "gn_level": 1, "gn_region": null, "gn_a1_code": "MT.58", "region_sub": "Southern Harbour", "sub_code": null, "gns_level": 1, "gns_lang": "mlt", "gns_adm1": "MT58", "gns_region": null, "min_label": 11, "max_label": 11, "min_zoom": 11, "wikidataid": "Q744001", "name_ar": "\u062a\u0634\u0631\u0632\u064a\u0646", "name_bn": "\u099f\u09be\u09b0\u0995\u09cd\u09b8\u09bf\u09af\u09bc\u09c7\u09a8", "name_de": "Tarxien", "name_en": "Tarxien", "name_es": "Tarxien", "name_fr": "Tarxien", "name_el": "\u03a4\u03ac\u03c1\u03ba\u03c3\u03b9\u03b5\u03bd", "name_hi": "\u091f\u093e\u0930\u091c\u093c\u093f\u090f\u0928", "name_hu": "Tarxien", "name_id": "Tarxien", "name_it": "Tarscen", "name_ja": "\u30bf\u30eb\u30b7\u30fc\u30f3", "name_ko": "\ud0c0\ub974\uc2e0", "name_nl": "Tarxien", "name_pl": "Tarxien", "name_pt": "Tarxien", "name_ru": "\u0422\u0430\u0440\u0448\u0438\u043d", "name_sv": "Tarxien", "name_tr": "Tarxien", "name_vi": "Tarxien", "name_zh": "\u5854\u5c14\u6b23", "ne_id": 1159318067, "name_he": "\u05d8\u05e8\u05e9\u05d9\u05df", "name_uk": "\u0422\u0430\u0440\u0448\u0456\u0435\u043d", "name_ur": "\u062a\u0627\u0631\u0634\u06cc\u0626\u0646", "name_fa": "\u062a\u0631\u0632\u06cc\u0646", "name_zht": "\u5854\u723e\u6b23", "FCLASS_ISO": null, "FCLASS_US": null, "FCLASS_FR": null, "FCLASS_RU": null, "FCLASS_ES": null, "FCLASS_CN": null, "FCLASS_TW": null, "FCLASS_IN": null, "FCLASS_NP": null, "FCLASS_PK": null, "FCLASS_DE": null, "FCLASS_GB": null, "FCLASS_BR": null, "FCLASS_IL": null, "FCLASS_PS": null, "FCLASS_SA": null, "FCLASS_EG": null, "FCLASS_MA": null, "FCLASS_PT": null, "FCLASS_AR": null, "FCLASS_JP": null, "FCLASS_KO": null, "FCLASS_VN": null, "FCLASS_TR": null, "FCLASS_ID": null, "FCLASS_PL": null, "FCLASS_GR": null, "FCLASS_IT": null, "FCLASS_NL": null, "FCLASS_SE": null, "FCLASS_BD": null, "FCLASS_UA": null, "FCLASS_TLC": null}, "bbox": [14.494752, 35.854936, 14.51635, 35.869137], "geometry": {"type": "Polygon", "coordinates": [[[14.51635, 35.860262], [14.512503, 35.858191], [14.511024, 35.856711], [14.509841, 35.854936], [14.50274, 35.85612], [14.498006, 35.856711], [14.494752, 35.858487], [14.500077, 35.861445], [14.503332, 35.862924], [14.504811, 35.866179], [14.508361, 35.869137], [14.513095, 35.867954], [14.515758, 35.865587], [14.51487, 35.86322], [14.51635, 35.860262]]]}}, {"type": "Feature", "properties": {"featurecla": "Admin-1 states provinces", "scalerank": 10, "adm1_code": "MLT-5965", "diss_me": 5965, "iso_3166_2": "MT-53", "wikipedia": null, "iso_a2": "MT", "adm0_sr": 3, "name": "Santa Lu\u010bija", "name_alt": "Santa Lucija", "name_local": null, "type": null, "type_en": null, "code_local": null, "code_hasc": "MT.SO.SL", "note": null, "hasc_maybe": null, "region": "Malta Xlokk", "region_cod": null, "provnum_ne": 0, "gadm_level": 0, "check_me": 0, "datarank": 10, "abbrev": null, "postal": null, "area_sqkm": 0, "sameascity": -99, "labelrank": 20, "name_len": 12, "mapcolor9": 1, "mapcolor13": 8, "fips": "MT51", "fips_alt": null, "woe_id": 24551396, "woe_label": null, "woe_name": "Malta", "latitude": 35.8531, "longitude": 14.5028, "sov_a3": "MLT", "adm0_a3": "MLT", "adm0_label": 5, "admin": "Malta", "geonunit": "Malta", "gu_a3": "MLT", "gn_id": 8299750, "gn_name": "Saint Lucia", "gns_id": 11535794, "gns_name": "Santa Lucija", "gn_level": 1, "gn_region": null, "gn_a1_code": "MT.51", "region_sub": "Southern Harbour", "sub_code": null, "gns_level": 1, "gns_lang": "mlt", "gns_adm1": "MT51", "gns_region": null, "min_label": 11, "max_label": 11, "min_zoom": 11, "wikidataid": "Q1087776", "name_ar": "\u0633\u0627\u0646\u062a\u0627 \u0644\u0648\u0632\u064a\u062c\u0627", "name_bn": "\u09b8\u09c7\u09a8\u09cd\u099f \u09b2\u09c1\u09b8\u09bf\u09af\u09bc\u09be", "name_de": "Santa Lu\u010bija", "name_en": "Santa Lu\u010bija", "name_es": "Santa Lu\u010bija", "name_fr": "Santa Lu\u010bija", "name_el": "\u03a3\u03ac\u03bd\u03c4\u03b1 \u039b\u03bf\u03c5\u03c4\u03c3\u03af\u03b1", "name_hi": "\u0938\u093e\u0902\u0924\u093e \u0932\u0942\u0938\u093f\u092f\u093e", "name_hu": "Santa Lu\u010bija", "name_id": "Santa Lu\u010bija", "name_it": "Santa Lucia", "name_ja": "\u30b5\u30f3\u30bf\u30eb\u30fc\u30c1\u30e3", "name_ko": "\uc0b0\ud0c0\ub8e8\uce58\uc57c", "name_nl": "Santa Lu\u010bija", "name_pl": "Santa Lu\u010bija", "name_pt": "Santa Lu\u010bija", "name_ru": "\u0421\u0430\u043d\u0442\u0430-\u041b\u0443\u0447\u0438\u044f", "name_sv": "Saint Lucia", "name_tr": "Santa Lucija", "name_vi": "Santa Lucija", "name_zh": "\u5723\u9732\u897f\u4e9a", "ne_id": 1159318079, "name_he": "\u05e1\u05e0\u05d8\u05d4 \u05dc\u05d5\u05e6'\u05d9\u05d4", "name_uk": "\u0421\u0430\u043d\u0442\u0430-\u041b\u0443\u0447\u0456\u044f", "name_ur": "\u0633\u0627\u0646\u062a\u0627 \u0644\u0648\u0686\u06cc\u0627", "name_fa": "\u0633\u0627\u0646\u062a\u0627 \u0644\u0648\u0698\u06cc\u0627", "name_zht": "\u8056\u9732\u897f\u4e9e", "FCLASS_ISO": null, "FCLASS_US": null, "FCLASS_FR": null, "FCLASS_RU": null, "FCLASS_ES": null, "FCLASS_CN": null, "FCLASS_TW": null, "FCLASS_IN": null, "FCLASS_NP": null, "FCLASS_PK": null, "FCLASS_DE": null, "FCLASS_GB": null, "FCLASS_BR": null, "FCLASS_IL": null, "FCLASS_PS": null, "FCLASS_SA": null, "FCLASS_EG": null, "FCLASS_MA": null, "FCLASS_PT": null, "FCLASS_AR": null, "FCLASS_JP": null, "FCLASS_KO": null, "FCLASS_VN": null, "FCLASS_TR": null, "FCLASS_ID": null, "FCLASS_PL": null, "FCLASS_GR": null, "FCLASS_IT": null, "FCLASS_NL": null, "FCLASS_SE": null, "FCLASS_BD": null, "FCLASS_UA": null, "FCLASS_TLC": null}, "bbox": [14.494456, 35.850203, 14.510432, 35.858487], "geometry": {"type": "Polygon", "coordinates": [[[14.509841, 35.854936], [14.510432, 35.851682], [14.509841, 35.850203], [14.50274, 35.850499], [14.494456, 35.850794], [14.494752, 35.854345], [14.494752, 35.858487], [14.498006, 35.856711], [14.50274, 35.85612], [14.509841, 35.854936]]]}}, {"type": "Feature", "properties": {"featurecla": "Admin-1 states provinces", "scalerank": 10, "adm1_code": "MLT-5966", "diss_me": 5966, "iso_3166_2": "MT-11", "wikipedia": null, "iso_a2": "MT", "adm0_sr": 3, "name": "Gudja", "name_alt": null, "name_local": null, "type": null, "type_en": null, "code_local": null, "code_hasc": "MT.SO.GU", "note": null, "hasc_maybe": null, "region": "Malta Xlokk", "region_cod": null, "provnum_ne": 0, "gadm_level": 0, "check_me": 0, "datarank": 10, "abbrev": null, "postal": null, "area_sqkm": 0, "sameascity": -99, "labelrank": 20, "name_len": 5, "mapcolor9": 1, "mapcolor13": 8, "fips": null, "fips_alt": null, "woe_id": 24551389, "woe_label": null, "woe_name": "Malta", "latitude": 35.8447, "longitude": 14.5019, "sov_a3": "MLT", "adm0_a3": "MLT", "adm0_label": 5, "admin": "Malta", "geonunit": "Malta", "gu_a3": "MLT", "gn_id": 8299715, "gn_name": "Il-Gudja", "gns_id": 11534057, "gns_name": "Il-Gudja", "gn_level": 1, "gn_region": null, "gn_a1_code": "MT.16", "region_sub": "South Eastern", "sub_code": null, "gns_level": 1, "gns_lang": "mlt", "gns_adm1": "MT16", "gns_region": null, "min_label": 11, "max_label": 11, "min_zoom": 11, "wikidataid": "Q1018153", "name_ar": "\u063a\u0648\u062f\u064a\u0627", "name_bn": "\u0997\u09cb\u099c\u09be", "name_de": "Gudja", "name_en": "Gudja", "name_es": "Gudja", "name_fr": "Gudja", "name_el": "\u0393\u03ba\u03bf\u03cd\u03bd\u03c4\u03b6\u03b1", "name_hi": "\u0917\u0941\u0921\u092f\u093e", "name_hu": "Gudja", "name_id": "Gudja", "name_it": "Gudia", "name_ja": "\u30b0\u30fc\u30c7\u30a3\u30a2", "name_ko": "\uad6c\ub514\uc544", "name_nl": "Gudja", "name_pl": "Gudja", "name_pt": "Gudja", "name_ru": "\u0413\u0443\u0434\u044c\u044f", "name_sv": "Il-Gudja", "name_tr": "Gudja", "name_vi": "Gudja", "name_zh": "\u53e4\u8fea\u4e9a", "ne_id": 1159318081, "name_he": "\u05d2\u05d5\u05d3\u05d2'\u05d4", "name_uk": "\u0413\u0443\u0434\u044c\u044f", "name_ur": "\u06af\u0648\u062f\u06cc\u0627", "name_fa": "\u06af\u0648\u062f\u062c\u0627", "name_zht": "\u53e4\u8fea\u4e9a", "FCLASS_ISO": null, "FCLASS_US": null, "FCLASS_FR": null, "FCLASS_RU": null, "FCLASS_ES": null, "FCLASS_CN": null, "FCLASS_TW": null, "FCLASS_IN": null, "FCLASS_NP": null, "FCLASS_PK": null, "FCLASS_DE": null, "FCLASS_GB": null, "FCLASS_BR": null, "FCLASS_IL": null, "FCLASS_PS": null, "FCLASS_SA": null, "FCLASS_EG": null, "FCLASS_MA": null, "FCLASS_PT": null, "FCLASS_AR": null, "FCLASS_JP": null, "FCLASS_KO": null, "FCLASS_VN": null, "FCLASS_TR": null, "FCLASS_ID": null, "FCLASS_PL": null, "FCLASS_GR": null, "FCLASS_IT": null, "FCLASS_NL": null, "FCLASS_SE": null, "FCLASS_BD": null, "FCLASS_UA": null, "FCLASS_TLC": null}, "bbox": [14.494456, 35.836593, 14.509841, 35.850794], "geometry": {"type": "Polygon", "coordinates": [[[14.509841, 35.850203], [14.509249, 35.846948], [14.507178, 35.845765], [14.505995, 35.843398], [14.505699, 35.840144], [14.505699, 35.838368], [14.503332, 35.836593], [14.498894, 35.839256], [14.496527, 35.841031], [14.496231, 35.844877], [14.496231, 35.846948], [14.494456, 35.850794], [14.50274, 35.850499], [14.509841, 35.850203]]]}}, {"type": "Feature", "properties": {"featurecla": "Admin-1 states provinces", "scalerank": 10, "adm1_code": "MLT-5958", "diss_me": 5958, "iso_3166_2": "MT-39", "wikipedia": null, "iso_a2": "MT", "adm0_sr": 3, "name": "Paola", "name_alt": null, "name_local": null, "type": null, "type_en": null, "code_local": null, "code_hasc": "MT.SE.PA", "note": null, "hasc_maybe": null, "region": "Malta Xlokk", "region_cod": null, "provnum_ne": 0, "gadm_level": 0, "check_me": 0, "datarank": 10, "abbrev": null, "postal": null, "area_sqkm": 0, "sameascity": -99, "labelrank": 20, "name_len": 5, "mapcolor9": 1, "mapcolor13": 8, "fips": null, "fips_alt": null, "woe_id": 24551398, "woe_label": null, "woe_name": "Malta", "latitude": 35.8727, "longitude": 14.505, "sov_a3": "MLT", "adm0_a3": "MLT", "adm0_label": 5, "admin": "Malta", "geonunit": "Malta", "gu_a3": "MLT", "gn_id": 8299738, "gn_name": "Paola", "gns_id": 11535781, "gns_name": "Paola", "gn_level": 1, "gn_region": null, "gn_a1_code": "MT.39", "region_sub": "Southern Harbour", "sub_code": null, "gns_level": 1, "gns_lang": "mlt", "gns_adm1": "MT39", "gns_region": null, "min_label": 11, "max_label": 11, "min_zoom": 11, "wikidataid": "Q846589", "name_ar": "\u0628\u0627\u0648\u0644\u0627", "name_bn": "\u09aa\u09be\u0993\u09b2\u09be", "name_de": "Paola", "name_en": "Paola", "name_es": "Paola", "name_fr": "Paola", "name_el": "\u03a0\u03ac\u03bf\u03bb\u03b1", "name_hi": "\u092a\u093e\u0913\u0932\u093e", "name_hu": "Paola", "name_id": "Paola", "name_it": "Paola", "name_ja": "\u30d1\u30a6\u30e9", "name_ko": "\ud30c\uc62c\ub77c", "name_nl": "Paola", "name_pl": "Paola", "name_pt": "Paola", "name_ru": "\u041f\u0430\u043e\u043b\u0430", "name_sv": "Paola", "name_tr": "Paola", "name_vi": "Paola", "name_zh": "\u4fdd\u62c9", "ne_id": 1159318063, "name_he": "\u05e4\u05d0\u05d5\u05dc\u05d4", "name_uk": "\u041f\u0430\u043e\u043b\u0430", "name_ur": "\u067e\u0627\u0648\u0644\u0627\u060c \u0645\u0627\u0644\u0679\u0627", "name_fa": "\u067e\u0627\u0626\u0648\u0644\u0627", "name_zht": "\u4fdd\u62c9", "FCLASS_ISO": null, "FCLASS_US": null, "FCLASS_FR": null, "FCLASS_RU": null, "FCLASS_ES": null, "FCLASS_CN": null, "FCLASS_TW": null, "FCLASS_IN": null, "FCLASS_NP": null, "FCLASS_PK": null, "FCLASS_DE": null, "FCLASS_GB": null, "FCLASS_BR": null, "FCLASS_IL": null, "FCLASS_PS": null, "FCLASS_SA": null, "FCLASS_EG": null, "FCLASS_MA": null, "FCLASS_PT": null, "FCLASS_AR": null, "FCLASS_JP": null, "FCLASS_KO": null, "FCLASS_VN": null, "FCLASS_TR": null, "FCLASS_ID": null, "FCLASS_PL": null, "FCLASS_GR": null, "FCLASS_IT": null, "FCLASS_NL": null, "FCLASS_SE": null, "FCLASS_BD": null, "FCLASS_UA": null, "FCLASS_TLC": null}, "bbox": [14.493273, 35.858487, 14.513687, 35.88541], "geometry": {"type": "Polygon", "coordinates": [[[14.508361, 35.869137], [14.504811, 35.866179], [14.503332, 35.862924], [14.500077, 35.861445], [14.494752, 35.858487], [14.493273, 35.862924], [14.497711, 35.867362], [14.500373, 35.873575], [14.500669, 35.879788], [14.504515, 35.882451], [14.508361, 35.88541], [14.513687, 35.88038], [14.510728, 35.875942], [14.513687, 35.873871], [14.508361, 35.869137]]]}}, {"type": "Feature", "properties": {"featurecla": "Admin-1 states provinces", "scalerank": 10, "adm1_code": "MLT-5938", "diss_me": 5938, "iso_3166_2": "MT-12", "wikipedia": null, "iso_a2": "MT", "adm0_sr": 3, "name": "G\u017cira", "name_alt": "Gzira", "name_local": null, "type": null, "type_en": null, "code_local": null, "code_hasc": "MT.CE.GZ", "note": null, "hasc_maybe": null, "region": "Malta Majjistral", "region_cod": null, "provnum_ne": 0, "gadm_level": 0, "check_me": 0, "datarank": 10, "abbrev": null, "postal": null, "area_sqkm": 0, "sameascity": -99, "labelrank": 20, "name_len": 5, "mapcolor9": 1, "mapcolor13": 8, "fips": null, "fips_alt": null, "woe_id": 24551388, "woe_label": null, "woe_name": "Malta", "latitude": 35.9025, "longitude": 14.4908, "sov_a3": "MLT", "adm0_a3": "MLT", "adm0_label": 5, "admin": "Malta", "geonunit": "Malta", "gu_a3": "MLT", "gn_id": 8299716, "gn_name": "Il-Gzira", "gns_id": 11534058, "gns_name": "Il-Gzira", "gn_level": 1, "gn_region": null, "gn_a1_code": "MT.17", "region_sub": "Northern Harbour", "sub_code": null, "gns_level": 1, "gns_lang": "mlt", "gns_adm1": "MT17", "gns_region": null, "min_label": 11, "max_label": 11, "min_zoom": 11, "wikidataid": "Q632097", "name_ar": "\u063a\u0632\u064a\u0631\u0627", "name_bn": "\u099c\u09bf\u09b0\u09be", "name_de": "G\u017cira", "name_en": "G\u017cira", "name_es": "G\u017cira", "name_fr": "G\u017cira", "name_el": "\u0393\u03ba\u03b6\u03af\u03c1\u03b1", "name_hi": "\u091c\u093c\u093f\u0930\u093e", "name_hu": "G\u017cira", "name_id": "G\u017cira", "name_it": "G\u017cira", "name_ja": "\u30b0\u30b8\u30e9", "name_ko": "\uadf8\uc9c0\ub77c", "name_nl": "G\u017cira", "name_pl": "G\u017cira", "name_pt": "G\u017cira", "name_ru": "\u0413\u0437\u0438\u0440\u0430", "name_sv": "Il-G\u017cira", "name_tr": "Gzira", "name_vi": "Gzira", "name_zh": "\u683c\u9f50\u62c9", "ne_id": 1159318019, "name_he": "\u05d2\u05d6\u05d9\u05e8\u05d4", "name_uk": "\u0413\u0437\u0456\u0440\u0430", "name_ur": "\u06af\u0632\u06cc\u0631\u06c1", "name_fa": "\u06af\u0632\u06cc\u0631\u0627", "name_zht": "\u683c\u9f4a\u62c9", "FCLASS_ISO": null, "FCLASS_US": null, "FCLASS_FR": null, "FCLASS_RU": null, "FCLASS_ES": null, "FCLASS_CN": null, "FCLASS_TW": null, "FCLASS_IN": null, "FCLASS_NP": null, "FCLASS_PK": null, "FCLASS_DE": null, "FCLASS_GB": null, "FCLASS_BR": null, "FCLASS_IL": null, "FCLASS_PS": null, "FCLASS_SA": null, "FCLASS_EG": null, "FCLASS_MA": null, "FCLASS_PT": null, "FCLASS_AR": null, "FCLASS_JP": null, "FCLASS_KO": null, "FCLASS_VN": null, "FCLASS_TR": null, "FCLASS_ID": null, "FCLASS_PL": null, "FCLASS_GR": null, "FCLASS_IT": null, "FCLASS_NL": null, "FCLASS_SE": null, "FCLASS_BD": null, "FCLASS_UA": null, "FCLASS_TLC": null}, "bbox": [14.485885, 35.895173, 14.507478, 35.906616], "geometry": {"type": "Polygon", "coordinates": [[[14.507178, 35.898723], [14.501557, 35.895173], [14.497799, 35.897234], [14.489161, 35.897383], [14.485885, 35.900361], [14.488566, 35.90468], [14.492884, 35.906616], [14.497352, 35.903786], [14.507478, 35.901999], [14.507178, 35.898723]]]}}, {"type": "Feature", "properties": {"featurecla": "Admin-1 states provinces", "scalerank": 10, "adm1_code": "MLT-5954", "diss_me": 5954, "iso_3166_2": "MT-09", "wikipedia": null, "iso_a2": "MT", "adm0_sr": 3, "name": "Floriana", "name_alt": null, "name_local": null, "type": null, "type_en": null, "code_local": null, "code_hasc": "MT.SE.FL", "note": null, "hasc_maybe": null, "region": "Malta Xlokk", "region_cod": null, "provnum_ne": 0, "gadm_level": 0, "check_me": 0, "datarank": 10, "abbrev": null, "postal": null, "area_sqkm": 0, "sameascity": -99, "labelrank": 20, "name_len": 8, "mapcolor9": 1, "mapcolor13": 8, "fips": null, "fips_alt": null, "woe_id": 24551390, "woe_label": null, "woe_name": "Malta", "latitude": 35.888, "longitude": 14.503, "sov_a3": "MLT", "adm0_a3": "MLT", "adm0_label": 5, "admin": "Malta", "geonunit": "Malta", "gu_a3": "MLT", "gn_id": 8299708, "gn_name": "Il-Furjana", "gns_id": 11534049, "gns_name": "Il-Furjana", "gn_level": 1, "gn_region": null, "gn_a1_code": "MT.09", "region_sub": "Southern Harbour", "sub_code": null, "gns_level": 1, "gns_lang": "mlt", "gns_adm1": "MT09", "gns_region": null, "min_label": 11, "max_label": 11, "min_zoom": 11, "wikidataid": "Q832807", "name_ar": "\u0641\u0644\u0648\u0631\u064a\u0627\u0646\u0627", "name_bn": "\u09ab\u09cd\u09b2\u09c1\u09b0\u09bf\u09af\u09bc\u09be\u09a8\u09be", "name_de": "Floriana", "name_en": "Floriana", "name_es": "Floriana", "name_fr": "Il-Furjana", "name_el": "\u03a6\u03bb\u03bf\u03c1\u03b9\u03ac\u03bd\u03b1", "name_hi": "\u092b\u094d\u0932\u094b\u0930\u093f\u092f\u093e\u0928\u093e", "name_hu": "Floriana", "name_id": "Floriana", "name_it": "Floriana", "name_ja": "\u30d5\u30ed\u30ea\u30a2\u30fc\u30ca", "name_ko": "\ud50c\ub85c\ub9ac\uc544\ub098", "name_nl": "Floriana", "name_pl": "Floriana", "name_pt": "Floriana", "name_ru": "\u0424\u043b\u043e\u0440\u0438\u0430\u043d\u0430", "name_sv": "Floriana", "name_tr": "Floriana", "name_vi": "Floriana", "name_zh": "\u5f17\u7f57\u745e\u5b89\u5a1c", "ne_id": 1159318055, "name_he": "\u05e4\u05dc\u05d5\u05e8\u05d9\u05d0\u05e0\u05d4", "name_uk": "\u0424\u043b\u043e\u0440\u0456\u0430\u043d\u0430", "name_ur": "\u0641\u0644\u0648\u0631\u06cc\u0627\u0646\u0627", "name_fa": "\u0641\u0644\u0648\u0631\u06cc\u0627\u0646\u0627", "name_zht": "\u5f17\u7f85\u745e\u5b89\u5a1c", "FCLASS_ISO": null, "FCLASS_US": null, "FCLASS_FR": null, "FCLASS_RU": null, "FCLASS_ES": null, "FCLASS_CN": null, "FCLASS_TW": null, "FCLASS_IN": null, "FCLASS_NP": null, "FCLASS_PK": null, "FCLASS_DE": null, "FCLASS_GB": null, "FCLASS_BR": null, "FCLASS_IL": null, "FCLASS_PS": null, "FCLASS_SA": null, "FCLASS_EG": null, "FCLASS_MA": null, "FCLASS_PT": null, "FCLASS_AR": null, "FCLASS_JP": null, "FCLASS_KO": null, "FCLASS_VN": null, "FCLASS_TR": null, "FCLASS_ID": null, "FCLASS_PL": null, "FCLASS_GR": null, "FCLASS_IT": null, "FCLASS_NL": null, "FCLASS_SE": null, "FCLASS_BD": null, "FCLASS_UA": null, "FCLASS_TLC": null}, "bbox": [14.496161, 35.879788, 14.510728, 35.895173], "geometry": {"type": "Polygon", "coordinates": [[[14.498006, 35.89251], [14.501557, 35.895173], [14.510728, 35.88896], [14.508361, 35.88541], [14.504515, 35.882451], [14.500669, 35.879788], [14.498598, 35.883339], [14.496607, 35.884427], [14.498096, 35.886065], [14.496161, 35.888299], [14.498006, 35.89251]]]}}, {"type": "Feature", "properties": {"featurecla": "Admin-1 states provinces", "scalerank": 10, "adm1_code": "MLT-5941", "diss_me": 5941, "iso_3166_2": "MT-58", "wikipedia": null, "iso_a2": "MT", "adm0_sr": 3, "name": "Ta' Xbiex", "name_alt": null, "name_local": null, "type": null, "type_en": null, "code_local": null, "code_hasc": "MT.CE.TA", "note": null, "hasc_maybe": null, "region": "Malta Majjistral", "region_cod": null, "provnum_ne": 0, "gadm_level": 0, "check_me": 0, "datarank": 10, "abbrev": null, "postal": null, "area_sqkm": 0, "sameascity": -99, "labelrank": 20, "name_len": 9, "mapcolor9": 1, "mapcolor13": 8, "fips": null, "fips_alt": null, "woe_id": 24551416, "woe_label": null, "woe_name": "Malta", "latitude": 35.8945, "longitude": 14.4945, "sov_a3": "MLT", "adm0_a3": "MLT", "adm0_label": 5, "admin": "Malta", "geonunit": "Malta", "gu_a3": "MLT", "gn_id": 8299758, "gn_name": "Ta' Xbiex", "gns_id": 11536203, "gns_name": "Ta' Xbiex", "gn_level": 1, "gn_region": null, "gn_a1_code": "MT.59", "region_sub": "Northern Harbour", "sub_code": null, "gns_level": 1, "gns_lang": "mlt", "gns_adm1": "MT59", "gns_region": null, "min_label": 11, "max_label": 11, "min_zoom": 11, "wikidataid": "Q1017348", "name_ar": "\u062a\u0627 \u0625\u0632\u0628\u064a\u0643\u0633", "name_bn": "\u09a4\u09be \u09ac\u09bf\u098f\u0995\u09cd\u09b8", "name_de": "Ta\u2019 Xbiex", "name_en": "Ta' Xbiex", "name_es": "Ta' Xbiex", "name_fr": "Ta' Xbiex", "name_el": "\u03a4\u03b1 \u039a\u03c3\u03bc\u03c0\u03b9\u03ad\u03be", "name_hi": "\u091f\u093e '\u090f\u0915\u094d\u0938\u092c\u093f\u090f\u0915\u094d\u0938", "name_hu": "Ta' Xbiex", "name_id": "Ta' Xbiex", "name_it": "Ta' Xbiex", "name_ja": "\u30bf\u30b7\u30d3\u30a4\u30b7\u30a7", "name_ko": "\ud0c0\uc2dc\ube44\uc2dc", "name_nl": "Ta' Xbiex", "name_pl": "Ta' Xbiex", "name_pt": "Ta' Xbiex", "name_ru": "\u0422\u0430\u0448\u0431\u0438\u0435\u0448", "name_sv": "Ta\u2019 Xbiex", "name_tr": "Ta'Zbiex", "name_vi": "Ta' Xbiex", "name_zh": "\u5854\u6bd4\u514b\u65af", "ne_id": 1159318025, "name_he": "\u05d8\u05d0' \u05e9\u05d1\u05d9\u05d0\u05e9", "name_uk": "\u0422\u0430-\u0428\u0431\u0456\u0448", "name_ur": "\u062a\u0622\u0634\u0628\u06cc\u0626\u0634", "name_fa": "\u062a\u0627\u06a9\u0633\u06cc\u0628\u06cc\u06a9\u0633", "name_zht": "\u5854\u6bd4\u514b\u65af", "FCLASS_ISO": null, "FCLASS_US": null, "FCLASS_FR": null, "FCLASS_RU": null, "FCLASS_ES": null, "FCLASS_CN": null, "FCLASS_TW": null, "FCLASS_IN": null, "FCLASS_NP": null, "FCLASS_PK": null, "FCLASS_DE": null, "FCLASS_GB": null, "FCLASS_BR": null, "FCLASS_IL": null, "FCLASS_PS": null, "FCLASS_SA": null, "FCLASS_EG": null, "FCLASS_MA": null, "FCLASS_PT": null, "FCLASS_AR": null, "FCLASS_JP": null, "FCLASS_KO": null, "FCLASS_VN": null, "FCLASS_TR": null, "FCLASS_ID": null, "FCLASS_PL": null, "FCLASS_GR": null, "FCLASS_IT": null, "FCLASS_NL": null, "FCLASS_SE": null, "FCLASS_BD": null, "FCLASS_UA": null, "FCLASS_TLC": null}, "bbox": [14.489161, 35.891622, 14.501557, 35.897383], "geometry": {"type": "Polygon", "coordinates": [[[14.501557, 35.895173], [14.498006, 35.89251], [14.493273, 35.891622], [14.489427, 35.891918], [14.489161, 35.897383], [14.497799, 35.897234], [14.501557, 35.895173]]]}}, {"type": "Feature", "properties": {"featurecla": "Admin-1 states provinces", "scalerank": 10, "adm1_code": "MLT-5953", "diss_me": 5953, "iso_3166_2": "MT-20", "wikipedia": null, "iso_a2": "MT", "adm0_sr": 3, "name": "Isla", "name_alt": "Isla|Citt\u00e0 Invicta", "name_local": null, "type": null, "type_en": null, "code_local": null, "code_hasc": "MT.SE.IS", "note": null, "hasc_maybe": null, "region": "Malta Xlokk", "region_cod": null, "provnum_ne": 0, "gadm_level": 0, "check_me": 0, "datarank": 10, "abbrev": null, "postal": null, "area_sqkm": 0, "sameascity": -99, "labelrank": 20, "name_len": 7, "mapcolor9": 1, "mapcolor13": 8, "fips": null, "fips_alt": null, "woe_id": 24551400, "woe_label": null, "woe_name": "Malta", "latitude": 35.8864, "longitude": 14.5149, "sov_a3": "MLT", "adm0_a3": "MLT", "adm0_label": 5, "admin": "Malta", "geonunit": "Malta", "gu_a3": "MLT", "gn_id": 8299724, "gn_name": "L-Isla", "gns_id": 11534632, "gns_name": "L-Isla", "gn_level": 1, "gn_region": null, "gn_a1_code": "MT.25", "region_sub": "Southern Harbour", "sub_code": null, "gns_level": 1, "gns_lang": "mlt", "gns_adm1": "MT25", "gns_region": null, "min_label": 11, "max_label": 11, "min_zoom": 11, "wikidataid": "Q846593", "name_ar": "\u0633\u0646\u062c\u0644\u064a\u0627", "name_bn": "\u09b8\u09c7\u09a8\u0997\u09cd\u09b2\u09bf\u09af\u09bc\u09be", "name_de": "Senglea", "name_en": "Senglea", "name_es": "Senglea", "name_fr": "Isla", "name_el": "\u03a3\u03b5\u03bd\u03b3\u03ba\u03bb\u03ad\u03b1", "name_hi": "\u0938\u0947\u0902\u0917\u094d\u0932\u093f\u092f\u093e", "name_hu": "Isla", "name_id": "Senglea", "name_it": "Senglea", "name_ja": "\u30a4\u30b7\u30fc\u30e9", "name_ko": "\uc14d\uae00\ub808\uc544", "name_nl": "Senglea", "name_pl": "Isla", "name_pt": "Senglea", "name_ru": "\u0421\u0435\u043d\u0433\u043b\u0435\u0430", "name_sv": "L-Isla", "name_tr": "Senglea", "name_vi": "Senglea", "name_zh": "\u68ee\u683c\u83b1\u963f", "ne_id": 1159318051, "name_he": "\u05e1\u05e0\u05d2\u05dc\u05d0\u05d4", "name_uk": "\u0421\u0435\u043d\u0433\u043b\u0435\u044f", "name_ur": "\u0633\u06cc\u0646\u06af\u0644\u06cc\u0627", "name_fa": "\u0633\u0646\u06af\u0644\u0647", "name_zht": "\u68ee\u683c\u840a\u963f", "FCLASS_ISO": null, "FCLASS_US": null, "FCLASS_FR": null, "FCLASS_RU": null, "FCLASS_ES": null, "FCLASS_CN": null, "FCLASS_TW": null, "FCLASS_IN": null, "FCLASS_NP": null, "FCLASS_PK": null, "FCLASS_DE": null, "FCLASS_GB": null, "FCLASS_BR": null, "FCLASS_IL": null, "FCLASS_PS": null, "FCLASS_SA": null, "FCLASS_EG": null, "FCLASS_MA": null, "FCLASS_PT": null, "FCLASS_AR": null, "FCLASS_JP": null, "FCLASS_KO": null, "FCLASS_VN": null, "FCLASS_TR": null, "FCLASS_ID": null, "FCLASS_PL": null, "FCLASS_GR": null, "FCLASS_IT": null, "FCLASS_NL": null, "FCLASS_SE": null, "FCLASS_BD": null, "FCLASS_UA": null, "FCLASS_TLC": null}, "bbox": [14.508361, 35.88038, 14.521256, 35.891128], "geometry": {"type": "Polygon", "coordinates": [[[14.510728, 35.88896], [14.515371, 35.891128], [14.521256, 35.887107], [14.513687, 35.88038], [14.508361, 35.88541], [14.510728, 35.88896]]]}}, {"type": "Feature", "properties": {"featurecla": "Admin-1 states provinces", "scalerank": 10, "adm1_code": "MLT-5955", "diss_me": 5955, "iso_3166_2": "MT-06", "wikipedia": null, "iso_a2": "MT", "adm0_sr": 3, "name": "Cospicua", "name_alt": "Bormla", "name_local": null, "type": null, "type_en": null, "code_local": null, "code_hasc": "MT.SE.BO", "note": null, "hasc_maybe": null, "region": "Malta Xlokk", "region_cod": null, "provnum_ne": 0, "gadm_level": 0, "check_me": 0, "datarank": 10, "abbrev": null, "postal": null, "area_sqkm": 0, "sameascity": -99, "labelrank": 20, "name_len": 8, "mapcolor9": 1, "mapcolor13": 8, "fips": null, "fips_alt": null, "woe_id": 24551391, "woe_label": null, "woe_name": "Malta", "latitude": 35.88, "longitude": 14.5207, "sov_a3": "MLT", "adm0_a3": "MLT", "adm0_label": 5, "admin": "Malta", "geonunit": "Malta", "gu_a3": "MLT", "gn_id": 8299705, "gn_name": "Bormla", "gns_id": 11534041, "gns_name": "Bormla", "gn_level": 1, "gn_region": null, "gn_a1_code": "MT.06", "region_sub": "Southern Harbour", "sub_code": null, "gns_level": 1, "gns_lang": "mlt", "gns_adm1": "MT06", "gns_region": null, "min_label": 11, "max_label": 11, "min_zoom": 11, "wikidataid": "Q757225", "name_ar": "\u0643\u0648\u0633\u0628\u064a\u0643\u0648", "name_bn": "\u0995\u09b8\u09aa\u09bf\u0995\u09cb\u09af\u09bc\u09be", "name_de": "Cospicua", "name_en": "Cospicua", "name_es": "Bormla", "name_fr": "Bormla", "name_el": "\u039a\u03bf\u03c3\u03c0\u03af\u03ba\u03bf\u03c5\u03b1", "name_hi": "\u0915\u094b\u0938\u094d\u092a\u093f\u0915\u0941\u0906", "name_hu": "Bormla", "name_id": "Cospicua", "name_it": "Cospicua", "name_ja": "\u30dc\u30eb\u30e0\u30e9", "name_ko": "\ubcf4\ub984\ub77c", "name_nl": "Cospicua", "name_pl": "Bormla", "name_pt": "Cospicua", "name_ru": "\u0411\u043e\u0440\u043c\u043b\u0430", "name_sv": "Bormla", "name_tr": "Cospicua", "name_vi": "Cospicua", "name_zh": "\u79d1\u65af\u76ae\u5938", "ne_id": 1159318057, "name_he": "\u05e7\u05d5\u05e1\u05e4\u05d9\u05e7\u05d0\u05d4", "name_uk": "\u0411\u043e\u0440\u043c\u043b\u0430", "name_ur": "\u06a9\u0648\u0633\u067e\u06cc\u06a9\u0648\u0627", "name_fa": "\u06a9\u0627\u0633\u067e\u06cc\u06a9\u0648\u0627", "name_zht": "\u79d1\u65af\u76ae\u8a87", "FCLASS_ISO": null, "FCLASS_US": null, "FCLASS_FR": null, "FCLASS_RU": null, "FCLASS_ES": null, "FCLASS_CN": null, "FCLASS_TW": null, "FCLASS_IN": null, "FCLASS_NP": null, "FCLASS_PK": null, "FCLASS_DE": null, "FCLASS_GB": null, "FCLASS_BR": null, "FCLASS_IL": null, "FCLASS_PS": null, "FCLASS_SA": null, "FCLASS_EG": null, "FCLASS_MA": null, "FCLASS_PT": null, "FCLASS_AR": null, "FCLASS_JP": null, "FCLASS_KO": null, "FCLASS_VN": null, "FCLASS_TR": null, "FCLASS_ID": null, "FCLASS_PL": null, "FCLASS_GR": null, "FCLASS_IT": null, "FCLASS_NL": null, "FCLASS_SE": null, "FCLASS_BD": null, "FCLASS_UA": null, "FCLASS_TLC": null}, "bbox": [14.510728, 35.873871, 14.529367, 35.887107], "geometry": {"type": "Polygon", "coordinates": [[[14.529367, 35.881563], [14.527, 35.877717], [14.526705, 35.874463], [14.522858, 35.874167], [14.517237, 35.873871], [14.513687, 35.873871], [14.510728, 35.875942], [14.513687, 35.88038], [14.521256, 35.887107], [14.529367, 35.881563]]]}}, {"type": "Feature", "properties": {"featurecla": "Admin-1 states provinces", "scalerank": 10, "adm1_code": "MLT-5942", "diss_me": 5942, "iso_3166_2": "MT-41", "wikipedia": null, "iso_a2": "MT", "adm0_sr": 3, "name": "Piet\u00e0", "name_alt": null, "name_local": null, "type": null, "type_en": null, "code_local": null, "code_hasc": "MT.CE.PI", "note": null, "hasc_maybe": null, "region": "Malta Majjistral", "region_cod": null, "provnum_ne": 0, "gadm_level": 0, "check_me": 0, "datarank": 10, "abbrev": null, "postal": null, "area_sqkm": 0, "sameascity": -99, "labelrank": 20, "name_len": 5, "mapcolor9": 1, "mapcolor13": 8, "fips": null, "fips_alt": null, "woe_id": 24551394, "woe_label": null, "woe_name": "Malta", "latitude": 35.8891, "longitude": 14.4927, "sov_a3": "MLT", "adm0_a3": "MLT", "adm0_label": 5, "admin": "Malta", "geonunit": "Malta", "gu_a3": "MLT", "gn_id": 8299740, "gn_name": "Tal-Pieta", "gns_id": 11535783, "gns_name": "Tal-Pieta", "gn_level": 1, "gn_region": null, "gn_a1_code": "MT.41", "region_sub": "Northern Harbour", "sub_code": null, "gns_level": 1, "gns_lang": "mlt", "gns_adm1": "MT41", "gns_region": null, "min_label": 11, "max_label": 11, "min_zoom": 11, "wikidataid": "Q744070", "name_ar": "\u0628\u064a\u064a\u062a\u0627", "name_bn": "\u09aa\u09bf\u09df\u09c7\u09a4\u09be", "name_de": "Piet\u00e0", "name_en": "Piet\u00e0", "name_es": "Piet\u00e0", "name_fr": "Piet\u00e0", "name_el": "\u03a0\u03b9\u03b5\u03c4\u03ac", "name_hi": "\u092a\u0940\u091f\u093e", "name_hu": "Piet\u00e0", "name_id": "Piet\u00e0", "name_it": "Piet\u00e0", "name_ja": "\u30d4\u30fc\u30bf", "name_ko": "\ud53c\ud0c0", "name_nl": "Piet\u00e0", "name_pl": "Piet\u00e0", "name_pt": "Piet\u00e0", "name_ru": "\u041f\u044c\u0435\u0442\u0430", "name_sv": "Piet\u00e0", "name_tr": "Piet\u00e0", "name_vi": "Piet\u00e0", "name_zh": "\u4f69\u5854", "ne_id": 1159318027, "name_he": "\u05e4\u05d9\u05d0\u05d8\u05d4", "name_uk": "\u041f\u0456\u0454\u0442\u0430", "name_ur": "\u067e\u06cc\u0626\u062a\u0627\u060c \u0645\u0627\u0644\u0679\u0627", "name_fa": "\u067e\u06cc\u062a\u0627", "name_zht": "\u4f69\u5854", "FCLASS_ISO": null, "FCLASS_US": null, "FCLASS_FR": null, "FCLASS_RU": null, "FCLASS_ES": null, "FCLASS_CN": null, "FCLASS_TW": null, "FCLASS_IN": null, "FCLASS_NP": null, "FCLASS_PK": null, "FCLASS_DE": null, "FCLASS_GB": null, "FCLASS_BR": null, "FCLASS_IL": null, "FCLASS_PS": null, "FCLASS_SA": null, "FCLASS_EG": null, "FCLASS_MA": null, "FCLASS_PT": null, "FCLASS_AR": null, "FCLASS_JP": null, "FCLASS_KO": null, "FCLASS_VN": null, "FCLASS_TR": null, "FCLASS_ID": null, "FCLASS_PL": null, "FCLASS_GR": null, "FCLASS_IT": null, "FCLASS_NL": null, "FCLASS_SE": null, "FCLASS_BD": null, "FCLASS_UA": null, "FCLASS_TLC": null}, "bbox": [14.48663, 35.885916, 14.498006, 35.89251], "geometry": {"type": "Polygon", "coordinates": [[[14.498006, 35.89251], [14.496161, 35.888299], [14.490948, 35.885916], [14.48663, 35.886363], [14.489161, 35.888894], [14.489427, 35.891918], [14.493273, 35.891622], [14.498006, 35.89251]]]}}, {"type": "Feature", "properties": {"featurecla": "Admin-1 states provinces", "scalerank": 10, "adm1_code": "MLT-5940", "diss_me": 5940, "iso_3166_2": "MT-34", "wikipedia": null, "iso_a2": "MT", "adm0_sr": 3, "name": "Msida", "name_alt": null, "name_local": null, "type": null, "type_en": null, "code_local": null, "code_hasc": "MT.CE.MS", "note": null, "hasc_maybe": null, "region": "Malta Majjistral", "region_cod": null, "provnum_ne": 0, "gadm_level": 0, "check_me": 0, "datarank": 10, "abbrev": null, "postal": null, "area_sqkm": 0, "sameascity": -99, "labelrank": 20, "name_len": 5, "mapcolor9": 1, "mapcolor13": 8, "fips": null, "fips_alt": null, "woe_id": 24551414, "woe_label": null, "woe_name": "Malta", "latitude": 35.8949, "longitude": 14.4825, "sov_a3": "MLT", "adm0_a3": "MLT", "adm0_label": 5, "admin": "Malta", "geonunit": "Malta", "gu_a3": "MLT", "gn_id": 8299722, "gn_name": "L-Imsida", "gns_id": 11534629, "gns_name": "L-Imsida", "gn_level": 1, "gn_region": null, "gn_a1_code": "MT.23", "region_sub": "Northern Harbour", "sub_code": null, "gns_level": 1, "gns_lang": "mlt", "gns_adm1": "MT23", "gns_region": null, "min_label": 11, "max_label": 11, "min_zoom": 11, "wikidataid": "Q585187", "name_ar": "\u0645\u0633\u064a\u062f\u0627", "name_bn": "\u09b8\u09bf\u09a1\u09be", "name_de": "Msida", "name_en": "Msida", "name_es": "Msida", "name_fr": "Msida", "name_el": "\u039c\u03c3\u03af\u03bd\u03c4\u03b1", "name_hi": "\u0938\u0940\u0921\u093e", "name_hu": "Msida", "name_id": "Msida", "name_it": "Msida", "name_ja": "\u30a4\u30e0\u30b7\u30fc\u30c0", "name_ko": "\ubbc0\uc2dc\ub2e4", "name_nl": "Msida", "name_pl": "Msida", "name_pt": "Msida", "name_ru": "\u041c\u0441\u0438\u0434\u0430", "name_sv": "Msida", "name_tr": "Msida", "name_vi": "Msida", "name_zh": "\u59c6\u897f\u8fbe", "ne_id": 1159318023, "name_he": "\u05de\u05e1\u05d9\u05d3\u05d4", "name_uk": "\u041c\u0441\u0456\u0434\u0430", "name_ur": "\u0645\u0633\u06cc\u062f\u0627", "name_fa": "\u0645\u0633\u06cc\u062f\u0627", "name_zht": "\u59c6\u897f\u9054", "FCLASS_ISO": null, "FCLASS_US": null, "FCLASS_FR": null, "FCLASS_RU": null, "FCLASS_ES": null, "FCLASS_CN": null, "FCLASS_TW": null, "FCLASS_IN": null, "FCLASS_NP": null, "FCLASS_PK": null, "FCLASS_DE": null, "FCLASS_GB": null, "FCLASS_BR": null, "FCLASS_IL": null, "FCLASS_PS": null, "FCLASS_SA": null, "FCLASS_EG": null, "FCLASS_MA": null, "FCLASS_PT": null, "FCLASS_AR": null, "FCLASS_JP": null, "FCLASS_KO": null, "FCLASS_VN": null, "FCLASS_TR": null, "FCLASS_ID": null, "FCLASS_PL": null, "FCLASS_GR": null, "FCLASS_IT": null, "FCLASS_NL": null, "FCLASS_SE": null, "FCLASS_BD": null, "FCLASS_UA": null, "FCLASS_TLC": null}, "bbox": [14.472184, 35.886363, 14.489427, 35.900361], "geometry": {"type": "Polygon", "coordinates": [[[14.48663, 35.886363], [14.482311, 35.889788], [14.476801, 35.891128], [14.47412, 35.891724], [14.476801, 35.894107], [14.475758, 35.896489], [14.472184, 35.898872], [14.475907, 35.899914], [14.485885, 35.900361], [14.489161, 35.897383], [14.489427, 35.891918], [14.489161, 35.888894], [14.48663, 35.886363]]]}}, {"type": "Feature", "properties": {"featurecla": "Admin-1 states provinces", "scalerank": 10, "adm1_code": "MLT-5951", "diss_me": 5951, "iso_3166_2": "MT-03", "wikipedia": null, "iso_a2": "MT", "adm0_sr": 3, "name": "Birgu", "name_alt": null, "name_local": null, "type": null, "type_en": null, "code_local": null, "code_hasc": "MT.SE.BR", "note": null, "hasc_maybe": null, "region": "Malta Xlokk", "region_cod": null, "provnum_ne": 0, "gadm_level": 0, "check_me": 0, "datarank": 10, "abbrev": null, "postal": null, "area_sqkm": 0, "sameascity": -99, "labelrank": 20, "name_len": 5, "mapcolor9": 1, "mapcolor13": 8, "fips": null, "fips_alt": null, "woe_id": 24551404, "woe_label": null, "woe_name": "Malta", "latitude": 35.8871, "longitude": 14.526, "sov_a3": "MLT", "adm0_a3": "MLT", "adm0_label": 5, "admin": "Malta", "geonunit": "Malta", "gu_a3": "MLT", "gn_id": 8299702, "gn_name": "Il-Birgu", "gns_id": 11534037, "gns_name": "Il-Birgu", "gn_level": 1, "gn_region": null, "gn_a1_code": "MT.03", "region_sub": "Southern Harbour", "sub_code": null, "gns_level": 1, "gns_lang": "mlt", "gns_adm1": "MT03", "gns_region": null, "min_label": 11, "max_label": 11, "min_zoom": 11, "wikidataid": "Q752346", "name_ar": "\u0628\u064a\u0631\u062c\u0648", "name_bn": "\u09ac\u09bf\u09b0\u0997\u09cb", "name_de": "Vittoriosa", "name_en": "Birgu", "name_es": "Birgu", "name_fr": "Birgu", "name_el": "\u039c\u03c0\u03af\u03c1\u03b3\u03ba\u03bf\u03c5", "name_hi": "\u092c\u093f\u0930\u094d\u0917\u0941", "name_hu": "Birgu", "name_id": "Birgu", "name_it": "Vittoriosa", "name_ja": "\u30d3\u30eb\u30b0", "name_ko": "\ube44\ub974\uad6c", "name_nl": "Birgu", "name_pl": "Birgu", "name_pt": "Birgu", "name_ru": "\u0411\u0438\u0440\u0433\u0443", "name_sv": "Birgu", "name_tr": "Birgu", "name_vi": "Birgu", "name_zh": "\u6bd4\u5c14\u53e4", "ne_id": 1159318047, "name_he": "\u05d1\u05d9\u05e8\u05d2\u05d5", "name_uk": "\u0411\u0456\u0440\u0433\u0443", "name_ur": "\u0628\u06cc\u0631\u06af\u0648", "name_fa": "\u0628\u06cc\u0631\u06af\u0648", "name_zht": "\u6bd4\u723e\u53e4", "FCLASS_ISO": null, "FCLASS_US": null, "FCLASS_FR": null, "FCLASS_RU": null, "FCLASS_ES": null, "FCLASS_CN": null, "FCLASS_TW": null, "FCLASS_IN": null, "FCLASS_NP": null, "FCLASS_PK": null, "FCLASS_DE": null, "FCLASS_GB": null, "FCLASS_BR": null, "FCLASS_IL": null, "FCLASS_PS": null, "FCLASS_SA": null, "FCLASS_EG": null, "FCLASS_MA": null, "FCLASS_PT": null, "FCLASS_AR": null, "FCLASS_JP": null, "FCLASS_KO": null, "FCLASS_VN": null, "FCLASS_TR": null, "FCLASS_ID": null, "FCLASS_PL": null, "FCLASS_GR": null, "FCLASS_IT": null, "FCLASS_NL": null, "FCLASS_SE": null, "FCLASS_BD": null, "FCLASS_UA": null, "FCLASS_TLC": null}, "bbox": [14.515371, 35.881563, 14.529367, 35.894254], "geometry": {"type": "Polygon", "coordinates": [[[14.521256, 35.887107], [14.515371, 35.891128], [14.519453, 35.894254], [14.524785, 35.890439], [14.529013, 35.888959], [14.529367, 35.881563], [14.521256, 35.887107]]]}}]}