46.1473009,20.2706517
46.1479818,20.270899
46.1493533,20.2762751
46.16793,20.70969
46.1682616,20.154806
46.16977,20.70862
46.170268,20.5725463
46.1725281,20.61003
46.1746058,20.1622807
46.175,20.16308
46.1801071,20.4288626
46.1807776,20.5717944
46.1833728,20.4227458
46.1839339,20.178788
46.1847338,20.1766373
46.1865515,20.1951234
46.1868451,20.4276223
46.1871415,20.4280912
46.1877339,20.4424024
46.1884938,20.4245716
46.1918079,20.4379377
46.1972887,20.4739213
46.1977317,20.4719467
46.1979239,20.4736729
46.1981392,20.4753013
46.1993516,20.4682842
46.2008742,20.108378
46.2017029,20.1946288
46.2033103,20.1095415
46.2039952,20.1055189
46.2046642,20.1130666
46.2052288,20.4709441
46.2052785,20.1887689
46.2057812,20.1061895
46.2065153,20.1061199
46.2072881,20.4767409
46.2080723,20.1914737
46.2084667,20.4686339
46.2092881,20.1878178
46.2100816,20.1862034
46.2104364,20.1950812
46.2107244,20.2453656
46.2118014,20.47851
46.21221,20.4757515
46.2124879,20.3218576
46.2125595,20.4952993
46.214477,20.19616
46.2144996,20.4566772
46.214861,20.1921604
46.2151242,20.4768895
46.2156282,20.4714056
46.2156302,20.2285445
46.2159571,20.4976317
46.216054,20.16291
46.2168921,20.5069245
46.2170672,20.5038938
46.2171452,20.3531271
46.2172139,20.3232758
46.2173689,20.4800179
46.217583,20.1971
46.2176947,20.479497
46.2179075,20.4806125
46.2179687,20.4549149
46.2182263,20.4760943
46.2184247,20.4728792
46.2184345,20.2378705
46.2184568,20.2380288
46.2185049,20.4570108
46.2187026,20.4802476
46.2187293,20.4980547
46.2187817,20.4720512
46.21936,20.5036776
46.219423,20.327229
46.219471,20.348513
46.2197582,20.3318712
46.2199792,20.2537227
46.22,20.4825006
46.2209258,20.4854988
46.2212971,20.2492203
46.2215,20.1675556
46.2217995,20.326022
46.2220208,20.3249189
46.2228947,20.46429
46.223134,20.500433
46.2231476,20.4604085
46.2232062,20.244053
46.2237012,20.1694594
46.2239415,20.4928238
46.2242245,20.1963606
46.2242699,20.3327216
46.2249704,20.1887232
46.2254614,20.1142455
46.2255963,20.1843514
46.2260146,20.4902761
46.2267122,20.1709786
46.2269748,20.3252906
46.2280652,20.4807699
46.2295314,20.1123208
46.2306082,20.4894628
46.2307351,20.1726507
46.2313267,20.1920282
46.2320144,20.1590038
46.2321703,20.1278112
46.2329963,20.1604115
46.2338538,20.1347691
46.2343383,20.1097334
46.2349849,20.1774206
46.2358758,20.4805182
46.2365752,20.19038
46.2368661,20.1788951
46.2376577,20.124038
46.2380926,20.7106984
46.2382382,20.1245705
46.2382766,20.1693019
46.2383152,20.1380586
46.2383624,20.1800173
46.2384469,20.1264392
46.2386661,20.1250414
46.2387116,20.1257344
46.2394426,20.1261499
46.2396022,20.7355804
46.239685,20.1041534
46.2397251,20.1253386
46.2397863,20.1428974
46.2402019,20.1268625
46.2402299,20.7167682
46.2408541,20.1275122
46.2409553,20.1372809
46.2410451,20.1293061
46.2415787,20.1281268
46.2416145,20.7145687
46.2418653,20.1367595
46.2419522,20.1183682
46.2422519,20.1300136
46.2423345,20.1391761
46.2423659,20.128832
46.2423783,20.1394336
46.2426123,20.7202899
46.2429321,20.1294006
46.2443059,20.7228729
46.244532,20.1321891
46.2450902,20.1741341
46.2451084,20.1499007
46.2457608,20.1236919
46.2460497,20.1323186
46.2463269,20.1629653
46.2464278,20.1347709
46.2467124,20.1209268
46.2467608,20.1631857
46.2469559,20.1572307
46.2471915,20.1328774
46.2472658,20.1635039
46.2479721,20.1363767
46.2487076,20.1156738
46.2488679,20.1592682
46.2488805,20.1606447
46.2490374,20.139387
46.2491411,20.1604508
46.2491848,20.1299139
46.2492976,20.133334
46.2494726,20.1464407
46.2496382,20.1640023
46.2498289,20.1317147
46.2498513,20.1507044
46.250527,20.14593
46.2508012,20.1449549
46.250826,20.1440773
46.2509533,20.130854
46.2512545,20.1513217
46.2514005,20.1327671
46.25173,20.1285174
46.251931,20.1165683
46.252216,20.1572329
46.2534319,20.1325198
46.2536457,20.1497536
46.2539436,20.1730961
46.2540166,20.1412558
46.2541522,20.1155866
46.2545168,20.1903947
46.254822,20.1439915
46.2557997,20.1486167
46.2559597,20.1555378
46.2561628,20.1404955
46.2567184,20.1390105
46.256962,20.1744605
46.2570548,20.1393958
46.2570861,20.1393218
46.2570877,20.2956748
46.2571345,20.1391943
46.2577647,20.1386996
46.258333,20.1494447
46.2584344,20.1874986
46.2587358,20.1477071
46.2592561,20.1573462
46.2593046,20.1976507
46.2595051,20.1697433
46.2600463,20.1772464
46.2605771,20.1851842
46.2610638,20.1471047
46.2615394,20.1444059
46.2618935,20.137388
46.2621536,20.1596275
46.2623611,20.1780278
46.2625452,20.1989597
46.2629222,20.1884408
46.263484,20.1477571
46.2637389,20.1362452
46.2639411,20.1873265
46.2639791,20.1803261
46.2642322,20.1520851
46.2642508,20.1562874
46.2644315,20.1402136
46.2644928,20.1536418
46.264637,20.1433681
46.264877,20.1494743
46.264959,20.1407961
46.2649799,20.1800924
46.2653365,20.1524718
46.2654249,20.2050671
46.2656614,20.141394
46.265869,20.1075895
46.2658706,20.1651642
46.265907,20.1586015
46.2663251,20.1048669
46.2664303,20.1622255
46.2665063,20.1598471
46.2665924,20.1518184
46.2666868,20.1080191
46.2669645,20.1677207
46.2669733,20.1578329
46.2670863,20.104943
46.2672237,20.1692404
46.267401,20.3426033
46.2674396,20.1601692
46.2674676,20.1857845
46.2676903,20.1569547
46.2678293,20.1673419
46.2678329,20.1675482
46.2678514,20.1642696
46.267975,20.1523279
46.267995,20.1311474
46.2680484,20.1586196
46.2684497,20.1647378
46.2685022,20.1484603
46.2686002,20.1691168
46.2686138,20.1612512
46.2687265,20.1616484
46.2687839,20.1602776
46.2688738,20.160227
46.2689303,20.3457451
46.2693476,20.1849406
46.2695952,20.1648888
46.2701241,20.1517935
46.2703524,20.1686872
46.2704425,20.6092227
46.2705311,20.1419815
46.2712316,20.1503944
46.2713514,20.1537345
46.2714162,20.1264107
46.2720164,20.1504798
46.2721744,20.1719511
46.2728877,20.1599104
46.2729309,20.1620092
46.2731908,20.1228889
46.273287,20.173292
46.2733148,20.1400132
46.2734009,20.1513088
46.273616,20.1540373
46.2740898,20.1643973
46.2750873,20.1658738
46.2755304,20.1440622
46.2761773,20.1724324
46.2762564,20.1179275
46.2762868,20.1636967
46.2764532,20.1505023
46.2776135,20.176861
46.277636,20.1242589
46.2780059,20.1124408
46.2781671,20.1264413
46.2783222,20.1687921
46.2800487,20.124759
46.2815556,20.1719167
46.2840293,20.1762648
46.28495,20.235333
46.2851969,20.1544289
46.2853893,21.036817
46.2854362,20.1734117
46.2856333,20.1754176
46.28607,21.02202
46.2861805,20.1768543
46.2861939,21.0307453
46.2865296,20.1731446
46.2870991,20.1528299
46.2874444,21.0190797
46.2886105,20.1638856
46.2892148,21.0261919
46.2892336,20.1509645
46.290078,20.646679
46.2901135,20.1606249
46.290483,20.16332
46.2912745,21.0299805
46.2914876,21.0022654
46.29439,21.02958
46.2949644,20.4313692
46.2951756,20.4365064
46.2958358,21.025436
46.2981403,21.016136
46.3000733,20.4361285
46.3093338,20.4869729
46.3106486,20.4979015
46.3118031,20.4896875
46.3119965,20.8184
46.31293,20.74135
46.312937,20.818408
46.3132023,20.8190542
46.313684,20.4883787
46.3148429,20.4992603
46.3165905,20.4864634
46.3170688,20.812951
46.3177834,20.4134133
46.3178493,20.8207707
46.3179597,20.8154386
46.3181979,20.7357876
46.3186446,20.4923938
46.3190116,20.5036517
46.3195071,20.4954943
46.3203064,20.4840136
46.3214655,20.4974999
46.3226133,20.4887727
46.3238047,20.5001426
46.3243335,20.4817898
46.32444,20.74515
46.3252209,20.4619254
46.3252638,20.8199521
46.3253889,20.2075278
46.3259043,20.7070166
46.3261688,20.7054517
46.3261991,20.2089498
46.3266958,20.2112613
46.3267667,20.2132276
46.326814,20.714207
46.3269167,20.2079722
46.3273174,20.812059
46.3276222,20.4741123
46.3282285,20.4855625
46.3285444,20.2140887
46.328573,20.713885
46.3291708,20.2160484
46.3296111,20.2119167
46.3307271,20.2024593
46.331234,20.2035885
46.3314074,20.2159739
46.3314333,20.2091985
46.3318222,20.2112831
46.3323202,20.2062364
46.3326944,20.2133056
46.3336944,20.2077778
46.3341944,20.2057778
46.335,20.2088611
46.3364017,20.2118762
46.337287,20.2096469
46.3375222,20.2149722
46.3378889,20.2078611
46.3384655,20.2188985
46.3396,20.2049776
46.34292,21.1197
46.3430833,20.2085
46.3447287,20.3332123
46.34722,20.33739
46.3472331,20.3362854
46.347477,21.12304
46.3510972,20.391827
46.35255,20.101967
46.3539138,20.1137178
46.3542517,20.1022288
46.3596,20.103667
46.3599992,20.106055
46.3628334,20.4457997
46.3650073,20.1032803
46.3653016,20.1056182
46.3663892,21.1037803
46.3684617,20.1076483
46.3703978,20.7293271
46.3716357,20.6309229
46.371717,20.101733
46.3736886,20.1147745
46.3768439,20.1012691
46.3801952,21.0726065
46.3819311,20.2573084
46.3838554,20.8656824
46.3848548,20.2731467
46.3849188,20.8791805
46.3870425,20.8744433
46.3887033,20.8711123
46.3916232,20.8697364
46.3925534,20.8600849
46.4004588,20.2974508
46.4017,20.92682
46.4033402,20.3123937
46.4039738,20.2988733
46.4043601,20.7217636
46.4053476,20.3071148
46.4054382,20.9018659
46.4061677,20.3402608
46.4072433,20.3416057
46.4075017,20.9231798
46.409439,21.1688
46.4096775,20.499725
46.4102407,20.3096551
46.41046,20.72692
46.41063,20.35329
46.4106938,20.3291756
46.41102,20.91212
46.4114201,21.1858883
46.4115275,20.3229502
46.4117362,20.3195076
46.4117809,20.6223571
46.4118549,20.4999602
46.4123214,20.9281449
46.4129065,21.1752519
46.4131226,20.2962365
46.41315,20.92163
46.4136183,21.1835172
46.4137625,20.3483359
46.413793,20.350338
46.4139763,20.3261576
46.4142601,20.3177083
46.414718,21.1921504
46.4148043,20.3477019
46.4149882,20.2990934
46.415358,20.328898
46.41571,20.91973
46.4157341,20.2986373
46.4159342,20.3055154
46.4159828,20.9280259
46.416083,21.18155
46.4161055,20.623304
46.4166684,21.1161378
46.4166983,20.3211668
46.4167294,20.3133619
46.4167608,20.3177816
46.4168994,20.8994276
46.4169474,20.3170961
46.4173761,20.3027582
46.4174886,20.2993427
46.4175436,20.3434846
46.4179205,20.3134173
46.4179578,21.1787444
46.4186456,20.3107365
46.4186828,21.1929417
46.4187161,21.1862136
46.4187198,20.2997172
46.4188991,20.3064033
46.4190976,21.0351322
46.4191767,20.3455403
46.4192638,20.3039505
46.4194324,20.3077705
46.4195958,20.3157655
46.4198161,20.3330351
46.4198299,20.6181271
46.4198991,20.6126309
46.4200629,20.3133127
46.4202699,20.3179963
46.4204327,21.1764101
46.4207207,20.3039542
46.4207271,20.3361133
46.4208488,20.3311711
46.4208898,20.3419653
46.4209149,20.3394334
46.4210732,20.3006339
46.4210974,21.0402524
46.4211669,20.3068851
46.4212567,21.1903246
46.4212902,20.3241118
46.4217187,20.3266303
46.4217584,21.1963391
46.422076,20.732925
46.4221568,20.3165226
46.4222271,20.3328355
46.4224831,20.6123119
46.4226309,21.1160593
46.4227974,21.112874
46.4232332,21.1241642
46.4232848,21.1216764
46.4233176,21.1948538
46.423567,20.3201641
46.4236492,21.1824916
46.4244911,20.3116427
46.424633,20.32907
46.424701,20.3208178
46.4248606,21.0499803
46.4249158,20.6203696
46.4254836,20.6088006
46.4256163,20.3049453
46.4258352,20.3250418
46.4260367,20.342992
46.4266255,20.3186539
46.4267577,21.0548353
46.4268861,20.332964
46.4271649,20.3222202
46.427367,20.3165568
46.4275568,21.190476
46.4278286,20.303805
46.4280326,20.3188354
46.428109,20.3144079
46.42845,20.3093303
46.4285661,20.3264772
46.428836,20.6167642
46.4288521,20.3077461
46.4290645,20.3032096
46.4292914,20.3289971
46.4293489,20.3009156
46.4306457,20.3186607
46.4316307,20.3083354
46.4321769,20.3172635
46.432396,20.333993
46.4333608,20.3601845
46.43469,20.30061
46.4348095,20.1387696
46.4348157,20.3055364
46.4350687,20.1364559
46.4359,21.2276
46.4372639,20.1390913
46.4377987,20.1314928
46.43829,20.136637
46.4391605,20.1352354
46.439937,20.138985
46.44006,20.13279
46.4528908,20.4487981
46.4602056,21.1213651
46.4602619,20.194418
46.4627384,20.8211288
46.4628728,20.817374
46.4639728,20.2217162
46.4641162,21.1182112
46.4648033,20.2192889
46.4657991,20.2475256
46.465825,20.242096
46.4662096,20.2232013
46.4663691,21.1247352
46.466568,20.2255345
46.4668077,20.221098
46.4671329,20.2258376
46.46739,20.24053
46.4682822,20.2268968
46.4691309,20.2279251
46.469445,20.237206
46.4800559,21.1252643
46.4814011,21.1180024
46.4840367,20.6515361
46.4940238,20.7002652
46.4981248,21.0290331
46.4995407,20.5333266
46.50355,21.09362
46.50361,21.09093
46.5050081,21.0988002
46.5050892,20.5382947
46.5057511,20.5389453
46.5096118,20.5317131
46.5128321,20.2025793
46.5156078,20.9692973
46.5168382,20.1993475
46.5174795,20.2039192
46.5177064,20.9608242
46.5199212,20.9511494
46.5205731,20.1656011
46.5211678,20.9619398
46.5213553,20.1796622
46.523661,20.382036
46.52417,20.1938723
46.5247784,20.1934594
46.5249541,20.1858464
46.525179,20.295324
46.52774,20.1868436
46.529233,21.25335
46.5293621,20.1831505
46.5295274,20.2101364
46.5307341,20.5940288
46.531008,20.1805184
46.5311439,21.2572194
46.5312294,21.246152
46.532614,20.196173
46.5344779,21.2541239
46.5346617,21.1750464
46.536241,21.260219
46.5397385,20.5888893
46.5414481,20.8079948
46.5420634,21.1864407
46.5421824,20.4056496
46.5428627,20.6765266
46.543329,20.8855059
46.5435161,20.8946355
46.5440949,20.6584587
46.5445946,20.6760872
46.5456244,20.6715243
46.5468122,20.6560584
46.5469099,20.6726373
46.5471978,20.6637092
46.547801,20.6633779
46.5478492,20.6721826
46.5479434,20.6770254
46.5481096,20.6678163
46.5483985,20.6658489
46.5484097,20.6744834
46.5485138,20.6451206
46.5486372,20.6590674
46.5489876,20.6693983
46.5496369,20.6712874
46.5501281,20.1071835
46.5503708,20.6610257
46.5504039,20.6777331
46.5507372,20.6493718
46.5510274,20.6764073
46.5510281,20.6630952
46.5513424,20.6624721
46.5516426,20.6753216
46.5518277,20.6857392
46.5519799,20.2020127
46.552154,20.6807294
46.5524981,20.652684
46.5525882,20.6790378
46.553747,20.6550923
46.5541783,20.6635569
46.5544008,20.6188396
46.5553632,20.6826331
46.556307,20.6868413
46.5564944,20.6766665
46.5566685,20.6164398
46.5567249,20.6615403
46.5574205,20.6676294
46.5576159,20.667441
46.5583164,20.670102
46.5583314,20.6529225
46.5587011,20.6143464
46.559169,20.674322
46.5595422,20.6840673
46.5595733,20.6631736
46.5597876,20.6576893
46.5600241,20.6806198
46.5602138,20.6100534
46.5603962,20.6661009
46.5605493,20.6662662
46.5607782,20.1122381
46.5610222,20.6748767
46.561241,20.6194751
46.5612693,20.6805167
46.5613703,20.6611169
46.5616892,20.6353014
46.5618005,20.6659222
46.5619681,20.6877307
46.5623703,20.3471448
46.562536,20.6126583
46.562608,20.686102
46.5626751,20.6847116
46.5630532,20.609824
46.5638978,20.6639914
46.5642585,20.6585898
46.5643129,20.6534615
46.5644132,20.6802724
46.5644424,20.6671577
46.5645647,20.6829797
46.564628,20.6308308
46.5651427,20.2240944
46.5653581,20.6663872
46.5658796,20.674095
46.5658996,20.5944895
46.5660414,20.6571052
46.5661833,20.6625239
46.5668064,20.2229912
46.5669004,20.6314253
46.5669845,20.6801566
46.567001,20.6600546
46.567002,20.6843864
46.5671912,20.6298933
46.5672329,20.6105247
46.5675343,20.6558303
46.5677267,20.5912225
46.5678418,20.6295264
46.5678461,20.6857849
46.5680338,20.6620719
46.5681525,20.6817975
46.5681984,20.5956236
46.5684783,20.6799487
46.5684959,20.6546931
46.568668,20.6278372
46.5692436,20.6848498
46.5694176,20.6081961
46.5699162,20.6658888
46.569998,20.6782542
46.5703227,20.6528415
46.570417,20.6071823
46.5705851,20.6824593
46.5710226,20.1922149
46.5710991,20.63311
46.5713135,20.4374092
46.5713861,20.2979215
46.5714276,20.6529494
46.5714533,20.6060343
46.5717001,20.6569233
46.5719632,20.6511603
46.571992,20.682252
46.5721941,20.6733489
46.5725117,20.6049775
46.5725527,20.6857686
46.5734152,20.6041621
46.5737299,20.6852785
46.574363,20.6576242
46.5743902,20.6513939
46.5744194,20.6190953
46.574857,20.6029712
46.57492,20.95076
46.575285,20.6727066
46.5753659,20.607193
46.57546,20.442353
46.5755831,20.43378
46.575668,20.6121028
46.5767846,20.6155222
46.5770946,21.0287787
46.5773977,20.4812335
46.5775304,20.6591667
46.5787497,20.2288109
46.5800279,20.6699696
46.5801436,20.6780087
46.5803028,20.6117361
46.58038,20.22119
46.5810871,20.6809156
46.5814017,20.4852112
46.5819326,20.6637799
46.5834737,20.2175662
46.5843689,20.6327172
46.5844001,20.4849498
46.585469,20.223898
46.5856364,20.2361681
46.5860499,20.2646644
46.5861215,20.6315813
46.5861554,20.629802
46.5863098,20.6334801
46.5863854,20.6352999
46.5864157,20.6194168
46.5866007,20.2351746
46.5871045,20.2382383
46.5875,20.4761491
46.5878649,20.6113984
46.5878716,20.6147952
46.587899,20.6191364
46.5880394,21.0056925
46.5884596,20.2495098
46.5886785,21.0057103
46.590395,20.270592
46.5910477,20.619236
46.591323,20.6273924
46.5947966,20.2102101
46.595234,20.8565047
46.5952769,20.8566266
46.5959902,20.8614539
46.5962814,21.013623
46.5968582,20.8669283
46.5989468,20.8562118
46.5990853,21.0229258
46.599419,21.0646754
46.5999973,20.1151814
46.6006761,20.7343655
46.60115,21.07304
46.6024249,20.8555489
46.604083,21.088267
46.606339,21.2733914
46.6067892,21.0975435
46.607316,20.254386
46.6074675,20.2067963
46.6091695,21.0843593
46.6158552,20.5500408
46.618242,20.546249
46.6239042,20.2299764
46.6252138,20.8457977
46.6252176,21.263398
46.6269921,20.8415513
46.6304643,20.8342718
46.6309404,20.8208111
46.632064,21.255643
46.6334476,20.8293215
46.6343877,20.8337058
46.6345045,20.2727599
46.6350227,20.2719024
46.6354278,21.2593613
46.6358255,21.2856224
46.6365789,20.8384926
46.6368882,20.2774942
46.6375672,21.3169613
46.6383293,21.2555002
46.6390194,21.3017212
46.6393592,21.3073737
46.6395056,20.2825891
46.6404306,21.2691584
46.640461,20.2499869
46.6407195,21.270383
46.6407251,20.245569
46.6422674,20.2527131
46.6434378,20.251728
46.6436,21.331033
46.64421,21.287963
46.6448535,21.2823401
46.6452161,21.2825423
46.6455433,21.2728098
46.646433,21.275617
46.6466758,21.2633326
46.6471125,21.0940343
46.6480196,21.2705341
46.6487256,21.2766272
46.6497788,21.2580576
46.650297,20.2635285
46.6504751,21.2625143
46.6505484,21.2509959
46.6508941,21.2836754
46.6512322,21.0871819
46.6512834,21.1581798
46.651917,21.245983
46.6519254,20.2507436
46.6522922,20.2625713
46.652396,20.2590039
46.653131,21.0934755
46.653249,21.2588389
46.6538981,21.0512823
46.6546378,20.5890094
46.6560262,21.4148077
46.6560393,21.2723328
46.6562632,21.2739097
46.6565605,21.0617244
46.6576875,20.5903892
46.6583674,21.0749557
46.6586707,21.1274861
46.6589173,21.0674894
46.6591018,21.2933814
46.6593921,20.9503756
46.6594012,20.9432067
46.6596704,21.1507179
46.6596807,21.1665076
46.6597678,21.0831032
46.6599246,21.0695878
46.6599251,21.2512585
46.6600507,21.0704255
46.6603313,20.9550476
46.6607085,21.0803982
46.6609548,21.0717525
46.661004,20.2548521
46.6613,21.0737
46.6614144,20.2497981
46.6618143,21.0770251
46.6620025,21.2931213
46.6621465,21.2823015
46.6623899,21.0759121
46.6624348,21.0593687
46.6627172,21.2764068
46.6631139,20.5903222
46.663862,20.276312
46.66446,20.278869
46.6646837,21.0654281
46.6648896,21.2718461
46.6649593,21.1220258
46.6649638,21.0743325
46.6653482,21.0804015
46.665359,20.282886
46.6654833,21.0673407
46.6655247,21.0673166
46.665526,21.128647
46.6656888,21.1173777
46.6659542,21.0688751
46.6662844,21.0601381
46.6663724,20.5977452
46.666544,20.5860313
46.666609,20.287932
46.6669195,21.0782951
46.6669498,21.0712326
46.667017,21.1178
46.6671841,21.1256844
46.6673099,21.0627134
46.6676073,20.2727402
46.6677174,20.5907272
46.6678904,21.072817
46.668427,21.1124893
46.6684308,21.0895759
46.6687216,20.2494462
46.6689455,21.2708721
46.6691768,21.1014035
46.669189,20.103608
46.6692725,21.074756
46.669321,20.297505
46.6694255,21.0990554
46.6694958,21.0583252
46.6695104,21.0818082
46.6695494,21.0468289
46.66965,21.12855
46.6696787,21.0871075
46.6697301,21.0967125
46.6700675,21.0828502
46.6700752,21.0916243
46.6701296,20.6726004
46.670256,21.0813266
46.6702743,21.0613303
46.6703771,20.4565364
46.6705977,21.0760864
46.6706343,20.6800996
46.6707136,21.103179
46.670759,20.270788
46.6709,21.1772
46.6710595,21.1065367
46.6710872,20.585687
46.671102,21.0929843
46.6716418,21.136767
46.6716565,21.1356057
46.6717248,21.0653287
46.6717823,21.0973298
46.6718305,21.1328672
46.6718828,21.1040162
46.6719271,21.0938578
46.6720637,21.1297725
46.6721248,21.0568172
46.67265,21.11065
46.672792,21.0599852
46.6730912,21.1267377
46.6731032,21.1133411
46.6731913,21.069872
46.6736427,20.2580173
46.6740798,20.2686219
46.6741318,21.099178
46.674319,21.083018
46.6744116,21.1012121
46.6744212,20.2646877
46.6744996,20.6586747
46.67452,20.272076
46.6745377,21.1069639
46.6749117,21.0558448
46.6753462,21.0945231
46.6755292,21.0586995
46.6755385,20.5752947
46.675587,21.104205
46.6757014,20.454021
46.675928,21.0880723
46.6761491,21.1313696
46.676267,21.102183
46.6766605,21.0819298
46.6766976,21.0629354
46.6767053,21.1195369
46.6770368,21.095171
46.6770657,21.0655669
46.6772471,21.1069484
46.6772953,21.0675592
46.6776645,20.2135688
46.6778935,21.0936817
46.6783473,21.0865817
46.678491,20.211665
46.6788156,21.0908754
46.6789624,21.0913802
46.6791497,21.0939417
46.6793028,21.092413
46.679378,20.279711
46.679417,21.039733
46.6796572,21.0938494
46.6797641,21.0829664
46.6798092,21.1195281
46.6800987,21.1042267
46.6801796,21.0783488
46.6801849,21.1079865
46.680193,21.095626
46.6802025,21.1017761
46.6802562,21.0802271
46.680367,21.0620951
46.6807953,21.0654696
46.6812092,21.0980689
46.6814934,21.1141567
46.6815395,21.0944837
46.6817678,21.109519
46.6821106,21.1046351
46.6823491,21.0727725
46.6825225,21.0932866
46.6832667,21.0825588
46.6834157,21.1085787
46.6836592,21.0922751
46.6839335,21.0867977
46.6842048,21.0710199
46.6842141,21.093687
46.6844216,21.1212982
46.6844334,21.0898041
46.6844993,21.072961
46.6848977,21.1044534
46.6850898,21.1964025
46.6852335,21.1032358
46.6853086,21.0787479
46.6854262,21.1013197
46.6860354,21.106559
46.686083,21.197267
46.686113,20.249645
46.6861158,21.1142421
46.686517,21.045133
46.6867097,21.087422
46.686927,21.097545
46.6871718,21.1079685
46.6875568,21.1019229
46.6875941,21.0729912
46.687667,21.090682
46.6878697,21.1012924
46.6881725,21.0893218
46.6882373,21.0849799
46.6884776,21.1282694
46.6885735,21.0352336
46.688663,21.095435
46.6890563,21.0724897
46.6890569,21.0879195
46.6891733,21.0921903
46.6893219,21.1029365
46.6897498,21.0711934
46.6899621,21.0726705
46.6900206,21.0767058
46.69009,20.142151
46.6902997,21.0870579
46.6905135,21.0805965
46.6911771,21.0744234
46.6912104,21.1054927
46.6914735,21.092039
46.6920266,21.0847941
46.6923957,21.0986557
46.69303,21.09926
46.694716,21.1315463
46.6952445,21.0813727
46.6953132,21.0738179
46.696434,21.100547
46.6981853,21.3229612
46.698711,20.253469
46.6989115,21.1827909
46.6991836,21.1402836
46.699596,21.1032533
46.6997095,21.1846225
46.699905,20.127062
46.700194,21.0783306
46.7002774,20.1676991
46.7003641,21.1854957
46.700631,20.249573
46.7013774,21.0591953
46.7014562,21.3213435
46.701539,21.318792
46.7018069,21.3290561
46.701814,21.102134
46.7020689,21.1889715
46.7020907,21.1367384
46.7023072,21.1782384
46.702417,21.1478
46.7024503,21.2710683
46.7026435,21.2679777
46.7031821,20.1468229
46.7035115,21.0641662
46.7039806,21.1809459
46.7044141,20.1401664
46.705,21.1569413
46.7050385,20.1501947
46.7064571,20.1492991
46.7067125,21.1181559
46.7068851,20.1498944
46.7074677,20.1605471
46.7077338,21.2619344
46.7082885,20.1642117
46.7086164,20.1480114
46.7088393,20.1528626
46.709168,20.317566
46.70954,20.317553
46.7096715,20.1533531
46.7097409,20.1521621
46.7099694,20.1529573
46.710115,20.317443
46.710517,21.17915
46.7109037,20.1642646
46.712583,21.1118
46.7126298,20.1723145
46.7140813,21.066378
46.7146711,21.1122626
46.7154165,20.1825064
46.7154359,20.124708
46.7155603,21.1500085
46.7157007,21.0632253
46.7161144,20.1327661
46.7164414,21.0618398
46.716961,21.0631211
46.7176095,20.1361105
46.7178654,21.0591175
46.7200316,21.0663182
46.7213416,21.1461778
46.7228,20.118983
46.7230042,21.0441621
46.72413,21.114659
46.729442,20.354169
46.7295977,20.1325643
46.730117,21.250133
46.7306947,21.3540189
46.7315322,21.2353532
46.7317402,21.3570022
46.7329155,21.375656
46.7347362,21.3882246
46.7351467,21.2430409
46.7351667,21.3645019
46.7352816,21.2340376
46.735304,21.4705779
46.7363,21.367167
46.7364601,21.2459949
46.7366113,21.2493872
46.7367125,21.3914855
46.7375475,21.361484
46.739003,20.210329
46.739512,21.2304498
46.7399697,21.2351916
46.7401065,21.2420451
46.7410375,21.3779003
46.7432796,21.3824592
46.7454983,21.3734166
46.7458347,21.3893637
46.7465901,21.3785269
46.7467863,21.391549
46.7475389,20.1015877
46.7482432,21.3809158
46.7487877,21.3876971
46.7512025,21.3883278
46.751267,21.382217
46.75325,20.8043616
46.75378,20.277706
46.7545389,20.8077287
46.755467,21.145717
46.756956,20.279098
46.7575402,21.1485625
46.758696,20.28884
46.75895,21.15105
46.759377,21.135271
46.7605736,21.1544187
46.760855,21.14066
46.760983,21.151383
46.763666,21.144715
46.764538,21.132121
46.7649,21.146583
46.7651219,20.7968667
46.7657896,20.9732198
46.766422,21.118142
46.7706781,21.1272743
46.7719587,21.1393539
46.77268,21.12626
46.773823,21.14296
46.77474,21.45107
46.7787552,21.1288944
46.783539,20.114751
46.7840009,21.131114
46.7855107,21.1046642
46.7857729,21.1197807
46.7917105,21.1352373
46.7939505,20.7164012
46.795346,20.446855
46.7961254,20.1961639
46.799583,21.383967
46.8028205,20.2098041
46.8028681,20.1311456
46.8030959,20.1982446
46.8031059,20.2035913
46.8043538,20.2114477
46.804717,20.13079
46.8068997,20.1311895
46.80742,21.49002
46.8087912,20.195322
46.8094,21.027117
46.809683,21.381567
46.8109961,20.1306778
46.811702,20.8463592
46.8119058,21.0174357
46.812817,21.382967
46.8133496,21.2119594
46.815159,21.013411
46.81595,21.391467
46.817681,20.6544426
46.8176981,21.0261493
46.8192822,21.0101024
46.8205322,21.026035
46.821367,21.031033
46.8223726,21.0343515
46.8231117,20.6611058
46.8236603,21.0336174
46.8242323,21.0233018
46.8244216,21.0367243
46.824529,20.182912
46.8246815,21.0313674
46.8248579,21.0427258
46.824866,20.176958
46.825258,20.174016
46.825794,20.170616
46.825848,21.025792
46.8260474,21.0176902
46.8260869,20.4747034
46.826144,21.0301318
46.826167,20.169265
46.826493,20.166059
46.826545,20.51457
46.826971,20.160977
46.827201,20.163011
46.8273405,20.6481019
46.8274295,20.4727373
46.827495,20.507675
46.8285726,20.648998
46.829848,20.506536
46.830812,21.034057
46.831,20.7361
46.832917,20.736767
46.8330133,20.281125
46.834735,20.208427
46.834833,21.0275
46.836153,21.036349
46.8367637,21.0400212
46.838322,20.284903
46.8394235,20.283532
46.839631,20.285268
46.8404555,21.3513849
46.841145,20.622962
46.843778,20.267472
46.84422,20.25295
46.84583,20.25097
46.8466559,20.2894914
46.84695,20.25019
46.8478639,20.2927244
46.849317,20.620867
46.8494,20.6183
46.850217,20.613417
46.851917,20.622817
46.8528531,20.5294608
46.853067,20.614967
46.8531079,20.1400371
46.854386,20.5576019
46.8544644,20.5354341
46.8545724,20.5274633
46.8546336,20.5724126
46.854665,20.2947742
46.8555353,20.550777
46.8565432,20.1416093
46.8567982,20.5667984
46.8573,20.6161
46.8577553,20.5272579
46.8586164,20.5634578
46.8592362,20.5435917
46.8595049,20.1461402
46.8596372,20.5407308
46.8600818,20.5492325
46.8606415,20.5666161
46.8606945,20.5554248
46.8607475,20.1497598
46.86085,21.4346
46.8612097,20.5443843
46.861997,20.935657
46.8620141,20.5419993
46.8625724,20.5668868
46.8625937,20.5524812
46.862633,20.557733
46.862783,20.5955
46.8628142,20.5353273
46.8628963,20.4840136
46.8631301,20.1513086
46.8633123,20.549942
46.8637522,20.2024499
46.8639488,20.1817861
46.8640729,20.9327765
46.8648952,20.1933261
46.8649072,20.1521593
46.8649087,20.5975902
46.8656666,20.489811
46.8663787,20.20532
46.8680153,20.5328312
46.8681489,20.5665041
46.868181,21.176335
46.8682743,20.6006185
46.8686647,20.6069338
46.8695955,20.5351307
46.86965,20.610433
46.869667,20.601867
46.8701696,21.1702088
46.870643,21.173861
46.8706688,20.4898291
46.870767,20.623483
46.8710167,20.4817384
46.871133,20.613667
46.8712297,20.5311611
46.8714,20.620867
46.8716678,20.4844436
46.871774,21.180246
46.8718479,21.0253973
46.872,20.617167
46.872644,21.189441
46.8728194,20.5331554
46.87285,20.486783
46.872884,20.5280836
46.873356,21.175408
46.873528,20.527822
46.8736227,20.5637728
46.8737375,20.5282304
46.8742343,20.5303854
46.875006,21.035155
46.8754092,20.486414
46.8755788,20.6071097
46.876027,20.5447259
46.876267,20.566417
46.877042,21.022595
46.8771157,20.575938
46.8772631,20.6121622
46.8772716,20.6168164
46.877321,20.5396643
46.877424,21.012959
46.8776867,20.5460032
46.877779,21.18461
46.877917,20.487083
46.878586,21.013687
46.8791114,21.0328358
46.8791404,21.0255738
46.8804079,20.470672
46.88129,21.576818
46.8813265,20.1165582
46.8813298,21.0276327
46.881924,21.023135
46.882846,21.573586
46.8833819,20.1327361
46.8840794,20.1175638
46.8848324,20.1218046
46.8851178,21.0273194
46.8853419,20.1197074
46.8863901,20.1215639
46.8868434,21.5731114
46.88725,21.029111
46.887492,20.117087
46.887964,21.024938
46.8880677,20.5463504
46.8925439,21.3390264
46.893267,20.3952
46.8950985,21.3564147
46.895116,21.3495079
46.895183,20.388483
46.8954143,21.3573332
46.89553,21.3376821
46.8958909,20.5476304
46.897383,20.399967
46.9012738,20.3834283
46.9013236,21.338271
46.904117,20.386817
46.909033,20.382767
46.909483,20.379667
46.90985,20.377067
46.911717,20.373467
46.9163629,21.4903633
46.918083,20.830535
46.919296,21.486627
46.91943,20.831187
46.919842,21.247213
46.920277,20.828523
46.921329,20.829128
46.921589,20.834732
46.9220599,21.4867584
46.922562,21.488707
46.9229,20.830378
46.9234904,20.8261172
46.92463,21.24594
46.9246402,20.7631591
46.924817,20.7725
46.924819,21.4965961
46.92527,20.83485
46.92555,20.777667
46.925812,20.828109
46.9259,21.499733
46.926151,20.839327
46.926367,20.783633
46.9265,21.4778
46.926557,20.832323
46.926733,20.76905
46.9268203,21.2644401
46.92695,20.78795
46.927417,20.796783
46.9275471,20.7831859
46.9275716,21.4727519
46.9277055,20.1134593
46.927767,20.77655
46.92794,20.821741
46.927967,20.795033
46.9279974,20.7864654
46.928033,20.792667
46.928064,20.830739
46.92812,20.840475
46.928367,20.780833
46.928481,20.836195
46.9287249,21.2606987
46.9292925,20.4607865
46.929317,20.787617
46.9298075,20.1010039
46.929861,20.825584
46.9298621,20.8081256
46.930217,20.790817
46.930467,20.79515
46.93054,20.822621
46.93055,20.78435
46.931141,20.837538
46.931705,20.782249
46.931744,20.804961
46.931792,20.821011
46.931867,20.7869
46.932025,20.833781
46.932271,20.822307
46.93265,20.7798
46.932778,20.791583
46.933314,20.786272
46.9333458,20.8093055
46.933422,20.823138
46.93353,20.843697
46.933563,20.833746
46.933722,20.83784
46.9337359,21.2597661
46.9341184,20.1046113
46.934284,20.787903
46.934365,20.7730539
46.934395,20.791585
46.934417,20.779383
46.934439,20.810308
46.934454,20.786273
46.934499,20.790363
46.9347,20.833069
46.934727,20.789494
46.934894,20.819258
46.93575,20.838817
46.935867,20.8223
46.935885,20.808235
46.935887,20.779922
46.9360876,20.1079184
46.936435,20.789089
46.93647,20.82365
46.936705,20.806122
46.937116,20.809294
46.937263,20.83293
46.937462,20.818338
46.937775,20.806357
46.938146,20.815349
46.938245,20.8116
46.9389127,21.2639881
46.9392601,20.8409792
46.93942,21.08223
46.93956,21.2145782
46.939688,21.212668
46.939706,21.209154
46.939733,20.825983
46.9397393,20.1230106
46.940014,20.8325841
46.9407762,20.8270438
46.941437,21.540663
46.9421758,20.1240941
46.94345,20.8276
46.9444,20.66935
46.944523,20.2471576
46.94471,21.08372
46.945439,20.825992
46.9454487,20.1401767
46.9468982,21.0827505
46.946916,20.2517304
46.9482365,20.2555969
46.9493206,20.2618278
46.9512774,20.4305881
46.951633,21.090317
46.9554509,20.1050912
46.956967,21.081383
46.9572564,20.2020925
46.9575947,20.2014527
46.958167,21.065833
46.959123,21.448123
46.959417,21.0832
46.959759,21.450887
46.960018,21.453495
46.9606091,21.4019052
46.960641,21.44797
46.961228,21.453374
46.961264,21.450744
46.961717,21.069567
46.961789,21.445018
46.962291,21.447602
46.9626007,20.1961729
46.9638134,21.4474951
46.9639474,20.1962397
46.9641509,21.5925885
46.9642576,21.3956254
46.9643167,21.07855
46.964567,21.071683
46.964733,20.198283
46.9654358,21.3981857
46.966017,21.0743
46.9662817,21.5906087
46.966449,21.615171
46.967283,21.089183
46.9686655,21.6051019
46.96894,21.07136
46.9693259,21.3959602
46.9694646,21.5965771
46.969617,21.067167
46.9699477,21.0862322
46.9701931,20.1079696
46.9715016,21.0865613
46.9762488,20.2729243
46.976577,21.504059
46.9766465,20.2445835
46.9771565,20.744341
46.98005,20.25507
46.985487,21.3551597
46.9888029,20.2447114
46.990168,21.484446
46.9922545,20.2482827
46.9932093,20.5947666
46.9947705,20.6255237
46.995821,21.497763
46.997038,21.502165
46.99708,21.486251
46.997385,21.499823
46.997633,21.482867
46.998682,21.476825
46.998872,21.488241
46.999074,21.481919
46.999413,21.50249
46.999501,21.471964
46.999877,21.474753
46.999888,21.490259
47.000252,21.46807
47.000498,21.484274
47.001186,21.495755
47.0012471,20.6237996
47.001279,21.504905
47.001449,21.484541
47.0015141,20.6374074
47.001708,21.477958
47.001712,21.474409
47.001862,21.467061
47.0022417,20.620813
47.002756,21.471037
47.003346,21.485881
47.003374,20.624984
47.004238,21.490275
47.004362,21.488715
47.00511,21.502763
47.005799,21.483158
47.006578,21.480715
47.006588,21.500621
47.006756,21.505678
47.006809,21.509544
47.006903,21.513474
47.007053,21.500144
47.0076341,20.1597352
47.0076646,21.4894413
47.00785,21.513455
47.007911,21.506225
47.008366,21.483281
47.008594,21.503924
47.008651,21.507696
47.008813,21.487763
47.009046,21.511683
47.0093454,21.6458798
47.009516,21.487361
47.009577,21.493606
47.009726,21.49754
47.009739,21.504833
47.0098117,21.6428388
47.009923,21.502461
47.010128,21.51056
47.010287,21.491085
47.010875,21.508554
47.010878,21.498271
47.011152,21.485987
47.011153,21.494674
47.011153,21.500611
47.0111578,20.6045388
47.0115038,20.6122213
47.011626,21.496728
47.0120669,20.6164852
47.0124264,20.6214069
47.012554,21.494137
47.012589,21.505865
47.0127266,20.2676062
47.012861,21.502155
47.012948,21.507437
47.0135072,20.615002
47.013785,21.499178
47.013903,21.505382
47.0141324,21.1629293
47.014451,21.495871
47.014637,21.507379
47.014942,21.502214
47.014958,21.500231
47.0149852,20.2968138
47.015323,21.598335
47.0154462,20.2739363
47.0157112,21.1713819
47.01583,21.483602
47.015845,21.160247
47.01588,21.509717
47.016116,21.503157
47.016141,21.600409
47.016232,21.496865
47.0166367,20.1360354
47.0167154,20.1469003
47.0167352,20.2880099
47.016993,21.555
47.01723,21.15793
47.017365,21.55725
47.01763,21.558983
47.0178366,20.2880157
47.01795,21.587833
47.0180533,20.2837443
47.018545,21.596224
47.018583,21.582917
47.0187,21.590617
47.018717,20.979
47.018866,21.55434
47.018938,21.551916
47.0190406,20.2981897
47.0191226,20.3005377
47.0191634,20.2958982
47.019209,21.559364
47.019625,21.556615
47.0198181,21.1650433
47.020073,21.543927
47.020088,20.2622765
47.0206777,20.2917736
47.0210126,20.2332188
47.021193,21.558732
47.021411,21.5509
47.021441,21.180074
47.0215882,21.1662763
47.0216401,21.2754279
47.021784,21.555904
47.0217844,20.2960695
47.022021,21.546776
47.0220517,21.1602168
47.0222371,21.1733094
47.0222699,21.592634
47.022582,21.558917
47.022633,20.967083
47.022924,21.543739
47.023514,21.539141
47.024117,21.598683
47.024194,21.542446
47.024317,20.97105
47.024467,20.9681
47.024683,21.544382
47.0247,20.95695
47.025051,21.547415
47.025067,20.972433
47.025378,21.539215
47.025694,21.541706
47.02585,20.940667
47.026064,21.544462
47.0262701,20.2225428
47.026495,21.540848
47.026633,20.970233
47.02681,21.54386
47.02706,21.539748
47.0271458,20.2233604
47.027263,21.542319
47.02736,21.545695
47.027827,21.546339
47.02795,20.95905
47.028011,21.548246
47.028209,21.542495
47.028314,21.544275
47.029167,20.956983
47.0292075,20.2189072
47.029394,21.545863
47.029483,20.9383
47.029733,20.954567
47.0305328,20.2095665
47.031417,20.9586
47.0324709,20.2139498
47.0332023,20.2173386
47.0344725,20.1431274
47.034574,21.626222
47.03485,21.181267
47.03535,20.936917
47.035545,21.634204
47.0356322,20.9521789
47.036221,21.631918
47.03735,20.953217
47.03745,21.296983
47.0389995,20.9468009
47.039058,21.631522
47.039117,20.94275
47.039205,21.628657
47.0396171,21.2973254
47.039723,21.629033
47.040582,21.629677
47.0409961,20.1045515
47.041569,21.630514
47.0418589,21.2971838
47.043891,21.629745
47.044033,21.6285
47.045117,21.626467
47.0455746,20.283667
47.0568078,20.268798
47.0598413,20.2614772
47.0607127,20.2609717
47.0626526,20.2635753
47.0628253,20.1885195
47.0652808,20.1867048
47.0684998,20.1790204
47.0688874,20.4759466
47.0747743,20.4847146
47.0757497,20.4877563
47.078126,21.5852
47.078813,21.583327
47.078863,21.580634
47.080035,21.583554
47.0810514,21.5808086
47.08243,20.32963
47.08523,20.33214
47.0862568,20.3361989
47.0875191,20.2198688
47.088233,20.226783
47.0910225,21.093109
47.0912997,21.2031284
47.0927449,21.2043407
47.093383,20.133733
47.0942987,21.2054298
47.0958493,21.3987947
47.096531,21.402913
47.097208,21.206939
47.0975516,21.3991587
47.0989657,20.2283157
47.100567,20.145367
47.1006968,20.7351665
47.1009755,20.3443162
47.1020191,20.7485118
47.1020586,21.3348458
47.102356,20.126054
47.1027422,20.1299467
47.1029544,20.1505259
47.1040905,20.7475401
47.105511,21.570405
47.106003,21.566179
47.1061167,20.7323667
47.1075467,21.2037707
47.107787,21.571419
47.1081332,21.2105456
47.108519,21.568367
47.10927,20.751068
47.109535,21.200503
47.10974,21.572471
47.110117,21.566517
47.110341,21.563679
47.110898,21.344032
47.110941,21.571999
47.111258,21.211689
47.111306,21.563737
47.111667,21.568483
47.112452,21.572633
47.113556,21.564547
47.113667,21.569767
47.1141226,20.7468693
47.114146,21.639805
47.1142876,21.6438998
47.11435,21.567683
47.1149904,20.1264841
47.115448,21.220028
47.1160991,21.6449822
47.116606,21.567828
47.118382,21.645424
47.1188254,21.6432125
47.1195866,21.6415562
47.119911,21.646628
47.1204027,20.2058237
47.120576,21.649289
47.120597,21.640556
47.1209366,21.7619761
47.1217005,21.6383673
47.122464,21.751685
47.122533,20.552917
47.123005,21.465186
47.12397,21.7568285
47.1244941,21.7530882
47.1258639,21.7029139
47.126181,21.432011
47.1270002,21.7093094
47.1272076,21.456864
47.1273304,21.4603587
47.1281333,21.4551394
47.1282984,21.7376699
47.1283282,21.7161843
47.128472,21.456337
47.1285515,21.7131326
47.1285807,21.7267932
47.1288237,21.7228375
47.128837,21.712825
47.1289127,21.7300125
47.1289504,21.7326815
47.1289599,21.4295384
47.1292229,21.4292456
47.1293283,21.4299803
47.1294513,21.7193203
47.1295417,20.554945
47.1296134,21.7281136
47.129667,21.461783
47.1296673,21.7259186
47.130117,21.4672
47.1305792,21.7242952
47.1315429,21.7150775
47.131712,21.423426
47.132142,21.424627
47.132592,21.432331
47.132721,21.452565
47.133148,21.465725
47.133213,21.44012
47.133515,21.432673
47.133524,21.73243
47.133687,21.432245
47.1340739,20.3814026
47.134223,21.436728
47.134352,21.443058
47.134383,21.462648
47.134493,21.424907
47.135428,21.428842
47.135537,21.4560329
47.136011,21.713394
47.1363078,20.5568852
47.136368,21.453281
47.136369,21.715126
47.136784,21.440231
47.13757,21.444583
47.137592,21.430463
47.139312,21.425468
47.141617,21.426253
47.141871,21.431131
47.146312,20.925215
47.1490851,20.9266957
47.1519113,20.9186158
47.1545866,21.063381
47.1546637,21.0610722
47.1551757,20.2611685
47.1574997,20.1641242
47.158546,20.2075733
47.1612586,20.4067097
47.161527,21.618811
47.161857,21.622188
47.1621314,20.1702369
47.1624866,20.1509483
47.162683,20.174817
47.163293,21.622042
47.1635846,20.4161302
47.1645608,20.2093424
47.164843,21.622145
47.165186,21.623197
47.1653643,20.4022761
47.1660532,20.3978107
47.1660693,20.4181589
47.166085,21.618733
47.166431,21.623368
47.166528,21.61721
47.1666379,20.4083748
47.166828,21.616098
47.16684,20.189751
47.166967,21.62354
47.1669853,20.1908788
47.1673219,20.4036212
47.167758,21.62347
47.1677732,20.4257981
47.1677892,20.4140596
47.168384,21.617296
47.168755,20.196236
47.169189,21.620697
47.1692404,20.4190196
47.169817,20.1587
47.1698285,20.4216334
47.169877,20.304365
47.1699469,20.4015677
47.16997,20.41202
47.1704474,20.3990129
47.1704861,20.2953658
47.1709886,20.4066301
47.1720953,20.4117749
47.1721628,20.3011589
47.17223,20.39821
47.172736,20.297692
47.1728053,20.1826826
47.173588,20.3924804
47.1736503,20.1788221
47.17403,20.39727
47.1744427,20.3823136
47.1745145,20.4296551
47.1748092,20.1973543
47.1749468,20.4105453
47.175226,20.4245067
47.175274,20.295074
47.1753397,20.4219814
47.1756358,20.3803307
47.1757254,20.3049347
47.1761147,20.1964574
47.1761239,20.1923439
47.176267,20.137267
47.1763068,20.4167886
47.1768319,20.3891498
47.1771311,20.3957456
47.1773448,20.4126886
47.1773959,20.1841092
47.1774194,20.184121
47.17744,20.38521
47.177472,20.138972
47.1777571,20.4334026
47.1778451,20.3100656
47.1778541,20.3161615
47.1782011,20.3949675
47.1782671,20.1848191
47.1783,20.156433
47.1783791,20.2019433
47.1786436,20.3007201
47.1787192,20.1749761
47.1788825,20.174679
47.1789488,20.1769476
47.1789638,20.3894579
47.178979,20.420129
47.1790077,20.1744765
47.1790927,20.4123698
47.1791162,20.1743176
47.1792607,20.1740956
47.1793732,20.4328454
47.1796573,20.4086592
47.1797253,20.3065266
47.179808,20.1758806
47.1800239,20.4281875
47.1800409,20.1755024
47.1801713,20.1752671
47.180233,20.308142
47.1804766,20.305465
47.1804779,20.4118206
47.1809516,20.200272
47.1809676,20.2001627
47.1814779,20.2094222
47.1827208,20.4041088
47.1827818,20.1938686
47.1830518,20.3990054
47.1834582,20.4093934
47.1839084,20.4233737
47.1839441,20.4312251
47.1842452,20.5135858
47.1851532,20.4069186
47.18531,20.2038
47.185571,21.789815
47.1857611,20.4408122
47.1860378,20.1802119
47.186717,20.208633
47.186952,21.7925351
47.187251,21.733881
47.1872692,21.7878875
47.1874481,20.4151139
47.1878035,21.8006705
47.1880681,20.4180392
47.1881508,20.5543304
47.188733,21.446262
47.188838,21.431266
47.188919,21.734734
47.189158,20.190876
47.189199,21.724608
47.189288,21.378402
47.189381,21.377691
47.189519,21.782091
47.1895867,21.4388316
47.189641,21.4389185
47.1896688,20.5852354
47.189777,21.731751
47.1904285,21.8004351
47.190592,21.736214
47.191467,21.64239
47.191645,21.453968
47.191751,21.735656
47.1922447,21.4594472
47.192255,21.456087
47.192412,21.732528
47.193597,21.543698
47.193612,21.538518
47.19366,21.724488
47.194003,21.550795
47.1940662,20.171389
47.1943534,20.188341
47.194791,21.634213
47.1948225,20.1803994
47.195785,21.728609
47.19605,21.542257
47.196279,21.536474
47.196472,21.633153
47.196835,21.541877
47.1971553,20.5823151
47.197952,21.533512
47.198033,21.631935
47.19806,21.728704
47.198158,21.642462
47.198768,21.632423
47.198918,21.638045
47.199367,21.534233
47.1998331,21.0003084
47.20077,21.348622
47.200983,21.347027
47.201121,21.330078
47.201342,21.343633
47.201367,21.534083
47.201784,21.340587
47.201965,21.343882
47.202051,21.315773
47.202711,21.635029
47.2032165,20.1917741
47.2032775,21.5380835
47.20354,21.321006
47.2035588,21.6393118
47.203563,21.53177
47.203682,21.531645
47.2037286,21.3281231
47.204497,21.638045
47.204687,21.341579
47.206374,21.33348
47.206471,21.327568
47.2065279,20.9890793
47.207086,20.4836672
47.2083005,21.3356385
47.208886,21.333073
47.2090184,20.9989781
47.2095346,21.2187863
47.209549,21.480615
47.2096314,20.7535574
47.210281,21.348215
47.210654,21.225683
47.211263,21.250271
47.211486,21.249252
47.2114923,21.7423999
47.2115738,20.7463839
47.211879,21.542135
47.211888,21.541135
47.211943,21.238825
47.212073,21.541334
47.212136,21.243289
47.212196,21.542385
47.212254,21.543548
47.212262,21.229546
47.212446,21.543668
47.2125588,21.2226491
47.212723,21.543792
47.2128196,21.7416378
47.212991,21.543899
47.213235,21.343293
47.2132682,21.3632053
47.21337,20.77037
47.2134,21.532983
47.213607,21.544306
47.213931,21.544627
47.2139342,21.3524074
47.2144118,20.7626453
47.214711,21.364074
47.215544,20.757645
47.215737,21.364679
47.215822,21.344333
47.21632,20.76045
47.216937,21.546959
47.217672,21.356049
47.2190957,21.5436566
47.2193,21.5526
47.2195487,20.3138229
47.2197911,20.295398
47.220097,21.523054
47.220263,21.535959
47.2202734,21.3507241
47.220483,21.526401
47.220567,21.537083
47.2206,21.551833
47.220795,21.538708
47.220831,21.35573
47.2212045,20.2954752
47.2217231,20.7572218
47.222511,21.529585
47.2229139,21.5396839
47.223255,20.7449968
47.223411,20.751205
47.22385,20.75052
47.223885,21.528065
47.22432,21.537381
47.2245125,21.5308844
47.2248127,21.5360716
47.2254829,21.5162677
47.2255366,21.515549
47.225601,21.513499
47.22563,21.516247
47.2258436,21.5156078
47.2258983,21.5163535
47.225966,21.529027
47.225973,21.523048
47.226432,21.512794
47.226952,21.516247
47.2270728,21.5180437
47.227293,21.520463
47.227337,21.527384
47.227735,21.616527
47.2278927,21.1424259
47.22795,21.517432
47.22845,21.520779
47.229152,21.540413
47.229667,21.538074
47.229767,21.18546
47.229838,21.544211
47.23012,21.523306
47.230439,21.540585
47.230588,21.541793
47.2307276,21.141579
47.231504,21.654121
47.231534,21.190331
47.231619,21.526487
47.232003,21.315749
47.232027,21.654141
47.232091,21.674459
47.232263,21.521122
47.232494,21.530315
47.232521,21.187557
47.23275,21.542393
47.232928,21.666133
47.233172,21.520145
47.234086,21.610753
47.2342811,21.6599369
47.234445,21.5894497
47.234536,21.610045
47.234607,21.52588
47.234614,21.527969
47.2349513,21.5911844
47.235023,21.616606
47.235119,21.610009
47.235263,21.529668
47.235374,21.655834
47.235753,21.521335
47.235968,21.661942
47.236369,21.542688
47.236457,21.659962
47.236941,21.619034
47.236955,21.663624
47.237113,21.616223
47.2384887,21.6593401
47.2389882,20.4689411
47.2392618,21.6648238
47.239838,21.658516
47.240232,21.663034
47.241576,21.611545
47.2418648,21.8229443
47.2420126,21.1845817
47.24248,21.661797
47.243206,21.661552
47.244074,21.813971
47.2444723,20.3585214
47.244537,21.821058
47.2448451,21.7002445
47.245339,21.19688
47.2457326,20.3577533
47.245847,21.696604
47.24608,21.198274
47.246661,21.825221
47.2473538,21.7029666
47.247605,21.692655
47.24875,21.69644
47.248802,21.829438
47.24935,20.66475
47.249867,21.181691
47.250695,21.352186
47.251144,20.672873
47.251897,21.357465
47.2519344,21.6893257
47.252648,21.697655
47.2526801,21.6962136
47.253571,21.35931
47.253689,21.704086
47.25392,20.66895
47.254528,21.690857
47.2557905,20.5286197
47.25643,20.66631
47.256596,21.357379
47.256972,21.360076
47.257135,21.351528
47.2589753,20.5216606
47.261589,21.346534
47.261841,21.347982
47.2624657,20.5241001
47.2670499,20.1295663
47.2697566,20.1255741
47.2700369,20.4553012
47.2709468,20.4598323
47.271333,20.44695
47.2716839,20.1275858
47.2731563,20.4566914
47.2733274,20.4483497
47.2734269,20.457204
47.274333,20.459317
47.2747234,20.434699
47.2762283,20.4522015
47.278267,21.804367
47.279513,21.778936
47.2796827,21.7694001
47.2809,21.804467
47.2817951,21.8297705
47.281827,20.3838475
47.28204,21.354437
47.282075,21.352881
47.2822824,21.8114115
47.282345,21.777091
47.282488,21.8145202
47.28276,21.372936
47.2827784,20.3836221
47.283182,21.770461
47.2832214,21.8076072
47.283315,21.359138
47.283354,21.773293
47.283461,21.355845
47.283512,21.361134
47.2835746,21.7654918
47.283869,21.377381
47.2840167,20.3836259
47.284731,21.35979
47.284835,21.819611
47.284902,21.371963
47.285024,21.376761
47.285153,21.3699
47.285232,21.362625
47.285392,21.816745
47.285463,21.357895
47.285483,21.824867
47.2855645,21.8048982
47.2857485,21.8156135
47.2862509,21.8084675
47.286425,21.356273
47.286495,21.238394
47.2873357,20.3889923
47.287533,21.77795
47.2876434,21.789692
47.287883,21.82455
47.2881816,21.7931652
47.288332,21.37006
47.288544,21.810768
47.288957,21.813778
47.289104,21.363065
47.2891604,21.2263988
47.289192,21.235228
47.289276,21.358267
47.289971,21.361361
47.290112,21.237175
47.290156,21.352787
47.290307,21.379916
47.290499,21.36476
47.2905279,21.2221217
47.2905934,21.8287883
47.2906663,20.2501986
47.291224,21.381991
47.2912515,21.825284
47.291257,21.355032
47.291561,21.359049
47.291649,21.370822
47.291808,21.362743
47.292196,21.361713
47.292473,21.378622
47.292743,21.353778
47.293353,21.363988
47.2938042,21.376379
47.2938609,20.8957549
47.294157,21.357029
47.29417,21.361756
47.294254,21.365726
47.294725,21.368962
47.295421,21.358389
47.2956633,21.3669626
47.2969252,20.258031
47.2988258,20.897289
47.2997954,20.2586442
47.301017,21.885017
47.301066,21.221837
47.3030119,20.9021397
47.30314,20.898206
47.3037995,20.9296021
47.3038631,20.9287089
47.304167,20.260667
47.3047046,20.9062434
47.3087502,20.4794266
47.310473,21.112855
47.311511,21.121803
47.311535,21.129235
47.311772,21.105242
47.3120734,20.1012795
47.312177,21.302974
47.312331,21.103616
47.3123508,21.1270453
47.3129405,20.9138921
47.313381,21.13089
47.3140307,21.1154724
47.3145401,20.9175133
47.314575,21.575668
47.3147771,21.1088882
47.3149064,20.9046923
47.315032,21.097509
47.315466,21.299218
47.3156315,20.9074476
47.315862,20.923269
47.316428,21.313927
47.317422,21.299431
47.317533,21.304337
47.31755,21.122134
47.3181934,20.9218063
47.318776,21.565601
47.318945,20.9061411
47.318983,21.303321
47.31902,20.9124933
47.31955,21.673133
47.319691,21.110527
47.3199579,21.5720561
47.320096,21.8912346
47.3203638,20.9117162
47.321141,21.569724
47.3212619,20.897888
47.321661,21.57573
47.321694,21.8889239
47.3217643,21.5728258
47.32183,20.9072239
47.3218674,21.6599822
47.3222414,21.8929413
47.323004,21.666374
47.3244399,21.7482199
47.3251503,20.9331234
47.3254534,20.9153222
47.3261785,20.9395227
47.3273304,20.9138993
47.3279,21.6701
47.328698,20.930118
47.3300592,21.6689202
47.3315388,21.5729838
47.3317182,20.4433526
47.334285,21.090205
47.341286,21.56652
47.341693,21.565825
47.343446,21.561575
47.344142,21.559274
47.3446,21.560909
47.346387,21.559129
47.346697,21.553609
47.3472971,21.550691
47.349508,21.548309
47.3503031,21.5699483
47.351587,21.580261
47.3556128,21.5702411
47.357317,21.279033
47.357969,21.552138
47.358162,21.569701
47.358317,21.55266
47.358749,21.552069
47.358886,21.553597
47.359158,21.55673
47.359357,21.552949
47.3595505,21.2760969
47.359941,21.562812
47.360263,21.281163
47.360987,21.564598
47.3642288,20.1672737
47.364735,21.585171
47.364907,21.277381
47.365459,20.1661041
47.365702,21.569962
47.3695329,20.6311838
47.3709559,20.164347
47.3747,21.894267
47.3761025,20.63275
47.3766636,20.6354164
47.379039,21.8923803
47.3791209,21.8885285
47.3806346,20.8336167
47.3824541,20.8367869
47.3839004,20.8391842
47.383917,21.856588
47.3843216,21.8975235
47.3848214,20.8407222
47.3859347,20.289457
47.3861743,20.8417504
47.386366,21.463003
47.386385,20.8434355
47.386605,21.462945
47.3869307,20.839954
47.3874877,20.8456652
47.3877914,21.8924706
47.389198,21.481984
47.389305,20.3883076
47.389346,21.466068
47.3906061,20.8426704
47.391071,21.479988
47.3911257,21.7384809
47.3919995,20.3845131
47.3922811,21.7411265
47.3922979,20.3881695
47.3925379,20.5045581
47.3925635,20.3924918
47.392658,21.468702
47.3929,21.853517
47.39291,20.3780446
47.3931509,21.8827118
47.3936738,21.4658392
47.3939454,21.8622832
47.3944528,21.8856159
47.3948365,21.7128051
47.395067,21.480083
47.3962595,20.4318449
47.3966278,21.6592578
47.3970496,21.7734764
47.3974413,21.4814332
47.398906,21.9247749
47.3991393,20.4571653
47.3999187,20.4382534
47.4003379,21.9244538
47.4008986,21.7224309
47.4019147,20.4406805
47.4037862,20.4249728
47.4051519,21.8868368
47.4059484,21.9309958
47.407317,21.927033
47.4078896,21.6249611
47.407916,21.885857
47.4101209,21.9414051
47.4151735,21.6250654
47.417781,21.973178
47.418348,21.976069
47.418448,21.160227
47.4188759,21.6254194
47.420206,21.171287
47.4211742,20.7829842
47.42188,21.143958
47.422668,21.981467
47.422765,21.171002
47.423083,20.781633
47.424097,21.977083
47.424183,21.982718
47.4244,21.156462
47.426025,21.145814
47.426067,20.77975
47.4263627,20.7813406
47.427491,21.4011507
47.4276177,20.8011816
47.427737,21.144122
47.4281228,20.792199
47.4281728,21.3938257
47.428923,21.395466
47.4292708,21.4064108
47.429556,21.148712
47.429913,21.150024
47.431133,21.407333
47.431221,21.15078
47.4317214,20.7964945
47.431823,20.701994
47.4319858,21.3955763
47.432462,21.151424
47.432468,20.701836
47.4332388,21.4065543
47.43345,21.38765
47.4338042,21.3850799
47.4338084,21.4102206
47.434397,21.398537
47.4346444,21.4117246
47.4353106,21.3859828
47.4356055,21.4036466
47.4361,21.15326
47.4362782,21.4150793
47.436552,21.410729
47.437986,21.3996244
47.4387632,21.6439213
47.439217,21.381256
47.4392313,21.4165153
47.4398438,21.6334402
47.4400368,21.4150253
47.4403335,21.4100643
47.4411925,21.3994059
47.441663,21.392141
47.4417391,21.4086615
47.4418084,21.6410712
47.4421767,21.4062127
47.4423709,21.4043435
47.4423897,21.4150794
47.4426076,21.414089
47.4435463,21.3868621
47.4435596,21.6374339
47.443607,21.4064891
47.4437657,21.3936204
47.444885,21.6382983
47.445956,20.726526
47.446517,21.38363
47.4467772,20.2222965
47.446821,20.716731
47.4468541,21.6390134
47.446967,20.724204
47.4471656,21.3713337
47.447188,20.718754
47.447407,21.388834
47.44745,21.397067
47.447791,20.722473
47.448646,20.72071
47.4486609,21.3997272
47.449006,20.727504
47.4496736,21.3873576
47.449694,20.713658
47.449717,21.990198
47.4500559,21.4066097
47.4503072,21.4017868
47.4505044,20.2149072
47.450577,20.718066
47.450633,21.685333
47.4508836,21.3891226
47.451069,20.715628
47.4511882,21.402603
47.4512154,21.3942826
47.451217,21.9806
47.451247,20.718381
47.451356,20.727544
47.452716,20.721877
47.45321,20.719488
47.4533856,21.3934078
47.453853,21.983825
47.453953,20.724967
47.454131,20.727133
47.4543878,21.3738311
47.4548097,21.392157
47.4548145,20.5155161
47.4560866,21.3768683
47.4572014,21.4013743
47.4584265,21.3744645
47.4586454,20.209025
47.4593998,21.4066346
47.4597983,21.8763174
47.4621081,20.5133108
47.4625767,21.4890649
47.4637977,21.4953847
47.4657415,20.5874716
47.465867,21.873967
47.4677328,21.4861493
47.469234,21.4914436
47.4699716,20.603535
47.4711104,21.4901282
47.4716043,20.5606137
47.4726031,20.6053444
47.4737434,20.6065325
47.4742366,20.5933709
47.4747379,20.6061563
47.4767788,20.5924505
47.4795797,20.6013401
47.4796345,20.6146939
47.4802021,20.9169999
47.4825101,20.6076241
47.48269,20.9212475
47.4831234,20.9177162
47.48349,20.35056
47.4847362,20.6022171
47.48483,20.34935
47.4851702,20.9278705
47.4862617,20.9220282
47.48655,20.60283
47.4867003,20.933503
47.48835,20.34657
47.48973,20.34542
47.4915302,20.730106
47.4925176,21.6722773
47.4947,20.48954
47.495361,20.481972
47.4988535,20.5136668
47.4989605,20.3362486
47.4999083,20.5139859
47.5025294,20.4939758
47.5033307,20.8205494
47.5048024,20.8180871
47.5055335,20.8246921
47.506514,20.818663
47.507509,20.6318648
47.5078952,20.8180038
47.508586,20.143801
47.5086477,20.6346177
47.5087967,20.8192641
47.509114,20.6330131
47.509374,20.141403
47.5097714,20.8192641
47.5098522,20.1285467
47.5098782,21.6036154
47.5101108,20.1291834
47.5102842,20.1259594
47.5116997,20.6486975
47.5119847,20.1408054
47.512479,20.821066
47.5128741,20.6409026
47.51343,20.6422975
47.513441,20.6446605
47.5139331,20.155174
47.513934,20.640375
47.5153943,20.1526811
47.5164444,20.1405627
47.5168181,20.5748933
47.5174539,20.1475666
47.5179761,21.8941926
47.518519,20.1531288
47.5185366,21.6022508
47.518684,20.150544
47.5190255,20.1486153
47.5191871,21.6267996
47.519447,21.6280204
47.5196456,21.6279009
47.5198264,21.627875
47.5200944,20.1512952
47.5204921,21.6299643
47.5206817,21.6300059
47.5214658,21.6053367
47.5223038,20.2471119
47.5231576,20.2432208
47.5241423,21.5979928
47.524331,20.3858113
47.5244996,21.6054025
47.5245815,20.3803338
47.5248381,20.3841429
47.5248909,21.8970247
47.5252878,21.6344849
47.5255296,20.3774747
47.5256681,21.6333159
47.526426,20.375283
47.5270218,20.3857988
47.527646,21.6257286
47.5287813,20.3866999
47.5288588,21.5868714
47.5294154,21.6249944
47.5299493,21.6247901
47.5300911,21.8950193
47.5303858,20.3880947
47.5304399,21.6245827
47.5307655,21.6259892
47.5309214,21.6249928
47.5310231,21.6097935
47.5329446,21.9997672
47.5331252,21.6862606
47.535685,21.6202028
47.5360502,21.6130342
47.5361822,21.6205839
47.5365886,21.6134097
47.5375429,21.6501745
47.5382731,21.3484182
47.5392851,22.0173371
47.540114,21.327115
47.5402255,21.6158144
47.542067,22.011617
47.5433368,21.6136734
47.5447782,21.6100569
47.5458525,20.931296
47.5461135,21.6100653
47.5471265,21.6174058
47.5471875,20.9288753
47.5477329,20.7218597
47.5488524,21.6083429
47.5490536,21.6100703
47.5494513,21.6089204
47.5502352,21.6690535
47.5505167,21.6099934
47.5510792,21.6335927
47.551481,21.6315686
47.5514847,20.5361216
47.5515699,21.653831
47.5515977,21.6372256
47.5516016,21.6372617
47.5520122,21.6275589
47.552692,21.6324313
47.5530183,21.6314776
47.5530756,21.6259056
47.553206,21.6358412
47.5551171,20.7279509
47.5554487,21.6076027
47.555817,22.023467
47.5561971,20.7114085
47.556717,20.719233
47.5573338,21.626481
47.5587954,20.5377135
47.5589016,21.6550476
47.5592703,20.5351182
47.5599817,20.7204992
47.5606151,20.5382106
47.5610951,21.6410352
47.561407,20.717731
47.563231,20.72639
47.5636722,20.7281698
47.5646951,20.5146209
47.5649805,21.6453937
47.5662566,21.7602736
47.568383,21.769017
47.575406,20.170864
47.5758536,21.76875
47.5809731,20.1734613
47.5815206,21.726625
47.5817148,21.9012836
47.582138,21.878662
47.5824301,20.1723403
47.583624,21.882853
47.584267,22.04445
47.586088,21.154332
47.5865194,20.169846
47.587724,20.272224
47.5878972,20.597479
47.5902978,21.5723056
47.5915185,20.1702542
47.59158,20.29416
47.59209,21.876136
47.5923638,20.2871395
47.5938537,21.9734572
47.5943845,21.1543433
47.5958395,20.2769423
47.5967186,20.4528812
47.5973139,20.2933141
47.597342,20.4355144
47.5983144,20.2914031
47.5987039,21.7560096
47.5991717,21.55658
47.5993085,21.7505822
47.5995673,21.7574461
47.6004259,20.7577359
47.6009763,21.7555321
47.601183,22.058267
47.60145,22.060467
47.60223,21.588584
47.602817,21.709022
47.6032681,20.295298
47.603631,21.757543
47.603713,20.7186778
47.603753,20.7546076
47.6045893,20.7584249
47.6047331,21.9701459
47.6047772,20.7529995
47.604833,22.063617
47.6049656,20.7181402
47.605367,20.281012
47.605584,20.72247
47.60585,20.750917
47.6069379,21.3275673
47.6087204,21.6114555
47.6105092,21.7653275
47.61097,20.7276
47.6120145,21.3419837
47.6136122,21.3309997
47.6137927,21.3478092
47.6153207,21.3283216
47.6155107,21.7702989
47.6168704,20.8772962
47.6170562,20.8834787
47.617175,20.8880399
47.6177426,21.3386629
47.617864,21.3404439
47.6181733,20.7596789
47.6193334,20.8799426
47.6202034,20.8914465
47.6206,20.75179
47.621863,20.8825828
47.6223305,21.3380535
47.6225712,21.3373338
47.623498,20.7404326
47.6239773,20.8943565
47.6243787,21.3426536
47.624743,20.7366884
47.624817,20.7367
47.6248804,20.7364901
47.6250901,20.7356117
47.6255235,20.887568
47.6258934,20.7543363
47.6259514,20.5943277
47.6262745,21.5750718
47.6266848,21.578802
47.6268333,20.8979297
47.6269221,20.7499481
47.6273656,20.8854613
47.627676,20.7556743
47.6278828,20.731986
47.6286127,21.9471934
47.6289235,20.7526962
47.6290118,21.6194201
47.6293787,21.611523
47.6305013,20.8953417
47.6335851,20.8927221
47.6349759,20.8881211
47.6353363,20.8864648
47.6364604,20.6400236
47.6364819,21.8058059
47.6372479,20.7534108
47.6373196,20.1800723
47.6389905,20.8832924
47.639367,22.1424
47.639885,20.6433036
47.6402074,22.1564203
47.6404898,20.6408997
47.6407685,21.6660569
47.6410435,20.1004997
47.641117,20.6451
47.6413261,21.6649141
47.64165,22.1425555
47.64168,20.646227
47.6418218,20.64012
47.6422535,20.6525188
47.6424701,20.6452024
47.6426767,22.1592055
47.6427404,20.1033374
47.6430218,20.1829983
47.6430906,20.180889
47.6432588,21.6599764
47.6437987,20.6457185
47.6444425,20.6497354
47.645407,20.6516603
47.6458292,21.6674305
47.6459871,20.9331581
47.646972,20.66044
47.6474938,20.1596678
47.6485988,22.1694755
47.6489405,21.6606854
47.649067,20.667217
47.64979,20.646643
47.6505546,20.6489766
47.6507,20.665528
47.6508239,20.6571713
47.6509779,20.1552869
47.6520355,20.1536693
47.6528419,20.6565803
47.654441,20.6552911
47.654864,20.6588893
47.6557351,20.6544685
47.6562198,20.3428751
47.6575867,20.6545783
47.6598816,20.3378616
47.662004,21.8405717
47.6626805,21.5203348
47.6637478,21.8428647
47.6649896,21.5241884
47.6653634,21.500864
47.6655909,21.5370802
47.666279,21.5406666
47.6683013,21.5206006
47.669275,21.5393472
47.6703936,21.524755
47.6737054,21.4927264
47.6776643,21.5204463
47.679548,20.224435
47.6796996,21.6807416
47.6803212,20.8660795
47.6803377,21.5146182
47.6813359,21.5048062
47.6819198,21.5149414
47.68353,20.810638
47.6835418,21.6585929
47.6835618,21.5036367
47.684331,21.533461
47.6844966,20.3164138
47.6858825,21.8936527
47.6859131,21.6624702
47.6864205,21.6757477
47.6864788,20.7324676
47.6873679,21.6582318
47.68771,20.750441
47.6886407,20.8130106
47.689042,20.748612
47.6894535,20.1044815
47.6910445,21.9047178
47.6912232,20.8140325
47.6919861,22.0376524
47.6956588,20.980124
47.6959303,20.9958956
47.6974131,21.9042881
47.6982849,20.6590236
47.69875,22.127467
47.6988158,22.0462813
47.700083,22.1278
47.7004263,20.4278118
47.700706,20.706509
47.700829,20.699587
47.701561,21.896429
47.7042562,20.6548963
47.7078176,20.4257842
47.7079626,21.8712315
47.7080475,21.8568102
47.7101484,21.6693475
47.7103408,21.8521511
47.7145042,21.6846396
47.7158969,20.5293477
47.716313,21.9156054
47.7165964,21.837435
47.7167532,22.0235845
47.716906,20.421996
47.7177917,20.4759653
47.7183096,21.8283029
47.7192612,20.4782178
47.7197531,20.5421614
47.720722,20.1713951
47.7222719,21.096944
47.7237775,20.4800152
47.723943,20.952057
47.7245971,20.253457
47.727039,20.95324
47.7272221,21.751623
47.7280003,20.6182834
47.7290189,21.7720955
47.7292943,21.7639779
47.729379,21.7610627
47.729472,20.945312
47.7312049,20.9384213
47.732142,20.941173
47.7335269,21.1085687
47.7383381,21.1111451
47.7396328,20.4271764
47.7434745,21.2132457
47.7437985,21.2102487
47.7440143,21.3435799
47.74446,20.2526606
47.7453999,21.3452966
47.7454013,21.2187959
47.7454666,20.5487443
47.7455751,20.5156643
47.745682,20.420173
47.74596,20.1009357
47.746726,22.23257
47.748191,22.233237
47.749552,22.233923
47.7496919,20.1012951
47.7506662,20.1053841
47.7510375,20.415188
47.7512179,20.4157081
47.7520404,20.1022674
47.7523658,21.9950426
47.753167,22.142183
47.7565709,20.5494155
47.7592966,20.2435595
47.760257,21.8625264
47.7634018,21.9765369
47.7642802,21.7668853
47.7657206,20.6597978
47.7698104,22.3814124
47.770867,22.1518
47.77375,22.155183
47.7739332,20.6599644
47.7749443,20.2373877
47.776061,22.062453
47.7761893,21.6753352
47.7764859,20.2362746
47.7774024,21.6749303
47.7777365,22.0661105
47.7799615,20.23709
47.780002,21.672709
47.7812943,21.6773745
47.7828993,21.7743651
47.784476,21.676712
47.7848273,21.6733771
47.7850809,20.2250361
47.7857018,20.2330539
47.7858804,20.9981634
47.7858975,20.2262554
47.7866119,20.2315831
47.7878878,20.2289095
47.7879491,20.2298158
47.788569,20.2303308
47.7900602,20.2297087
47.7902354,21.0056918
47.7913828,21.6788506
47.7915713,20.2291156
47.7925715,20.5211867
47.7933937,20.5210044
47.7938992,20.3345184
47.7945867,20.5209049
47.7954073,20.2275558
47.79605,20.329633
47.7971814,20.2279262
47.7974066,21.6844918
47.7977699,20.5730212
47.7987396,21.6827923
47.7995707,21.6778188
47.7999499,20.3415825
47.8014055,21.6667555
47.8024296,20.5710544
47.8025282,20.1630723
47.8037864,20.5673498
47.8043975,21.6832224
47.8045225,20.5927656
47.8047399,20.5555977
47.8049954,20.1695919
47.8050179,20.164998
47.805022,21.852846
47.8051379,20.5680757
47.8052797,20.5912619
47.8054266,21.6807195
47.8055157,20.5735278
47.8056348,20.5627804
47.8057907,20.569924
47.8057975,20.5809713
47.8058958,20.5856108
47.8062852,20.5630664
47.8065833,20.12395
47.8072551,20.5713871
47.8075176,21.8517634
47.8081351,20.5712691
47.8081979,21.7517904
47.8087305,21.7587715
47.8089177,20.1705761
47.8092229,21.8512427
47.8093018,20.5537072
47.8097307,20.172628
47.8099352,21.8527769
47.8099597,20.5715154
47.809984,21.2429754
47.810643,21.704079
47.8106797,20.1749588
47.811193,20.2361539
47.811837,21.704674
47.8120421,20.2359694
47.8120648,21.8510744
47.813242,20.905471
47.8132737,20.2333956
47.813612,20.5590886
47.814365,21.7014439
47.8146164,20.2321776
47.8150655,21.7062973
47.815268,21.705294
47.815558,21.4906576
47.81645,20.905167
47.816735,21.850698
47.81696,21.7639063
47.817221,21.703491
47.8185424,20.5765451
47.819088,21.700079
47.819233,20.90395
47.819331,21.849067
47.8199747,20.8916012
47.8204464,20.9083145
47.82232,21.696973
47.822584,21.8484728
47.8239028,21.8488538
47.8245776,21.2324494
47.8249845,20.3333062
47.8259698,22.1299505
47.8265289,22.6638417
47.8265797,20.6829051
47.8274149,22.1300726
47.8278681,20.7791054
47.82835,20.902383
47.8283781,22.1398775
47.828521,21.0101031
47.8294642,20.1099641
47.8294846,22.6711013
47.8296156,22.1314759
47.829718,20.773808
47.8297201,20.3349893
47.829731,20.113156
47.8301924,20.1128698
47.830871,20.124617
47.8313006,22.6760669
47.8315255,22.1371755
47.831696,20.328824
47.8323203,20.1114469
47.8326385,22.6786928
47.8338,20.90045
47.8341214,22.6811031
47.8342106,21.4176851
47.8343503,22.1182305
47.834379,20.3343023
47.8347065,21.4245583
47.8353414,22.136983
47.8355369,22.1301749
47.83595,22.68369
47.8364663,20.1109866
47.8367459,22.1276444
47.8369594,22.1359259
47.8370773,22.1159535
47.8373405,22.6778852
47.8376899,20.1115146
47.837969,22.6760077
47.8380833,20.1759667
47.8382722,22.6746544
47.838292,22.135134
47.8387378,22.6846768
47.8387789,20.111482
47.8391822,22.6819664
47.8392197,22.3552937
47.8392422,22.3492535
47.8397107,20.1109484
47.8401562,22.687992
47.8405374,22.1299496
47.8405704,22.1262029
47.8410032,22.6791608
47.8414286,20.229214
47.8418371,21.426363
47.841961,22.138739
47.8424336,22.1314824
47.8426364,20.7424248
47.8426621,22.6759442
47.8431086,22.6829481
47.8431779,21.4290489
47.8440481,22.7032114
47.8442634,22.6880711
47.844445,21.4322267
47.8450343,22.7033722
47.845126,22.138813
47.8451831,22.6844042
47.8453919,21.4321435
47.845744,21.4322032
47.8462843,21.4297473
47.8464934,20.2257602
47.84675,22.70352
47.8467785,22.1387848
47.8471769,21.43234
47.8473082,20.4114155
47.847536,22.122638
47.8476181,20.2246269
47.8481229,21.4298876
47.8487042,21.4331822
47.8491668,21.4315286
47.8493213,21.4410356
47.8496276,21.4287257
47.8496322,21.4250902
47.8503143,21.4334799
47.850867,20.14315
47.8509333,20.1448833
47.85138,20.14348
47.8515761,20.1466525
47.8523057,22.1406948
47.85232,22.71194
47.8525543,20.6728743
47.8534006,20.6724824
47.8534317,20.1470664
47.8534811,20.9931275
47.853791,20.9946627
47.8542533,20.9862005
47.8544275,20.9940712
47.8544975,22.3845088
47.8550052,21.409969
47.8550118,20.9890837
47.8551336,20.9904721
47.8551892,20.9942531
47.8552728,20.9922681
47.8561032,20.993022
47.8562845,20.4801699
47.856499,20.9934483
47.8568713,20.9913561
47.85753,22.6845
47.8575548,20.9906878
47.8576227,20.9926868
47.8578411,20.9917198
47.858505,20.9954406
47.8585286,22.6337736
47.859,20.1756667
47.8590612,21.4372603
47.8592403,20.4570723
47.8593457,20.9960541
47.8598668,21.909198
47.8601378,20.9970802
47.8605667,22.6294675
47.8607196,21.8509738
47.86086,22.68656
47.8609288,20.9978492
47.8625146,22.6268206
47.8630096,22.1658067
47.8634765,22.3918879
47.8636266,22.6253147
47.8648515,20.326298
47.8651383,22.4012523
47.8653245,22.7255812
47.865347,21.8490733
47.86536,22.7329
47.8655,22.72638
47.865732,22.029299
47.865904,22.6220351
47.8659966,22.3941788
47.8660432,22.390066
47.8662725,20.3265178
47.8662865,20.8812495
47.8666274,22.2358552
47.8673553,22.4031557
47.8676089,22.6199829
47.8683578,22.0253802
47.8683759,22.6107966
47.8685295,20.6032959
47.8690227,20.4274013
47.8690936,22.6165637
47.8690959,20.8912365
47.8697976,20.3232721
47.8702072,21.8472037
47.8716897,21.0345493
47.8717535,22.0259296
47.8717885,21.5842951
47.8718619,21.0327808
47.87331,22.66885
47.87405,22.66724
47.8742355,21.0392484
47.8742946,21.5805124
47.87438,22.66525
47.87512,22.6638
47.8754208,20.6030245
47.8755436,22.0238836
47.8756635,21.5789761
47.875752,20.324949
47.87613,22.66265
47.8762663,22.0226996
47.8770304,21.5781906
47.8771365,20.3850726
47.8771583,20.2012668
47.87717,22.66384
47.8772348,21.720166
47.8776842,20.2020293
47.878138,20.10586
47.87832,22.66334
47.8784629,22.0236721
47.8785409,22.0228034
47.8786349,22.0234537
47.8787331,22.0256234
47.8790987,22.0171503
47.8796258,21.5718976
47.8800058,22.0260792
47.8802914,22.5676701
47.8806789,21.5746347
47.8808833,21.581632
47.8813748,22.5715989
47.881554,21.5769287
47.8817793,22.0255856
47.8822401,22.5700191
47.8826192,21.5825252
47.8835312,21.8225935
47.8835443,22.024615
47.8835934,22.5702326
47.8836142,21.5830217
47.8843082,20.7689947
47.8847244,22.5631857
47.8849623,21.0585122
47.8850689,22.0235323
47.8854786,21.5847577
47.8860134,20.965444
47.8865152,20.7684673
47.8867088,22.0217864
47.8867986,20.6806335
47.8870494,20.9658909
47.8871584,20.2618656
47.8877727,20.7667012
47.887811,22.078921
47.8878121,20.9748695
47.887886,22.021119
47.8880217,20.6836086
47.8882138,21.7151639
47.8884406,20.9672318
47.888444,21.982799
47.8884915,20.9733723
47.8886796,20.2720449
47.8886798,20.3756072
47.889277,20.768108
47.8894201,20.9718531
47.8895495,20.9686803
47.889822,20.267198
47.890173,20.3590234
47.8906498,20.4932865
47.8907933,20.7659723
47.8910836,20.9584165
47.891091,20.7631155
47.8913295,20.3818164
47.8914657,20.6793279
47.8916169,20.7676848
47.891915,20.76122
47.8921543,20.8990717
47.8929058,20.3621233
47.893068,20.500467
47.8931444,20.9539474
47.8943884,20.537548
47.89449,20.42623
47.894794,22.019682
47.8949171,21.6744295
47.8950443,20.3813018
47.8961021,20.5363995
47.896519,20.112541
47.896577,21.8550266
47.8968606,20.3796422
47.896902,22.161859
47.8969067,21.8547364
47.8970477,20.3697899
47.8970819,20.3795387
47.8973933,20.3794363
47.897902,20.5352966
47.89871,22.61313
47.89871,22.68625
47.898784,20.3828145
47.899,20.1151667
47.8997718,20.3714337
47.899869,20.9455075
47.8999,20.12525
47.8999966,20.3776836
47.9,22.67541
47.90008,22.68803
47.9002167,20.1179
47.9005704,20.1817517
47.9005907,20.1779658
47.9006563,20.3715571
47.9007105,20.3763674
47.9009479,20.5353514
47.900958,20.9446033
47.9009913,20.9431414
47.90101,22.61217
47.9010727,20.3717013
47.901083,20.533804
47.9011155,20.3804549
47.9011471,20.444268
47.9014081,21.0574363
47.9016058,20.3753021
47.9016667,20.1325
47.9018,22.60722
47.901905,20.5338344
47.9021857,20.1810218
47.9022,21.7108
47.9023447,20.534958
47.9024061,20.9425064
47.9024775,20.5277544
47.90272,22.67628
47.9030516,20.3756385
47.9032903,20.5275019
47.9033087,22.335881
47.9035171,20.3768925
47.9035675,20.9456783
47.9039537,22.7928265
47.904029,22.805329
47.9040388,20.3741817
47.90409,22.61074
47.9047167,20.9427492
47.9048888,20.9459059
47.9049584,20.905317
47.904983,20.532083
47.9052183,22.7963238
47.9053,20.1450333
47.905331,21.921713
47.9053499,21.7897622
47.90535,20.1392333
47.905475,22.802002
47.905533,21.8355
47.90585,22.61015
47.9060899,21.0610525
47.9062706,20.3822167
47.9063155,20.5316757
47.90661,21.79782
47.9070848,20.5358624
47.907099,20.434917
47.907169,21.919375
47.907686,21.699822
47.9078716,20.5300637
47.9079379,22.6105154
47.907987,20.451657
47.90822,22.67974
47.9086662,21.7925579
47.9086899,20.9468991
47.9088522,20.3802133
47.9090477,22.6100324
47.9093695,22.6098174
47.9098295,20.5305273
47.9100822,20.944274
47.910317,20.533833
47.9103858,21.9294652
47.910483,20.170867
47.9104885,20.9431944
47.9112958,22.2519064
47.9120015,21.9341604
47.9127071,22.2578287
47.91305,20.453367
47.913726,22.194312
47.9138096,22.2580367
47.9139804,21.6761129
47.9142459,22.2628525
47.9142745,21.7855554
47.9143007,20.3741795
47.914667,22.589417
47.914667,22.7234
47.9149201,22.2665566
47.915333,21.675867
47.9156462,20.9521827
47.9163775,22.2651061
47.9175,21.72105
47.9177997,22.5109487
47.917867,22.59115
47.9179661,22.2594258
47.918393,20.740042
47.9186218,21.6745475
47.9186453,22.5038372
47.91872,22.5671
47.919533,22.59125
47.919976,20.208165
47.9202,22.567367
47.9205043,22.5012693
47.9207059,20.7341423
47.920867,22.5935
47.9210951,22.8002929
47.9212381,20.6258128
47.92134,22.5668
47.921483,22.595417
47.9215927,20.7444011
47.92205,22.56576
47.9222013,22.4944378
47.9233377,22.0336063
47.9237227,20.7390037
47.9239892,21.7340888
47.9240658,20.630536
47.9241249,21.7185863
47.9246667,20.10905
47.9247165,22.0340458
47.9250953,20.631754
47.925192,20.7361954
47.9252115,22.447394
47.925434,22.159069
47.9257275,21.7425836
47.9258112,21.7263956
47.925833,21.72945
47.9264663,22.0341575
47.926883,22.564317
47.9269089,21.0800473
47.9279644,21.0358518
47.9281423,20.7363805
47.928264,20.2995902
47.928417,21.735083
47.9285224,21.0367142
47.9285354,22.0364417
47.928586,22.154467
47.928599,20.8048833
47.929267,22.745067
47.9292836,21.050258
47.9294561,21.0754251
47.9298686,21.6755163
47.929917,20.814
47.9299565,20.1143281
47.9302785,22.0359269
47.9303816,20.196708
47.9304553,21.0675019
47.9305015,20.1066652
47.9307562,21.0251846
47.9308004,21.0669748
47.930987,20.5609
47.9311562,21.0303935
47.9312101,21.0328853
47.9313282,21.0469988
47.931333,21.879337
47.9317169,22.7483208
47.9318571,20.4802501
47.9319126,20.4766944
47.9320119,20.4748161
47.9321458,21.0363276
47.9321972,20.1039553
47.9323416,20.1041073
47.9323513,21.0456499
47.932383,20.19635
47.9323933,22.8488485
47.9324424,21.7345655
47.9326607,22.75223
47.9329103,20.1986097
47.9330557,21.0716627
47.933158,21.0719076
47.9331784,20.1920567
47.933181,22.0350622
47.9332032,20.5311604
47.9341225,20.1846699
47.9344089,20.2082214
47.934426,20.1017082
47.9344476,20.1004596
47.9344711,20.2906359
47.9346066,21.0374585
47.934614,20.562342
47.9346714,22.041134
47.934917,22.666667
47.9349382,20.1068746
47.9350244,20.4761424
47.93505,22.5521
47.9353,22.549133
47.935367,21.037883
47.935367,22.5475
47.9356824,20.1106629
47.9358161,20.114942
47.935859,20.9170956
47.9359526,22.3166496
47.9372929,20.3669429
47.9374253,22.6528195
47.937536,21.700548
47.9376248,20.8198943
47.9376888,22.4266552
47.9377309,22.4698197
47.9381197,22.0331541
47.9382831,20.8169338
47.9383461,20.1096435
47.938443,20.478531
47.9384642,21.7294131
47.9384781,20.4767378
47.9391807,20.195839
47.93925,22.144811
47.9393257,22.0313623
47.9393495,20.8766052
47.9396159,20.3586298
47.93965,20.87815
47.9398171,21.9779403
47.9398954,20.4766072
47.940037,20.2864024
47.9400454,20.5316524
47.9400827,20.1106512
47.94018,22.04065
47.9404053,21.7267482
47.9404802,21.003321
47.940962,21.7429373
47.940986,21.869471
47.9411147,21.6633682
47.9418113,21.715944
47.9419491,22.0299611
47.9420167,21.6952228
47.9427721,22.3115431
47.942927,20.9938002
47.943069,21.868316
47.9430934,20.5348904
47.9432957,20.538337
47.9433063,21.7234184
47.9435348,20.5291154
47.9438964,20.9986684
47.9439054,21.1352679
47.9441577,21.7210801
47.9441648,21.7196007
47.944266,20.169594
47.9442764,20.9976652
47.9444203,22.8638666
47.944528,20.536322
47.9446661,21.7120122
47.9447354,21.0059532
47.944789,20.8122493
47.9450828,20.9846619
47.9450856,22.0281073
47.9450969,21.7198769
47.9451746,21.7179265
47.9453316,22.8600552
47.945367,22.1489
47.9453831,21.7231487
47.94542,21.864232
47.9455519,21.7055793
47.9455962,21.7060082
47.9456511,21.7061863
47.9456921,20.9980101
47.945726,22.144839
47.9457398,21.0047945
47.9457445,21.8062843
47.9458245,21.7468724
47.9458572,22.3644188
47.946012,21.940081
47.9460594,21.7278957
47.9464234,21.7105667
47.9465217,20.8118163
47.9466339,20.459323
47.9466355,20.9927268
47.9466563,22.0256743
47.9467836,21.0033891
47.9470545,21.6500125
47.9470573,20.4312548
47.9471739,21.7051222
47.9471906,21.7053429
47.9472065,21.7044788
47.9473023,21.7048405
47.9474034,21.0057896
47.9474052,21.0067686
47.9475047,20.535567
47.9475488,21.7224414
47.9475493,21.7066741
47.9475597,21.0063475
47.94763,20.532646
47.9476563,20.9859773
47.9478518,21.7472294
47.9479,21.76425
47.94793,21.99349
47.948071,20.4630107
47.9482827,21.7202106
47.9483484,20.9833342
47.9484048,21.7195155
47.9487035,21.7471387
47.948717,21.015033
47.9487865,21.7077145
47.94879,20.46419
47.9489597,21.7178394
47.9491602,21.7339454
47.9493261,21.7177889
47.9494568,22.5819752
47.9496,21.01785
47.949632,21.7193315
47.949633,21.015967
47.9496856,20.4652544
47.9497242,21.6944146
47.9497878,21.715809
47.9497933,21.730211
47.9498617,21.7240326
47.9499356,21.8048685
47.94995,21.023167
47.9500243,21.7806922
47.9502012,21.6751611
47.9507453,21.7806816
47.9507954,21.7756043
47.9509162,21.7102952
47.9509838,21.7059876
47.95105,21.021233
47.951117,21.029217
47.951121,21.788422
47.9512,21.02385
47.9514635,21.7180576
47.951522,21.740147
47.951533,22.706633
47.95155,21.02655
47.9519129,20.6616676
47.9519303,21.7551861
47.951957,20.456705
47.95205,20.657634
47.9521,21.022683
47.952158,21.7352652
47.9522067,21.7182747
47.9523037,21.7758162
47.952374,20.309671
47.9523959,22.3378149
47.952467,21.019417
47.952668,22.292649
47.952765,22.324512
47.95305,21.02425
47.9532,21.022683
47.953348,21.929827
47.953367,21.019967
47.9535138,21.7790098
47.9535237,21.714645
47.953638,21.790851
47.9537288,22.3269626
47.9537387,21.7801074
47.9538545,22.7901989
47.9540871,21.804789
47.9543788,20.450667
47.954584,21.022619
47.9546424,21.712224
47.9546574,22.3240135
47.955063,20.615798
47.9551355,22.3202201
47.955283,22.794267
47.9553694,21.8022247
47.9553941,21.7231392
47.9557488,21.7184804
47.9558296,21.8052821
47.9559019,20.4414573
47.955917,22.693
47.9559315,21.8043315
47.9559871,21.7929685
47.95603,20.610437
47.9561741,21.8029463
47.956191,22.6636512
47.9562198,21.7164689
47.9562294,22.0143958
47.9563186,21.7168401
47.956417,22.794683
47.9564454,21.7770142
47.9568981,20.8707627
47.9569402,21.7894648
47.957133,20.456683
47.9571477,20.6937027
47.9573605,21.7888487
47.9573645,22.6041408
47.9576308,20.8730745
47.957812,20.503017
47.957903,20.500299
47.9579781,22.660501
47.9580342,20.6152111
47.9582105,22.6061752
47.9582614,20.6925874
47.95838,22.31808
47.9584141,20.6959412
47.9584818,21.7774512
47.958488,20.505738
47.958575,21.7264177
47.9586064,21.7872966
47.9586261,21.7243946
47.9586469,20.7437052
47.958683,22.6571
47.9587005,21.6992195
47.958747,20.952989
47.9587662,21.9325219
47.9588071,22.0127733
47.958848,20.188105
47.9590703,20.8775895
47.959134,21.7100618
47.9591545,21.70994
47.9592217,20.9486398
47.9593466,22.3216908
47.9593676,21.7101071
47.9594143,21.7098858
47.9594934,21.7921844
47.9595354,21.7316873
47.959679,21.7070534
47.9597,22.65785
47.9597442,22.8547569
47.9598669,21.797258
47.9598669,21.9295868
47.9600165,21.7322646
47.9600769,21.793595
47.9601307,21.7335309
47.9602876,22.7936084
47.9603581,21.7390401
47.960513,20.503707
47.9606075,21.7156541
47.9606359,22.6092506
47.9606398,21.6153215
47.960652,21.7134751
47.960729,20.606549
47.9607373,22.0116675
47.9611131,22.3224673
47.9611705,20.1428586
47.961603,21.933153
47.9618687,21.7242404
47.9621748,20.9412613
47.9622086,22.0099151
47.9622233,21.7146216
47.9623595,22.3102176
47.962427,22.6078253
47.9628517,22.3272657
47.962867,20.608884
47.9629038,21.7217568
47.9629222,20.6948137
47.963007,22.111033
47.9630293,20.9402064
47.9632863,20.9384072
47.963433,22.60715
47.9634623,22.3266113
47.96369,22.6123
47.9637322,20.6056765
47.9637715,21.7158387
47.9638359,22.3075998
47.9641508,22.6149139
47.9643441,21.723982
47.9643493,22.608417
47.964567,22.6069
47.9647564,20.7429285
47.9649534,21.9951143
47.9649887,21.7242184
47.9650482,21.7128608
47.965067,22.623583
47.9650982,21.7227594
47.9651123,22.2499181
47.9651152,22.0079674
47.9651555,21.7331966
47.9651885,21.7273985
47.9652521,21.7252782
47.965383,22.606167
47.9654134,21.7234794
47.9654474,22.8516814
47.9658117,21.6925947
47.9659864,21.7284458
47.9659964,21.7270816
47.9661092,20.8834649
47.9661558,21.0400132
47.9661566,21.723409
47.9661758,21.7255072
47.9662762,21.7243611
47.9665927,22.0994546
47.9666398,22.6294776
47.9666985,21.7264726
47.9667214,21.7892665
47.966806,20.610559
47.967033,22.606
47.9671758,21.7243869
47.9672427,20.7446659
47.96737,21.7285346
47.9674,20.984533
47.967417,22.3255116
47.9674808,21.7257613
47.9677483,21.6952229
47.967861,20.1488346
47.9681642,21.7297204
47.968215,20.526124
47.9683012,21.7287533
47.9683221,21.5834176
47.9683291,21.5238569
47.9683325,21.5813495
47.9683733,20.1508047
47.9683836,21.7279661
47.9684254,22.6297867
47.968437,20.1492141
47.9684416,22.2483947
47.9684667,22.6041019
47.9684878,21.7253573
47.9685028,20.148039
47.9685429,21.7267812
47.9686178,21.7298314
47.9688751,22.2411422
47.9689472,21.7254596
47.9690364,21.7298501
47.9690411,21.7138915
47.9690511,21.7281314
47.9690684,21.6940896
47.9692554,22.0065861
47.9693494,22.2440852
47.9693756,21.7282941
47.9693883,21.7297538
47.9694202,21.7294949
47.969433,22.603033
47.9694877,21.7288781
47.96965,22.605633
47.9696977,21.9933522
47.9697823,21.729887
47.9697902,20.1513197
47.969819,22.2471513
47.9698705,21.7282642
47.9698927,21.7265869
47.9700526,20.40675
47.9700592,21.7271665
47.9700876,21.7299597
47.9700914,22.0059473
47.9701249,21.7258098
47.9702737,21.7288187
47.9702969,21.7311309
47.9703109,22.2536846
47.9703129,21.7269925
47.9703937,21.7300399
47.9704109,21.7280804
47.9705582,21.7188119
47.9706423,22.2503207
47.9706437,21.7300818
47.9707542,21.7289443
47.9710048,21.7301782
47.9711255,21.7290429
47.9716044,21.7291342
47.9716984,22.6079495
47.9718042,20.1520895
47.9723238,21.7233046
47.9724935,22.1849735
47.9725724,22.1855178
47.9730002,22.7650052
47.9730038,21.7246655
47.973065,20.151792
47.9732704,20.4161902
47.973567,22.637317
47.9737025,21.9780615
47.9740051,22.1842712
47.974241,20.151379
47.9744777,22.198249
47.974618,22.2511311
47.975911,20.458652
47.9759814,21.975787
47.976062,20.151391
47.9761024,22.5246452
47.9761779,21.7254204
47.97625,22.641917
47.9763225,21.6877584
47.9764124,20.279072
47.9766352,21.725366
47.9770817,21.7213146
47.97745,22.64515
47.9775391,21.6893032
47.978083,21.7173
47.9781643,22.5165364
47.978748,22.524027
47.9789671,22.5234372
47.979195,21.799985
47.9795068,22.2493877
47.9795917,20.5006975
47.97963,22.2475752
47.9810273,21.7213372
47.9810763,21.721239
47.9812772,20.4338659
47.9813998,21.7210135
47.9816787,20.6346743
47.9819707,22.5066224
47.98201,20.631091
47.9820253,22.1928181
47.9820977,21.593417
47.982142,20.927102
47.9822499,20.6693266
47.9822775,20.9298244
47.9823143,22.2477561
47.9824696,20.36
47.9826947,20.4355451
47.9827355,22.2505727
47.982771,22.2537486
47.9829215,22.5197868
47.9829972,20.9551254
47.983333,21.781683
47.983783,21.781633
47.984067,22.71825
47.9840697,21.680875
47.9843283,22.2471304
47.9844347,20.7841669
47.9844743,21.6472727
47.9845189,20.9530916
47.9845682,21.7281884
47.9848869,22.2475414
47.9849172,20.9538258
47.9850522,22.2520774
47.9851106,20.3418371
47.9852823,21.7285259
47.985383,22.147167
47.9854555,22.2496172
47.9854568,20.330698
47.9854718,22.2497163
47.985485,20.150199
47.9855348,20.7869283
47.9856683,20.5665025
47.9858028,20.7811783
47.9858384,22.0677782
47.9863304,21.7979341
47.9864856,20.33093
47.9864857,22.5156595
47.9865958,21.6850195
47.986616,20.7802834
47.98669,20.332055
47.9868095,21.6815052
47.9869422,20.1246242
47.9870091,21.7952194
47.9870794,21.8106085
47.987364,20.508049
47.98753,20.3312459
47.9875518,20.7782039
47.9875598,20.3333483
47.9876406,20.345292
47.9878086,20.341235
47.9879596,21.8042754
47.9883022,20.7729154
47.9884495,20.3308095
47.9885208,20.1273734
47.9885986,22.0826356
47.9887975,20.7817077
47.988841,20.49676
47.9892751,22.5141685
47.989383,22.62645
47.9894935,20.4963766
47.9895358,21.6758789
47.9896734,20.2686964
47.99022,22.62741
47.9902548,20.3497203
47.9904847,20.7803067
47.9905027,21.8048319
47.990691,20.467903
47.9907801,20.2650314
47.9909642,20.1733657
47.9914269,21.6800571
47.9917714,21.6757115
47.9919332,22.1492362
47.99198,22.62982
47.9920963,20.8282195
47.992133,22.63062
47.9921878,22.1545106
47.992212,22.0834842
47.992534,20.835949
47.9925389,21.6805262
47.992693,20.7734983
47.9927507,20.8400728
47.992783,22.631683
47.9928431,20.8439341
47.9929,22.63405
47.9930319,22.1492183
47.9931463,20.8293803
47.9933809,20.173358
47.9934206,20.321602
47.9935199,22.3260905
47.994977,20.492627
47.9952753,22.5668115
47.9959955,22.5085728
47.9964139,20.91901
47.9964244,22.5553106
47.9964363,22.5141616
47.996491,21.728267
47.997137,22.5660671
47.997208,21.724863
47.9987,22.56843
47.9988148,20.8434755
47.999222,22.1776
47.9993275,21.675988
47.9993693,22.1779095
47.999635,20.9485
48.000299,22.172765
48.000633,22.165167
48.000691,22.0840767
48.0010315,21.7281633
48.00107,22.329776
48.0012641,20.3753953
48.0014039,21.685153
48.0016822,22.174614
48.0020068,21.5456222
48.00215,22.57051
48.002195,20.685012
48.0022102,21.7309549
48.002548,20.950117
48.0026521,21.9240958
48.0030432,20.4423135
48.003127,20.685629
48.003372,20.91775
48.0036954,21.7264659
48.003886,20.923301
48.0040574,20.1839346
48.0040755,22.4466022
48.0045318,21.6760215
48.0047416,20.9494775
48.0047833,22.0829089
48.0050754,21.7258316
48.005203,20.687161
48.005273,22.0810989
48.0053721,21.7466246
48.0054758,21.923266
48.0055079,21.6158756
48.0057116,21.9634241
48.0057814,21.6176141
48.00638,20.691328
48.006387,20.48902
48.0064556,21.6181686
48.0064777,21.6388148
48.0067181,22.0762214
48.0071841,21.7196456
48.0072451,21.7201895
48.0074299,21.6152152
48.0074884,21.721123
48.007572,20.845332
48.0077016,21.6188495
48.00799,20.69055
48.0083814,21.7180851
48.00842,20.69152
48.0085463,21.7175125
48.0086738,21.7198343
48.0086925,20.6839262
48.0087775,21.7192433
48.0088251,21.7196058
48.0088977,21.615934
48.0089121,20.6849541
48.0090159,21.7176024
48.0091208,21.9226067
48.0091854,21.6319974
48.0093166,21.6252266
48.0094212,20.6862105
48.0094699,21.6370529
48.0094749,21.6204269
48.009496,20.69192
48.00961,20.646551
48.0097739,21.9623504
48.009782,20.683921
48.0100058,21.6329305
48.010073,21.6149777
48.0101025,21.6275831
48.0102726,21.7462739
48.010297,20.692041
48.0103356,21.6387275
48.01038,20.68954
48.0104114,21.6164801
48.0104429,20.6831
48.0106254,21.1639718
48.0107073,20.6811762
48.0107327,21.6212011
48.010864,21.3712588
48.0109333,21.9212639
48.01114,20.67879
48.0111747,21.6243964
48.0112652,21.9189066
48.0113435,22.0492537
48.0113519,21.6362847
48.0116732,21.621419
48.0116798,21.639212
48.0117591,20.8208321
48.0118217,22.0466666
48.0118853,21.1674289
48.0119293,21.6429946
48.012119,20.694441
48.01212,21.6344231
48.0122645,21.9618727
48.012328,20.686704
48.0124848,21.6188582
48.0125318,21.7428723
48.0129015,21.62525
48.0130752,21.645301
48.0134448,20.8183418
48.0134774,21.620522
48.0135245,21.6905458
48.0136113,20.8196445
48.013629,21.6939601
48.0136683,21.3734073
48.0137936,20.8344237
48.013869,20.688896
48.0138765,21.6233485
48.0141025,21.9181829
48.0141085,21.6501682
48.0141247,21.6474163
48.0142511,20.816304
48.014263,20.685516
48.014446,21.9617106
48.0145502,21.6360803
48.0146024,20.5895943
48.0148274,21.6899927
48.0148693,21.7061625
48.0150288,20.6793156
48.0150708,21.6230026
48.0154187,20.6796327
48.0155757,21.6390679
48.0156249,21.9194929
48.015702,21.8235018
48.016231,20.837673
48.016853,20.655472
48.0172085,21.375145
48.0173905,21.9206461
48.0177336,21.3759903
48.017851,21.385424
48.017959,21.388922
48.0181822,20.8229622
48.018216,21.359718
48.018259,21.364675
48.01871,21.346843
48.018795,21.365662
48.018946,21.34414
48.0190833,21.9614033
48.0193165,20.8441226
48.0193744,22.2657895
48.019533,22.146933
48.019546,21.336758
48.019603,20.8283167
48.0199287,20.8269856
48.0200657,21.6902294
48.02019,21.33251
48.0202842,20.1023827
48.020383,20.452767
48.0205253,21.3721146
48.0207364,22.2831852
48.0209802,20.3610354
48.0211301,21.9609705
48.0212487,20.3567441
48.0212563,22.1397286
48.021413,21.451449
48.0219921,22.2816609
48.0222612,20.8303857
48.0227555,21.9606627
48.02358,21.451943
48.0238376,20.351118
48.0239696,20.401598
48.0246128,21.6524966
48.0248353,21.9604058
48.0250853,22.2664102
48.0252209,22.2767757
48.0253846,21.6904404
48.0263884,20.2600327
48.026783,20.951233
48.0273863,20.6462844
48.028733,22.678117
48.0288028,21.7725688
48.030933,22.584267
48.031559,20.3303323
48.0321856,21.2407746
48.032269,21.060399
48.0328107,20.9616234
48.0328349,20.5070189
48.0332999,20.1036018
48.0333735,22.1307228
48.034375,22.7598424
48.0344982,20.9626647
48.0346233,21.0541042
48.035077,20.246256
48.035645,20.46082
48.0358989,20.8390461
48.0368014,20.4026939
48.036906,21.37579
48.037953,21.377554
48.0380312,20.4786495
48.0380637,20.354053
48.0383332,22.4070275
48.038622,21.380296
48.038699,20.968413
48.0387429,20.7172857
48.0389402,22.4058219
48.03918,21.379545
48.039443,20.968392
48.039472,20.8406112
48.0396289,20.9061126
48.0402339,22.4029258
48.040296,21.38315
48.04079,21.384072
48.0411918,22.3957192
48.0412369,20.4134194
48.0413401,22.4029874
48.0413442,22.3995767
48.0417707,20.4872699
48.0419857,20.407733
48.042087,22.3947457
48.0422238,22.3969331
48.0424844,20.4278388
48.042727,21.3833489
48.0427284,20.4712191
48.04278,20.10069
48.0429288,20.3800946
48.0431992,20.9014979
48.0435015,20.442116
48.043515,22.3950244
48.0435954,21.9785276
48.0441513,21.4633421
48.0443591,20.9485423
48.0452029,22.3932966
48.0458,22.3961409
48.0463009,21.4556931
48.046551,22.3913451
48.046647,20.4441169
48.046647,21.384697
48.0471489,20.8436963
48.0473422,20.4792933
48.047722,22.641861
48.0477356,21.4527671
48.047832,22.357901
48.0479302,20.530729
48.0480112,20.3481261
48.0482736,20.2486732
48.0482741,22.3908248
48.0485596,22.6440571
48.049096,22.7107284
48.0491143,20.3644454
48.04954,21.632971
48.049837,20.525744
48.0499751,21.936028
48.05034,20.34635
48.0503805,20.3167455
48.050725,20.781335
48.0511149,20.3501843
48.05247,20.35672
48.0528583,20.5301229
48.0529575,20.3149639
48.0530812,21.5592084
48.0532756,20.4822448
48.0534497,21.9356876
48.053755,22.0819222
48.0540234,21.8852904
48.0542506,20.781578
48.0542937,20.7918932
48.054299,20.268327
48.0546566,21.561494
48.0547123,20.1734787
48.054978,20.381342
48.0552172,20.3505815
48.0553599,20.1796773
48.0554087,21.9353988
48.0554769,21.79679
48.0558305,20.3143595
48.0564694,21.9444822
48.056598,22.8607039
48.0572152,22.5543129
48.057355,21.9351205
48.0573601,20.3536085
48.057467,20.391767
48.057484,20.630259
48.057858,20.109772
48.058091,20.226227
48.0581096,20.6278017
48.0587429,20.1127978
48.0591488,22.5073466
48.059307,22.561657
48.0594263,21.9343323
48.059494,20.628875
48.0603609,20.7461582
48.0603829,21.8723067
48.0604519,21.8723258
48.0606738,20.7448387
48.0607161,20.74718
48.0609474,21.8700337
48.0610982,21.9342345
48.0613428,20.7464345
48.061699,21.410201
48.061892,20.600757
48.0620426,20.7447352
48.0628733,21.7991447
48.0629,20.1779077
48.0632627,22.1982981
48.063383,20.594366
48.0635639,22.5161705
48.0636395,20.4822976
48.0637506,20.7316102
48.0637613,21.934559
48.0642514,21.5359469
48.064306,22.514033
48.0643876,20.753631
48.0646451,21.7936674
48.0647106,21.8760087
48.06489,20.6244479
48.0649645,20.1057594
48.065676,20.629316
48.0657351,21.8016917
48.065768,20.635504
48.065867,22.1853
48.0662,20.145333
48.0662078,20.6271643
48.066567,20.8206
48.0670866,20.7872929
48.0671555,20.8279363
48.0672637,20.6309093
48.0672807,21.8019639
48.06746,20.63513
48.067625,21.311408
48.0679718,20.630224
48.0680214,20.6819582
48.0680812,20.8225714
48.0685596,21.8019111
48.0686314,20.78997
48.0688089,20.6406812
48.0690355,20.5498885
48.0699485,20.7889393
48.07,20.64932
48.070715,20.7605099
48.0708702,20.7913423
48.0716862,20.8785798
48.0719138,20.7819964
48.0722405,20.8358363
48.0724732,20.7894947
48.0724884,20.8278771
48.072602,20.4150021
48.0727261,20.7626834
48.0730307,20.8337477
48.073318,20.76306
48.0734344,20.7380591
48.0735079,21.8050952
48.0735616,20.3942767
48.0742197,21.7997525
48.0755643,20.7554729
48.075617,22.2104
48.076228,20.7869931
48.0766803,21.8022177
48.0768806,20.7505323
48.077252,20.274565
48.078032,20.728582
48.0781936,20.2731778
48.0789561,20.6680271
48.079489,20.615516
48.0797886,21.9323781
48.0801563,20.2786356
48.080339,20.615922
48.080387,20.751727
48.080742,20.615543
48.0811332,21.2508898
48.0812634,21.7539287
48.081581,20.688612
48.082071,20.661026
48.083383,20.638883
48.0834168,20.734335
48.0842337,20.8123673
48.084279,20.743892
48.084567,22.614767
48.0856221,22.6292996
48.0856226,20.7256012
48.0856284,22.6242264
48.0857325,22.6264975
48.0858772,22.6255868
48.086359,21.136096
48.086589,22.333743
48.0867054,20.9601007
48.0867096,22.6380431
48.0867264,20.949383
48.0867358,22.3569754
48.086833,22.6321
48.087033,20.664567
48.087135,21.137736
48.0880645,20.7894515
48.0881045,20.7522869
48.088233,20.709817
48.088318,20.729417
48.088433,20.17825
48.0884577,20.7079376
48.088997,20.730908
48.089032,20.730138
48.0890577,20.7061524
48.0891,20.728673
48.089291,20.7104873
48.089652,20.8002291
48.0899858,20.708739
48.090055,20.620836
48.0903445,20.3017411
48.090395,20.785922
48.0904297,20.7740082
48.0905845,20.960867
48.0906078,20.7587661
48.0906709,20.7608436
48.091211,20.7731428
48.091271,22.827661
48.0913414,20.6318999
48.0917797,20.6395706
48.092009,20.699591
48.09201,20.61307
48.0922098,22.1036072
48.092985,20.771281
48.0931576,20.7267669
48.0935939,20.6972488
48.0938009,20.6994438
48.0939533,20.6954896
48.0941611,20.6199957
48.0943571,20.6943445
48.094409,20.6973442
48.09445,20.29425
48.0945732,21.6408202
48.094627,20.7264319
48.0948002,20.6923118
48.0948712,20.6959192
48.095001,21.470818
48.0950948,20.7251289
48.0952246,20.8167524
48.095428,20.694477
48.0954723,20.7891322
48.095542,20.3827943
48.095567,20.656017
48.0957809,22.1045298
48.0957811,20.6972525
48.0961606,20.6961418
48.0963349,20.796865
48.0966375,20.6934624
48.0966661,20.7856031
48.0967117,20.694129
48.0970734,20.7703006
48.0975,20.7894057
48.0975017,20.5258478
48.097683,20.681033
48.0978406,20.694416
48.0980893,21.6465036
48.098117,20.6827
48.098267,20.695317
48.0982762,20.7987069
48.0982873,20.8099213
48.098328,20.778622
48.0984111,20.67507
48.0984337,20.688467
48.098436,20.8098757
48.0984492,21.8829666
48.098519,20.779835
48.0985524,20.5691244
48.0986367,20.8097402
48.098659,20.8098006
48.098733,20.67675
48.0990948,20.7643786
48.0993291,20.8073087
48.0993674,20.6886227
48.0994001,20.7204872
48.0994258,20.7216441
48.0995052,20.8028439
48.099767,20.691583
48.0997851,20.6909347
48.0998312,20.7778056
48.1002,20.773167
48.1003318,20.6891719
48.100417,20.6874
48.1004673,21.8826849
48.100507,20.8103932
48.1005618,22.1062733
48.1006461,20.7312251
48.1006556,20.6954189
48.100717,20.685067
48.1007651,20.622059
48.1008021,20.7364372
48.1009787,20.7773258
48.1014934,20.7357038
48.1015352,20.7734143
48.1016473,20.6959113
48.1017797,20.5748754
48.1017991,20.686725
48.1020007,20.7848972
48.1020642,20.8646863
48.1024309,22.1077255
48.1024495,20.7647702
48.102633,20.682033
48.1028,20.971833
48.1028111,20.8534794
48.1029336,20.7784087
48.1029558,21.8823408
48.103062,20.789367
48.1031534,20.2703787
48.1032144,20.5127666
48.103455,20.6226428
48.103489,20.2753946
48.1036329,20.2663956
48.103983,20.672583
48.1044608,21.6529261
48.10481,20.763161
48.1051,20.6737
48.1051405,21.7669453
48.1051812,20.6891272
48.10529,20.25576
48.1053707,20.388553
48.105417,20.792826
48.1055013,20.7914945
48.1055786,20.7735814
48.10561,20.721739
48.1056763,20.7578522
48.1058016,20.6261728
48.1058156,20.7042454
48.105817,21.413467
48.1058413,20.8535682
48.1059167,20.7922678
48.105942,20.628689
48.1061647,22.8268794
48.106295,20.632429
48.1063359,20.7537845
48.1063822,20.4909993
48.1066957,20.6852785
48.1068115,20.7537216
48.1068804,20.7375914
48.1069798,20.6303448
48.107017,20.38735
48.107327,21.9232289
48.10735,20.671283
48.1073573,20.6873925
48.1076101,20.7950292
48.1077938,20.5543638
48.107825,20.5544169
48.108031,20.5311508
48.1082198,20.3842996
48.10834,21.9161705
48.108471,21.398642
48.108686,22.0945537
48.108714,20.381575
48.1087477,20.7849776
48.1087903,21.9215929
48.1088439,20.6135078
48.1090535,20.3878756
48.1093303,20.2184722
48.109331,20.638832
48.1095024,20.7866755
48.1099227,21.4046553
48.110015,22.746641
48.110182,20.516363
48.1102258,20.776475
48.110462,21.174235
48.1106932,22.7428321
48.1107728,20.7704407
48.110817,20.288483
48.110839,22.750851
48.1108689,20.535538
48.110967,20.363348
48.1115,21.180483
48.1115493,20.7860938
48.111633,22.742217
48.1116741,20.3903852
48.1119142,21.9270845
48.11195,21.177925
48.112183,21.181534
48.11222,21.9163189
48.1123097,21.4065379
48.1125756,21.0616843
48.112803,21.4073284
48.1128482,20.7617302
48.1129381,20.5128689
48.1132373,21.1799007
48.113347,20.593667
48.113595,21.8798925
48.1139876,21.6554636
48.1141562,20.7638856
48.11423,20.726692
48.1143619,20.6551268
48.11438,21.181695
48.1152595,20.6484798
48.115353,21.183588
48.1153766,20.6088468
48.1156243,20.5572213
48.1157202,21.8785915
48.1157457,20.5797791
48.115817,22.245717
48.115877,21.18517
48.1160684,20.6602281
48.116507,20.623402
48.1165511,20.6725708
48.1167752,20.5499845
48.116783,20.256621
48.1168934,21.8821489
48.1170612,21.4883049
48.1171744,20.6211647
48.1173063,20.641272
48.117343,22.342469
48.1174885,20.9095895
48.1180691,20.519828
48.1180728,20.5688235
48.1180956,21.4786248
48.118552,20.578632
48.1186249,20.5287238
48.11864,20.718076
48.119086,20.72096
48.119278,20.714677
48.1193534,20.9035752
48.1195076,20.5665978
48.1196052,20.6557219
48.1196511,20.7024896
48.1197328,20.9046769
48.1198461,21.4123369
48.1205407,21.1203703
48.1205633,20.5390666
48.1206561,20.2113354
48.1207226,20.7095431
48.1212116,20.2200829
48.1214194,20.5504504
48.12145,20.656867
48.1216703,20.235375
48.121684,22.314584
48.1220508,21.4161765
48.1224119,20.612772
48.122658,21.3492913
48.1228932,21.3503596
48.123105,20.612277
48.1233185,21.8209929
48.1234061,20.5868992
48.123417,20.656533
48.1235307,20.2461136
48.123723,21.345073
48.12424,20.51455
48.124333,21.348345
48.1244047,21.8691964
48.124569,21.405201
48.1247393,22.342605
48.124749,20.655755
48.1249736,21.3405108
48.1249999,20.5172448
48.125133,20.902002
48.125233,20.562467
48.1253159,21.3504571
48.125333,20.5245
48.1256159,21.4082645
48.125835,21.349586
48.1259899,20.5285733
48.1262188,21.71266
48.126641,20.178465
48.12709,20.706992
48.1273798,22.1220619
48.127633,21.349133
48.1285444,21.3869342
48.1289792,20.7101893
48.1291578,21.3877534
48.129483,20.548706
48.129767,21.3475
48.1299214,20.4825229
48.130414,22.1186647
48.130533,20.711376
48.13055,20.671483
48.130588,20.676398
48.1306973,20.1374486
48.1308439,20.7809069
48.1310698,20.7775331
48.1326572,20.6666968
48.1329,21.3439
48.1333715,20.6675084
48.133379,20.683203
48.1338441,22.1144446
48.135961,20.525327
48.1364655,20.5389546
48.137267,21.7591447
48.1376171,20.5125079
48.1376895,20.5997275
48.138038,20.596455
48.138338,21.0026271
48.138952,20.581774
48.139032,20.856782
48.1395289,21.6611629
48.1395502,21.0053564
48.1397385,20.4243029
48.1401326,21.0087888
48.1403501,21.0036238
48.14127,20.43244
48.141483,20.59393
48.1416253,21.0090897
48.1416278,21.0108516
48.1417922,21.0072821
48.1418043,21.005844
48.141991,22.1085364
48.1436292,20.331084
48.1437376,20.1518363
48.143854,22.107532
48.1441589,20.5869254
48.145544,20.625863
48.1458768,20.8060374
48.1460242,20.9089501
48.146216,20.627026
48.146433,20.676883
48.1469452,20.7964413
48.14696,20.24447
48.1470097,21.2004472
48.14735,21.198367
48.147358,20.3717296
48.1477108,21.1792478
48.1481897,20.566366
48.1488121,21.2034504
48.148869,21.201305
48.1490233,21.1779207
48.1492859,21.1620938
48.1493476,21.2556852
48.149403,21.1696277
48.1495376,21.1737508
48.149771,21.1664495
48.150082,21.203167
48.1500936,20.7948145
48.150447,20.374603
48.1508351,22.4332423
48.150908,21.196575
48.1510412,21.1622715
48.1510805,21.1721375
48.1511344,21.1720684
48.1511412,21.1663304
48.15123,21.201637
48.1512868,20.4967768
48.1514098,21.1722777
48.1514227,21.1797833
48.151427,21.170623
48.1514478,20.7984361
48.1515462,21.1643731
48.1518534,21.8422197
48.1519652,20.4945922
48.1524166,20.4988304
48.152689,21.1624639
48.15298,21.1728541
48.1530375,21.259192
48.153133,22.287
48.1531714,21.2573011
48.1532472,20.2616877
48.1534283,21.1763446
48.1539403,21.1744404
48.1539703,20.7964527
48.154938,21.190211
48.1550131,21.1756188
48.155349,20.571709
48.1556275,21.1790777
48.15565,20.49546
48.1556863,21.1791549
48.155853,21.189353
48.1559904,21.1781227
48.1561548,21.8375043
48.1563481,21.1777378
48.1565769,21.6391583
48.156972,21.188343
48.15725,20.53945
48.15725,20.581792
48.1578433,20.4936319
48.1584064,20.5812553
48.1585704,20.6261066
48.158718,21.189306
48.1587554,21.1788995
48.1588272,20.6249517
48.159178,20.613542
48.159208,20.624253
48.1593841,21.1795143
48.159593,21.637202
48.159643,21.1810251
48.159783,20.532633
48.160401,20.581002
48.1606297,20.5292421
48.1608562,21.1967879
48.1608946,21.1492679
48.161222,20.845958
48.1613346,22.1365312
48.1619303,20.6212011
48.1619483,22.1306799
48.1623996,22.1363273
48.1626173,21.1811906
48.162625,21.461942
48.162845,20.241027
48.1629571,20.2302561
48.1637582,21.1827209
48.16396,21.660235
48.1639614,21.185568
48.164219,21.839567
48.164844,20.527744
48.164925,21.205335
48.1651764,20.2659703
48.1654159,21.1991948
48.16593,20.52673
48.1670482,20.4269546
48.167083,20.6224145
48.1671434,21.8363179
48.1674459,20.5299577
48.1678777,21.5644598
48.1680765,20.2632073
48.1682689,20.4287634
48.1683694,20.4308548
48.16843,20.537757
48.168618,22.096902
48.169473,21.556582
48.169493,20.254355
48.169602,20.2581123
48.169631,20.647733
48.16969,20.537462
48.169714,20.647895
48.170217,20.642683
48.1703296,20.2611695
48.17071,20.533932
48.1710952,20.2592892
48.171172,20.537941
48.1712141,20.2582553
48.1714155,21.543995
48.171783,20.4875
48.1718427,21.3557673
48.1718753,20.5344433
48.1719179,21.5477721
48.1721389,21.833294
48.1721818,21.7864399
48.172436,20.536017
48.1725378,20.5338094
48.17255,20.731183
48.1728115,20.2578235
48.1735369,22.0972359
48.17355,21.53048
48.173667,20.73005
48.1737743,20.2944971
48.1743812,22.0975352
48.1743995,20.6462158
48.1745268,21.3625972
48.1745647,21.4948509
48.1746915,20.4870141
48.174717,22.271983
48.1748734,22.1062497
48.1748979,21.5382076
48.1751256,21.5375466
48.1753794,20.8374984
48.175392,20.777103
48.17555,22.1001329
48.1758454,20.4867947
48.1764445,21.9264981
48.1764606,22.0947497
48.1765164,21.9972921
48.177367,20.998067
48.1774257,21.4939114
48.1775001,22.1901376
48.1775087,21.3642493
48.1775878,20.8348826
48.1778588,22.0697429
48.177917,22.0604243
48.178036,20.4844864
48.178742,20.82593
48.1793167,20.4859869
48.179356,20.838413
48.179503,20.583468
48.1795378,21.7871566
48.1796627,22.0722957
48.179891,21.302209
48.1808434,22.1010345
48.18226,22.27118
48.1825763,20.745249
48.18267,21.055317
48.183017,20.998
48.1832744,22.1015586
48.1837556,20.3905395
48.183985,21.054897
48.1842649,20.1033366
48.1844116,20.2791392
48.184423,21.05701
48.1846474,20.3929045
48.185056,20.480819
48.1851791,20.3909191
48.1854359,21.4557551
48.18545,20.8356
48.185673,21.055864
48.1858941,20.3885868
48.185949,21.061271
48.185967,20.395997
48.1862073,21.8324104
48.1862461,21.2815445
48.186615,20.387067
48.187133,20.55385
48.1872555,20.3960875
48.1876881,21.2812175
48.1878,20.648318
48.1879019,21.8272157
48.187998,21.312837
48.1882009,20.3864451
48.188852,20.395552
48.188963,20.385098
48.188981,20.482194
48.1891623,20.4880898
48.1893706,20.2739465
48.189775,20.639872
48.1909195,20.2008432
48.191203,20.39608
48.1912731,21.2829745
48.191342,20.773916
48.1913703,20.381142
48.1916385,21.21549
48.191981,20.397062
48.1920097,20.7750929
48.1920925,20.4749612
48.1921903,21.8612637
48.192375,21.052489
48.192416,21.8043665
48.1925259,21.8079587
48.1930231,21.2810075
48.193125,20.553316
48.193305,21.053821
48.1933446,21.2783369
48.193481,21.056232
48.1935364,20.1318276
48.19365,21.055293
48.193697,20.445722
48.193786,21.299633
48.193883,22.406717
48.194189,21.381154
48.194317,22.521983
48.1943561,21.2809735
48.1948845,20.8193682
48.194933,22.408967
48.195217,22.410217
48.195332,20.684162
48.195433,20.68595
48.1956685,20.1290578
48.1958671,21.2794225
48.196117,22.5234
48.1962773,20.1299453
48.196464,20.418954
48.1973,22.407633
48.1974465,22.4457299
48.1974498,20.2966569
48.1976234,20.9280481
48.1977743,22.0171549
48.1977842,20.9301513
48.1977859,21.8757199
48.197799,22.4466855
48.198667,22.526483
48.198767,22.446167
48.1988231,21.2787415
48.199033,22.527983
48.1991012,20.8125585
48.1995785,21.0195021
48.1997428,22.5243987
48.199767,21.149217
48.1998646,22.0952044
48.199894,20.434241
48.199923,20.832122
48.199933,22.445417
48.19995,22.407983
48.200017,22.179233
48.2010036,21.2827285
48.2010322,21.7868195
48.201083,22.408967
48.201117,22.445117
48.2014051,22.0816277
48.201567,21.1514
48.201791,20.927323
48.201833,22.411333
48.201867,22.412117
48.20205,22.444917
48.20219,22.26287
48.202195,20.2535938
48.202283,22.413033
48.20245,22.416783
48.202771,21.152855
48.2028183,22.087857
48.2032656,20.2978908
48.2032698,20.4813601
48.203833,20.59455
48.2039011,20.2633766
48.204067,20.625925
48.2043605,20.2962253
48.2047804,20.9292994
48.204914,20.399128
48.2052856,20.2653575
48.2053202,21.3272953
48.205595,21.155526
48.2057876,21.3214813
48.205792,20.477236
48.206314,20.2542597
48.2066152,20.4804556
48.2066545,20.9286233
48.2066815,20.4814205
48.206988,21.148157
48.2070355,20.2953052
48.2078025,20.1600757
48.207885,21.147481
48.207901,20.7345776
48.2079809,20.3984141
48.208509,20.458441
48.208745,20.736018
48.209285,21.143268
48.2095399,22.0835657
48.209729,22.1462374
48.2099566,20.3980954
48.209998,21.157942
48.210013,21.149632
48.21002,21.246537
48.2103,21.145417
48.2106275,20.2812377
48.210927,21.153324
48.210973,21.15644
48.2110244,22.2592066
48.211038,21.319273
48.2112212,20.4352013
48.211517,22.149733
48.211708,20.2661674
48.2117361,20.2681163
48.21192,21.153044
48.2119787,22.145225
48.21255,22.010717
48.212635,20.437286
48.212667,21.151867
48.2127572,20.4363034
48.2127786,20.2845123
48.2128953,22.1464255
48.2129606,20.2936604
48.213338,21.3957231
48.2134,21.141233
48.2134058,20.7271469
48.213627,20.438206
48.2137595,20.3931046
48.213907,20.43636
48.2140163,20.4402125
48.2140547,22.014239
48.214226,21.156913
48.2143099,20.7836419
48.2144147,20.4347109
48.214457,20.656399
48.2147352,20.7151723
48.2147825,20.2974357
48.2148771,20.4329325
48.2150117,20.2990811
48.2150473,20.4420809
48.215179,21.196818
48.2151891,20.4335357
48.2152474,20.436049
48.2152493,20.432188
48.2155058,22.0813179
48.2155536,20.4411261
48.2155642,20.3684218
48.2156536,20.4374088
48.2156603,21.3484354
48.215717,20.653683
48.2157918,22.1458564
48.2160893,20.4389072
48.2162063,20.7869113
48.2162463,20.7071842
48.2162704,22.0850274
48.2162905,20.44108
48.2164311,22.1423776
48.2167576,20.2729222
48.2168944,22.0857704
48.216959,20.2827462
48.2169868,22.0821989
48.2170654,20.2834939
48.217172,20.4370259
48.217309,20.4315066
48.2173317,20.7282082
48.2174,20.65225
48.217495,20.7159993
48.2175367,20.4317846
48.2177,20.440067
48.2179064,20.4384053
48.218001,22.256184
48.2180585,20.2795598
48.2181214,20.7235915
48.2183614,20.7202841
48.2184964,20.2896305
48.2187265,20.7243144
48.21884,20.976313
48.2190122,20.2869165
48.2191917,20.2806906
48.2192794,21.3307768
48.219287,22.0825924
48.219378,20.847995
48.2194733,20.5106357
48.2195251,20.3093643
48.2196541,20.7244488
48.2197173,22.1414181
48.2197901,22.136743
48.2201275,20.7143482
48.2202034,20.5065782
48.220419,20.870778
48.2205072,20.7858523
48.2205924,21.0276686
48.2206739,20.2845294
48.2206997,20.3200513
48.220968,21.840502
48.2212007,22.1395425
48.2214198,21.0247825
48.2214698,21.0235407
48.221586,21.0270383
48.2216084,22.069941
48.2217536,21.9179486
48.2219687,21.0255787
48.2220572,20.7204402
48.2222599,22.0815111
48.2222885,20.2651031
48.2223053,21.0303964
48.2223566,20.7926806
48.2226604,22.139173
48.2226995,20.7173106
48.2230912,20.5066587
48.2231343,20.3229667
48.2231344,20.2742651
48.2231565,22.1393322
48.2232305,21.5094125
48.2232314,20.7044544
48.2235005,21.0278973
48.2236,22.1261
48.2236875,20.302722
48.223726,20.692041
48.2240468,20.7173452
48.224481,20.693103
48.2245381,21.0261183
48.2248302,21.0305573
48.2248549,22.085729
48.2248679,21.1795722
48.2251252,20.2678263
48.2251377,20.5911769
48.225217,20.948675
48.2252759,20.2691102
48.2252873,22.0784955
48.2253856,20.5013908
48.2254045,20.2574423
48.2255292,20.3024127
48.2256209,21.0295971
48.2257986,20.3224388
48.225883,20.691033
48.2259247,21.0312574
48.2259297,22.0744421
48.2260771,20.2139721
48.2261032,20.2626338
48.2261323,22.2924634
48.226955,20.949387
48.227653,20.3024241
48.2277119,20.3094994
48.2277811,20.3225704
48.227792,20.600648
48.2279154,20.2772993
48.2279603,20.2560659
48.227999,20.200157
48.2280096,20.3174669
48.228083,20.5021
48.228219,21.182411
48.2283479,20.3128139
48.2284563,20.4839598
48.2287643,22.0714197
48.2290546,20.2804441
48.2291496,20.3075436
48.2294222,20.3164746
48.2296869,22.0960211
48.229972,20.50162
48.2299851,21.9187094
48.2303124,20.3206086
48.2303203,20.2815885
48.230459,21.335952
48.2312394,20.2224528
48.2313347,20.5041146
48.231433,21.232717
48.231631,21.342736
48.2316594,20.3205044
48.23175,20.6587487
48.2320159,20.2794595
48.2323635,21.1817186
48.2324651,22.1055993
48.2326151,20.2250777
48.2326154,20.3227219
48.2327086,22.0981354
48.2328435,21.7984516
48.2329047,20.2311809
48.2334607,21.2312227
48.2337833,21.2291892
48.23397,20.504163
48.234177,21.348234
48.2342696,20.6022213
48.2345339,21.0789173
48.2345343,21.9210606
48.234592,21.032477
48.2348437,20.600929
48.2348717,20.3172072
48.2352873,22.1545029
48.235591,20.9052001
48.2356033,21.2351424
48.2356173,20.2260807
48.235817,20.199746
48.2359784,20.3117053
48.236599,21.039833
48.2367392,21.2285981
48.2368389,22.0836578
48.2373688,20.313416
48.2375012,20.3092262
48.23765,21.190567
48.238453,21.187219
48.2387591,20.3225674
48.239283,20.598417
48.2395058,20.3164997
48.2397691,22.0806271
48.239856,21.366999
48.2398568,20.3157077
48.240059,20.413005
48.2401044,20.319376
48.240833,21.046567
48.240867,21.052067
48.2411966,20.2919977
48.241267,20.495536
48.2413528,20.2876692
48.241489,21.183233
48.2418588,20.2956427
48.241867,20.413411
48.2424704,20.2856588
48.242767,21.049733
48.2430157,20.2866448
48.243271,20.580069
48.2433561,20.291368
48.2436133,21.435545
48.24431,20.412906
48.2445996,20.625635
48.2454854,20.2869117
48.245528,20.998684
48.2459,20.598717
48.2464619,21.8888871
48.246594,20.2931861
48.246617,21.032283
48.247729,20.415174
48.247899,20.4139694
48.2479985,22.4906479
48.248467,22.000117
48.2487079,20.6186397
48.248746,21.371195
48.2487517,20.6186119
48.2494864,20.2677457
48.250103,20.415842
48.2502003,20.7904571
48.250218,21.279897
48.250383,21.082091
48.2510722,20.6208751
48.2511943,20.2659067
48.251702,21.366854
48.2522705,20.6381742
48.2528616,20.3918183
48.2531013,20.6421398
48.2533219,20.6400153
48.253371,20.531829
48.2538822,21.4490238
48.2541553,21.267416
48.2542,21.038134
48.2544111,20.3623129
48.2544596,20.6420629
48.25478,21.435236
48.254797,21.074306
48.2549967,20.6377545
48.25546,20.7727803
48.255585,21.386897
48.2558404,20.3639737
48.256796,20.3644234
48.256851,21.073416
48.2571416,20.6181142
48.2578396,20.633379
48.258362,22.0681808
48.258682,21.079317
48.2589534,20.6273785
48.2589634,20.6310529
48.259027,21.335683
48.2595744,20.5381971
48.259626,21.352202
48.2598253,20.3396147
48.2598417,21.890074
48.2598823,21.9603066
48.2600215,20.3645224
48.260502,20.6195309
48.2606178,21.3533188
48.2608726,21.3563222
48.261116,21.082333
48.261241,22.1096539
48.2613163,21.315566
48.2615347,21.4945938
48.261752,21.4957344
48.261917,21.9597
48.2619186,21.3530063
48.262035,21.083601
48.262389,21.324728
48.2630925,22.0945156
48.263134,21.084316
48.2635603,20.6183447
48.2639822,21.8879783
48.264984,22.16878
48.2653841,21.2694226
48.265775,21.223786
48.2660956,21.3517341
48.2661095,21.3498872
48.266265,21.3581779
48.266282,21.3614074
48.266501,22.177663
48.266731,21.3477565
48.2668865,21.345543
48.2672327,21.3457982
48.267388,22.190001
48.2674713,22.185924
48.267533,20.579583
48.2677721,22.0972604
48.2678888,21.3549092
48.2682113,21.359764
48.2684603,20.3766563
48.268626,21.1818
48.2687427,20.6850169
48.2690259,22.0102648
48.269211,22.0972609
48.2693237,21.4990123
48.269457,22.177382
48.269574,21.181279
48.2697718,20.6824643
48.270827,21.323817
48.2709371,20.675867
48.27124,21.398514
48.271467,21.2613
48.271473,21.428804
48.2717257,20.2483428
48.271843,20.5821125
48.271932,22.1001861
48.272194,20.555362
48.2725749,20.6832331
48.272817,20.556333
48.273011,20.434121
48.2730769,20.2441274
48.273233,20.43405
48.273233,20.578717
48.2732901,20.2469297
48.273633,20.555783
48.274265,20.557226
48.27495,21.18565
48.2749515,22.1001642
48.2749988,22.1013075
48.275019,21.366435
48.2758548,21.26068
48.276353,21.183574
48.277713,21.18424
48.2786323,21.4462847
48.279652,21.193068
48.2800288,20.9135527
48.280215,21.191336
48.280246,20.6510016
48.280681,21.188936
48.2810689,21.4475046
48.281129,21.117645
48.2811673,20.6645762
48.2812156,20.6547051
48.2814502,21.187141
48.2818554,21.4481677
48.281883,20.585283
48.2819172,20.4997123
48.28235,20.582467
48.282372,21.195289
48.282594,20.4973771
48.2827558,20.3882758
48.282833,20.579917
48.2830511,20.6626674
48.2831036,20.4922323
48.2832444,20.3849531
48.283487,21.116854
48.283627,21.367842
48.2836409,21.4499366
48.283917,21.247596
48.283983,20.579683
48.2841,20.582933
48.2842618,20.6535166
48.284464,21.463498
48.284525,20.65149
48.284674,21.464182
48.284683,20.586533
48.284697,21.226476
48.28485,21.116433
48.28492,21.121393
48.285033,20.57795
48.2850717,20.4898646
48.2850732,21.5203509
48.285128,20.587932
48.285167,20.583533
48.285276,21.496736
48.285278,20.657972
48.285467,20.5809
48.285507,21.122499
48.285585,21.382514
48.285618,21.074368
48.285731,21.465309
48.285841,21.383199
48.2861235,21.2347707
48.2862,21.506617
48.2862078,20.6498355
48.2862455,21.5196951
48.2863683,21.5222329
48.286427,21.121274
48.286625,21.465553
48.286751,21.072584
48.2868,20.577517
48.2868355,21.5187762
48.286938,21.465635
48.2870045,21.4459943
48.287022,21.384856
48.28715,20.5787
48.2875,21.189899
48.287523,21.07393
48.287785,21.096767
48.287916,21.517775
48.287917,20.584333
48.2879297,20.8287452
48.287967,20.57955
48.288235,21.075216
48.28829,21.341671
48.2884108,20.9129678
48.288634,21.098242
48.288768,20.381568
48.288772,21.514198
48.288855,21.096126
48.2889992,21.5200002
48.28925,20.583
48.289399,20.536053
48.289464,21.096944
48.289501,20.534976
48.289522,21.5204512
48.28965,21.09447
48.2897636,20.3834919
48.289846,21.08706
48.2899287,20.8321148
48.290067,20.579283
48.2901,21.085184
48.2902572,20.4369703
48.290288,21.465494
48.290537,21.092366
48.2905499,20.7306357
48.290793,21.089306
48.290856,21.446321
48.2909445,20.8291913
48.2909824,20.8314851
48.291075,21.087402
48.2914763,21.2216052
48.2928211,21.2227529
48.2930363,20.8297103
48.293091,21.463912
48.2931103,20.4369831
48.293499,21.133167
48.293556,21.433357
48.293635,21.406776
48.2937027,20.5327
48.293706,21.407723
48.293923,21.471554
48.293975,20.529251
48.2942646,21.223348
48.2942922,20.5306872
48.294349,20.349959
48.29474,22.022482
48.294774,21.410535
48.294828,21.134746
48.29498,21.284131
48.2954785,22.0296085
48.2955421,20.4365384
48.295648,21.464259
48.29575,20.434817
48.2959647,20.3480269
48.295978,21.136138
48.296299,21.241493
48.2966218,21.2801145
48.2968294,20.3535844
48.296875,21.195084
48.296943,21.137099
48.296993,21.414276
48.297092,21.284734
48.2972282,20.443802
48.297324,21.472399
48.297614,21.414708
48.2979577,21.1392489
48.297984,20.4359479
48.2980206,20.3516063
48.298072,21.414257
48.2983343,21.2996168
48.2987581,21.3027987
48.298925,21.538433
48.299009,21.140704
48.299433,21.414144
48.2995121,22.234637
48.2996293,20.435531
48.299661,21.197635
48.299787,21.289124
48.300127,20.371184
48.300193,21.20175
48.300877,21.36803
48.3012239,22.1194719
48.301394,21.401195
48.3015113,21.1987866
48.301588,21.402754
48.3022115,20.3808946
48.302215,21.470806
48.302316,21.470703
48.3033004,21.5502815
48.3041703,21.2049632
48.304307,21.3316
48.3049387,21.2310925
48.3049512,21.2324202
48.3053281,21.3443433
48.3055724,20.4373719
48.3061247,21.2354518
48.3064044,21.2337211
48.306468,21.417713
48.306526,21.45411
48.306606,21.454168
48.306868,20.935467
48.3069498,21.2357582
48.307154,21.401549
48.3074524,21.2298382
48.307505,21.203482
48.3084279,21.2005399
48.308509,21.409742
48.308519,21.409688
48.309251,21.448006
48.3101387,21.2009867
48.3102409,21.4290556
48.3105812,21.1581074
48.311464,20.6224519
48.311583,21.158398
48.3119,21.7988
48.3119504,20.7470382
48.312288,20.652169
48.31275,21.493867
48.312767,21.804217
48.312948,21.15955
48.312991,21.365468
48.313113,20.75078
48.313162,21.478261
48.313987,21.431708
48.314335,21.1628
48.314433,21.425506
48.314537,21.444675
48.314831,21.160492
48.3148947,21.1608194
48.315,21.56515
48.315039,21.430185
48.3152245,21.5761068
48.315367,21.463393
48.3153768,21.5726384
48.315445,20.651318
48.315696,21.440817
48.315748,21.163892
48.315771,21.440214
48.3157886,21.42901
48.316301,21.382743
48.3165814,21.5680199
48.316685,21.369273
48.3166882,21.2386386
48.3167949,21.5767331
48.31709,21.161602
48.3172,20.82235
48.317699,20.507556
48.3177198,21.4280088
48.317781,21.387463
48.317861,21.162646
48.3179532,21.5754171
48.318327,21.155813
48.3188734,21.428829
48.3191856,21.5712341
48.3196698,21.4299765
48.319855,21.411416
48.320015,21.447355
48.3201491,21.5631884
48.320656,21.402887
48.3208729,21.4289054
48.321137,20.415689
48.321485,21.363552
48.3216659,21.5635497
48.321691,21.286289
48.3219697,21.5661742
48.322004,21.464375
48.3223849,22.2712951
48.322499,21.5716211
48.3227855,22.2663032
48.3228633,21.5707732
48.3232964,20.8850919
48.3239804,20.8837685
48.324141,21.473714
48.324566,21.561699
48.3251421,21.0894477
48.3251626,20.8828356
48.325325,21.5736491
48.325436,21.45497
48.325577,21.471704
48.3256362,22.1796403
48.3258786,21.7429756
48.3259138,21.5664102
48.3259758,21.2409999
48.3266304,20.5975631
48.3270622,20.8830003
48.3281965,21.7430035
48.328227,21.332702
48.3282932,20.9111782
48.32874,21.515439
48.3287497,20.599349
48.328889,21.5796653
48.3289,21.827983
48.329563,21.128192
48.3296422,21.5354744
48.3296665,20.881367
48.329667,21.130118
48.3300783,21.8290408
48.330448,21.128151
48.3304742,20.8800666
48.3305403,20.8618005
48.330576,21.443403
48.33085,21.82205
48.3308746,21.8215961
48.3308931,21.5104797
48.3309106,21.8232217
48.3314634,21.8304435
48.331483,21.119367
48.3315356,20.8613554
48.3317856,21.5880738
48.3317959,20.8801916
48.332149,21.241617
48.332166,21.452326
48.3321719,21.5324203
48.3322177,20.9123615
48.3323726,21.7427798
48.332533,21.5893698
48.3325351,21.4546022
48.3325631,21.7418357
48.3325657,20.4341276
48.3334002,21.7433175
48.333528,21.405169
48.3346303,21.5300985
48.3346627,21.7431949
48.335107,21.457171
48.3352323,21.2399998
48.335734,21.482315
48.336148,21.482517
48.3362314,21.3410684
48.336268,21.45625
48.336287,21.458403
48.3365968,21.3403496
48.336625,21.571809
48.336783,21.843783
48.336809,21.4333
48.336895,21.571822
48.337081,21.393982
48.337141,21.8472282
48.337374,21.458677
48.337482,21.461667
48.3379343,21.1056436
48.3383047,20.7832109
48.3388052,21.239526
48.338806,21.415109
48.338819,21.337014
48.338908,22.202434
48.3389405,21.5460878
48.3389509,21.4628783
48.339018,21.455521
48.3391811,20.7837222
48.3392544,21.1021189
48.339302,21.458309
48.339681,21.4623027
48.339733,21.2326
48.339767,21.2384
48.3397691,22.1163388
48.340087,21.387169
48.340097,21.387115
48.340207,21.440945
48.3403399,20.7845209
48.3404583,21.6875408
48.3405163,21.4623955
48.3409309,21.2400969
48.3409924,21.2351201
48.3412379,21.4630848
48.3422052,20.78565
48.3423096,20.7841094
48.342741,21.468225
48.342794,21.577775
48.342828,21.446935
48.342853,20.7876132
48.342905,21.438775
48.3429385,21.2398006
48.3429672,21.462319
48.343075,21.577249
48.343283,22.116273
48.3434271,21.6909183
48.3434678,20.7888201
48.3440548,21.2407305
48.344085,22.1057957
48.344136,21.361726
48.3443528,20.789331
48.3443544,21.9202835
48.3444514,22.1060599
48.3446831,20.7900551
48.3446836,21.4631908
48.34479,21.94344
48.34508,21.52283
48.34525,21.097973
48.345852,21.476561
48.346173,21.429357
48.346585,21.096936
48.346739,21.463255
48.34709,21.93864
48.348361,21.471833
48.348848,21.427455
48.348915,21.309037
48.349133,21.37605
48.349137,21.566476
48.349192,21.1926781
48.3493058,21.1900794
48.3493547,21.9620957
48.349414,20.422381
48.349501,21.476326
48.3495951,21.938566
48.3500585,22.0758358
48.350291,21.427251
48.350439,21.409241
48.3505778,21.1884339
48.3508019,20.8612145
48.3513924,21.1873065
48.351618,21.454371
48.3516901,21.9623847
48.351778,21.444796
48.35239,21.96824
48.352433,20.431817
48.352533,21.517646
48.35282,21.96529
48.352854,21.561797
48.352906,21.516989
48.352937,21.494505
48.353083,20.430683
48.353199,21.575041
48.3532901,22.0774574
48.353321,21.565194
48.35335,21.93871
48.35351,21.96685
48.353749,21.490494
48.3540519,20.4293185
48.354177,21.2490296
48.354188,21.599574
48.3543751,21.2504545
48.355042,21.443556
48.3550772,21.6955442
48.3552795,21.2513934
48.355289,20.446473
48.35547,21.97113
48.355502,21.340905
48.355583,20.428683
48.355649,21.2517611
48.355964,20.438838
48.3560256,21.2549574
48.356117,20.433367
48.3561236,20.4370301
48.3562027,20.4349083
48.356259,21.583289
48.3563165,22.079364
48.3563886,21.2527093
48.3564108,22.0794391
48.3564427,20.4313595
48.3566609,21.0658298
48.3566844,21.0626914
48.3567994,21.2536428
48.3569472,21.5155005
48.3569888,21.518667
48.3571122,21.2526245
48.357139,20.913282
48.3571973,21.2544813
48.3573168,21.2553279
48.358063,21.492869
48.358127,21.506573
48.3582202,21.6937702
48.358355,21.494368
48.358357,20.413509
48.3583789,20.4299784
48.358604,21.494514
48.3587236,22.0761837
48.3588954,22.0756196
48.3589939,20.5900422
48.3592437,21.2536811
48.359646,21.347027
48.359967,21.979833
48.3600127,20.5960237
48.360645,21.474716
48.3609564,21.9797181
48.360963,21.5135687
48.361026,22.070878
48.3611873,21.693506
48.3615118,21.4138244
48.36186,20.447486
48.36212,21.98087
48.36222,21.400933
48.362383,21.493207
48.3627734,21.5854848
48.363129,20.63195
48.363172,21.495471
48.363225,21.465167
48.363539,21.579458
48.363633,21.268478
48.363799,20.5875264
48.3639627,21.0247648
48.364084,21.579215
48.3640952,21.0234222
48.36495,21.464397
48.365113,21.552264
48.3651964,21.4502731
48.365442,20.464452
48.365556,20.413158
48.3659659,21.5855185
48.3659664,20.9154813
48.3660909,21.5846858
48.3661172,21.0279798
48.36632,21.98695
48.3672044,20.915648
48.367274,21.303962
48.36737,21.99037
48.3674,21.472112
48.367842,21.492383
48.367959,21.451495
48.368067,21.481175
48.368287,20.915613
48.3683852,21.0274538
48.368435,21.539867
48.368531,20.452133
48.369145,20.448208
48.3692947,20.6264356
48.3695022,21.9932232
48.3696592,20.9154877
48.3697236,20.9757527
48.369784,21.345665
48.369797,21.564573
48.369926,20.9734667
48.3700782,20.4264858
48.370083,20.9260687
48.370106,21.457319
48.370144,21.436124
48.3701632,20.9187399
48.37022,20.928371
48.370283,21.460972
48.371011,20.71288
48.3711684,20.9196639
48.37122,21.99481
48.371259,21.563496
48.371275,21.524746
48.371284,21.537033
48.371458,22.064877
48.371638,20.92051
48.3717,21.580665
48.3718771,20.4273277
48.37195,20.6157
48.3719579,20.9148923
48.372161,20.504667
48.372243,20.921444
48.3724433,20.6257863
48.372487,21.398569
48.3727437,21.2407498
48.372805,21.478237
48.372817,21.312867
48.3732378,20.4271803
48.373248,21.478581
48.3732864,20.9143987
48.373462,21.028584
48.373594,21.491776
48.3736041,20.4275161
48.3736442,21.240786
48.3736556,20.9745596
48.37367,21.031014
48.3737,21.238773
48.373763,20.922395
48.374062,20.428023
48.374107,21.605695
48.374189,21.606887
48.3744148,20.4275255
48.3744986,21.3291573
48.374519,20.4302745
48.3745388,20.914276
48.374547,21.325556
48.3746114,21.4107411
48.3747862,20.4270668
48.3748117,22.2321684
48.3748956,21.3940454
48.3752947,20.9749994
48.3755323,21.2416678
48.375639,21.514421
48.375678,21.2149641
48.375756,21.479968
48.3757661,20.9139669
48.3761351,20.6191441
48.376181,21.482472
48.376264,21.432907
48.376348,21.433181
48.3764222,21.2394449
48.3764629,21.3265778
48.37656,21.40308
48.376702,21.324245
48.3767886,20.9134934
48.376959,21.449102
48.3769727,21.2140152
48.3770574,22.2347525
48.3771299,21.3289185
48.37715,21.2429955
48.377297,21.402695
48.3774845,21.2409014
48.3775582,22.2139702
48.3775682,21.2468331
48.3775954,21.4043872
48.377603,22.038333
48.377854,21.607162
48.3780671,21.3313411
48.3781005,21.3992812
48.3781869,21.4293749
48.3782818,21.2448643
48.378326,21.213526
48.378373,21.51315
48.3785085,21.242516
48.3786514,21.398453
48.378751,21.524292
48.378772,21.578106
48.3788367,21.2484518
48.3788697,21.2505425
48.3791289,21.2467405
48.379184,21.588186
48.3792518,21.2513714
48.3793195,21.3375004
48.379334,21.467009
48.3796072,22.2326113
48.379838,21.494364
48.3798956,21.4238911
48.3799715,21.2435903
48.3800615,20.6232946
48.380434,21.58028
48.380628,21.48056
48.380714,21.45153
48.381016,21.604482
48.3811056,21.3500632
48.3813047,20.8661547
48.381594,21.559809
48.3820146,20.6227676
48.382034,21.480031
48.382069,21.574957
48.3825288,21.2160856
48.3825952,21.4523691
48.382705,21.455336
48.383104,21.486564
48.3831202,21.4518745
48.383284,21.605673
48.383471,20.436038
48.3840829,22.2303725
48.384228,21.495192
48.3843708,21.3896048
48.384645,21.460301
48.3846606,21.2801642
48.384773,21.6574514
48.385024,21.563486
48.385192,21.312369
48.385733,20.482567
48.38591,20.4880526
48.3861026,21.2819935
48.38655,20.481217
48.386633,20.484317
48.386717,20.486067
48.386807,21.450529
48.386946,21.570332
48.387007,21.484856
48.3870676,21.4344951
48.387085,21.2823904
48.3871291,20.4880414
48.3873543,21.2178359
48.387404,21.569949
48.387417,20.433159
48.3874523,21.2816924
48.387519,21.345355
48.38763,20.439511
48.388003,21.218777
48.3886177,21.2840038
48.3887134,21.2813772
48.388948,21.2192358
48.389134,21.457686
48.389267,21.279034
48.3893088,21.2835371
48.389367,21.339333
48.3895662,21.3390588
48.3896027,20.4883232
48.389759,21.2820666
48.3898307,20.4879537
48.3898724,21.6457013
48.389898,20.595159
48.39022,21.494731
48.3902622,21.2856889
48.390487,21.494879
48.3905292,20.4886878
48.3906469,21.2842754
48.3907499,20.790931
48.39101,21.531642
48.391084,21.451212
48.391094,20.796893
48.3911028,21.2871051
48.391203,21.484242
48.3913874,21.2827163
48.3915439,21.3436044
48.3917063,20.7923037
48.3917936,20.7911852
48.391913,21.287931
48.3919735,21.2212782
48.392033,21.2909
48.392037,21.28695
48.392112,21.483771
48.3921323,20.7897752
48.3923594,21.2831971
48.3928558,21.3460862
48.3928957,20.7918142
48.392996,21.531318
48.393029,21.452856
48.393051,20.874227
48.393172,21.2871145
48.3933018,21.3452625
48.3935054,21.6616594
48.393535,21.453608
48.393702,21.289821
48.393929,21.529742
48.394136,21.2875275
48.3942057,20.7936551
48.3942544,20.7875544
48.3943107,20.795513
48.3944002,21.2904458
48.394688,20.874214
48.3947021,20.8727762
48.394707,21.631225
48.394734,21.601238
48.3951654,20.8757212
48.395173,21.530476
48.395241,21.453755
48.395564,21.552829
48.395853,21.628175
48.3958561,20.8744914
48.39591,21.440832
48.395934,21.455962
48.396039,21.627914
48.396109,21.477988
48.396347,21.530262
48.396487,20.875606
48.396513,21.45403
48.3966066,21.648523
48.396618,20.874708
48.3967461,21.5211333
48.396764,21.454946
48.397119,20.875625
48.397143,21.445211
48.397248,21.519539
48.3973235,21.1696454
48.397415,21.343022
48.397469,21.64548
48.3974906,20.8752344
48.3974972,21.6016449
48.397572,21.643648
48.397602,21.485825
48.397982,20.876849
48.398432,21.559068
48.398482,20.877023
48.398968,20.675312
48.399251,21.454332
48.39927,20.628174
48.399381,21.522909
48.3994809,20.8781973
48.3998196,20.8763496
48.3999793,22.2219548
