42.1002624,19.1419848
42.1013392,21.0554041
42.1015948,19.0965531
42.1018935,22.0357158
42.1028834,21.1851645
42.1065868,19.0901512
42.1074889,20.7657221
42.1078507,21.9201745
42.1087759,19.7705097
42.1098077,20.7426085
42.1107614,19.8211311
42.1124117,19.8194094
42.1133781,20.102783
42.1135928,20.1016784
42.1140771,19.8197286
42.1156587,19.1233011
42.1162157,20.1118411
42.1163821,19.8149402
42.1165983,19.1610703
42.1186098,21.7598928
42.1192364,21.746025
42.1226649,22.8477415
42.1234919,19.1954142
42.1241206,20.9298316
42.1258881,19.0811789
42.1264399,19.1401152
42.1265031,21.1382917
42.1276353,19.1644555
42.127844,21.7305564
42.1278798,19.143651
42.128104,20.7890897
42.1283125,21.1377121
42.1284077,20.8693558
42.1306955,19.1137441
42.1319112,21.7207809
42.132536,21.7187664
42.1325717,21.728942
42.1350337,21.719591
42.1357971,20.9551643
42.1360003,21.7176425
42.1362054,19.0904064
42.1372474,22.8141191
42.1374505,20.8728172
42.1378285,22.8056888
42.1379497,22.9688275
42.1380406,22.8054397
42.1397851,19.0499059
42.1411983,21.7158163
42.1412222,23.0119425
42.1416144,22.0475865
42.1423672,20.9626353
42.1431329,19.089119
42.1434642,20.8699944
42.1437127,20.7933767
42.1438644,20.0512868
42.1444231,20.1667947
42.144967,23.0071459
42.145377,21.0091963
42.1460552,19.1362439
42.1470575,19.5452983
42.1473627,20.8836935
42.1477562,19.0972693
42.1483336,21.1232829
42.148822,22.0001283
42.1494041,21.130707
42.1494049,19.008206
42.1503696,19.1177907
42.1509324,19.126481
42.1510631,22.4368566
42.1516387,20.8789778
42.1516886,20.8858335
42.1520802,19.1156654
42.1535014,21.1338433
42.1575569,22.9930217
42.1588531,21.2898338
42.1600667,21.8788302
42.1600992,21.2902154
42.1605162,21.1792744
42.1629253,20.1704599
42.1630509,22.6847712
42.1654989,19.6480125
42.1655131,20.9563246
42.1673539,19.0142703
42.1676441,21.1298597
42.1686473,19.0586158
42.1687013,20.9625701
42.1687098,20.9633419
42.1687263,19.4818183
42.1688137,20.9648602
42.1691852,20.9630009
42.1727768,20.9002187
42.1730681,21.9949096
42.1744962,20.8934074
42.1745931,21.9934189
42.1749932,20.0282398
42.1751189,20.1334168
42.175163,20.0290338
42.1752646,20.8936882
42.1752699,22.9455287
42.1753682,20.9060035
42.1754528,20.9751747
42.1759501,22.9481368
42.1760305,22.420746
42.1762822,22.3965205
42.1765476,22.7743505
42.1776789,22.6813285
42.1779314,20.66932
42.1781836,20.8053767
42.1785645,20.9166878
42.1807282,20.9587944
42.1808896,20.9539983
42.1809275,20.7462115
42.1814699,20.797801
42.1817777,20.9189829
42.1821243,22.4070261
42.1824903,20.0194016
42.1835426,22.6211157
42.1839284,21.1288808
42.1847758,21.1272052
42.185603,20.010713
42.1863822,19.6426293
42.1870316,22.5793842
42.1881977,21.0902534
42.188545,20.0171191
42.1886057,20.0130852
42.1889639,21.1278334
42.190346,22.9713288
42.1904516,22.9681684
42.1908595,20.7397271
42.1909862,19.0728924
42.1910499,20.0928393
42.1954194,19.005719
42.1958557,21.8576129
42.1961322,21.183889
42.1963465,22.3688357
42.1964952,18.9828572
42.1982329,22.3667972
42.198672,21.8283185
42.1988213,20.4217351
42.1992499,22.8708751
42.1995886,21.177604
42.2000614,21.1006853
42.2002786,20.7513054
42.2005905,22.611061
42.2008385,22.912173
42.2038456,22.682365
42.2048336,21.1115248
42.2050071,22.9027772
42.2050439,20.8705993
42.2064957,19.0892091
42.2071174,22.7773547
42.2071815,22.8716462
42.2081846,19.8023269
42.2088225,20.829002
42.2090513,20.7405851
42.209131,22.3621937
42.2096115,20.7364863
42.2106576,21.1780343
42.2108984,20.7437008
42.2110103,20.7377943
42.2115114,20.7444382
42.2115123,20.7444258
42.2115137,20.7444127
42.2115152,20.7443995
42.2115158,20.7443885
42.211517,20.7443767
42.2121525,20.7329884
42.2121624,20.745184
42.2130209,20.078784
42.2133374,20.7340245
42.2139498,20.7415315
42.2153991,18.9238784
42.2157171,22.3637441
42.2164662,23.0617775
42.2180728,19.1080318
42.2182251,21.1874552
42.2184528,19.1077903
42.2189135,22.4640639
42.220624,19.1067321
42.2230143,21.2574601
42.2241793,22.3895181
42.2269471,19.125483
42.2282224,19.0904322
42.234832,18.9072074
42.2364658,22.4982933
42.2381651,19.7031292
42.2383335,21.1778939
42.239834,19.0840475
42.2412035,20.0518064
42.245705,22.6910075
42.2464257,19.0906104
42.2467857,20.3754489
42.2475244,20.0344481
42.2490215,23.0596322
42.2527513,19.0421407
42.2532792,22.6729263
42.2549541,21.1818168
42.255321,19.7044351
42.2555398,22.8539347
42.2556527,22.852093
42.2559482,18.9209013
42.2568312,22.8766744
42.2569954,22.8420391
42.2573489,20.0296855
42.2582439,18.8953254
42.258655,19.0892586
42.2592678,22.6959003
42.2603346,19.0179134
42.2607881,22.2236714
42.2617042,18.9728348
42.2622531,18.8977071
42.2623092,18.8974319
42.2623211,18.9073252
42.2637357,22.5899452
42.2640385,18.9001846
42.265469,18.905703
42.2657805,22.7050989
42.268797,22.6877401
42.2691435,22.3958747
42.2703929,22.2381926
42.2724544,19.3956968
42.274022,22.6913659
42.2750167,22.9976785
42.2750245,20.7868378
42.2752978,22.6934179
42.2763228,22.0937899
42.2771484,22.0917925
42.2781703,18.8379781
42.2788399,21.9298545
42.2788941,22.6906759
42.2797217,22.0179215
42.2797546,20.025518
42.2800591,22.6931614
42.280127,22.6931248
42.2803364,18.8375717
42.2803708,18.837564
42.2807694,22.6889252
42.2845076,22.6886701
42.2848705,20.6979706
42.2864878,22.0486661
42.2880794,19.0917059
42.2885929,18.8348875
42.289008,20.2100817
42.289059,20.2101123
42.289992,22.1035545
42.2901248,18.8453134
42.2909005,22.3935889
42.2913375,22.864851
42.2938557,22.5645843
42.2955923,19.1587818
42.2958061,22.1584954
42.3026343,19.1957342
42.3038815,19.9407566
42.3039321,19.8498635
42.3040591,19.7968221
42.3045131,18.8366443
42.3046937,19.2176977
42.3050804,19.7967353
42.305335,18.8961297
42.3076846,19.9395652
42.307896,20.0055483
42.3087993,22.3511336
42.3089867,22.24603
42.3090555,22.2461194
42.3101392,19.891773
42.3124411,20.6436802
42.3125303,19.7500995
42.3137207,18.8444449
42.3144666,22.850523
42.3146392,19.4908297
42.3233298,18.8322106
42.3241814,21.4701515
42.3242391,22.7819177
42.3267853,19.7687737
42.3268539,19.8795685
42.3276787,20.0794789
42.328922,19.770115
42.3289685,19.8994124
42.3291481,19.4401103
42.3302411,21.4668261
42.3310226,21.461226
42.3320109,20.5765333
42.3326954,21.469852
42.3330731,19.9388011
42.3333715,19.9462799
42.3344826,18.8458795
42.3365034,19.906388
42.3394187,18.8249874
42.3417437,19.0537343
42.3437697,19.2185374
42.3458817,22.2938444
42.348844,19.9162436
42.348844,19.9162436
42.3513181,19.8959385
42.3516375,18.8364724
42.3523734,20.0029582
42.3540044,19.6326005
42.354635,20.4075052
42.3551604,19.0279037
42.3552478,20.9732839
42.3556294,19.0272082
42.3574476,22.7960907
42.3582452,22.2536365
42.3587997,19.9474879
42.3588643,20.8262038
42.3607379,19.5273211
42.3609309,19.4432836
42.361745,19.9278726
42.3620242,22.9951126
42.3622222,22.9957859
42.3631088,18.7831528
42.3641953,19.6321689
42.3666105,22.8118298
42.3685131,19.6331824
42.368873,22.7282448
42.370113,20.7163999
42.3708275,19.7342625
42.3710364,20.4021536
42.3717323,19.8236988
42.3717672,22.6181704
42.3721991,20.4497009
42.375758,19.8061265
42.3775607,18.8400724
42.3776635,20.3990519
42.3778505,21.162184
42.3794753,22.7069063
42.3797962,20.4271579
42.3798305,22.7074229
42.3803501,21.5493443
42.3832457,22.9497466
42.3846849,20.7468794
42.3857778,19.94123
42.3858969,19.782154
42.3859051,19.7809812
42.3862171,19.7816516
42.3864837,20.0795835
42.3873802,22.8931337
42.3875817,22.7085853
42.3877082,18.9218394
42.3897492,18.9246322
42.3897632,19.7526716
42.389974,19.3245802
42.3907669,18.7120268
42.3908784,21.5799907
42.3917736,18.8380844
42.3939761,22.718033
42.3943144,22.9178578
42.3944579,18.9208041
42.3951011,19.7752137
42.3952448,18.8397479
42.3966541,19.6434683
42.3975998,19.4941986
42.3983792,19.7374085
42.4000129,23.0799337
42.4004019,20.6575207
42.4005535,20.65486
42.4005754,18.8753727
42.4006404,20.6567038
42.4009672,20.6557559
42.4011465,19.6541322
42.4012209,20.6583572
42.4016339,19.7834857
42.4017279,22.6227334
42.4017287,20.2006227
42.4018126,20.6565077
42.402421,19.7581899
42.4029521,20.6559741
42.4031905,18.8229244
42.40339,18.7636773
42.4038269,20.6561023
42.4042284,19.7747019
42.4051902,18.8746273
42.4053208,20.6530379
42.4060695,18.9008388
42.4065659,18.7031617
42.4077401,19.8166521
42.4077952,19.8004839
42.4087472,18.9003158
42.4088652,19.8240368
42.4090964,18.8664485
42.4102185,19.8227412
42.4103232,19.8226464
42.4108331,18.8360375
42.4117832,19.3462476
42.4126893,22.6830538
42.4146832,18.7640065
42.4151716,19.5111928
42.4161798,19.757488
42.418426,22.9592837
42.4196856,19.8448517
42.4196945,19.8843339
42.420509,20.2905806
42.4211156,18.7969845
42.4218937,18.8488572
42.4223826,21.094683
42.4231535,18.7717203
42.4232068,18.7806713
42.4237336,18.7715399
42.4247648,19.252376
42.4253986,18.8459934
42.4254505,19.0133123
42.4257303,18.7724445
42.4261158,18.7719417
42.4268586,19.7612661
42.4275074,20.2894923
42.4276885,19.7618589
42.4279598,18.8225254
42.4284274,18.9924795
42.4287606,18.9915952
42.430625,19.2438012
42.4309655,21.5483821
42.4323149,19.2693974
42.4324191,21.4107722
42.432457,18.8076003
42.4326925,19.2464331
42.4327315,19.2504445
42.4328171,18.8436876
42.4332072,19.2489598
42.4340955,19.2512291
42.4357818,19.2600366
42.4364345,19.766951
42.4373774,19.2606331
42.4375751,19.2591579
42.4376135,19.2508644
42.4381679,19.2512129
42.4382671,19.2628736
42.4383285,19.262936
42.4383388,20.3158708
42.4384172,19.2476428
42.438677,18.8281477
42.4387948,19.2622864
42.4390014,18.8231431
42.4391221,19.2492602
42.4400392,19.2464522
42.4410154,19.2631008
42.4410589,19.2588743
42.4410949,19.2651335
42.4411408,19.261565
42.4414151,19.2633542
42.4414222,18.7621441
42.4415051,19.2671164
42.4417013,21.6170835
42.4417106,18.7311065
42.4417681,19.2601533
42.4418183,18.73208
42.4419863,19.2621181
42.4423617,19.2641672
42.4428261,19.262584
42.44316,19.780568
42.4434438,19.7809642
42.4444379,18.8168435
42.4448978,19.2401261
42.4452455,19.2332411
42.4452578,19.2451394
42.4455257,19.266969
42.4455733,19.264413
42.4456423,19.266576
42.4459714,19.2477083
42.446038,19.237282
42.4464613,19.2546958
42.4468297,19.2363111
42.4469916,19.2354412
42.4471087,19.2373874
42.4475123,19.7701155
42.4476033,20.9487778
42.4480488,19.2341587
42.4481364,18.7656369
42.4485382,19.2330209
42.4489006,19.2318402
42.4500208,19.2401464
42.4502892,21.4703275
42.4518046,19.8894995
42.4522979,19.2231886
42.4523581,18.7481294
42.4530956,18.7478695
42.4537241,19.8736711
42.4555189,18.7057307
42.4577555,19.7744605
42.4585957,19.7154445
42.4597877,19.9455507
42.4609882,21.4564471
42.4614579,19.7160644
42.4623248,19.5613469
42.4628912,19.2792032
42.462997,19.3088968
42.4650341,19.7231152
42.4675792,21.5819969
42.46797,22.9955096
42.4692331,19.7061105
42.4701085,22.7426375
42.4708103,19.3651992
42.4708228,20.282882
42.4710058,19.6966047
42.4710927,18.7129491
42.4711424,22.7897086
42.4711638,19.778334
42.4711813,22.7898554
42.4712863,18.7815598
42.4713903,19.1866237
42.4717078,22.9668963
42.4725512,23.0077297
42.4729944,23.011622
42.476141,23.0657103
42.4761961,20.277755
42.477835,21.3253839
42.478571,21.5413007
42.479778,19.681713
42.4805978,22.7477867
42.4829272,22.633074
42.484003,19.8148382
42.4862623,18.7675628
42.4864374,19.6361167
42.4871301,22.6341641
42.4876165,19.816523
42.4886553,19.5325336
42.4890757,20.1787363
42.4899642,19.6791701
42.4902169,21.527577
42.4902947,22.6402924
42.4913939,19.188169
42.4959009,22.876806
42.4988958,19.5882967
42.4989601,19.5883256
42.4990529,19.7187263
42.4992552,21.3874533
42.4999844,19.7993184
42.5013349,19.92161
42.5024219,22.7496094
42.502999,21.294566
42.503362,22.754006
42.5035724,19.7698237
42.5045546,19.9674015
42.5047436,19.0893231
42.505909,22.7515316
42.5059615,22.7512159
42.506304,21.044427
42.507446,19.696609
42.5074777,19.7598754
42.5091545,19.5975186
42.5109001,21.4567575
42.5114331,19.9646074
42.511876,19.9159618
42.5118962,19.8348616
42.5123663,19.9108312
42.5126008,20.0083598
42.5126737,20.3589821
42.5130607,19.9097305
42.5159169,20.0104079
42.5159904,22.6436322
42.516029,19.6210383
42.5170955,19.9330646
42.5170971,19.9823701
42.5184635,19.9910475
42.5186516,20.0065323
42.5191012,19.5307278
42.51983,19.5311925
42.521156,19.7863702
42.5214267,19.5933142
42.5214982,19.751122
42.5218082,18.7011235
42.5228348,19.9723364
42.5230692,19.5937444
42.5231829,19.8429846
42.5233499,19.6322403
42.5243727,19.7849291
42.5247463,19.5388377
42.5255634,20.0036355
42.5257684,19.7762389
42.5262348,19.9714309
42.5267887,19.5996043
42.526812,19.9589876
42.5268192,20.0235804
42.5270577,19.9979728
42.5271982,22.5275019
42.5274103,19.8477681
42.5274148,20.2919979
42.5279512,20.0129481
42.5279835,19.7583029
42.5323552,19.9855919
42.5323786,19.7189228
42.5325304,22.676138
42.532639,19.9580371
42.532943,19.639184
42.5331722,19.7954751
42.5338931,19.8596873
42.5339644,19.8065451
42.5346338,19.8680151
42.535058,19.5007765
42.5355434,19.8560524
42.5356238,19.8267604
42.5356452,19.6813446
42.5361666,19.9535352
42.536493,19.8134003
42.5368116,19.9052611
42.5368604,19.5032012
42.5369174,19.8622083
42.5369394,21.542328
42.537548,19.9064561
42.5375925,19.8666273
42.5380591,19.8637197
42.5380835,18.916651
42.538312,19.7624346
42.5399801,19.8370049
42.5410053,19.8516798
42.5412637,19.9988933
42.5415076,19.0074474
42.5425456,20.2778315
42.5425956,19.6088179
42.5426678,19.9565479
42.5427034,20.1035829
42.5431932,20.0044723
42.5435029,19.9840668
42.5435551,22.8803468
42.543726,19.849152
42.5441418,20.002348
42.5444645,19.9828496
42.5448864,20.3074025
42.5454154,19.9875424
42.5458906,19.8445189
42.5466697,18.9186786
42.5469733,20.062205
42.5470858,22.9647245
42.547112,22.9646701
42.5471251,22.9647578
42.5471519,22.9646989
42.5471634,20.2660449
42.5479633,19.8368976
42.5480289,19.7847531
42.5488087,20.1102856
42.5490732,20.0242327
42.549078,19.6038826
42.549587,20.0305632
42.5496629,19.5951494
42.5497095,19.6039685
42.5498135,19.6053319
42.5498536,19.824756
42.5504015,20.0438026
42.5505538,22.5984451
42.5505669,20.0744654
42.5510636,22.9686875
42.5510933,20.1536522
42.55129,19.7933937
42.5514489,19.8689231
42.5516904,19.9748202
42.5522729,19.9733632
42.5527456,20.0004071
42.55282,22.9334473
42.5529993,19.1043623
42.5536046,19.9712174
42.5538046,20.0247615
42.5542993,19.9392648
42.5544102,22.8169715
42.5545982,20.0298337
42.5548618,19.7664763
42.5550642,19.8327518
42.555748,20.0439661
42.5560064,19.9457665
42.5565862,19.5912011
42.5571031,19.9990221
42.5571031,20.0729743
42.5573036,20.3028898
42.5573086,20.0142334
42.5573499,19.9562164
42.5576383,19.763749
42.5579297,19.5779854
42.5579351,22.6535596
42.5580013,19.9455879
42.5581629,20.0007172
42.5589069,19.7771209
42.5591459,19.1141242
42.5591612,19.9469284
42.5591999,19.9594061
42.5594626,19.7723009
42.5598481,22.5506897
42.5609517,20.0726847
42.5610725,22.7252218
42.5612322,19.5834142
42.5614183,20.0572029
42.5618212,19.9607685
42.5619087,20.0046011
42.5620239,19.9490758
42.5621295,20.0542847
42.5621666,20.0412625
42.5627814,19.1258674
42.5630962,22.848238
42.5631165,19.1246547
42.5631317,19.1246383
42.5640265,20.0273441
42.5640368,20.0866138
42.5642785,20.0028201
42.5647708,22.703637
42.5649638,23.0498187
42.5658132,19.9360679
42.5659071,20.0212715
42.5659121,20.031349
42.5661667,19.9288201
42.566371,20.0755345
42.5665412,19.7980421
42.5666517,19.9783282
42.5668257,19.7942441
42.5668901,19.5785218
42.5669177,20.0240825
42.5669521,19.8004668
42.5670292,19.9974986
42.5675052,19.8118389
42.5675345,20.0585011
42.5678343,20.0550888
42.5680161,20.0718693
42.5682156,19.7866481
42.5686008,20.0624172
42.5686504,20.0299171
42.5691441,20.2053572
42.5691567,19.8029702
42.5691794,19.9942048
42.5693314,19.9343114
42.5699772,23.0375736
42.5700161,20.0725303
42.5700969,19.9264593
42.5701609,19.9538393
42.5707105,22.8137954
42.5708238,19.784159
42.5717692,20.008633
42.5719298,19.9063517
42.5719707,20.0365979
42.5720629,19.9339579
42.5724979,19.9903424
42.5725927,19.9846781
42.5726541,20.0714508
42.5727536,19.5936902
42.572801,19.5979818
42.5732731,19.8618787
42.5737512,19.9631159
42.5745661,20.0098797
42.5746269,20.0845752
42.5746659,20.08669
42.5748987,20.0391243
42.5749773,20.0789718
42.5751241,21.3971285
42.5755368,19.9679263
42.5755924,20.0121756
42.5757442,22.5282242
42.57594,20.0139974
42.5760875,19.7612072
42.5766747,19.9988096
42.5767152,19.9685647
42.5767796,20.9535286
42.5771657,19.9283717
42.5772883,19.8447613
42.5776131,19.9686135
42.5783111,20.049793
42.5785351,19.8487416
42.5787319,22.6324293
42.5788631,20.0085922
42.5796617,20.0901746
42.5797805,19.7005554
42.5800201,19.8625439
42.5807907,20.0066396
42.5811828,20.0285648
42.5812559,19.8521112
42.582228,19.9768178
42.5823772,21.215546
42.5825224,22.77274
42.583587,22.6302675
42.5837556,20.3148376
42.583993,22.6242372
42.5840563,19.9632644
42.5847909,19.9770724
42.5849614,19.8738684
42.5849912,19.9419011
42.5864074,19.8547768
42.5866469,19.9773085
42.5867793,20.0460122
42.5872289,22.7358166
42.5880978,19.9048323
42.5891016,20.0436948
42.5891429,19.9759781
42.5893142,19.6923299
42.589372,19.9910312
42.5899539,20.0455402
42.5900488,19.9057657
42.5908673,19.5704311
42.5909321,20.2946931
42.5913737,21.1677203
42.5915512,19.9904711
42.5916956,19.5686942
42.5919286,20.0366996
42.5921607,20.0282888
42.5921655,20.0845502
42.5923393,19.9391458
42.5924184,19.8443349
42.5928969,19.6067365
42.5933226,19.6037968
42.5934767,20.0782631
42.5937645,19.774222
42.5940953,19.9924023
42.5941243,20.0826405
42.5945206,19.9961096
42.5946621,20.1454067
42.5948663,19.9438179
42.5949663,19.6042474
42.594982,19.6031745
42.5950605,23.0175793
42.5952441,20.030693
42.5952505,20.1626265
42.5956613,19.6052345
42.5957557,19.7789427
42.5961054,21.1878583
42.5961255,19.9820924
42.5961548,19.9466019
42.5970011,19.8079648
42.5970667,19.8826406
42.5973094,20.0310351
42.5978399,19.880366
42.5980597,19.990064
42.5982451,19.9474258
42.5992695,19.1033354
42.5995351,19.558954
42.6003997,19.8468705
42.60042,21.1866825
42.6005979,19.947142
42.6007138,19.7850481
42.6009882,19.6488118
42.6011448,22.6420435
42.6012358,19.8535317
42.6013677,19.0607522
42.6014225,19.9473502
42.6016259,21.4246461
42.6016884,20.0639323
42.6018798,19.7784367
42.6019487,20.9477989
42.6022116,20.0108882
42.6023397,19.9874885
42.6023734,19.5911368
42.6023755,20.0296746
42.6026704,20.0080558
42.602759,19.5580922
42.6031452,19.9803882
42.6034944,19.8394227
42.6039548,20.0295008
42.6039652,19.9104752
42.6041798,20.029486
42.6042377,19.8693088
42.6048644,19.9046311
42.6049289,19.6038205
42.6056179,19.8433704
42.6056661,19.898317
42.6056811,23.0266529
42.6073185,19.9536041
42.6073638,19.830808
42.6074124,19.5700675
42.6076115,20.0519268
42.607751,20.0026192
42.6078534,19.8596257
42.6079306,19.8995638
42.6081985,19.8315794
42.6082013,19.5781356
42.6086729,19.9912222
42.608973,19.9939902
42.6092316,19.5811308
42.6093826,20.075538
42.6094196,23.0207717
42.6094472,19.9825431
42.6099779,19.7662081
42.610003,19.844139
42.6100158,19.8667614
42.6102069,19.552837
42.6104282,19.9588209
42.6108698,19.8583382
42.6115208,19.498738
42.6115958,21.0262482
42.6119784,19.8594733
42.6126545,20.0357913
42.6130618,22.7282636
42.6131662,19.9767935
42.6134715,19.8432599
42.613482,19.9839593
42.6140096,20.0148557
42.6142457,20.0618909
42.6157839,19.9032535
42.616694,19.6714711
42.6167608,19.8407644
42.6171205,19.0900275
42.6175938,20.0712041
42.6178934,20.0043865
42.6186872,19.8424028
42.6189431,19.9093618
42.6190871,22.614795
42.6194598,20.0613899
42.6195631,19.8933388
42.6197573,19.6753764
42.6210461,19.9048483
42.6210837,19.6703982
42.6213356,20.0693796
42.6215417,20.0442956
42.6220313,20.7978368
42.6223276,19.7633629
42.6225395,19.54979
42.6226536,22.7443788
42.6228631,19.9121968
42.6230424,19.8803119
42.6233426,19.8834565
42.623797,19.8836673
42.6238576,19.8802056
42.6242272,19.8806123
42.6242994,22.612428
42.6243205,20.0750445
42.6244226,22.6129301
42.6244346,19.7861524
42.6244626,19.6890664
42.6247343,20.0302891
42.6250496,19.8960323
42.625291,20.0365668
42.6254903,20.0218582
42.6255006,22.6131853
42.6256612,19.6412914
42.6259102,19.6858668
42.6260236,20.032904
42.6260715,19.2945646
42.6261458,22.6149176
42.6264664,22.612486
42.6275744,19.8991618
42.6278011,19.8996675
42.6278021,20.0625735
42.6279563,19.5657886
42.6282923,19.900832
42.629081,19.9964993
42.6291089,19.7543075
42.6295542,19.9963834
42.6300131,19.5135872
42.6305882,19.9959864
42.630688,19.625093
42.6310554,21.4157909
42.6312129,19.5285432
42.6312543,20.04831
42.6322312,19.9543617
42.6326456,19.9400266
42.6329016,19.9412051
42.6329372,19.7682875
42.6331066,20.0069504
42.6333087,19.62181
42.6335591,19.6255315
42.6335845,19.9116172
42.6337965,19.622176
42.6338328,20.0313166
42.6339763,19.8200714
42.6339958,19.9091828
42.6343529,20.0631958
42.6343979,19.5607222
42.6344383,19.7890376
42.6345347,20.1331866
42.6352583,20.0336684
42.6352794,21.3077126
42.6353601,19.5551432
42.6353844,20.0403733
42.6355022,19.8823376
42.635827,22.9528038
42.6359323,19.5324914
42.6361375,21.2579857
42.6363187,20.0376391
42.6364343,19.5388139
42.636765,19.9078079
42.6368052,19.768942
42.6369045,19.820211
42.6369868,19.5328487
42.6372229,19.6321191
42.6372422,19.7410798
42.637705,21.0770851
42.6378976,20.0417987
42.6381272,22.8451755
42.63815,22.8442597
42.638166,20.0414371
42.6381866,19.8101417
42.6383371,22.8442017
42.6383516,22.8446204
42.6386292,22.8443168
42.6387027,20.0412623
42.638726,19.2964781
42.63923,19.6730145
42.6396861,19.9910014
42.6396869,20.065422
42.6398226,19.8956992
42.6401123,19.9812167
42.6401355,19.7589427
42.6406118,19.8647811
42.6407196,20.0359357
42.6407398,20.1913084
42.6407623,19.2831529
42.6411619,19.7565716
42.6411794,20.0353885
42.6413746,19.7596294
42.6415684,19.5033948
42.6415952,19.8783465
42.6415967,19.8682895
42.6427036,19.8390839
42.6428209,20.0638556
42.6429566,19.5222132
42.6430394,19.7803009
42.6435943,19.7503261
42.6437774,20.0595093
42.6438326,19.8373684
42.6440449,20.0273652
42.6444553,20.0718861
42.6445376,22.6110815
42.6449932,19.3272881
42.6457977,19.9980267
42.6459186,19.7403239
42.6459742,22.6194729
42.6462672,19.5124617
42.6463303,19.5567096
42.6467099,19.5553578
42.6474154,19.7861478
42.6474526,21.3675848
42.6481214,20.205853
42.6483166,20.279828
42.6483671,19.9920099
42.6484824,20.1936153
42.6485376,19.6461618
42.6486418,22.62002
42.6487609,19.5167983
42.6488701,21.3635387
42.6492521,19.6762224
42.6496771,19.9053403
42.6497779,20.2520775
42.6499423,21.3533154
42.6501498,19.9787062
42.6504428,19.5498342
42.6507523,20.1028801
42.650764,21.1625566
42.6508292,19.882638
42.6512706,19.5292676
42.6514486,21.1557357
42.6517834,19.8935283
42.6527447,20.0467565
42.6529362,21.1461496
42.6531311,19.4853833
42.6531327,21.1495411
42.6532004,20.0159565
42.6534521,20.0186067
42.6537516,22.6628637
42.6540171,19.8893758
42.6541367,19.0304075
42.6545504,22.6628962
42.6552094,20.0081429
42.6558754,19.8391939
42.6561033,20.0910049
42.6562707,21.1619237
42.6562961,20.2898623
42.6565925,20.0885373
42.6571809,20.265857
42.6571978,20.1079228
42.6573682,21.1086147
42.6573773,21.2857157
42.657567,19.8772093
42.6577108,20.2874585
42.6577217,21.1604072
42.6578073,21.1635947
42.6583094,19.8853632
42.6584938,21.0826486
42.6588882,21.1511064
42.6593467,20.292419
42.6595036,21.1579514
42.6596555,20.0495337
42.6596785,19.9705938
42.6600065,20.2611053
42.6601702,20.2941994
42.66034,21.1713333
42.660482,20.2656555
42.6605704,19.9439165
42.6605787,21.1721439
42.6606078,20.0150789
42.6606586,19.936137
42.660706,19.7878612
42.6607936,21.1678568
42.6610909,19.7908838
42.6613735,21.163761
42.6614817,19.8342597
42.661639,19.8298394
42.6617368,19.7671481
42.6619601,21.1688012
42.6621188,21.1596498
42.6621189,21.168685
42.662192,21.1625591
42.6622477,19.5119511
42.6625646,21.1630352
42.6625737,23.0557806
42.6627845,21.1634935
42.6632645,19.8689996
42.6639294,20.2313151
42.6643956,23.002115
42.6644889,19.9907913
42.6653185,19.7682092
42.6655102,19.9223568
42.6656482,21.1849807
42.665672,21.1656843
42.6656996,22.5998347
42.665883,21.1644363
42.6659757,21.1662264
42.6659909,21.1656321
42.6665087,18.9896146
42.6665239,21.2194651
42.6665453,19.6336067
42.6666847,21.1651213
42.6670828,21.1700148
42.667422,21.1642489
42.6675733,21.2267678
42.667625,20.1996704
42.6677723,21.1687665
42.6679684,21.2216773
42.6681684,19.9517539
42.6681835,19.8179818
42.668212,20.0077215
42.6685754,19.9883129
42.6686911,20.0106298
42.6687068,19.7803131
42.6687841,19.9523321
42.6688686,20.0362878
42.669026,20.0983661
42.66907,19.5515836
42.6692637,19.0305517
42.6693096,19.9994675
42.6693262,20.0519948
42.6693298,21.1658049
42.669339,19.8682364
42.6694037,19.8682714
42.6699043,19.9568704
42.6699662,19.9830767
42.6702361,19.9576376
42.670819,21.6728038
42.6711396,19.8036295
42.67114,19.719363
42.6711636,19.7799696
42.6712142,20.026779
42.6712398,21.161662
42.6715823,20.012126
42.6716059,20.0265241
42.6716374,20.0284624
42.6716426,20.0412076
42.6719499,19.8993005
42.6722537,19.6413482
42.6722708,19.6417963
42.672498,20.0382326
42.6725418,19.6027151
42.6727316,19.9451035
42.6728234,20.0309418
42.6728991,19.8036803
42.6729299,19.7197533
42.6732412,20.0204472
42.6732495,19.9985819
42.673667,19.9668375
42.6743687,19.9593059
42.6743872,19.8595348
42.6744179,19.0294414
42.6745612,19.9551666
42.6745737,19.9699382
42.6746688,19.9692622
42.6749271,19.7853721
42.6749449,19.9661938
42.6751133,19.0302143
42.675162,19.0301513
42.6751713,19.7948634
42.6751765,19.7378745
42.6752051,19.0301515
42.6752427,19.0277035
42.675255,19.9486649
42.6752994,19.9706355
42.6753063,20.0371461
42.675497,19.960368
42.6756232,19.9585549
42.6759444,20.02882
42.6759672,19.7053554
42.6760949,19.7958693
42.6765257,19.7038137
42.6765623,19.9320026
42.6768673,20.0253873
42.6772051,19.7890247
42.6772564,19.9297925
42.6772869,20.0293479
42.677305,19.589969
42.6774354,19.8773694
42.6774575,19.7975649
42.6775566,19.5231691
42.6776403,20.009551
42.6779161,19.893667
42.6780137,19.9218462
42.6786967,19.4989533
42.6789138,22.6653448
42.6790174,19.9500918
42.6791206,19.7893053
42.6791527,19.7172537
42.6793118,19.8952457
42.6796729,19.8828526
42.6796826,19.8471106
42.6797646,19.9042793
42.6797962,19.9339123
42.6798593,19.9824045
42.6800194,19.545275
42.6807702,18.9784234
42.6813895,19.9351907
42.6814877,20.0645422
42.6816641,20.1831065
42.6816891,19.9337621
42.6817097,19.7342686
42.6819002,20.0633245
42.6821814,19.7218835
42.682367,19.9663333
42.6823886,19.9102854
42.6825666,20.0226571
42.68261,20.062316
42.6826513,19.9036356
42.6826726,19.8838496
42.6828934,19.8784852
42.6831368,20.0102371
42.6833424,19.7294621
42.6835359,19.5812142
42.6835377,19.6323017
42.6836032,19.8877763
42.6836605,19.923816
42.6837422,19.9882758
42.6840854,20.081765
42.6842028,20.0032747
42.6842765,19.5817078
42.6843383,19.9562589
42.6843549,19.9030562
42.6843759,20.000902
42.6845731,20.0035643
42.6846087,19.7306738
42.6847136,19.9872933
42.6850174,19.9040862
42.6852045,22.462208
42.6852227,19.9105311
42.6853464,19.7346913
42.6854217,19.9870741
42.6854583,19.9197004
42.6856628,19.8600109
42.6857662,19.9532441
42.6859713,19.9231079
42.6861273,19.9868427
42.6862324,19.5249072
42.686251,19.7333792
42.6862784,19.9512496
42.6863484,20.0119334
42.6866101,19.9717299
42.686652,19.9433712
42.6867208,21.2771751
42.6868066,21.0674275
42.687236,19.7358253
42.6872982,19.523624
42.6874684,20.2109562
42.6875564,19.9585763
42.687571,19.9059294
42.6880931,19.9025627
42.6881136,19.8797512
42.6881301,19.7291765
42.6882899,19.9656573
42.6883362,19.9116013
42.6884397,19.9710218
42.6884945,19.9593703
42.6885526,19.5296944
42.6885672,19.7251795
42.6888441,19.8691677
42.6891025,20.0389884
42.6896388,19.9753235
42.6896538,19.9392124
42.6897808,19.8934217
42.6900045,19.8783465
42.6901803,20.03264
42.6903012,19.8999448
42.6904582,19.9812887
42.69063,19.3186309
42.6906581,19.6853309
42.690712,19.7201596
42.6907278,19.7340642
42.6908399,19.62655
42.6908873,19.6252626
42.6910999,19.7094663
42.6912625,19.9157377
42.6915665,19.9836051
42.6919213,19.9827253
42.6922676,19.2631542
42.6923823,19.9195571
42.692684,19.7652283
42.6928781,19.9862988
42.6929895,19.9394897
42.6931102,19.6095601
42.6931196,19.7030541
42.6932643,19.827521
42.6933215,19.6085483
42.6935975,20.0429366
42.6936523,19.9266162
42.6940759,20.0167399
42.6941511,19.609324
42.6941604,19.7112294
42.6941823,19.5238793
42.6942906,19.9233868
42.6942978,19.9268571
42.6944836,22.4716806
42.6945535,20.1650747
42.6946886,19.8916717
42.6948652,20.0172334
42.6949748,19.5012705
42.695024,19.9444153
42.6952429,20.016933
42.6954449,19.9438056
42.6955442,19.9743916
42.6957804,19.9477789
42.6960876,21.2597777
42.6961075,19.9775577
42.6961573,19.8795724
42.6961863,19.6096888
42.6962072,19.9641982
42.6962644,19.6152463
42.6964703,19.9764097
42.6968695,19.9597672
42.6969535,19.832829
42.6970008,19.752227
42.6970252,19.3281892
42.6970814,19.9383262
42.6974039,19.9055073
42.6974605,19.9435456
42.6974771,19.9672769
42.697524,19.9570957
42.6979406,19.3241552
42.6982404,19.490889
42.6983086,19.995949
42.6984718,19.770743
42.6984993,20.1061736
42.698757,19.6837367
42.6987893,19.6490591
42.698978,19.814068
42.6993887,21.2345692
42.6997579,19.9561107
42.6997976,19.609088
42.6998144,19.6492308
42.7002392,19.6100321
42.7003537,19.8907428
42.7003965,19.7743049
42.7006428,19.9635933
42.7007249,19.9115728
42.7009164,19.6545635
42.7009705,19.6725826
42.7010609,19.9473453
42.7013903,19.8456108
42.7014692,19.5887483
42.7015004,19.8290649
42.7016108,19.5702279
42.702005,19.7790042
42.702021,19.680047
42.7024316,19.9030228
42.702491,19.675425
42.7030018,19.3599466
42.70322,19.7683204
42.7032289,19.6405827
42.7036316,19.8718563
42.7037556,19.5652317
42.7039299,19.6066426
42.7039317,19.2168628
42.7041338,19.8480549
42.7042548,19.7641982
42.704276,19.8505889
42.7048437,19.6089185
42.7049621,19.9843061
42.7050006,19.6076503
42.7051033,19.9740383
42.7053953,19.8725744
42.7054036,19.7350486
42.7054056,19.9495935
42.7054287,19.6799881
42.7060894,19.833036
42.7061684,19.6491449
42.7062152,19.9276578
42.706309,19.8342147
42.7064529,19.679659
42.7064852,19.6090708
42.7068379,19.8423411
42.7068616,19.7882524
42.7070513,19.7386256
42.7070671,19.7398916
42.7072611,19.9117665
42.7077022,19.89129
42.7079338,19.7803152
42.7082698,19.9786939
42.7084125,23.0897612
42.7085807,19.7766887
42.7085883,19.9869239
42.7088444,19.8027137
42.709109,19.9426031
42.7092638,19.9669019
42.7093328,19.7990021
42.7093582,19.9101142
42.7098663,19.9369446
42.7099204,19.9658989
42.7103781,19.7708308
42.7108015,20.2789188
42.7108676,20.856987
42.7111031,19.9563688
42.7111045,21.1969343
42.7114311,19.9866224
42.7116727,22.6062024
42.7117819,19.9619048
42.7123174,19.6015349
42.7128877,19.6832936
42.7128926,19.9812382
42.7130568,19.6373995
42.7133367,20.2818141
42.7135626,19.611878
42.7135928,19.6647559
42.7136197,21.2654503
42.7139261,20.0000737
42.7139888,19.6765013
42.7140251,19.8937678
42.7140353,19.6847346
42.7144955,19.8853301
42.7145007,20.1515656
42.7146175,19.5069956
42.714623,19.6822565
42.7147499,19.9811722
42.7150017,19.7559267
42.7154196,19.6898321
42.7155544,21.3029702
42.7157525,19.5584499
42.7158164,19.5607844
42.715887,19.6770611
42.7160536,19.7846497
42.7168134,19.8840325
42.7176609,19.7947755
42.7177826,19.7568189
42.7178321,21.2789619
42.7178646,19.9448987
42.7179219,19.9479246
42.7186698,19.7993889
42.7192543,19.6073928
42.7193544,22.7284503
42.7195684,23.082232
42.7195869,19.7913599
42.7199707,19.9689469
42.7201766,19.8949338
42.7207879,20.0204717
42.7208595,20.0138835
42.7209692,20.0124253
42.7213583,19.7940311
42.721823,19.7309099
42.721928,19.9438692
42.7220437,19.7386582
42.7222681,21.5242745
42.7223117,19.6508535
42.722554,20.021802
42.7226275,19.7912586
42.7227192,19.8831108
42.7234779,19.7658935
42.7236154,19.7339879
42.7243489,19.9649422
42.7244292,20.0075213
42.7247555,19.7515598
42.7251844,19.9961598
42.725757,19.9209845
42.7259586,20.0073721
42.7263739,19.7252118
42.7264426,22.9819961
42.726452,19.7589862
42.7264587,23.0653526
42.7265439,19.8542362
42.7265521,19.6013203
42.7265843,19.7301396
42.7270545,19.8932592
42.7272771,19.6860204
42.7273364,22.808649
42.7274108,19.8520047
42.7274432,19.8806701
42.7275452,20.1569422
42.7275711,19.724053
42.7277085,19.9868152
42.7279294,19.9882313
42.7284256,19.8820435
42.7284599,19.9396103
42.7285831,19.927475
42.7286563,19.3338852
42.7287128,19.8104847
42.7290766,19.7254516
42.7293285,19.6600545
42.7293898,19.802908
42.729857,19.8799561
42.7299586,22.930059
42.7305154,22.8648465
42.7307605,19.6614729
42.7309534,19.5026438
42.7309706,19.9824909
42.7310665,19.9494107
42.7311111,19.9966442
42.7312182,19.6102014
42.7313119,19.820675
42.7313343,22.9028954
42.7314775,19.8489147
42.7316781,19.4303166
42.7317257,19.5109693
42.7317377,19.7217689
42.7319433,19.8790761
42.7320134,19.8488074
42.7320428,19.9228493
42.732116,19.7080167
42.7321355,19.5129649
42.7324342,19.5182435
42.732468,20.0195376
42.7326016,19.9371095
42.7328068,19.8844783
42.7329236,19.5190589
42.7331667,19.960459
42.7334613,20.0184432
42.7335472,19.9364873
42.7336299,19.8440005
42.7339878,22.7595161
42.734275,19.7538128
42.7344169,19.7610441
42.7348267,19.7649279
42.735006,19.8864575
42.7351946,19.9597136
42.7352693,19.8277794
42.735316,19.8309532
42.7353223,19.8331412
42.7353541,22.8345798
42.7354314,19.902369
42.7355032,19.9807467
42.7355261,19.881887
42.7355849,19.3311685
42.7357844,19.8318714
42.7361768,19.844922
42.7362411,19.7881697
42.7363928,19.9129477
42.7364458,22.9102792
42.7364973,19.7488776
42.7366293,19.6550029
42.7367089,19.974285
42.7367093,19.9235889
42.7370776,19.9326892
42.7372304,20.000597
42.7373319,21.2331049
42.7378193,19.8944933
42.7379488,19.7486222
42.7379606,19.8902025
42.7383136,22.9090144
42.7386476,19.950722
42.7386708,22.7979535
42.7387114,19.6408644
42.738716,22.9725697
42.7388148,19.754478
42.738927,19.9435994
42.7390242,19.7463468
42.7393411,19.6938266
42.739359,19.9100829
42.739461,19.5631662
42.7396469,19.9231728
42.7396664,20.1375803
42.7396966,19.5619217
42.7398442,19.8985388
42.7398499,19.6808591
42.7398911,19.9916533
42.7402482,19.6247733
42.7403949,19.3643454
42.7409818,19.9406612
42.7409912,19.5242731
42.7410038,19.6359506
42.7412178,19.6355419
42.7412972,19.9822459
42.7414543,19.7286512
42.7415995,19.8529188
42.7416007,19.9482191
42.7416883,22.9770714
42.7417444,19.9868424
42.7418847,19.8968329
42.7419059,19.8985694
42.7420632,22.9707163
42.7420904,19.9777523
42.7421111,19.9589514
42.7421327,19.7227434
42.7421442,22.8064155
42.7421491,19.4961417
42.7422949,19.8845156
42.7424232,19.586581
42.7424394,19.8306971
42.7425655,19.7543493
42.7431137,19.6886132
42.7432077,19.9341968
42.7433147,19.7202972
42.7433381,19.7834045
42.7434634,19.7276714
42.7437919,19.7798586
42.7438392,19.793334
42.7438638,19.9655758
42.7439731,19.8847308
42.74402,19.8923054
42.7441281,19.7189105
42.7441519,19.9796134
42.7443935,19.9917739
42.7444723,19.9560678
42.7445354,19.9423456
42.7446443,19.6919642
42.7447526,19.7375572
42.7448332,19.5822421
42.7450068,22.9719507
42.7451142,19.6992441
42.7451778,19.9066825
42.7455825,19.9388526
42.7458151,19.8916816
42.7458356,19.9326465
42.745874,19.6098173
42.7458899,22.7974777
42.7460315,19.7640267
42.7461018,19.7133852
42.7463633,19.5949901
42.7465319,22.8603629
42.7466909,19.8817911
42.7466933,19.7546068
42.7467891,20.7917303
42.7470409,19.9698222
42.7470907,19.9557328
42.7473087,19.7549716
42.7473847,19.8932484
42.7474338,19.8631147
42.7476582,19.7959465
42.7477243,23.0715194
42.7478359,19.9503689
42.7481962,19.8874345
42.7482053,19.6411219
42.7482128,19.9491934
42.7483713,20.4230351
42.7485343,19.8733486
42.7486606,19.8909428
42.7488049,19.5841089
42.7491465,22.7577745
42.7493125,19.9238681
42.7497482,22.6137554
42.749849,19.9218511
42.7499784,19.8601016
42.7505331,20.1613968
42.7513159,22.9714424
42.7514202,19.8725534
42.75163,20.0733533
42.7517395,20.2189831
42.7520396,20.0645557
42.7521077,20.1886727
42.7525281,20.2149491
42.7525605,19.8743186
42.752598,19.9982469
42.7532371,20.1187331
42.7533085,19.8869313
42.7533789,20.2226309
42.7535987,20.0779667
42.7537832,19.5692623
42.7539216,22.6139786
42.7541308,22.7558289
42.7542046,20.0556925
42.7543348,19.9665499
42.7545854,19.9942671
42.7546056,22.8813642
42.7549491,19.5710862
42.7549838,19.3383948
42.755469,19.5497573
42.7555703,19.6733782
42.7557142,19.7936183
42.7557881,19.5458381
42.7562576,19.5540703
42.7564289,19.8731995
42.7566163,20.0127298
42.7570326,19.6928879
42.7570657,23.077866
42.7576017,22.7433435
42.7576737,22.9772432
42.7577148,20.2059701
42.7577508,19.8777093
42.7578606,19.5961703
42.7580572,20.09217
42.7582621,19.9072578
42.7582788,19.5622378
42.7584355,19.852061
42.7585175,20.2027305
42.7585458,20.0410331
42.7586252,19.8771707
42.75867,19.9923761
42.7588487,20.196658
42.7589122,20.2044466
42.7590311,19.7423499
42.759384,20.1513603
42.7595086,19.8846719
42.7596091,18.9388107
42.759727,20.0589089
42.7598263,22.5514038
42.7599275,20.1961108
42.7600887,20.2918905
42.7601206,19.5884283
42.7602801,19.476634
42.7603458,20.0970093
42.7607864,23.0755524
42.7609555,19.697866
42.761004,19.4771704
42.761254,19.7326918
42.7613658,19.781749
42.7616172,19.7047754
42.7617274,19.7370477
42.7618814,19.6766549
42.7619127,19.5868555
42.7622308,19.7271128
42.7622938,19.7143455
42.7623691,22.9808567
42.7625721,19.9102801
42.7627342,20.0716894
42.7628078,20.2894892
42.7631779,19.9474072
42.7634528,19.680587
42.7636021,19.6426104
42.7637955,19.7450673
42.7639808,22.7498004
42.7641234,20.1437641
42.7643552,19.8622802
42.7645197,20.1032815
42.7645269,22.94392
42.7646806,19.8102988
42.7650151,19.8793876
42.7651743,19.9590512
42.7651868,19.7717073
42.7652052,19.7445952
42.7652705,19.5854757
42.7652736,22.743853
42.7653337,23.0505425
42.7657381,19.7555926
42.7658328,19.7217205
42.7659217,22.7991765
42.7663758,20.1242869
42.7665051,19.8625327
42.7665157,22.7431574
42.7665473,19.5747942
42.7665511,20.2153685
42.766651,19.7577598
42.7669291,20.1423695
42.7673281,20.0017886
42.7673552,20.1575187
42.7676476,19.5522442
42.7677416,19.8605638
42.7682916,19.7871419
42.7683634,20.1407838
42.7685362,20.9686838
42.7686027,19.7306824
42.7687308,20.9685371
42.7687694,20.0754538
42.7688017,18.9594617
42.7689162,20.2165049
42.7689642,18.9530964
42.7690143,18.9099077
42.7693008,19.5768026
42.7693175,19.9115946
42.769437,20.1596357
42.7694394,20.9707112
42.769481,20.2114633
42.7699724,18.9521695
42.7702402,18.9491119
42.7703209,18.9448963
42.7703237,19.6467989
42.7703285,19.7144743
42.7705352,19.487513
42.7705394,19.6862403
42.7708802,19.8650167
42.7710309,19.7703984
42.7710777,19.6957788
42.7711104,23.0901629
42.7711604,23.0678535
42.7713824,22.4737404
42.771394,20.0700058
42.7714085,19.8010812
42.771453,22.7566071
42.7714739,19.8488558
42.7715076,19.5638314
42.7716018,22.7959652
42.7720539,19.7455075
42.7720611,19.7130795
42.7721523,19.9608149
42.772245,23.0700809
42.7723911,19.7261151
42.7724371,18.9481794
42.7728676,20.2062276
42.773176,19.9644826
42.7731875,22.8454554
42.7734745,18.9489265
42.7735989,18.9483543
42.7736133,19.7672441
42.7742819,18.9492451
42.7743569,19.5940438
42.7744049,18.9486744
42.774528,19.6038771
42.7746938,19.7690839
42.7748506,19.7572479
42.7749359,19.8246669
42.7750216,19.5358388
42.7751891,19.9217789
42.7752083,19.5609775
42.775249,19.7584543
42.7753728,19.6064732
42.7753852,19.7899136
42.7754122,18.9470272
42.7756975,19.7468504
42.7756997,19.5368044
42.775929,19.7881648
42.7761601,19.955868
42.7764173,19.7927889
42.7765193,19.9826693
42.7765503,18.9495851
42.7766446,19.6302293
42.7771603,19.7892019
42.7776028,19.9236381
42.7779003,19.7797073
42.7780556,19.7451212
42.7781401,19.5641629
42.7786643,19.7995874
42.7787708,19.7245808
42.7792513,20.9650316
42.7792535,20.4880105
42.7792674,20.0012811
42.7792909,22.7124257
42.7793802,19.7540542
42.7794408,19.7902467
42.779996,19.7694105
42.7800787,19.9886989
42.7803386,19.6405633
42.7805229,20.1282096
42.7807267,22.7257829
42.7809835,19.8313416
42.7810859,19.7407385
42.7815261,19.7198816
42.7816181,19.7822346
42.7816401,20.4859003
42.781656,20.1623037
42.7817403,22.7735387
42.7817766,20.4855533
42.7821757,20.1900485
42.782178,19.9588676
42.7825545,20.1290894
42.7826909,20.5130652
42.7827269,20.1347735
42.7829271,20.0280169
42.7833687,20.1889209
42.783386,20.1928713
42.783401,19.6648223
42.783464,20.1955513
42.7835282,19.4568715
42.7836623,19.811342
42.7838293,20.1357177
42.7840317,19.9993097
42.7841915,20.1674965
42.7842199,19.713573
42.7842986,19.740202
42.7844443,20.1277376
42.7845036,20.0029695
42.784548,22.7745268
42.7845978,20.190144
42.7848116,20.0274503
42.7848522,20.0125676
42.7850817,23.0462174
42.7851111,19.7604206
42.7851265,19.7889051
42.7851741,19.7816422
42.7852132,19.9985694
42.7853794,20.0240834
42.7858569,20.1913027
42.7859986,20.193663
42.7860946,22.7747745
42.7863809,20.2270742
42.7864688,19.5649493
42.7866263,19.5535339
42.786712,20.1688483
42.7868655,19.647934
42.7870281,19.6709946
42.7872047,22.7764258
42.7873627,20.1009751
42.7874041,20.1689127
42.7874407,20.0860325
42.7875505,20.0849703
42.7876619,22.9346631
42.787765,22.990616
42.7877665,19.9751246
42.7877774,23.0376223
42.787819,20.0073445
42.7880522,23.0915953
42.7880938,19.6463891
42.7881918,20.2367195
42.7883773,19.6651656
42.7884876,23.0920545
42.7884961,20.0411082
42.7885044,20.0124085
42.7885367,19.4559702
42.7885432,20.0273235
42.7886536,20.0086534
42.7887749,20.1265574
42.7889402,20.228823
42.7889653,23.0367304
42.7891213,20.2262267
42.789215,20.1914218
42.7892995,19.7759768
42.7893665,19.9422795
42.7895003,19.952643
42.7895929,20.170801
42.7896874,20.1232529
42.7897756,19.6515945
42.7898679,22.9774788
42.7898689,20.2313551
42.7899354,19.6551867
42.7899634,20.2357217
42.7902082,19.6670909
42.7903279,19.6586057
42.7903292,19.5579616
42.7903488,20.2246812
42.7908999,20.2203682
42.7909207,20.8310777
42.790935,22.5944892
42.7910573,20.2303031
42.7913888,20.1708868
42.7914952,22.7113824
42.791751,20.2381781
42.7920336,22.978152
42.7920966,20.2246597
42.792407,20.0087479
42.792529,20.0105343
42.7925549,19.7677368
42.7927041,19.7589548
42.792735,19.8458088
42.7931559,19.668211
42.7931831,20.2395084
42.7931946,22.6090398
42.7934167,22.7105598
42.793435,20.2272346
42.7934644,19.8012851
42.7935413,19.7894848
42.7938032,20.0389844
42.7938877,19.6513673
42.7939236,22.7846059
42.7941647,19.7877464
42.7942231,20.1377776
42.794386,19.7736814
42.7946213,19.7545626
42.7946797,20.2268699
42.7948317,20.8518405
42.7948529,20.1661661
42.7949205,19.7898583
42.7951175,20.0019206
42.7953009,19.6171398
42.7954347,20.2273634
42.7957156,19.8026798
42.7958658,20.3674752
42.7958954,20.1429446
42.7958971,19.8035274
42.7959329,19.8917707
42.7960996,19.2452548
42.7963337,20.1415563
42.7964392,19.7125431
42.7965942,23.0998688
42.7974632,19.9170999
42.7975145,22.7889826
42.7975674,20.0900958
42.7975723,19.3356912
42.7976137,19.9183861
42.7977511,22.5150833
42.7977708,19.6701261
42.7977978,22.7588278
42.798216,22.7857005
42.798612,19.7347518
42.7986206,19.7688534
42.7988725,19.7676089
42.7988986,20.1635268
42.799056,20.1699641
42.7991172,22.7715707
42.7991249,20.0727062
42.7991253,22.7853075
42.7992354,19.7626093
42.7992955,19.600539
42.7994181,20.1708439
42.7994442,20.84837
42.7995764,20.159128
42.7996992,19.6637698
42.7997725,19.5732169
42.7999196,19.662375
42.8000684,19.6045891
42.800176,19.9689352
42.8003739,20.1651923
42.8004572,20.1629045
42.8006269,19.7128306
42.8006462,20.1673034
42.8007311,19.7773078
42.8007914,19.6886269
42.8008788,20.0647239
42.80115,20.1575187
42.8012244,19.6865669
42.8014687,19.7206154
42.80154,19.8879953
42.8016356,19.8052226
42.8017035,19.5809901
42.8017304,19.8128293
42.8018088,19.6588813
42.8018481,19.8082047
42.8020811,19.9762415
42.8023126,20.0320316
42.802489,20.210841
42.8025723,19.7599485
42.802707,19.7153766
42.8029585,20.0284803
42.80299,20.0106608
42.8031809,20.2013567
42.803509,19.2831295
42.8037494,19.9683444
42.8039279,19.6552393
42.8039942,19.6505149
42.8041901,19.5824631
42.8043945,19.2152982
42.8045346,22.5175803
42.8046301,20.1252056
42.8046632,23.0559372
42.8047024,22.8160898
42.8048058,20.8506783
42.8048662,20.1959064
42.8049807,20.0819094
42.8050851,19.6354124
42.8051464,19.7005912
42.8055896,20.2005413
42.8057321,20.0939409
42.8062799,19.6875878
42.8064292,19.7921764
42.8066308,19.9504709
42.8067993,19.7530317
42.8069397,19.3461196
42.8070749,20.0169254
42.8072513,19.5025075
42.8075209,20.1905332
42.8076707,20.8391993
42.8081084,20.1484206
42.8081649,19.9692254
42.8083276,22.4587707
42.8086994,22.4592268
42.8091284,19.6999474
42.8092743,19.6497986
42.8095437,20.4173812
42.8099344,20.1480344
42.8099785,20.0083557
42.8102098,23.0558711
42.8105452,19.6419237
42.810601,19.7503355
42.8110186,20.0569155
42.8110942,19.6465553
42.8111355,19.6462119
42.8111914,19.6899052
42.8111992,19.7744089
42.8113618,19.4873993
42.8115377,19.6385528
42.8118844,19.2335184
42.8119124,19.5266023
42.812166,19.9581094
42.8122071,19.7806777
42.8122251,20.8380316
42.8128,19.7941694
42.8129101,22.7635889
42.8132537,19.7973905
42.8133667,19.7492359
42.813458,19.7824148
42.8137893,22.7825888
42.8138362,20.0318921
42.8139351,19.5977463
42.8141821,19.7128864
42.8142455,19.4275388
42.8142899,19.8064536
42.8144497,19.7103329
42.8145054,19.8831037
42.8145828,19.6917506
42.8146825,19.7110743
42.8151081,19.4841592
42.815114,20.1488498
42.8152065,19.4846591
42.8153589,19.5337713
42.8156169,20.1904347
42.8156315,19.4250926
42.8158821,19.6893473
42.8161049,19.5845971
42.8164025,19.260555
42.8166455,20.0205088
42.8166832,19.6619019
42.8168193,19.7628882
42.817045,20.1440988
42.8171409,19.6334807
42.817338,19.6922441
42.8174665,19.6187437
42.817721,20.1243792
42.817748,19.6460726
42.8177573,22.4794548
42.8178645,19.7108908
42.8181403,20.0363762
42.8183532,19.7117491
42.818382,21.339887
42.8185739,19.807819
42.8187786,19.7917131
42.8189324,19.7992888
42.8189676,19.5793683
42.8190848,19.7769647
42.8193208,20.0587136
42.819341,19.5244158
42.8194352,22.5767566
42.8194861,19.6336523
42.8197143,19.995759
42.8198252,22.5754153
42.8198475,19.5374458
42.8199758,19.5786513
42.8200005,22.462227
42.8201821,20.1949827
42.8203446,20.0332434
42.82043,19.6257447
42.8204891,19.815617
42.8205214,19.5259178
42.8207816,19.5736703
42.8208249,22.5177894
42.8208942,19.7631435
42.8209191,22.7872258
42.8212406,20.2814593
42.8212727,19.7842815
42.8212805,19.7543461
42.8213126,19.7534112
42.8217004,20.1399643
42.8217157,19.669049
42.8218138,19.7664301
42.822086,19.5230523
42.8221972,20.8265986
42.8222347,22.5143202
42.8226101,20.7849396
42.822767,20.8107495
42.8228984,22.4453023
42.8229283,19.7948564
42.8230426,20.2306561
42.8232091,22.7219267
42.8233544,19.5466674
42.8235651,20.1305249
42.8238191,19.5228788
42.8238956,20.1691702
42.8240907,19.52088
42.8241364,19.5209393
42.8242399,19.4440612
42.8244229,19.7090562
42.8244726,19.5590249
42.8244748,19.6647174
42.8245775,22.784297
42.8246292,19.4984305
42.8248188,19.5596471
42.8249159,19.6974197
42.8249402,19.806553
42.8251075,20.2150467
42.8251992,19.7039214
42.825654,19.4217603
42.8259258,20.2347019
42.8260411,20.0281365
42.8260989,20.1596215
42.8261707,19.5552719
42.8264181,19.7478464
42.8265887,19.8038266
42.826844,19.7569015
42.8269291,20.1256884
42.8281731,19.7128864
42.8282361,19.7006341
42.8288329,22.8405634
42.8293986,19.4604914
42.8298463,19.7819826
42.8298609,20.1076287
42.8300466,19.6702328
42.8302901,20.0274927
42.8304863,19.7611287
42.830703,19.7040867
42.8307501,19.5103181
42.8310231,19.1937506
42.8310749,19.6816172
42.831215,20.0918595
42.831337,19.7869399
42.8319939,20.2415138
42.8320639,20.1524547
42.8323291,19.6689282
42.8324854,22.6590719
42.8338467,22.6534222
42.8345549,19.675829
42.8350467,22.6708197
42.8350496,20.2978089
42.8354479,19.6656591
42.8356016,19.9060692
42.8358546,22.6506756
42.8358924,19.7242954
42.8361756,20.2730715
42.836266,22.5618048
42.8364227,20.0139681
42.8366037,19.5240939
42.8367163,20.1522115
42.8367186,19.5738693
42.8367871,22.6972766
42.8368286,19.7312049
42.8368521,19.7946241
42.8368678,19.7862556
42.8371102,20.2457623
42.8375124,19.5721666
42.8375599,20.0195748
42.8378468,19.5452941
42.837912,19.7153132
42.8379426,22.8146987
42.838099,19.8380842
42.8381149,19.7155375
42.8381717,22.4871522
42.838919,20.1203886
42.8399739,20.2411918
42.8407389,20.0176437
42.8408487,20.269207
42.841352,20.2916693
42.8413522,20.2498522
42.841611,22.65152
42.8417621,19.6945935
42.8417762,20.267147
42.8419091,20.3501324
42.8420328,19.5850552
42.8421045,19.825369
42.8422995,19.5356167
42.8426927,19.6547339
42.8427214,19.7559984
42.8429546,19.655721
42.8435004,19.8197908
42.8435117,19.5359171
42.843539,19.6528103
42.8438091,19.8180298
42.8441608,19.2564566
42.8441794,19.6503044
42.8443115,19.6514486
42.8445497,19.6497393
42.8448088,19.649764
42.8448249,20.0610028
42.84492,22.62566
42.8451063,22.649466
42.8452189,19.8728198
42.84545,19.5769345
42.8457842,20.052034
42.8458833,19.6632763
42.8459776,19.6813807
42.846386,19.6815046
42.8464806,19.6497605
42.8466699,20.2592313
42.8468921,22.9895439
42.8471737,22.590375
42.8473019,19.8494062
42.8473736,20.1155149
42.847794,19.7035094
42.8479985,20.2255921
42.848,20.13645
42.8480269,19.5715786
42.8480696,19.8194061
42.8482112,19.6424994
42.8482417,22.6324515
42.8488186,22.5583292
42.8488358,19.9611958
42.8489195,19.7927787
42.849166,19.5783003
42.8491721,20.2947223
42.8492105,19.7914586
42.8492341,19.7887538
42.8493346,22.5890238
42.8496063,20.1240039
42.8500519,22.9112608
42.8505574,22.6346614
42.8506384,19.5121205
42.8506423,19.687141
42.8506517,22.6344833
42.8509456,19.9567258
42.8513086,19.8126344
42.8514914,22.7708241
42.8516018,19.6595426
42.8516993,20.1396015
42.85173,20.2291015
42.8519156,19.6608515
42.852014,20.0917307
42.8522949,22.6374823
42.852328,22.6460532
42.8523962,19.6863533
42.8525598,19.5935996
42.852608,22.6366227
42.8526683,19.6857382
42.8528036,19.8620303
42.8532691,20.1231574
42.8533246,19.7609575
42.8535713,20.0841776
42.8535878,19.8362818
42.8536932,19.6975656
42.853823,20.0512401
42.8538905,19.849523
42.8541495,19.5839501
42.8542791,20.1711872
42.8543856,19.6257195
42.8544096,19.6999359
42.8544568,19.6746215
42.8545077,19.7005207
42.8546427,19.9741065
42.8549002,19.6749735
42.8551882,19.8275386
42.8552035,20.1765414
42.8552277,20.268692
42.8553174,20.1064271
42.8553763,19.7024473
42.8556261,19.7789341
42.8556755,19.8263906
42.8559219,22.6273211
42.855967,20.2511182
42.8559864,19.7060227
42.8560346,20.4858918
42.8562422,19.7773491
42.8565443,20.1022858
42.8565647,20.2857498
42.8569336,20.0295582
42.8571585,20.210929
42.8573549,19.7030616
42.8573951,22.5908873
42.8574199,19.6755725
42.8575431,19.7667141
42.8575811,19.8429131
42.857733,22.8991171
42.8578199,19.8110701
42.8579005,22.6254302
42.8581573,19.6725159
42.8581928,19.6945654
42.8582077,19.6590491
42.8582117,22.6135629
42.8582753,20.0975651
42.8583027,19.7809228
42.8585545,19.6580191
42.8585781,20.3219714
42.8586835,20.157583
42.858772,19.4193999
42.8588565,20.0519053
42.8589839,19.6933291
42.8590259,19.658024
42.8590886,19.5087592
42.8591497,19.8341892
42.859235,20.0482638
42.8592539,19.6481642
42.8593237,20.0444284
42.8594738,20.2561178
42.8594857,20.1038092
42.8594913,19.3220573
42.8595337,20.0915376
42.859537,19.6783278
42.8596234,19.5001976
42.8596587,20.0729338
42.8601417,19.5937498
42.8602046,19.5926126
42.8603619,19.5906599
42.8603957,19.73448
42.8605552,20.0913659
42.8606386,19.7167853
42.8606645,20.1535061
42.8608677,19.814265
42.8609689,20.2569976
42.8610514,19.7470869
42.8611294,19.5977131
42.8611529,20.0811306
42.8613385,19.7103265
42.8614675,20.079693
42.8615371,20.881692
42.861827,20.0576656
42.8618566,22.59556
42.8618831,19.679285
42.8619519,19.6731039
42.8621206,22.6448898
42.8622383,20.0451731
42.8622421,19.7135945
42.8625348,19.6954284
42.8625732,22.7012041
42.8627879,20.1718095
42.8628774,19.8241976
42.8631453,19.4576804
42.8632704,19.460191
42.8633242,20.0575701
42.8636419,20.3007927
42.8639769,19.7176668
42.8640105,19.8099167
42.8642316,19.8544186
42.8646093,19.5495759
42.8646873,22.6803944
42.8648402,19.7513814
42.8653664,22.7054695
42.8654985,19.7980664
42.8655551,19.8249729
42.865689,22.643699
42.8657081,19.4457092
42.8659232,20.2499165
42.8660443,20.1464701
42.8660805,20.2718463
42.8661792,19.4327273
42.866579,20.043408
42.8667153,20.6588432
42.8667765,19.5647541
42.866803,19.7503184
42.8670946,19.9344364
42.8671775,20.0672025
42.8672912,19.7474137
42.8673539,19.7582528
42.867391,19.753148
42.8675632,19.4420185
42.8677692,19.4364588
42.8680377,19.7274132
42.8680832,19.8374079
42.868214,22.5733419
42.8686172,22.579539
42.8686891,19.9240577
42.8689972,22.7797662
42.869012,20.0402012
42.8692644,19.7442463
42.869309,19.9243145
42.8693171,20.0396294
42.8694303,20.296308
42.8694693,19.8073096
42.869706,22.9406936
42.869862,20.0371757
42.870001,19.9193556
42.8700507,22.5955715
42.8704346,19.8707639
42.8708456,20.3359189
42.8709353,20.0613037
42.8710051,19.6951663
42.8713664,22.8702709
42.871575,19.4920556
42.8716948,20.2634349
42.8718202,19.7645399
42.872025,19.8392597
42.8722514,22.7704146
42.8722762,19.6891913
42.8723545,20.2637997
42.8723762,19.4808343
42.8724697,19.6944072
42.872532,19.6890283
42.8727825,19.614633
42.8730839,19.4933216
42.8731887,19.8298124
42.8733256,20.1024145
42.8733633,19.8247208
42.8734868,20.3072085
42.8735347,19.6836665
42.8737463,19.7016426
42.8739451,19.8162552
42.8740615,19.7275254
42.8741157,19.6875718
42.8741554,19.6879897
42.8742031,19.7411824
42.8744258,22.579525
42.8747291,20.3063073
42.8747497,19.5063463
42.8750634,19.5479849
42.8751419,19.6993241
42.8753056,20.1050368
42.8760555,20.3093024
42.8760555,20.3162762
42.876303,19.8007057
42.8764451,20.159011
42.8764468,22.6287264
42.8766114,19.7906432
42.8766766,19.5930934
42.8769839,19.8235999
42.8770726,19.6890227
42.8770797,19.6885404
42.8783908,19.7480937
42.8784088,19.657106
42.8784915,20.1046053
42.8787978,19.7912011
42.8788989,20.1478777
42.8789473,20.3190678
42.8790299,19.6274622
42.8790396,20.1934087
42.8790583,20.3271677
42.8793991,19.7181837
42.8795798,19.7425089
42.8796183,20.2550073
42.8796252,20.3270819
42.8796343,19.7678121
42.879676,19.5199388
42.8797457,19.6767918
42.8798216,19.7382589
42.879858,20.1470408
42.8798772,19.8196516
42.8800159,19.9270612
42.8801905,20.2630736
42.8806389,19.9821738
42.8807929,19.9452729
42.8808771,19.2233579
42.880945,19.9340372
42.8811891,19.9827767
42.881834,19.5502231
42.8820711,19.7312409
42.8821979,19.2977056
42.8822412,19.9168666
42.882604,19.4376749
42.8826188,19.9395507
42.8827542,20.2665283
42.8831647,22.8890091
42.8833281,23.0926351
42.8833534,19.6806762
42.8835081,20.268953
42.8835639,19.7249626
42.8837125,20.0256426
42.8837451,19.8482982
42.8839475,20.0203211
42.8842319,20.3005691
42.8843925,20.1445251
42.8844788,19.7879671
42.8844986,20.2903463
42.8849419,19.7771233
42.8852332,19.6799676
42.8863417,19.5562002
42.8864236,19.8433411
42.8866286,19.5100329
42.8871275,19.6832992
42.8872055,19.6534249
42.8875023,20.2750685
42.8875786,19.8378266
42.8879668,19.6811078
42.8880453,22.6126199
42.8880796,19.7584444
42.888123,19.5861626
42.8881248,19.6812648
42.8882068,20.208987
42.8884898,20.1850832
42.8888774,19.9257229
42.8888823,19.8886489
42.88904,20.2067769
42.8891239,19.635702
42.8892692,19.7873795
42.8892991,19.6561838
42.8895286,20.2889391
42.8896467,20.0326324
42.8897102,19.8328269
42.889716,20.1390801
42.8898126,20.3101518
42.8898358,19.9350334
42.8898674,19.780041
42.8900728,20.2481396
42.8900886,19.8030039
42.8901926,19.6898397
42.8904214,20.5713302
42.890617,19.686459
42.8906377,19.8349512
42.8907672,22.7668591
42.890918,19.5318043
42.8910258,19.9225036
42.8915284,19.6918674
42.8915566,19.7738081
42.89229,19.9675872
42.8923916,19.6019517
42.892435,20.1879585
42.8927835,19.6974508
42.8935145,19.5761848
42.8936296,19.9143469
42.8938686,20.3098514
42.8938856,19.7482304
42.8939025,19.7308549
42.8941344,19.7320995
42.8941987,20.3007533
42.8942055,19.7724879
42.8942063,19.7940314
42.8942859,19.7426148
42.8942877,19.7217784
42.894388,19.920535
42.8944764,19.6859344
42.8955641,20.2005541
42.8957737,19.6813092
42.8958156,20.2042663
42.8960012,19.6843776
42.8963011,19.7500917
42.8963815,20.2010691
42.8965473,19.693885
42.8968973,19.6753869
42.8970982,19.3863052
42.8973188,19.839586
42.8973194,22.8612604
42.8975178,19.7081109
42.8975731,20.6689817
42.897587,19.7505619
42.8981392,19.9053369
42.8983418,19.5354027
42.898461,19.6302434
42.8986179,19.6299639
42.8986906,20.865075
42.8989438,20.1819289
42.8989879,19.6308101
42.8990411,20.3360962
42.8993691,19.9756631
42.9000446,20.6328055
42.9000859,21.0188191
42.9001841,19.2699755
42.9002075,19.155459
42.9003694,20.1591689
42.9004205,20.1269994
42.9006659,19.7095743
42.9007244,19.6813746
42.9010944,19.5959209
42.9011946,20.2981569
42.9014533,19.9373529
42.9015752,19.5953847
42.9018382,20.3371884
42.9022935,19.7405065
42.9023967,19.5991874
42.9026263,19.6897528
42.9028426,20.101944
42.9035546,20.7731072
42.9043039,20.1829207
42.9044994,19.7561667
42.9047933,20.22538
42.9048641,19.9304221
42.9052545,19.6573139
42.905382,19.9296067
42.9055798,20.3415014
42.9056363,19.6762666
42.9058952,19.870876
42.9060021,19.8627914
42.9060483,20.1320419
42.9061441,20.0977404
42.9063888,19.8797585
42.9064676,19.1481225
42.9065827,20.1910484
42.9068444,19.7411624
42.9071893,20.0134638
42.9072061,19.7198911
42.9072106,20.2173126
42.9074553,19.6551681
42.9082893,19.7476881
42.9082929,19.7529709
42.9083657,19.8368158
42.9086282,19.7390516
42.9087691,20.5712771
42.9087884,20.0279064
42.9090084,19.9647827
42.9090456,19.5349736
42.9096347,20.2779438
42.909704,19.8393076
42.9102132,20.2133
42.9103381,20.1947627
42.910511,20.2219689
42.9105141,20.288737
42.9105769,20.2931788
42.9107917,19.6768991
42.9109656,20.1974111
42.9109825,20.1845703
42.911517,19.9712011
42.9115364,20.2829005
42.9117691,20.1374922
42.9118281,19.673938
42.9118285,19.6986255
42.9119182,20.1915274
42.9120512,20.1839695
42.9122279,20.2929642
42.9122847,19.670612
42.9123766,19.5340509
42.9124541,19.4281906
42.9134663,20.2298439
42.9137598,19.5557377
42.913795,19.568112
42.914084,19.5308816
42.9142708,20.2918698
42.9142933,19.5679021
42.9143464,20.1424274
42.9144437,20.2885224
42.9145468,19.7525944
42.9149631,20.3036737
42.9156041,18.7421851
42.9171294,20.0772247
42.9176588,19.6962437
42.9184149,20.188688
42.9187833,20.0305028
42.9190128,19.9926431
42.919257,19.8195127
42.9195231,19.8036273
42.9197693,19.9978764
42.9201127,20.185169
42.9201491,19.2961134
42.9202277,19.592074
42.9204248,19.6437921
42.9209589,19.9497944
42.9209762,20.2355731
42.9213039,19.6503581
42.9215146,22.929123
42.9215419,20.1585851
42.921778,22.9306486
42.9218003,20.0941216
42.9221045,19.5959112
42.9223381,19.7846973
42.9225191,20.0228961
42.9231948,20.0767098
42.923304,19.3025291
42.9236003,20.2088583
42.9236266,19.7796977
42.9239564,19.9899415
42.9242902,19.6343292
42.9243614,20.1183264
42.9243765,19.9505561
42.9249336,19.6699683
42.925264,19.5549647
42.9253937,19.8877722
42.9254643,19.8099388
42.925488,20.0199134
42.9255681,20.2794244
42.9256962,20.0189371
42.9258322,20.1482854
42.9258967,19.9996549
42.9259484,20.0892936
42.9262721,20.2084506
42.9263298,19.6070624
42.9270569,20.2382338
42.927237,19.7241167
42.9273516,19.4592276
42.927373,20.1206018
42.9275402,19.5453806
42.9277589,19.7855884
42.9284615,20.0869333
42.92854,19.87012
42.9289061,20.1042952
42.9290052,20.1347671
42.9293096,19.8129185
42.9294837,19.9131079
42.9298765,19.5368898
42.9300493,19.9180217
42.9305512,19.9141379
42.9308576,19.6303166
42.9311037,19.6359314
42.9312379,20.2691473
42.9317853,20.03358
42.9317958,19.7694002
42.9326877,20.0850664
42.932833,19.7130722
42.9329927,19.0702939
42.9330487,19.8074038
42.9331504,20.1603491
42.9332367,20.0105212
42.933782,20.2261746
42.9343805,19.9964387
42.9345618,19.6118235
42.9345678,19.6544923
42.9348282,19.6395132
42.9348989,19.9978764
42.9351188,19.9958379
42.9353006,20.1135801
42.9353012,19.5566437
42.935622,19.4408168
42.9357705,19.7905767
42.9360028,19.9142238
42.9360087,19.6329653
42.9365219,20.0193863
42.9367346,20.1910055
42.9375821,20.0968151
42.9380864,20.204438
42.9381119,19.8019922
42.9381413,19.6488709
42.9385563,19.5942557
42.9386152,19.8866464
42.9388293,19.4356642
42.9389212,20.0568614
42.9389425,19.6497292
42.9390626,20.0592647
42.9391218,22.9460562
42.939186,20.1804698
42.9399205,19.5919416
42.9400178,20.2020133
42.9400925,19.606404
42.9402857,22.9267588
42.9406389,19.6448368
42.9410796,19.6430558
42.9414104,19.8868845
42.9423843,19.9103592
42.9426032,19.633872
42.9430554,19.8003657
42.9431019,22.9256349
42.9437947,20.0991427
42.9439897,19.6489634
42.9442674,19.6425838
42.9446276,23.0264316
42.9448117,20.0840054
42.945077,19.7969888
42.9450984,20.0569998
42.9452447,19.5311541
42.9455753,19.6097729
42.9456481,19.9968572
42.9458333,23.0785698
42.9458393,19.8018494
42.9460519,19.7896969
42.946099,19.7993035
42.9463542,20.0977479
42.9468419,20.0303311
42.946845,19.1903396
42.9468638,19.5010126
42.947674,19.7730748
42.9477663,19.8116679
42.9477759,19.6610869
42.9477819,19.7980681
42.9478896,19.091076
42.9480895,19.915806
42.9481688,19.9143039
42.9483909,20.6846212
42.948482,19.7955931
42.9485225,20.0579869
42.948526,20.0672367
42.9485281,19.6077988
42.9489215,19.6564846
42.9491556,19.5781443
42.949418,20.0405914
42.9495349,19.7983655
42.9497742,19.9976833
42.9497977,19.4219035
42.949923,23.0473228
42.949969,19.7205588
42.9499919,20.1924002
42.950083,19.5666215
42.9503965,19.7327226
42.9505377,19.5935938
42.9507488,20.0037558
42.9512119,19.7896112
42.9513877,19.5712322
42.9514965,19.6659023
42.95162,20.0684705
42.9518608,20.2135789
42.9519649,19.7772966
42.95198,20.0460792
42.9520934,19.5741961
42.9521848,19.8369468
42.9525424,19.5864146
42.9525484,19.7094414
42.9526374,20.0132508
42.9527473,20.0526439
42.9531103,20.0548181
42.9532068,20.0310774
42.9539066,19.7712492
42.9539241,19.9835317
42.9539623,19.5959756
42.9539916,19.8366463
42.9548039,20.0512706
42.9548583,19.6324839
42.9549595,22.9531745
42.9550274,19.7599373
42.9550514,19.8401321
42.9553749,19.5936367
42.9555585,20.10352
42.9555899,20.0757436
42.9556427,19.5254464
42.9560322,19.9213895
42.956485,20.064414
42.9566045,20.1483498
42.9567263,19.535274
42.9568842,19.7028843
42.9569166,19.9249898
42.9569485,19.0946321
42.9569854,19.8013216
42.9573794,20.0935637
42.9575416,22.952466
42.9575446,19.0942861
42.9577781,19.6914602
42.9578272,19.6289321
42.9578809,19.4059483
42.9582069,23.0466778
42.9582966,19.6817595
42.9583028,20.0373156
42.9583114,19.5782894
42.9588339,19.095032
42.9591611,19.6772963
42.9603159,22.952004
42.9605358,20.1094761
42.960554,19.8317084
42.9607974,20.1347649
42.9608261,19.9735271
42.9608938,20.0313504
42.9612646,19.6383721
42.9613117,19.7108991
42.9613282,19.7097189
42.9616782,20.0407703
42.9619081,19.630433
42.9619084,19.6393184
42.9626463,19.5793295
42.9628604,19.9432557
42.9630718,19.0921669
42.9634128,19.9255952
42.9645716,19.5330918
42.9648448,19.6983463
42.9649547,19.6426444
42.9650635,19.7958397
42.9651596,19.6629004
42.965255,19.9553095
42.965415,19.5163623
42.9654773,19.8057854
42.9656556,20.0023289
42.9659439,19.6906859
42.9660381,19.6973164
42.9661794,19.7312409
42.9662273,19.7323996
42.9669488,19.7410471
42.9676083,19.5358748
42.9676144,20.0534926
42.9676397,19.6115131
42.9677142,19.6603791
42.9677347,19.6441678
42.967963,20.1027905
42.9679763,20.074822
42.968034,20.0934569
42.9684929,20.0440941
42.9685668,19.6883041
42.9692356,20.0557982
42.969567,19.662954
42.9697554,21.0336994
42.9705774,19.6898595
42.9708105,19.6061465
42.9709801,19.6589629
42.9712933,19.6577827
42.9717076,19.5323221
42.9717651,19.6557013
42.9722117,20.139123
42.9723396,20.0459824
42.9724699,20.0038524
42.9728798,19.6387927
42.9728987,19.5102758
42.9730258,19.6404128
42.9731342,19.578552
42.9736519,19.7859799
42.9737951,19.6690781
42.9739042,19.692703
42.9739992,19.7425277
42.974124,19.6396617
42.9744844,19.5938084
42.9750125,19.999754
42.9755795,22.9280468
42.9756608,19.4175261
42.9757196,19.1005467
42.9761453,19.6521823
42.9767467,19.6990649
42.9770734,20.0811575
42.9771007,23.0719007
42.9772364,20.1458585
42.9773118,19.6378807
42.9774616,20.1030694
42.9779397,19.6760733
42.978099,20.1440153
42.9782968,19.1687317
42.9783054,20.0424204
42.9785169,20.0839041
42.9789711,19.7250708
42.9790035,20.0524042
42.9790528,19.579582
42.9791634,19.7035176
42.9794777,23.0325273
42.9797906,19.5839164
42.9798691,19.5005126
42.9800425,19.6892268
42.9804643,20.0910903
42.9810472,19.7296102
42.9810923,19.7934971
42.9826985,23.0566787
42.9835683,19.4985449
42.9836788,20.0034447
42.9845135,20.0285648
42.9847175,20.0878931
42.9852549,19.7021014
42.9853319,19.5029158
42.9867147,19.7121865
42.9868685,19.1519947
42.9868709,19.7235376
42.9870728,20.0852323
42.987229,20.0403236
42.9876707,19.5938942
42.9878725,20.0310753
42.9891162,19.715491
42.9896026,19.4114041
42.9897598,19.7189457
42.9903876,19.6438674
42.9905712,19.6414105
42.9910107,19.6408741
42.9919015,19.4293851
42.9926988,19.4842087
42.9931123,19.5622281
42.9931915,19.719406
42.9938163,23.0908067
42.9939488,19.7254688
42.9941358,20.028951
42.9942474,19.6907616
42.9942573,19.5645669
42.9944299,19.5231139
42.99475,19.6538238
42.9952829,19.7423775
42.9957223,19.6645934
42.9962277,22.8370361
42.9962559,19.6459059
42.9963501,19.6549611
42.9967738,19.6555619
42.9970665,19.6310894
42.9978066,18.897827
42.9984852,19.7231729
43.0002605,19.4473205
43.0011165,19.8125965
43.0011322,19.8113734
43.0012726,19.822657
43.0016948,23.0288049
43.0022206,22.883328
43.0022746,19.7257875
43.0025735,19.7613449
43.00259,19.857795
43.0027925,19.6513315
43.0030662,22.886723
43.003377,19.6528261
43.0035935,19.8209522
43.0035962,19.5324037
43.0038462,19.8068427
43.0041141,19.5412442
43.0048034,19.817829
43.0048332,19.8608849
43.0049109,19.7215174
43.0051316,22.8875645
43.0053518,19.8609922
43.005555,19.7662781
43.0061192,19.6555372
43.0067813,19.8030479
43.0068559,19.6593138
43.0070434,19.6882602
43.0071422,19.820361
43.0072505,19.8576448
43.0077365,19.886302
43.0077817,19.6691629
43.0081154,19.6104452
43.0088012,22.9925823
43.009213,19.6011755
43.0092605,19.8194383
43.0097619,19.8224638
43.0099156,19.6993517
43.0100098,19.6799346
43.0102177,19.8131298
43.0102639,19.6492426
43.0104036,19.7547145
43.0105789,19.5417582
43.0111081,19.7195004
43.0114575,19.6037934
43.0115517,19.6045229
43.0121593,19.7409581
43.0123165,23.0474772
43.0127913,23.047972
43.0134647,19.8275493
43.0136373,19.6502082
43.0142794,19.9286359
43.0143602,19.5265887
43.0151898,19.7573967
43.0155005,23.0470525
43.0157405,19.8179792
43.0158644,19.6971984
43.0164468,19.5422549
43.0164622,19.8296339
43.0168026,19.6606871
43.0169007,19.7851919
43.0177455,19.4098847
43.018173,19.8601468
43.0184084,19.8655756
43.0187653,23.049839
43.0189551,19.8351572
43.0189562,19.585167
43.0194077,19.7329973
43.0198956,19.7710417
43.0200222,19.5081372
43.0203325,19.7101234
43.0208212,19.7789381
43.0210589,19.8276351
43.0211514,19.7472043
43.021293,19.5159456
43.0217005,19.6943467
43.0217162,19.7641108
43.022077,19.6965761
43.022168,19.7352718
43.0222185,19.8810234
43.0223432,19.8819676
43.0223751,19.6547573
43.0227531,19.8141415
43.0227978,19.7835729
43.0228778,19.8302959
43.0230363,19.8086269
43.0236002,19.7903632
43.0237391,19.8601125
43.0242897,19.8031949
43.0244614,19.8501346
43.0245258,19.7993539
43.0251532,19.7879599
43.0252779,19.7959636
43.0253242,19.7579332
43.0254474,19.691672
43.026045,19.7816418
43.0261246,19.5094676
43.0266579,19.5093388
43.0267834,19.9054423
43.0270348,19.8095463
43.0270666,19.4605362
43.0278278,19.4002002
43.027987,19.4005162
43.0284278,19.6793746
43.028587,19.6909349
43.0291799,19.6779176
43.0292348,23.0390551
43.0300308,19.6829097
43.030314,19.7870158
43.0305134,23.0369607
43.0309076,19.7759984
43.0310343,19.6144997
43.0315366,19.6813433
43.0319883,19.6997594
43.0326498,19.8847356
43.0326973,19.8072074
43.0329608,19.1423959
43.0335007,19.4793242
43.0343683,19.7477225
43.0349551,19.678983
43.035317,19.5992647
43.0366658,19.5108409
43.0377875,19.6572474
43.0383506,18.9893897
43.0383906,19.8413466
43.038716,19.6881314
43.0400052,19.6747344
43.0401483,19.6048459
43.0403361,19.8308785
43.040476,19.5041246
43.0410573,19.5054856
43.0410842,19.6535631
43.041401,19.6721165
43.0417628,19.6075903
43.0435811,19.612826
43.0441156,19.7864579
43.0447891,19.6840899
43.0459809,19.784355
43.0465776,19.7884749
43.0466704,19.5977412
43.046703,19.846711
43.0469845,19.7999118
43.0470151,19.6538775
43.0475145,19.7414087
43.0480508,19.6399944
43.0485992,19.6142207
43.0486459,19.6900337
43.0488184,19.6938961
43.0494001,19.858105
43.0495722,19.6074186
43.0506133,19.2395997
43.0509525,19.8021863
43.0511354,22.9413678
43.0512175,19.6207468
43.0520657,19.3853567
43.0527638,20.8091111
43.0527706,19.8506163
43.0527717,19.9081298
43.0532888,19.8027228
43.0533552,22.9410644
43.0534456,19.8598646
43.0538139,19.7695825
43.0544287,19.7094797
43.0547156,19.8307036
43.055389,19.8412822
43.0561431,19.7512523
43.0565336,19.855573
43.0568275,19.717698
43.0572245,19.907014
43.0574123,19.7467033
43.0579446,19.8381494
43.0580696,19.5501052
43.0583679,19.6339862
43.0588861,19.7953199
43.0589645,19.8360251
43.0590656,18.955787
43.0591661,23.0787289
43.0598004,19.5747298
43.0602807,19.7928093
43.060421,19.8366044
43.0606883,19.8666699
43.0607322,19.6421262
43.0608764,19.7982167
43.0615187,19.5921837
43.0617379,19.6583407
43.0619065,23.0469599
43.0620526,19.5750819
43.062256,19.6473758
43.0624716,19.7176551
43.0625233,19.7498361
43.062742,19.6799486
43.0630774,23.0938151
43.0632742,19.8555087
43.0635928,19.4423312
43.0640746,19.6437066
43.0641177,19.7210025
43.0652655,19.604672
43.0652809,19.6430628
43.065748,19.7198437
43.0658769,19.6023761
43.0663625,19.6608942
43.0664229,19.698429
43.0667728,19.8878309
43.0675704,19.8202966
43.0678682,19.8296951
43.0679623,19.8283003
43.0683923,23.068586
43.0683973,19.7244142
43.068465,19.8724243
43.0687735,19.7235345
43.0687892,19.6408387
43.0688133,19.6381527
43.0690588,19.6351664
43.0694197,19.5687101
43.0710499,19.5473382
43.071615,19.5647393
43.0718179,19.5469305
43.0718497,19.6724813
43.0727271,19.3841779
43.0735402,19.7348448
43.0737467,19.5450444
43.073934,19.6058104
43.0739948,19.642682
43.0739948,19.9080152
43.074012,19.7027119
43.0741261,23.069833
43.0745774,19.4967646
43.074592,19.820802
43.0746523,19.7373339
43.0746703,19.7037204
43.0751252,19.525902
43.0757072,19.7524325
43.0762389,19.617978
43.0762538,19.5534097
43.0763318,19.8636315
43.076755,19.7239979
43.0769423,19.7705052
43.0770528,19.6636193
43.0770852,19.5422528
43.077251,22.9808958
43.0772565,19.7250279
43.0773979,19.6176325
43.0786201,19.7257789
43.0786992,19.71814
43.0789809,19.5461151
43.0793222,19.738748
43.0794171,19.710662
43.0798449,19.7550503
43.0798523,19.061992
43.0807657,19.7280427
43.0807665,19.8676656
43.081221,19.8562715
43.0814882,19.6367972
43.08199,19.6044371
43.0823337,19.8552416
43.0825357,23.0925644
43.0827569,19.4838534
43.0841692,19.5856187
43.0843091,19.6519034
43.0849215,19.5425317
43.0850743,19.6483872
43.0850896,19.6903845
43.0852184,19.5391199
43.0852784,19.6976136
43.085501,19.6520107
43.0859202,19.7318386
43.0862814,19.6961759
43.0862845,19.7114881
43.0867358,19.6940538
43.0868494,19.761831
43.0869388,19.6659657
43.086956,19.7303816
43.0870833,19.5277259
43.0873627,19.6543571
43.0875194,19.6923586
43.0884474,19.5427463
43.0887887,19.7369241
43.0888529,19.7803757
43.0890265,19.5232842
43.089211,19.7143077
43.0893283,19.0717006
43.0894155,19.695382
43.0894339,19.5409009
43.0894643,19.6305621
43.089857,19.5440552
43.0900729,19.6537133
43.0900886,19.6959828
43.0902296,19.7356366
43.0904686,19.7144064
43.0905124,19.7363876
43.0908885,19.7002958
43.0910311,19.8050521
43.0910327,19.6823518
43.091033,19.5237133
43.0910957,19.5514581
43.0913307,19.604759
43.0914553,19.5426819
43.0915184,19.7192987
43.0915509,19.5413108
43.091659,19.6058104
43.0917057,19.7985504
43.0917221,19.6388571
43.091831,19.6644776
43.0920359,19.5464155
43.0922082,19.5765636
43.0922698,19.6387713
43.0926627,19.5053906
43.0926627,19.6084282
43.0926921,19.85831
43.0927097,19.5467803
43.0927399,19.6801417
43.0929248,19.7237276
43.0929875,19.690127
43.0931946,19.5409438
43.0933556,19.0331413
43.0933643,19.7030853
43.093709,19.7204446
43.0939119,19.7334264
43.0940878,19.535558
43.0941344,19.6394579
43.0942888,19.6243378
43.0950895,19.853482
43.0951529,19.633836
43.0952508,22.9947494
43.0955141,19.6504228
43.0955423,19.7343491
43.0955446,19.6229141
43.0957327,19.721187
43.0958267,19.7050937
43.0958737,19.8637817
43.09594,23.0770234
43.0963101,19.7295426
43.0963441,19.5766923
43.0963766,19.756488
43.0965012,19.7050723
43.0969708,19.502644
43.0971577,19.7871564
43.0972838,19.6995147
43.0974249,19.6378272
43.0974249,19.6388786
43.0974852,19.7241997
43.098006,19.1067789
43.0984127,19.7001799
43.098817,19.6590992
43.0989729,19.6504947
43.0991452,19.6395084
43.0993332,19.7193717
43.0994272,19.6417614
43.0994377,22.9836924
43.0994429,19.6424052
43.0999764,19.7281908
43.1002145,19.7364863
43.1002889,19.7401642
43.1003151,19.1998579
43.1003406,19.0605983
43.100383,19.6500012
43.1005435,19.624223
43.1006658,19.6774026
43.1006841,19.5076866
43.1008008,19.1531467
43.1009156,19.680235
43.1009191,19.5143792
43.1010104,19.6638628
43.1012776,19.8221989
43.1012956,19.6867292
43.1017155,19.6925067
43.1021526,20.8001948
43.1021722,19.7118958
43.1022795,19.7298645
43.1024824,19.734392
43.102733,19.6659657
43.1029143,19.0194497
43.102925,19.6931236
43.1030777,19.7397779
43.1036574,19.654636
43.1037589,18.8282737
43.1040365,19.6993216
43.1041778,19.515023
43.1046451,19.6439072
43.1050395,19.5145724
43.1053696,19.6291324
43.1054202,19.109102
43.1056898,19.2421592
43.105694,19.7165178
43.1058698,19.5157525
43.1061366,19.6408741
43.1063394,19.7352632
43.1066218,19.5533882
43.1068102,19.6217983
43.1068259,19.696383
43.1068301,19.1109452
43.1071353,19.6678754
43.1073432,19.5768447
43.1076052,19.6895477
43.107687,19.5161817
43.1077494,19.6735542
43.1079969,19.7018837
43.1080447,19.6452376
43.1084512,19.6472975
43.1085338,19.5163963
43.1085643,19.49758
43.1085643,19.5199582
43.1089689,19.6842262
43.1092509,19.6572753
43.1093946,19.5079012
43.1096809,23.0066159
43.1098446,18.8185441
43.1099906,19.5563955
43.1100028,19.6877667
43.1102221,19.7116684
43.1102558,19.620661
43.1106164,19.507987
43.1106294,19.7153376
43.1107226,19.6687123
43.1108197,19.6324413
43.1108479,19.7111319
43.1108824,19.6398013
43.1113065,19.5081801
43.1113813,19.6795698
43.1113837,19.7008666
43.1114471,19.7061881
43.1120228,19.6677252
43.1120733,19.6085999
43.1121959,19.7274398
43.1121994,19.6134268
43.1122183,19.1076421
43.1124778,19.685063
43.1124813,19.4131616
43.1129039,19.680764
43.1130449,19.7344908
43.1132489,19.6136639
43.1132924,19.6588632
43.1133429,19.5032449
43.1133856,19.6453663
43.1134204,19.5796749
43.1137023,19.5015712
43.1137184,19.676966
43.113825,19.6879169
43.1138555,19.6905776
43.1139224,19.5078582
43.1141218,19.6945258
43.1143724,19.6971415
43.1144672,19.7362374
43.1146544,19.6622964
43.1146578,19.5079655
43.1154262,19.5379398
43.115613,19.6428268
43.1156294,19.6414535
43.1156454,19.6043727
43.1157696,19.7355207
43.1158141,19.0452443
43.1158949,19.6421401
43.1159266,19.5098538
43.1160516,19.6518605
43.1161933,19.6266906
43.1163025,19.5775506
43.1165383,19.6186839
43.1165845,19.5065708
43.1171491,19.5051524
43.1171793,19.7096428
43.1171953,19.5196578
43.1176649,19.7364649
43.1178688,19.5383689
43.1180411,19.6190283
43.1181191,19.7392114
43.118215,19.5065257
43.1184648,19.5144436
43.1197332,19.6596496
43.1201553,19.6828883
43.1201703,19.0812831
43.1203565,19.6582409
43.1205002,19.5176193
43.1205793,19.5349357
43.1205938,19.684798
43.1206384,19.7298216
43.1207664,19.5593331
43.1208134,19.5171902
43.1214086,19.5577881
43.1214407,19.5446989
43.1220828,19.5192287
43.1224889,19.6960182
43.1227242,19.5267389
43.1230656,20.9705891
43.1230809,19.648821
43.1231318,19.7388037
43.1232853,19.7417091
43.1236498,19.6018429
43.1236795,19.5474241
43.1239306,19.7348555
43.1239466,19.5238206
43.1239619,19.6604221
43.1239771,19.5263741
43.1240405,19.5452568
43.1243057,19.6763222
43.1243378,19.6756141
43.1244,19.6082769
43.1247766,19.5497629
43.1250429,19.5580456
43.1254579,19.657047
43.1256388,19.6704645
43.1260617,19.5447851
43.1260774,19.5972705
43.1260781,19.653985
43.1264845,19.5105601
43.1265479,19.6571392
43.127446,19.6601798
43.1276121,19.5590544
43.1276434,19.5860911
43.1282385,19.7305642
43.1282455,19.6991898
43.1285353,19.5199156
43.1285431,19.6761229
43.1291319,19.7330962
43.1297576,19.6020749
43.1298045,19.5322753
43.1299142,19.5167614
43.1301812,19.5957449
43.1303057,19.6040705
43.1306494,19.5843101
43.1307293,19.59317
43.1310573,19.5973135
43.1311505,19.5335842
43.1312773,19.6002939
43.1316524,19.5791603
43.1316531,19.6748204
43.1318254,19.6703143
43.1320289,19.6781463
43.1320916,19.6528263
43.1321065,19.5088435
43.1322474,19.5066333
43.1323093,19.5120836
43.1323319,19.6862509
43.132404,19.6151426
43.1325199,19.6503736
43.1330773,19.6971578
43.1331,19.6543862
43.1332661,19.6010449
43.1333749,19.5038224
43.1335785,19.5804263
43.1335934,19.578023
43.133787,23.0714352
43.1339379,19.6026779
43.1339926,19.6889116
43.1340479,19.0619279
43.1343058,19.6732475
43.1343763,19.5122123
43.1347059,19.6195221
43.1347364,19.5973564
43.13516,19.5748258
43.1351898,19.5950196
43.1352381,19.011676
43.1355053,19.6164301
43.1355485,19.1411013
43.1355671,19.548111
43.1355898,19.6599652
43.1356454,19.6174193
43.1359969,19.6701576
43.136271,19.6179579
43.1364441,19.1682626
43.1365449,19.7247438
43.136819,19.504273
43.1369443,19.5476175
43.1370547,19.5274258
43.1372828,19.3009126
43.1374531,19.6672394
43.1376137,19.0981642
43.1376559,19.6582272
43.1379698,19.7162466
43.1382196,19.7350006
43.1382439,19.495926
43.1382975,18.9022286
43.1387527,19.6621968
43.1387527,19.6784617
43.1391277,19.7290568
43.1396546,19.6149281
43.1399521,19.6166447
43.1399826,19.6416254
43.1401079,19.5203662
43.1403646,19.6812512
43.1406559,19.5344854
43.1407561,19.6595146
43.1408157,18.9990492
43.1410787,19.6154001
43.1411945,19.6541931
43.1412728,19.7410731
43.1413456,19.6444148
43.1413925,19.6469254
43.1415961,19.6140483
43.1417738,19.7333698
43.1418823,19.1002484
43.1419802,19.1854431
43.1420556,19.6880104
43.1427383,19.4995738
43.1428636,19.5105172
43.1430037,19.5383263
43.1431523,19.6392586
43.1431602,19.5892883
43.1432933,19.6820666
43.1433027,19.6610231
43.1433155,19.0080473
43.1434279,19.7017068
43.1435907,19.7287778
43.1441748,19.4392135
43.1443047,19.6442646
43.1443986,19.639501
43.1444441,19.5307303
43.1444918,19.5361591
43.1447649,19.6845772
43.1448049,19.5301295
43.1453223,19.6533627
43.1453599,19.6910788
43.1453678,19.5657707
43.1454938,19.6097138
43.1457443,19.5706845
43.1459891,18.855927
43.1460487,19.6768953
43.1462758,19.5732809
43.1463228,19.5263959
43.1465427,19.571414
43.1466359,19.5292283
43.1466993,19.5196367
43.1467259,19.4662287
43.1469811,19.50732
43.1469811,19.509337
43.1471846,19.6100143
43.1473419,19.6316475
43.1475134,19.5047236
43.147536,19.6771957
43.1476035,19.1427964
43.1477952,19.5267606
43.1478883,19.6135569
43.1479979,19.5143796
43.1481396,19.5679379
43.1483736,19.5023633
43.1484057,19.6103361
43.1489283,19.29958
43.1491572,19.5586682
43.1492111,19.6449663
43.1492268,19.7062902
43.1492503,19.4953895
43.1492719,19.0951306
43.1494382,19.5003462
43.1494616,19.684148
43.149481,19.0996654
43.1495486,19.5482612
43.1496487,19.7004988
43.1498843,19.68138
43.1499712,19.6096495
43.1503305,19.5465253
43.1504165,19.6774747
43.1504871,19.5892239
43.1505192,19.5740963
43.1507539,19.6483201
43.1511766,19.6431703
43.1514741,19.570427
43.1515906,19.6424128
43.1519116,19.6099091
43.1519488,18.7121947
43.1522732,19.6079329
43.1526168,19.5696974
43.1527577,19.566393
43.1532117,19.5471883
43.1532269,19.0943722
43.1536306,19.2411155
43.1537666,19.7391419
43.1539012,19.6041563
43.1539544,19.6421339
43.1541579,19.6753504
43.1541674,19.6091345
43.1542041,19.6774532
43.1543144,19.662347
43.1545179,19.6531846
43.154698,19.6084071
43.1551281,18.7057418
43.1554015,19.1323191
43.1555918,19.6095422
43.1556293,19.6361257
43.1558251,19.6101022
43.1559988,19.6084264
43.1560077,19.1800763
43.1560607,19.6041563
43.1563387,19.1236597
43.156402,19.2213959
43.1564841,19.6097138
43.1565208,19.6445801
43.1565929,19.6169451
43.15709,19.2236704
43.1571477,19.6402671
43.157366,19.7369961
43.1574694,19.5448924
43.1575618,19.5416973
43.1575954,19.6075037
43.157635,19.091206
43.1576542,19.2248935
43.1577425,19.7341422
43.1578353,18.9872439
43.1580235,19.7355799
43.1583147,19.5335198
43.1587686,19.5293999
43.159109,19.4504788
43.159426,19.6022702
43.1596451,19.5266319
43.1597452,19.6876242
43.1599552,19.2191643
43.1605427,19.6911861
43.1606312,19.5442701
43.1612087,19.7013421
43.1612635,19.7288422
43.1613167,19.3075925
43.1617265,19.6059597
43.1619291,19.608363
43.161967,19.7356228
43.1620461,19.736567
43.1621808,19.5228553
43.1622496,19.6256973
43.1626316,19.2192287
43.1632288,19.0103003
43.1632451,19.5395065
43.16336,19.6996405
43.163465,19.6060017
43.1635726,19.6046508
43.1641207,19.5383478
43.1645403,19.2183489
43.1647851,19.7313528
43.1648469,19.6877315
43.1650098,19.1832871
43.1653222,19.615539
43.1655825,19.7089939
43.1656232,19.6986169
43.165984,19.5391202
43.1660466,19.5501495
43.1660934,19.2899922
43.1662562,19.7157745
43.1663032,19.7090582
43.1665849,19.6382286
43.1671405,19.6776742
43.1671788,19.7052388
43.1673134,19.6830601
43.1680866,19.7015287
43.1682059,19.0700606
43.1684255,19.5901466
43.1684391,19.462969
43.1689419,19.5349789
43.1690045,19.5138002
43.1693792,19.6830601
43.1696367,19.6811439
43.1697545,19.4651362
43.170247,19.6773899
43.1708496,19.5858143
43.1709606,19.7219189
43.1713167,19.4464876
43.1713905,18.7555075
43.1714928,19.5726371
43.1716649,19.5834733
43.1718052,18.764627
43.1720241,19.5575524
43.1723691,19.575255
43.1724444,19.1215319
43.1724592,19.1210169
43.1725696,19.1203088
43.1726195,19.5676804
43.1727742,18.810096
43.1728543,19.5206023
43.1729895,23.0617534
43.1730264,19.5134354
43.1735898,19.5767999
43.1737589,19.2359656
43.173802,18.754314
43.173803,18.756023
43.1747626,19.5734311
43.1753111,19.5122552
43.1753856,18.8075463
43.1758243,19.6543723
43.1762245,19.5992757
43.1764909,19.6499659
43.1765955,18.9998157
43.1768603,19.5102382
43.1770942,19.5667148
43.1780236,19.6546866
43.1783468,19.5566083
43.1783937,19.5643759
43.1784322,19.5626849
43.1786026,19.6483352
43.1787499,23.0886321
43.1798316,19.6556168
43.1799585,19.5574451
43.1799585,19.5658565
43.1807252,19.5456434
43.1807548,19.6600146
43.1808643,19.0984387
43.181319,19.5424462
43.1814557,18.8079143
43.1814821,19.5077158
43.1818104,23.0788232
43.182546,19.6100689
43.182609,19.6510817
43.182681,19.5646978
43.1832192,19.6524765
43.1834333,19.1213609
43.1836316,19.1214461
43.1837824,19.6550729
43.1838805,18.9996952
43.1838998,19.664157
43.1840789,19.6591713
43.1840875,19.6519036
43.1841102,19.6583344
43.1843446,19.6182228
43.1843543,19.6654219
43.1847306,19.5479394
43.1847443,18.7494725
43.1847681,19.6491076
43.1847986,19.6498157
43.1849333,18.7491539
43.185049,19.6541931
43.1853932,19.6552016
43.1854245,19.6566178
43.1854714,19.6500947
43.1854844,19.0055589
43.187672,19.5370389
43.1897215,19.5426393
43.1897265,19.5546866
43.1901333,19.6135021
43.1901959,19.5846201
43.1905088,19.5563818
43.1906347,19.5524765
43.1906499,19.6325423
43.1906909,18.7977361
43.1911971,19.5784188
43.1920888,19.5558453
43.1921358,19.553721
43.1925175,18.7077012
43.1926058,18.9885958
43.1928092,19.5518971
43.1928472,19.4238058
43.1934811,19.550438
43.1935296,18.9481695
43.1937627,19.5496011
43.1944205,19.5948768
43.1946544,19.5472837
43.1946708,19.5601798
43.1950768,19.586444
43.1951714,19.5716596
43.1955781,19.546125
43.1957282,18.8004827
43.1962656,19.5455886
43.1970478,19.4533227
43.1971573,19.554236
43.1972363,19.548421
43.1972981,19.5402241
43.1976117,19.5836116
43.1978172,18.7331475
43.1978612,19.5596648
43.1980243,19.4011905
43.1980958,19.5669819
43.1982281,18.7340142
43.1984087,19.5390225
43.1984869,19.5444942
43.198519,19.6074081
43.198878,19.6050907
43.1999416,19.5857359
43.1999949,23.078066
43.2002396,19.5665098
43.2005673,19.5672608
43.2009896,19.5485497
43.201193,19.5406104
43.2015066,19.5327998
43.201584,19.5595146
43.2023504,19.5854784
43.2023508,19.6324136
43.2038526,23.014831
43.2042692,18.715701
43.2045245,19.5471764
43.204627,19.5766056
43.2050415,19.5087457
43.2062614,19.532199
43.2067932,19.5179725
43.2070114,19.6097685
43.2073406,19.5362974
43.2088576,19.6339902
43.2096076,19.5297313
43.2103747,19.5480991
43.2123143,18.7609827
43.212929,19.400697
43.2131577,19.5673681
43.2131584,19.590714
43.2135885,19.558431
43.2138927,19.5842982
43.2142922,19.5471657
43.2143861,19.5575083
43.21569,19.0804477
43.21591,19.464309
43.2159186,19.5543326
43.2161206,19.4548822
43.2162145,19.6275931
43.2189437,19.5795346
43.220602,19.6045328
43.2215081,19.5703507
43.2218998,19.5965505
43.2223067,22.9073662
43.2242999,19.5365227
43.2251208,19.5410824
43.2277265,23.0811306
43.232321,19.559622
43.2327664,22.8946141
43.2417696,19.5404602
43.2419892,19.543829
43.2457867,19.5260621
43.2462272,19.1849067
43.24647,18.744837
43.2506553,18.7209582
43.2509343,22.8834047
43.2530436,18.7575796
43.2568582,19.3970217
43.2576422,18.7401421
43.2600579,19.4829245
43.2604788,19.077218
43.2615638,19.4572163
43.2649612,18.7812685
43.265421,19.4484326
43.2654835,19.4463298
43.2656245,19.4200436
43.265668,18.9846998
43.2675456,19.3778396
43.2678581,19.3793416
43.2685159,19.4756394
43.2713667,19.4710206
43.272788,19.113802
43.2729328,19.4643422
43.2736629,19.1120424
43.2737639,19.4665413
43.2748972,19.1174068
43.276448,19.4566603
43.2774585,19.1136947
43.2783958,19.1127934
43.2795838,19.3549061
43.2798058,19.2367936
43.2803994,19.2367936
43.2809421,19.1100254
43.2819887,19.1103902
43.2831134,19.1115704
43.2834603,19.2313433
43.2845192,19.1134157
43.286082,19.0957775
43.2869716,19.1085663
43.2883712,18.7166375
43.2888935,19.1060772
43.2890856,18.952833
43.2891278,19.0938249
43.2907366,19.0368333
43.2909388,19.1139736
43.2914863,19.0332928
43.2917362,19.1105189
43.2925195,19.2086626
43.2927045,19.0273082
43.2933284,19.114553
43.2935479,19.0202701
43.2936252,19.1074076
43.295094,19.1134157
43.2955001,19.0888467
43.2957336,19.0924301
43.2957656,19.0190899
43.2989827,19.1154971
43.2996807,19.0989146
43.300172,19.1969467
43.3010941,19.2234469
43.3021787,19.1926841
43.3048222,19.0900483
43.3052023,18.9278562
43.305266,18.9273351
43.3054352,19.235828
43.3065865,18.7379077
43.3068834,19.0995326
43.3076293,18.8464957
43.3083043,19.096638
43.3085229,19.0737619
43.3088656,19.0805855
43.3097712,19.0971723
43.3098032,19.0918937
43.3098813,19.0647068
43.3100679,19.0803065
43.3102124,19.2007018
43.3102444,19.2025471
43.3128439,19.0738521
43.3138269,19.2433457
43.3145488,19.0669599
43.3154505,19.0691743
43.3158103,19.070612
43.3170156,19.0652432
43.3171366,19.0703115
43.3174341,19.1886501
43.3176782,18.9884098
43.3177711,18.9863499
43.3179017,19.2437534
43.3188384,19.2389039
43.3189786,18.8599638
43.3190031,19.1874216
43.3195253,19.2085413
43.3208366,19.2067174
43.3211027,18.7077884
43.3211275,18.8850289
43.3217051,18.8917022
43.3225858,19.2092065
43.3226846,18.9613184
43.3242957,22.9624383
43.3263158,19.2026619
43.326969,22.8599429
43.3274709,19.1631584
43.3299996,19.1578798
43.331217,19.1991214
43.3312966,19.1947462
43.3313776,19.0445377
43.3314022,22.9137958
43.3314667,19.1968684
43.3343059,22.9080706
43.3345259,19.1735653
43.3359819,19.0728607
43.3364456,19.2388825
43.337446,19.2019989
43.337548,18.9066797
43.3376752,22.9026162
43.3377128,19.4611275
43.3394186,19.1210294
43.3400351,19.1463785
43.3414318,19.2004657
43.3423455,19.1695313
43.3423455,19.2344193
43.3448735,19.2213301
43.3451022,19.1728018
43.3454501,19.1339116
43.3456842,19.1360573
43.3459604,19.4126826
43.3460769,18.8353924
43.3461445,19.1826344
43.346402,19.1375379
43.3475879,19.229248
43.3483377,19.1324739
43.3486371,19.0660372
43.3498192,19.1323451
43.3498504,19.2218451
43.350608,19.1614557
43.3507867,19.205945
43.3512703,19.2300848
43.3519725,19.1269593
43.3524661,18.9736469
43.3529716,18.982378
43.3537877,19.3448263
43.3543285,19.187191
43.3551406,19.1924481
43.3576097,19.3573241
43.3577453,19.1763548
43.3578239,18.9183494
43.3579879,19.2125893
43.3587413,18.7083153
43.3588686,19.1877489
43.3594778,19.1211668
43.3596487,19.1233544
43.3601479,19.2362646
43.3601678,23.0173498
43.3608537,19.0574756
43.3612165,19.1973115
43.3622417,18.7527582
43.3636535,22.8200722
43.3638497,19.06181
43.3642824,18.7015945
43.3643243,18.7016876
43.3651757,22.8311977
43.3655345,19.069449
43.3663354,19.3656068
43.3663542,18.7458166
43.3672154,19.2301278
43.3683222,19.1768484
43.3683386,19.2333893
43.3697736,19.150155
43.3699608,19.2283897
43.3704528,18.7231547
43.3711455,19.2277674
43.3715042,19.220901
43.3717702,19.2310934
43.3723309,19.2032198
43.3729742,19.0425839
43.3731731,22.8466233
43.373454,19.1483097
43.374499,19.2243127
43.3758646,18.7290669
43.3766061,19.2738673
43.3767201,23.0212338
43.3780919,19.2895359
43.3796786,19.2920204
43.381186,22.8790029
43.3813169,19.2517873
43.3827509,19.2733737
43.3837341,19.2710778
43.3843135,19.1412544
43.384455,22.8844461
43.3849497,19.2617362
43.3860569,19.3166517
43.386597,22.8847199
43.386675,18.7870926
43.387971,19.1339637
43.3898306,19.3239902
43.3936525,19.1248696
43.3939471,19.254491
43.3943517,19.3159865
43.3981248,19.2970415
43.3990447,19.3630217
43.4023382,18.7820816
43.4029111,19.2985221
43.4043882,18.7815626
43.404941,18.7658447
43.405156,19.2818495
43.4059196,18.7802205
43.4073556,19.2806243
43.4080719,19.3354272
43.4083361,19.345126
43.4117811,19.3347191
43.4131498,22.673247
43.4147271,19.2734381
43.423346,19.3295907
43.4236062,18.8188992
43.4287076,19.2722794
43.4333887,23.0579829
43.4336672,22.9741073
43.4337276,23.0568613
43.4353112,23.0569495
43.436593,22.718889
43.4380778,22.6414625
43.4382369,18.756694
43.447387,22.698444
43.4483242,22.7265663
43.450797,22.648449
43.4535,22.659747
43.454551,22.631812
43.4547118,22.6412977
43.4561905,23.0324581
43.456284,22.601694
43.4681612,22.8627037
43.4756771,22.5367865
43.4760338,18.7474439
43.4797716,22.7408971
43.4812082,22.7399053
43.4838079,19.1861308
43.484467,22.7520364
43.4882061,22.6196975
43.4904225,19.1820672
43.4980092,22.5534006
43.5000002,22.776838
43.5058437,22.7790074
43.5064031,18.7758433
43.5108521,19.2025104
43.5110026,19.2014969
43.5119969,19.1402918
43.5136951,22.7393825
43.517406,22.6650682
43.5226074,18.7473495
43.5272759,22.6914014
43.5291026,19.1396669
43.5434728,22.6478934
43.5487513,22.9301874
43.5491226,22.928796
43.551008,22.663358
43.554342,19.0892453
43.5546223,19.0727551
43.5567125,19.1224766
43.566442,18.9041065
43.574202,19.0589592
43.5804078,18.7019949
43.58738,18.7019706
43.5873804,18.7975184
43.5878369,18.8002008
43.5935209,18.7058624
43.5961408,19.0390947
43.5966202,18.8477872
43.5971885,18.849431
43.6000596,18.907282
43.6061912,18.7384227
43.6111147,18.8669339
43.6175525,22.6890745
43.618275,22.680956
43.621299,22.61546
43.622029,22.6960804
43.6231023,19.0125978
43.6235269,18.9077657
43.6240626,22.6766619
43.6244203,18.9049806
43.624654,22.6786089
43.6248328,22.6962553
43.6249564,22.6862636
43.625155,22.6816988
43.6260824,18.9624795
43.630989,22.6803665
43.6314616,22.6799176
43.6318659,22.5208687
43.6321939,18.9660163
43.6416169,18.9151327
43.6453697,22.4854388
43.6494116,22.7067728
43.6508898,18.8911385
43.6515281,22.6933012
43.6521707,22.6939272
43.6545358,19.2924679
43.6567549,18.9422421
43.6586606,18.9697481
43.6590059,18.9815101
43.6596316,18.9818601
43.6609057,18.9744521
43.6616498,19.4594565
43.6643022,18.9684513
43.6648639,18.9699007
43.6660259,18.9777452
43.6674312,18.9737647
43.6688212,19.4433742
43.6702501,18.9836384
43.6734942,18.9797821
43.677562,22.5977935
43.6801547,19.137947
43.6903442,19.0883849
43.6972662,23.0115896
43.705496,19.1696402
43.7104514,18.8991451
43.7148291,18.8736749
43.7158899,22.6516568
43.7165135,22.651444
43.7173066,18.9031363
43.7225636,18.9093067
43.7237483,22.5983514
43.7267592,18.8325573
43.726908,22.5836549
43.7275717,22.5828312
43.7292603,19.1707502
43.732024,19.1767335
43.7384557,19.2079162
43.7402716,22.8164066
43.7404644,22.9698667
43.7409992,22.7278158
43.7410138,22.9711837
43.7411183,22.7258359
43.7413374,22.970497
43.7437195,22.7287343
43.7437402,18.8307861
43.7498063,19.4007957
43.7508409,22.4932028
43.7531734,18.7979105
43.7681301,19.0043495
43.7708313,22.4177069
43.7716032,22.4181091
43.7731701,18.7192145
43.7808041,22.7427302
43.7814592,19.4296649
43.7818623,19.2888091
43.7826957,19.2731426
43.7835087,19.2933723
43.7838739,22.610499
43.7843439,19.0343786
43.784489,22.7869166
43.7861864,19.0305985
43.7865891,22.6914234
43.793159,22.7948827
43.7956939,22.7852068
43.7959316,22.6911436
43.7964358,22.5889207
43.798061,22.7353815
43.7997463,19.0020014
43.8006852,22.8082907
43.8013625,19.3047013
43.8022232,22.7969927
43.8022594,22.790918
43.8027988,22.5694052
43.802801,22.8057827
43.8032523,22.73094
43.8036887,22.7941459
43.8037903,19.3065995
43.8067161,22.650468
43.8078559,19.3276883
43.8086832,22.7065723
43.8095152,22.6208673
43.8104958,22.6710973
43.8119803,22.6135807
43.8139226,22.5832788
43.8144926,22.6145676
43.817981,22.620062
43.8199939,22.711412
43.8200688,19.3672973
43.8200845,22.593298
43.8205294,22.6247185
43.8210071,19.3130445
43.8261081,22.7370846
43.8279916,22.646386
43.8313816,22.493319
43.831799,22.8120968
43.8323881,22.8570976
43.8329024,22.7336495
43.8329094,22.8103329
43.8333503,22.6606109
43.8336423,22.7361188
43.8337442,22.8563861
43.833939,22.6527467
43.8339508,22.6502932
43.8340306,22.6539985
43.835149,22.6547177
43.835219,22.838309
43.8352894,22.8190202
43.8359878,22.6486574
43.8361013,22.6542929
43.8364338,19.0460015
43.8364958,22.6467073
43.8399455,18.9882354
43.8400226,19.036237
43.8420997,22.6513622
43.8431408,22.8513536
43.8484684,22.6573888
43.8492566,19.3378632
43.8494113,22.8205527
43.8523355,22.6601789
43.8526119,22.7057404
43.8527374,22.8267007
43.8531656,22.7117274
43.8549226,22.7052215
43.8601277,22.6110976
43.8628897,22.7621063
43.8634852,22.7508071
43.8638261,22.700378
43.8639171,22.7533212
43.8645049,22.7614827
43.8674084,22.7064895
43.8693188,22.8101775
43.8714939,22.6039041
43.8723242,22.7132634
43.8734526,22.6675207
43.874706,22.7134896
43.8762801,22.7996129
43.8766926,22.6840641
43.87803,22.6876788
43.8787707,22.6841953
43.8791462,22.7740066
43.8793403,22.6374061
43.8825784,22.640958
43.8841103,22.7209068
43.8844337,22.5178989
43.8847669,22.522045
43.8854904,22.5175023
43.8859281,22.6419483
43.8861061,22.6496327
43.8862239,22.5223876
43.8862869,22.5255846
43.8866584,22.6884241
43.8873643,22.5217394
43.8879065,22.6397834
43.8879251,22.6447518
43.8879642,22.6411922
43.8888051,22.6438483
43.8888665,22.7306815
43.8890903,22.6400434
43.8891126,22.6395029
43.8894631,22.7843482
43.8906773,22.5255846
43.8911235,22.5253843
43.8927359,22.6978255
43.8929484,22.6592861
43.8937873,19.2565195
43.8941561,22.6518534
43.8961646,22.7514085
43.8963065,22.6531607
43.8972879,22.7683728
43.897478,22.7662822
43.8977927,22.5372403
43.903269,19.2887582
43.9077693,18.9320892
43.91389,23.09284
43.9140526,22.698098
43.9152236,22.7163051
43.9164439,19.2507695
43.9183617,23.0676305
43.9279553,18.8008741
43.9287392,19.2719193
43.9301765,19.2658848
43.9446774,23.0158748
43.9565325,19.4840966
43.9574669,19.5056196
43.9605189,19.5128349
43.960774,19.4460707
43.9620098,19.51771
43.9648507,19.5261215
43.9666005,19.3835346
43.9692183,19.3951598
43.9771292,22.9535325
43.9850785,22.4591964
43.9851238,22.9383626
43.9856165,22.8795476
43.9865511,22.8778413
43.9871646,19.3391215
43.9880223,19.3561915
43.9897055,22.8840178
43.9906137,18.7795338
43.9915052,19.3546251
43.9916364,22.884823
43.9923476,22.8848967
43.9924896,22.8760156
43.9935914,22.886218
43.9942663,22.8734607
43.9952854,22.9338613
43.9970167,19.2172496
43.9987484,22.9352977
44.0119651,19.2863952
44.0177407,22.4814467
44.0214091,22.6572142
44.024253,19.1788907
44.0258639,19.3832061
44.0261389,22.6991446
44.027955,19.3813621
44.0284905,22.7522303
44.0286,22.7334194
44.0302605,22.6289724
44.0325853,22.7572082
44.0557657,22.6344002
44.0593565,22.6348388
44.0619425,22.6465084
44.0676744,22.7653395
44.0707646,19.3081646
44.0740167,19.2668997
44.0754903,22.7287977
44.0779117,22.729504
44.0797514,22.7284544
44.0799065,22.7442629
44.0833107,18.706892
44.0857564,19.2382637
44.0898115,18.8348558
44.0938913,22.8152709
44.0940984,22.8112287
44.0954671,22.7641132
44.0961371,22.6312722
44.0972408,22.7611615
44.1031484,19.2973567
44.1034782,19.2990044
44.1067042,22.6152632
44.107364,19.2378305
44.1167631,19.1562668
44.1172242,19.1602453
44.1178088,19.1497047
44.1183624,22.6412463
44.1187774,23.009775
44.1196183,19.1714581
44.1234909,22.8775033
44.1318197,22.9938964
44.1329445,22.8590507
44.1330039,22.8510171
44.1346958,22.8507547
44.134913,22.8459294
44.1466304,22.8222355
44.1486586,18.9397777
44.1599346,19.0985213
44.1618825,19.2849715
44.1646151,19.0539557
44.1701067,22.9660926
44.1711814,19.0805668
44.1799323,18.9411357
44.180171,18.9419582
44.1883488,19.071103
44.1938165,22.7360754
44.2061136,22.8012868
44.2150606,22.7117266
44.2184192,22.7462262
44.2616188,22.7046093
44.2748789,19.1089054
44.2750626,19.1085826
44.2765684,19.1110397
44.2820339,19.1618537
44.3041886,18.7095023
44.3077599,22.6603505
44.315105,22.6576143
44.3417987,18.7088084
44.3528896,19.0871089
44.3572713,19.0828048
44.465679,18.922992
44.4660238,18.921284
44.4660349,18.9198376
44.4667967,18.9204464
44.4712585,18.7121578
44.4713384,18.9259862
44.4741533,18.9062789
44.4765433,18.70129
44.4852596,18.7073748
44.492932,22.1840701
44.4981913,22.1051562
44.4993464,18.8035726
44.5061629,18.7369144
44.5063756,18.8462794
44.5083264,18.7168715
44.5086763,18.8404034
44.5094943,22.7791413
44.5101519,18.833805
44.5147009,18.8080461
44.5221274,18.7125214
44.5293762,18.7218586
44.5314265,19.0443357
44.5319148,19.0445995
44.5319436,19.0445689
44.5331065,19.04871
44.5333417,19.046434
44.5333557,19.0464537
44.5333721,19.0464733
44.5333907,19.0465422
44.5372849,18.8877515
44.5449057,22.0594448
44.5542621,18.8715367
44.5547499,22.1252938
44.5561678,18.7642484
44.5564255,18.7007099
44.5857625,22.8256065
44.5954162,18.8200605
44.5999761,18.7616471
44.6007153,18.772778
44.6022132,18.9816102
44.6042879,18.7639368
44.6082629,18.7489414
44.6131737,19.1076842
44.6138444,19.1065364
44.616423,22.2518538
44.6220559,22.6558541
44.6276073,22.652656
44.627808,19.0722945
44.6291643,22.6043492
44.6321152,18.8459213
44.6346636,22.6589836
44.635636,18.8758059
44.6468311,22.6467516
44.647081,22.6465078
44.6522709,19.0952471
44.6531522,22.1426897
44.6540056,22.8903038
44.6545308,22.5978858
44.6550809,19.0910207
44.6605293,22.1060439
44.6646917,21.6989543
44.6649141,19.0867126
44.6660408,22.5724598
44.6675672,19.0996083
44.6680182,22.5618716
44.6685417,22.6269758
44.6748521,18.8996907
44.6753794,22.5996729
44.6767327,18.7322353
44.6784515,22.5804344
44.6786888,21.711882
44.6787878,18.9270977
44.6790893,21.6811881
44.6827386,19.0310445
44.6838306,18.9404434
44.6840266,18.9610781
44.6862301,21.6739333
44.6862547,22.3689162
44.6863103,18.9831524
44.6868106,18.996143
44.6876263,18.9914636
44.6893291,19.0610836
44.691476,18.9960798
44.6919355,18.9924767
44.6921356,18.9613362
44.6921539,19.0354988
44.6922999,19.033885
44.6932549,18.993545
44.6939456,18.9356258
44.6943451,18.9953824
44.6944554,18.9961591
44.697648,18.9383491
44.6993206,18.9384788
44.7002433,22.6660608
44.7009133,22.6076624
44.7009649,18.9981816
44.7016227,18.9720473
44.7022252,18.8214527
44.7033634,22.3962309
44.7042484,22.6715272
44.7057618,18.9460797
44.7058583,22.7204639
44.7064211,18.936215
44.7077314,18.7850684
44.7082767,18.8863448
44.7086386,18.9448912
44.7117159,18.8211741
44.7133166,22.5953918
44.7144362,22.5935103
44.7157006,18.8200437
44.716777,22.3977345
44.7168197,18.812429
44.7182701,18.8202101
44.7189979,18.8198559
44.7210936,18.8131864
44.7214449,18.8171727
44.7218943,22.5721821
44.7232776,18.8115047
44.7237446,22.3991278
44.7255805,22.5432542
44.7264879,22.6047986
44.7293922,22.6419746
44.7298049,22.5237847
44.7335481,22.639196
44.7342811,18.8120333
44.7343954,18.812044
44.7360431,18.8034332
44.7364575,22.6367417
44.739239,22.63551
44.7398753,18.822042
44.7506078,19.1068447
44.7514543,18.9667643
44.7543215,22.4426719
44.7560121,22.6225821
44.7564951,18.8203314
44.7570986,22.4730526
44.7588664,22.4712966
44.7592139,18.9571123
44.7597979,19.2218427
44.7605617,22.6873995
44.7605726,21.9660279
44.7650097,22.289316
44.765085,22.2888529
44.766879,18.9728291
44.7731728,22.2318014
44.7731829,22.4999244
44.7750728,22.4983637
44.7818522,22.4788906
44.7818957,22.4972469
44.78208,21.7127377
44.7917324,22.6274045
44.794324,21.9720931
44.7949929,22.041531
44.7964177,22.7127719
44.7997097,22.54497
44.8004897,22.606544
44.8013499,22.6074774
44.8014124,22.9676928
44.80178,18.7629323
44.8026235,22.1112918
44.8026517,22.6092798
44.803785,22.969132
44.8046748,22.5002495
44.8089607,22.0808613
44.811598,22.7611619
44.8139445,21.6879279
44.8195201,22.0810871
44.8197842,22.55957
44.820237,22.6034444
44.8218194,22.5385206
44.8258692,22.6077679
44.8266576,22.6122481
44.8271912,22.6091303
44.8272599,22.6083117
44.8285132,18.7262287
44.8288998,18.723996
44.8297858,18.7245604
44.8315565,22.7396246
44.8374681,18.7886041
44.8390965,18.7907728
44.8399532,22.738632
44.8402483,22.3261108
44.8432951,22.2808405
44.8435537,22.3002006
44.8439373,19.1249172
44.8491761,22.2143626
44.8525525,19.1385218
44.8532818,22.7839966
44.8543031,18.7975181
44.8581278,18.7649357
44.8585282,22.6036629
44.8591875,21.4148483
44.8609467,21.8098984
44.8614474,18.7628156
44.8618774,22.1939135
44.8636645,18.9561079
44.8652591,21.7410757
44.8671612,18.9523448
44.8690844,22.4591479
44.8708175,21.8068017
44.8724844,22.5503404
44.8727135,22.6418692
44.8757458,18.8074909
44.8764157,22.1864033
44.8766351,22.4798701
44.8770119,18.7975855
44.8775152,22.4837677
44.8823427,22.4169173
44.8838572,22.4407515
44.885232,21.710414
44.8860907,22.4195093
44.8862268,22.4194384
44.8866344,22.5403031
44.8867911,22.4249014
44.8876691,22.6294534
44.8887926,22.4128936
44.8894065,22.4112952
44.8896694,22.423422
44.8922415,21.7819865
44.8927247,22.4191226
44.8943406,22.6264646
44.8964744,21.7214475
44.8993088,21.7703318
44.9009317,21.7746995
44.9026037,22.3668117
44.9044678,22.366034
44.905611,22.4968879
44.912472,22.1843648
44.9151834,18.7391618
44.9173729,22.4405663
44.9192437,21.6263251
44.9201118,19.0568144
44.9287441,18.9037773
44.9449905,22.5451678
44.945597,22.4872792
44.948807,22.7116041
44.9488359,22.4692794
44.9491861,21.7989355
44.9500958,22.4707141
44.9520109,22.5409811
44.9520169,22.7588198
44.9627414,22.5141503
44.9677281,18.9209851
44.9768889,22.8651812
44.9769335,21.5070857
44.9786921,22.5761943
44.9790033,22.6244855
44.9799873,22.5959506
44.981377,22.4949639
44.9826434,22.5902649
44.9838187,22.5878228
44.9848321,22.5793835
44.9864267,22.6619436
44.9874918,22.5577849
44.9887464,22.5445195
44.993026,22.4859913
44.9953134,22.5356733
44.9966392,22.2596687
45.0005567,22.4684951
45.0008199,22.4759539
45.0016911,18.7820314
45.0019728,22.5309295
45.0033881,21.957661
45.0038493,22.4835064
45.0038531,22.4317106
45.0055223,22.6032965
45.0059766,22.5945111
45.0072386,22.4281678
45.0073247,22.646451
45.0086031,22.422368
45.0102916,22.6029098
45.0107195,21.9543023
45.0113642,22.6371513
45.0125268,22.5633236
45.0126456,22.5464214
45.0126575,22.5040683
45.0141298,22.4168836
45.0146794,22.5614542
45.0150348,22.5377349
45.0176385,22.4135845
45.0190245,22.6875625
45.0206909,22.538939
45.0207407,22.6851784
45.0232074,22.5766626
45.02374,22.557036
45.0238373,22.6308667
45.0240545,22.4734421
45.0274558,22.5473086
45.0277302,22.5361694
45.0302776,22.5634307
45.0328213,22.3653788
45.0367605,21.8562902
45.0387182,22.4864111
45.0390186,22.4242652
45.0412493,22.4417528
45.0436127,21.9556315
45.0437726,18.7395334
45.0444823,21.7293575
45.045753,22.5444582
45.048992,18.7572606
45.0493511,18.7523186
45.0527735,18.7504835
45.0553369,22.5656341
45.0584069,22.8806376
45.0699472,22.5456714
45.0808676,22.9239687
45.0812814,22.7854129
45.0828658,21.9203337
45.0864803,21.8870716
45.0983923,22.907082
45.1038435,22.615016
45.1063725,22.6242191
45.1077347,22.4598676
45.1106034,22.0187313
45.1107304,22.8468812
45.1123108,22.0191797
45.1138754,22.461949
45.1161615,21.8496564
45.1172082,22.3985738
45.1220821,22.5010878
45.1252721,22.6790675
45.1262245,22.8620815
45.1319128,22.686124
45.1334266,22.6843216
45.1418915,22.8755093
45.1553971,22.1521079
45.1556628,22.1593433
45.1618234,21.8555264
45.1623206,22.450157
45.1648078,19.1520218
45.167506,22.6646556
45.1686747,22.6631646
45.1691948,22.0464713
45.1703235,21.9983996
45.1717512,19.4239515
45.1738841,19.4194508
45.1766664,22.002571
45.1775021,22.4747296
45.1832414,19.3626931
45.1878367,21.85435
45.1889738,22.1697856
45.1898157,22.3442468
45.1904388,18.8294718
45.1980796,22.0642859
45.198589,22.7864018
45.2003805,22.1648356
45.20536,22.6092841
45.2059745,22.8053999
45.2110571,22.3866471
45.2146135,21.4771339
45.221254,22.0646261
45.2224332,22.4305567
45.2224965,22.0682206
45.2235067,19.3722189
45.2239436,19.3765236
45.226939,18.742044
45.2279189,22.3927578
45.2329816,19.2753922
45.2338535,19.283721
45.2340474,22.5809385
45.2345802,21.6993606
45.2359468,22.0399265
45.251586,22.8648059
45.2569697,22.7188328
45.2570415,22.7185322
45.2573189,21.2665542
45.2611633,21.9671401
45.2615915,22.0458608
45.2616141,19.1700866
45.2625408,21.9613043
45.2626881,22.8676806
45.2658683,18.7723812
45.2767714,23.0758468
45.2768241,23.0739473
45.2907081,18.7902593
45.2909713,22.6028683
45.2920168,21.6435609
45.2922585,21.883991
45.2926937,22.0440281
45.2933667,21.6420241
45.2936856,22.7007626
45.2948374,22.693001
45.294844,21.6528953
45.2954475,21.6444251
45.2966045,22.8669433
45.2966255,21.6459302
45.2972391,21.6493905
45.2976099,21.6418401
45.2981017,21.648468
45.2981715,22.599714
45.2981873,21.6446715
45.298579,22.5999286
45.2996898,21.6506591
45.299877,22.6001217
45.300018,22.5006413
45.300102,21.6515903
45.3002255,21.6481467
45.3008536,21.6438171
45.301326,22.5997558
45.3014813,21.6537764
45.3015222,22.5998427
45.3022087,21.6548738
45.3028869,21.6559315
45.3033484,22.600377
45.3040411,22.6120929
45.3101479,22.1106809
45.3119412,22.1105398
45.314462,21.3513632
45.319437,18.8526118
45.3198571,22.9145964
45.3203772,22.9042763
45.3275,19.0409722
45.3290106,21.8734125
45.3322341,21.1247479
45.3339651,21.1205401
45.3345927,21.1229866
45.3347065,22.8968285
45.3350728,22.8969877
45.3360052,21.1255643
45.3361502,21.1232512
45.3404391,22.8933115
45.3414236,21.7753589
45.3429218,22.6615952
45.3430409,22.5173543
45.3453455,22.7993253
45.3457749,22.8196905
45.3472688,21.7728665
45.3485386,22.8829239
45.3497519,22.8822564
45.3519,18.9693856
45.3589819,22.863996
45.3591942,22.8771997
45.3651253,22.667075
45.3665592,22.6664018
45.3673046,22.9323025
45.3678137,22.8987748
45.3696714,22.4776317
45.3714452,23.0273277
45.3748923,22.8591393
45.375602,22.4978702
45.381895,22.7600264
45.3862298,22.9129729
45.3865348,22.0819546
45.387368,22.065928
45.3875738,22.096561
45.3914213,22.0459973
45.392008,22.0483004
45.395852,22.2097992
45.3961155,21.2253987
45.3962991,22.6552286
45.3967121,22.179051
45.39861,22.8656001
45.399646,22.6991317
45.4053967,22.200655
45.4079329,21.3321989
45.4088527,22.1923412
45.4091222,22.7771265
45.4112782,22.2177742
45.4118927,22.3050365
45.4123811,22.3073782
45.4146749,23.0351004
45.4205288,22.2084684
45.4221034,22.5506159
45.4260829,21.4259922
45.4362314,21.6772262
45.4372706,22.8924766
45.4373524,22.1312851
45.4382077,21.6837323
45.4439422,21.6975772
45.4524518,21.9443254
45.4530596,21.5209615
45.4547053,21.942118
45.4549707,22.1879863
45.4552454,21.515641
45.4582154,21.5191966
45.4691288,22.594052
45.4700214,21.888594
45.4726961,22.905117
45.4739278,22.9610802
45.4743203,22.902165
45.4786008,22.9123702
45.4810677,22.5825415
45.4813717,22.9176918
45.4832729,22.8927743
45.4846578,23.0903316
45.4864667,22.8309719
45.4870089,23.0567117
45.4909435,22.8230359
45.4943251,21.7295468
45.4964582,22.8222363
45.5013663,22.5239603
45.5143069,21.6480725
45.5146796,18.879321
45.5156436,18.8799379
45.5211021,21.4930544
45.5267055,22.4614353
45.5293761,22.3711788
45.5432996,18.7092274
45.5583808,18.7020285
45.5679321,21.7257438
45.5747033,22.4511898
45.5756407,22.4299779
45.617255,20.8545104
45.6418814,21.8969455
45.6480425,21.6112104
45.6482409,21.6108155
45.6487696,21.609056
45.6498269,21.6127961
45.6500629,21.6040031
45.6502265,21.8547812
45.6531872,21.2046842
45.6607393,21.7947457
45.6647622,21.480774
45.6674654,21.8014776
45.6722211,22.3071921
45.6739326,22.8525128
45.6774143,21.3579251
45.6796499,22.2829342
45.6801923,22.2576863
45.6814209,21.9082846
45.6853088,22.7754933
45.6855303,21.908244
45.6860905,21.9155078
45.688308,22.7887611
45.6907092,21.8870093
45.69145,21.899476
45.6926034,21.9057915
45.6932232,22.5286961
45.6933219,21.9008642
45.693767,21.8938444
45.6938296,21.9026037
45.6969058,21.9030704
45.6971142,21.2352338
45.6972003,21.083283
45.697865,21.8962643
45.6997295,21.2341827
45.6997652,21.5607576
45.7023323,21.2126117
45.7031115,22.7807015
45.7032393,21.5510402
45.7089237,22.6845743
45.7134761,22.8845457
45.7173184,21.2364831
45.7174035,22.7771
45.720942,21.1584154
45.725051,22.8789291
45.725406,21.2092271
45.725855,21.1783013
45.7261698,21.2678402
45.7266727,21.2134395
45.7279825,21.1814374
45.7285367,21.2096657
45.729155,21.2274849
45.7296274,22.7851593
45.7300607,21.2647133
45.7302115,21.209547
45.7309097,22.777065
45.7314859,21.2605144
45.7315322,21.2413205
45.7319712,21.2605323
45.7319864,21.2091239
45.7327165,21.2003567
45.7333399,21.2511696
45.7333481,21.2319865
45.733468,21.234155
45.7354921,21.2395068
45.7358088,21.2125723
45.7372342,21.2053575
45.7375101,21.2164458
45.7376043,21.2411357
45.7388935,21.1967227
45.7394367,21.2323239
45.7404132,22.794993
45.740434,21.2075726
45.7406608,21.2394072
45.7410752,21.2116497
45.741503,21.2261885
45.7420556,21.2318592
45.7425191,18.7270031
45.7426824,18.7252533
45.7454136,21.2289253
45.7455036,22.8727716
45.7458712,21.2411069
45.7459604,21.2266934
45.7465032,21.2165015
45.7467565,21.2278113
45.7469502,21.2295656
45.7473203,21.2342785
45.7487935,21.2235442
45.748818,21.1996545
45.7489828,21.2249613
45.7492114,21.2088369
45.7499889,21.2446869
45.750151,21.2804234
45.750347,21.2315237
45.7508029,21.2069725
45.7512873,21.2216301
45.751958,21.2363503
45.7522073,21.190454
45.7522968,21.2362379
45.7525889,21.252636
45.7526552,22.8905937
45.7533532,21.2308512
45.7533731,21.2380191
45.7533819,22.8814383
45.7536887,21.2322807
45.7538664,21.2567567
45.753898,21.229048
45.7548963,21.2268822
45.7549849,21.200913
45.7551495,21.1885788
45.7555012,22.9045415
45.7556483,21.2424815
45.7564465,21.2244234
45.756771,22.2559136
45.7571161,21.2143752
45.7578231,21.2504299
45.7579145,21.2295222
45.7586218,21.2466708
45.7590256,21.225163
45.7590592,21.2035687
45.7599261,21.2325047
45.7599349,21.2770484
45.7601804,22.9091807
45.7605638,21.2654273
45.7606379,21.2066544
45.7607559,22.4740058
45.7613686,21.2597546
45.7614755,21.2287107
45.761697,21.2136432
45.7619237,21.2383486
45.7630325,21.1894174
45.7634996,21.2935907
45.7637883,21.2812163
45.7640344,21.2476505
45.7645909,21.2175474
45.7647079,21.205468
45.764768,21.2230472
45.7655916,21.2596391
45.7676832,21.2544902
45.769728,21.2160654
45.7720872,21.2376089
45.7724454,21.219551
45.7732566,21.2245906
45.7734073,22.463661
45.7742863,21.2455282
45.7745352,21.2212166
45.7748791,22.9181963
45.7761501,21.2636492
45.7772842,21.2655307
45.7776435,21.234865
45.7795536,21.2372644
45.7818658,18.8942208
45.7906642,21.2290157
45.79091,22.647948
45.79262,22.5851145
45.796798,22.6260552
45.7993682,21.5055388
45.7994795,21.7320527
45.7999866,21.4628609
45.8001086,18.806024
45.8006304,21.7282641
45.8025776,21.2477618
45.8051669,21.2573983
45.8173599,22.3524597
45.8206465,22.387119
45.8271657,22.1214947
45.8276159,18.7666608
45.8388624,22.6065434
45.8437875,18.7868948
45.8498469,21.2625427
45.85379,22.9001802
45.8568758,22.2697551
45.8671245,22.8153998
45.8672848,22.8158575
45.8729801,22.7849112
45.8787033,22.9024669
45.8796668,22.8186882
45.8812982,22.8989929
45.8821928,22.8398847
45.8827256,22.9051595
45.8827944,22.89321
45.8836341,22.8075164
45.8856858,22.90025
45.8861569,21.8264251
45.886168,22.89953
45.887877,22.8606471
45.8889221,22.8969876
45.8917681,22.9911791
45.8956404,22.8165774
45.90189,23.0073887
45.9025561,23.0046101
45.903173,21.4289128
45.9071509,18.7613492
45.907561,18.762433
45.9084,18.763089
45.9144001,21.8701684
45.9319586,21.6372701
45.9417556,21.5471399
45.946725,18.9433424
45.9495767,22.9244757
45.951943,18.9331851
45.9647168,21.0945627
45.9701104,22.6532397
45.9709957,23.0365947
45.9718875,23.0421323
45.9719955,22.2196613
45.9728256,23.0440671
45.9732124,23.0611378
45.9758719,23.0610608
45.9780997,21.5192717
45.9782487,22.8217918
45.9809348,21.5240933
45.9824257,18.7888555
45.9833788,22.2806584
45.9838276,22.0773625
45.9918509,22.3971053
45.9924589,22.268592
45.9930964,18.9166194
45.9943681,22.4136088
45.9953585,18.9125657
45.9963076,21.4530104
45.9975992,18.9193957
45.9998541,18.7078722
46.000441,18.9183357
46.0022039,18.7486842
46.0022984,18.9226795
46.0039555,18.9289266
46.0043529,18.9285212
46.0043911,18.8985016
46.0044486,18.897184
46.0048093,18.9280341
46.0055508,22.647372
46.0174462,22.0405113
46.0276247,22.8478033
46.0291917,19.0486831
46.0298019,18.7170861
46.03297,19.0377369
46.0340535,19.039658
46.0345653,19.2102905
46.0362181,18.9323863
46.0364288,18.9467227
46.0366948,19.046206
46.0367208,19.034991
46.0367683,19.0346081
46.0370504,19.0471923
46.0381474,19.1838533
46.0385202,19.0338255
46.0397729,19.0329531
46.0407708,18.9019629
46.0522778,18.7173455
46.0534046,22.8307463
46.0534896,19.2687899
46.0593637,22.6584693
46.0604434,19.2521456
46.0610212,19.2678052
46.0657401,21.619866
46.0742766,22.6763395
46.0766402,20.6053315
46.0822942,18.768347
46.083074,19.415716
46.0842172,18.7709142
46.0843103,18.7610055
46.0869985,19.4222368
46.0874175,19.4192692
46.0881938,23.0020087
46.095616,19.1600484
46.0971351,22.8324787
46.0990814,18.9257621
46.1010013,18.9936909
46.1033483,18.9891757
46.1063886,20.785591
46.1075119,18.9893521
46.1078149,20.7856983
46.1096038,20.7857037
46.1109511,22.8451598
46.1126645,20.7854837
46.115297,18.9815535
46.1156224,18.9846598
46.1160573,19.1579197
46.1162614,19.4780167
46.1168869,19.3286161
46.1184042,20.7859075
46.1213722,19.1581028
46.121517,21.587155
46.1221207,19.3312452
46.1230584,18.7712133
46.1231011,19.3215514
46.1232108,19.1581843
46.1235318,18.7675752
46.1237414,19.3184492
46.1241082,19.317914
46.1242044,18.7684736
46.1242426,19.3192523
46.1243009,19.3197248
46.1248252,19.3192315
46.1249662,19.1584044
46.1249723,19.3198725
46.1249905,19.3328392
46.1256493,19.3365091
46.1257579,18.7606477
46.1270456,19.3445293
46.1280152,19.1585953
46.1282095,19.3314755
46.128515,18.775022
46.1287025,19.3343769
46.1309609,18.7862894
46.1318321,21.0877323
46.132944,19.4221095
46.13399,18.93366
46.1348036,19.3310341
46.1351294,19.4230253
46.1351591,19.3344096
46.1358298,19.3220644
46.142983,18.8793989
46.1473009,20.2706517
46.1479818,20.270899
46.1493533,20.2762751
46.1568899,21.6025736
46.1580018,21.3329133
46.1656544,18.9538379
46.1663641,21.3232124
46.16793,20.70969
46.1679899,21.342898
46.1682616,20.154806
46.1689609,21.3421383
46.1690015,21.3424314
46.1692487,21.3533783
46.1696461,21.3423249
46.16977,20.70862
46.1700905,21.3113979
46.1701474,21.31272
46.1702525,21.3110891
46.170268,20.5725463
46.1703156,21.3149234
46.1703773,21.316329
46.1706329,21.3427287
46.1706935,21.3089002
46.1707247,21.3110366
46.1708882,21.3201561
46.171415,18.9626337
46.1717386,18.9410417
46.1717666,22.9885831
46.1725281,20.61003
46.1734804,21.3205794
46.1739063,21.317661
46.1739258,18.9597798
46.1745973,18.9514136
46.1746058,20.1622807
46.1746675,21.3211608
46.1747557,21.3202991
46.175,20.16308
46.1751581,19.3046757
46.177448,19.3032675
46.1774504,18.9500123
46.1775497,18.941206
46.1778599,18.9449304
46.1779209,19.2961426
46.1779472,21.3367633
46.1785696,21.3339499
46.1788777,19.8466824
46.178991,18.9347166
46.1790824,21.329396
46.1797162,18.9452227
46.1798609,18.946073
46.1800358,18.9483398
46.1800622,18.9518977
46.1801071,20.4288626
46.1802204,18.939678
46.1807776,20.5717944
46.1808144,18.9277028
46.1825194,18.9533148
46.1833728,20.4227458
46.1834336,18.7263753
46.1839339,20.178788
46.18458,18.95615
46.1847338,20.1766373
46.1848377,19.1486757
46.1850462,21.3215691
46.1850657,19.155131
46.1851139,18.9453865
46.1855753,21.3256958
46.1858008,19.7409215
46.186044,21.2968915
46.1865515,20.1951234
46.1868405,20.0366625
46.1868451,20.4276223
46.1868738,18.9457533
46.187124,20.0369575
46.1871415,20.4280912
46.1874664,18.7233274
46.1877339,20.4424024
46.1880124,18.7291065
46.1882508,20.037906
46.1882578,18.7267774
46.188316,20.0371935
46.1884938,20.4245716
46.1890722,18.9737263
46.1899036,18.728621
46.1918079,20.4379377
46.1923222,18.9610601
46.1926625,19.596382
46.1928129,19.1454529
46.193132,19.1795969
46.1933098,18.7294538
46.1934099,19.6191821
46.1934528,18.7169185
46.193926,18.72416
46.1939502,19.1931866
46.1949605,20.0417388
46.1949996,20.0413305
46.195117,19.779183
46.1951275,18.9519025
46.1953982,19.9945676
46.1955446,19.1435508
46.1956631,19.7838705
46.1972887,20.4739213
46.1973848,19.1444298
46.1974606,19.3938813
46.1977198,19.7814189
46.1977317,20.4719467
46.1979239,20.4736729
46.1981244,19.6080079
46.1981392,20.4753013
46.199011,19.7180953
46.1990161,18.8281489
46.1993516,20.4682842
46.1995646,18.9557419
46.1996352,22.7758437
46.2003402,19.7837614
46.2008742,20.108378
46.201029,18.736796
46.201346,18.712227
46.2017029,20.1946288
46.2023976,20.0132067
46.2032472,19.6018279
46.2033103,20.1095415
46.2035169,19.0401398
46.2039952,20.1055189
46.2046642,20.1130666
46.2052288,20.4709441
46.2052785,20.1887689
46.2055921,19.6275402
46.2057536,18.81156
46.2057812,20.1061895
46.206079,22.3362631
46.20615,19.7926
46.2065153,20.1061199
46.2068306,19.3816588
46.206883,19.79405
46.2072881,20.4767409
46.2080723,20.1914737
46.2084667,20.4686339
46.2089131,18.9608022
46.2092881,20.1878178
46.2100816,20.1862034
46.2101505,19.3909721
46.2104364,20.1950812
46.2107244,20.2453656
46.2111071,19.8761559
46.2113763,19.9488209
46.2118014,20.47851
46.21221,20.4757515
46.2124879,20.3218576
46.2125595,20.4952993
46.212934,19.890518
46.214477,20.19616
46.2144996,20.4566772
46.2148255,19.3768178
46.214861,20.1921604
46.2151242,20.4768895
46.215571,19.888713
46.2156113,19.868531
46.2156282,20.4714056
46.2156302,20.2285445
46.2156763,20.0744835
46.2159047,19.8948442
46.2159571,20.4976317
46.216054,20.16291
46.2164553,22.774592
46.2167848,20.0762597
46.2168145,19.88
46.2168333,20.0852764
46.216881,19.8906851
46.2168921,20.5069245
46.2170672,20.5038938
46.2171452,20.3531271
46.2172139,20.3232758
46.2173689,20.4800179
46.2175403,19.3816413
46.217583,20.1971
46.2176947,20.479497
46.2178824,20.0869947
46.2179075,20.4806125
46.2179687,20.4549149
46.2182263,20.4760943
46.2183055,20.077832
46.2184247,20.4728792
46.2184345,20.2378705
46.2184568,20.2380288
46.2185049,20.4570108
46.2187026,20.4802476
46.2187293,20.4980547
46.2187817,20.4720512
46.2188888,20.0843875
46.2190708,20.0868072
46.2193532,19.8884236
46.21936,20.5036776
46.219423,20.327229
46.219471,20.348513
46.2197582,20.3318712
46.2199792,20.2537227
46.22,20.4825006
46.2200284,19.8845342
46.2206588,19.9053581
46.2209258,20.4854988
46.2212971,20.2492203
46.2215,20.1675556
46.2217995,20.326022
46.2220208,20.3249189
46.2228947,20.46429
46.223134,20.500433
46.2231476,20.4604085
46.223158,19.886488
46.2232062,20.244053
46.2237012,20.1694594
46.2238966,20.0860449
46.2239415,20.4928238
46.2242245,20.1963606
46.2242699,20.3327216
46.2249704,20.1887232
46.2254614,20.1142455
46.2255963,20.1843514
46.2260146,20.4902761
46.2267122,20.1709786
46.2269748,20.3252906
46.2273428,21.6791547
46.2280652,20.4807699
46.2295314,20.1123208
46.2299956,22.0595642
46.2306082,20.4894628
46.2307351,20.1726507
46.2313267,20.1920282
46.2320144,20.1590038
46.2321703,20.1278112
46.2329963,20.1604115
46.2331163,23.0215901
46.2338538,20.1347691
46.2340832,22.0586121
46.2343383,20.1097334
46.2349849,20.1774206
46.2358758,20.4805182
46.2365752,20.19038
46.2368661,20.1788951
46.2376577,20.124038
46.2380926,20.7106984
46.2382382,20.1245705
46.2382766,20.1693019
46.2383152,20.1380586
46.2383624,20.1800173
46.2384469,20.1264392
46.2386661,20.1250414
46.2387116,20.1257344
46.2394426,20.1261499
46.2396022,20.7355804
46.239685,20.1041534
46.2397251,20.1253386
46.2397863,20.1428974
46.2402019,20.1268625
46.2402299,20.7167682
46.2408541,20.1275122
46.2409553,20.1372809
46.2410451,20.1293061
46.2415787,20.1281268
46.2416145,20.7145687
46.2418653,20.1367595
46.2419522,20.1183682
46.2422519,20.1300136
46.2423345,20.1391761
46.2423659,20.128832
46.2423783,20.1394336
46.2426123,20.7202899
46.2429321,20.1294006
46.244044,20.0032554
46.2443059,20.7228729
46.244532,20.1321891
46.2447362,20.003917
46.2450902,20.1741341
46.2451084,20.1499007
46.2457608,20.1236919
46.2458005,18.7424317
46.2460497,20.1323186
46.2463269,20.1629653
46.2464064,19.1424499
46.2464278,20.1347709
46.2467124,20.1209268
46.2467608,20.1631857
46.2469559,20.1572307
46.2471915,20.1328774
46.2472658,20.1635039
46.2479721,20.1363767
46.2487076,20.1156738
46.2488679,20.1592682
46.2488805,20.1606447
46.2490374,20.139387
46.2491411,20.1604508
46.2491848,20.1299139
46.2492895,23.0324713
46.2492976,20.133334
46.2494726,20.1464407
46.2496382,20.1640023
46.2498289,20.1317147
46.2498513,20.1507044
46.2501046,18.7430627
46.250527,20.14593
46.2508012,20.1449549
46.250826,20.1440773
46.2508642,20.0034289
46.2509533,20.130854
46.2512545,20.1513217
46.2513759,19.1407484
46.2514005,20.1327671
46.25173,20.1285174
46.251931,20.1165683
46.252216,20.1572329
46.2527442,20.0246787
46.2528298,18.9789598
46.2534319,20.1325198
46.2535113,23.0989483
46.2536457,20.1497536
46.2539436,20.1730961
46.2540166,20.1412558
46.2541522,20.1155866
46.2545168,20.1903947
46.254822,20.1439915
46.254864,19.1405641
46.2557997,20.1486167
46.2559597,20.1555378
46.2561628,20.1404955
46.2567184,20.1390105
46.256962,20.1744605
46.2570548,20.1393958
46.2570861,20.1393218
46.2570877,20.2956748
46.2571345,20.1391943
46.2577647,20.1386996
46.258333,20.1494447
46.2584344,20.1874986
46.2587358,20.1477071
46.2592561,20.1573462
46.2593046,20.1976507
46.2595051,20.1697433
46.2598086,18.9095549
46.2600463,20.1772464
46.2605771,20.1851842
46.2610638,20.1471047
46.2615394,20.1444059
46.2618935,20.137388
46.2621536,20.1596275
46.2623611,20.1780278
46.2625452,20.1989597
46.2629222,20.1884408
46.263484,20.1477571
46.2637389,20.1362452
46.2639411,20.1873265
46.2639791,20.1803261
46.2642322,20.1520851
46.2642508,20.1562874
46.2644315,20.1402136
46.2644928,20.1536418
46.264637,20.1433681
46.264877,20.1494743
46.264959,20.1407961
46.2649799,20.1800924
46.2653365,20.1524718
46.2654249,20.2050671
46.2656614,20.141394
46.265869,20.1075895
46.2658706,20.1651642
46.265907,20.1586015
46.2663251,20.1048669
46.2664303,20.1622255
46.2665043,20.0664775
46.2665063,20.1598471
46.2665924,20.1518184
46.2666661,20.0633092
46.2666868,20.1080191
46.2669138,19.2177193
46.2669645,20.1677207
46.2669733,20.1578329
46.2670863,20.104943
46.2672237,20.1692404
46.267401,20.3426033
46.2674396,20.1601692
46.2674676,20.1857845
46.2676475,20.071414
46.2676903,20.1569547
46.2678293,20.1673419
46.2678329,20.1675482
46.2678514,20.1642696
46.267975,20.1523279
46.267995,20.1311474
46.2680484,20.1586196
46.2684442,19.2163917
46.2684497,20.1647378
46.2685022,20.1484603
46.2686002,20.1691168
46.2686138,20.1612512
46.2687265,20.1616484
46.2687839,20.1602776
46.2688738,20.160227
46.2689303,20.3457451
46.269112,19.2187147
46.2692777,20.0656891
46.2693476,20.1849406
46.2695952,20.1648888
46.2701241,20.1517935
46.2702984,20.0205059
46.2703524,20.1686872
46.2704425,20.6092227
46.2705311,20.1419815
46.2706571,20.0213908
46.2707444,20.0214841
46.2711626,20.063535
46.2712316,20.1503944
46.2713514,20.1537345
46.2714162,20.1264107
46.2720164,20.1504798
46.2721744,20.1719511
46.2728877,20.1599104
46.2729309,20.1620092
46.2731908,20.1228889
46.273287,20.173292
46.2733148,20.1400132
46.2734009,20.1513088
46.2735959,20.0715107
46.273616,20.1540373
46.2740898,20.1643973
46.2742093,20.0777151
46.2746866,20.0629891
46.2749188,19.8882857
46.2750873,20.1658738
46.2752037,20.0564607
46.2753566,19.8926592
46.2755304,20.1440622
46.2755805,21.1713915
46.2761499,19.8861473
46.2761773,20.1724324
46.2762564,20.1179275
46.2762678,20.0653014
46.2762856,20.062287
46.2762868,20.1636967
46.2764532,20.1505023
46.2767488,20.055848
46.27745,19.884683
46.2776135,20.176861
46.277636,20.1242589
46.2780059,20.1124408
46.2781671,20.1264413
46.2783222,20.1687921
46.2792247,19.4919289
46.2800487,20.124759
46.2805821,20.0670833
46.2806286,18.998936
46.2815556,20.1719167
46.282,19.68114
46.2827565,18.7661721
46.2829839,18.7573947
46.2833834,20.0617746
46.2838866,19.586693
46.2839303,22.599722
46.2839741,19.6742432
46.2840293,20.1762648
46.28495,20.235333
46.2851969,20.1544289
46.2853893,21.036817
46.2854362,20.1734117
46.2855226,20.017617
46.2856333,20.1754176
46.2858775,19.3054863
46.28607,21.02202
46.2861805,20.1768543
46.2861939,21.0307453
46.2865296,20.1731446
46.2870991,20.1528299
46.2874444,21.0190797
46.2874764,19.3075225
46.2877007,19.3354807
46.2886105,20.1638856
46.2887462,19.7492305
46.2892148,21.0261919
46.2892336,20.1509645
46.2898056,19.7483333
46.2899287,19.3337792
46.2900347,20.0833404
46.290078,20.646679
46.2901135,20.1606249
46.290483,20.16332
46.2906545,19.3124761
46.2906784,22.21995
46.2912745,21.0299805
46.2914876,21.0022654
46.2922558,19.3235318
46.2923847,19.327309
46.2927068,19.3314387
46.2933722,19.3258595
46.29439,21.02958
46.2946773,19.3248492
46.2949644,20.4313692
46.2951756,20.4365064
46.2953047,19.3330776
46.2953266,19.3281888
46.295507,19.3141058
46.2958358,21.025436
46.295895,19.3202933
46.2970245,19.3244136
46.2978095,19.3388148
46.2978751,19.3325391
46.2981403,21.016136
46.2984118,19.3438133
46.298767,19.9785138
