47.3866,8.0518192
47.4773717,8.3107974
47.3414917,9.3272666
47.350443,8.1844675
47.3499435,8.1863668
47.3611431,8.1847468
47.3566889,8.1775545
47.3453001,8.1974573
47.324813,8.2582628
47.2622174,8.0655557
47.2603372,8.0642637
47.5591528,8.1116314
47.5229369,8.0923218
47.3467556,8.0520572
47.5488505,8.1151394
47.5221723,8.1800452
47.1100683,6.8294921
47.5164402,8.1877642
47.5344201,8.1567318
47.5238031,8.1799464
47.4866444,8.1991574
47.4833728,8.1763617
47.4842409,8.1863164
47.5946145,7.6464363
47.5938451,7.6421524
47.5433606,7.8718577
47.5858659,7.6574772
47.5855876,7.6519329
47.497201,8.1196964
47.5822222,7.6547331
47.569523,7.6518964
47.4661741,7.8115744
47.4680364,8.1382006
47.4673131,8.1506196
47.4600112,8.1312447
47.4641961,8.1389007
47.467552,7.8144933
47.5293478,7.8178814
47.5429222,8.2144131
47.5333914,8.2086789
47.3912187,8.0446181
47.5563273,8.1023507
47.3665045,8.5267357
47.4521872,8.3371524
47.5056211,8.055917
47.5071462,8.0511539
47.3511339,8.3431645
47.3509252,8.341328
47.3513559,8.3416733
47.3520501,8.3425023
47.2990081,8.6866901
47.5299406,7.8089577
47.5271865,7.8138354
47.3935794,8.5447286
47.3793282,8.5470571
47.2848362,7.4541388
47.5828738,8.8655727
47.3704345,8.640953
47.3704994,8.6388453
47.4189763,8.5354937
47.1301625,9.0201752
47.3945725,8.3685531
47.3947597,8.3627629
47.3946336,8.0348881
47.2532846,8.6958638
47.2604428,8.7000025
47.588497,8.1665866
47.5884925,8.1637616
47.5781612,8.1876371
47.596854,8.2269672
47.2820794,9.3568314
47.2715593,9.3442473
47.2674715,9.3430666
47.2682001,9.3312711
47.2488632,8.6977186
47.5284769,7.8105077
47.5329426,8.2021397
47.562071,8.1482789
47.5686406,8.1966436
47.5681905,8.1833862
47.4823534,8.2272799
47.3738258,8.5440657
47.3926022,8.0414935
47.3919769,8.0439818
47.3921284,8.0434723
47.3924648,8.0429053
47.3934565,8.0435587
47.4794442,8.3107758
47.3970823,8.0405981
47.3960798,8.0428406
47.390915,8.3992225
47.3931331,8.0370034
47.389081,8.0490267
47.3908874,8.0457605
47.4672314,8.3290689
47.4176929,8.3329512
47.3836579,8.0613089
47.3867131,8.0637357
47.4180457,8.3551156
47.5697616,8.1814726
47.4327552,8.3257951
47.4743353,8.1250415
47.425521,8.3431895
47.3659366,8.5809382
47.5321509,8.0816017
47.5017963,8.1379765
47.4734714,8.0918983
47.4656433,8.0853163
47.4650122,8.0850976
47.4652889,8.0696084
47.3999727,8.5433417
47.3541748,8.5992435
47.4883567,8.1534812
47.4908821,8.0513267
47.4659102,8.0845717
47.4890898,8.1587727
47.3523352,8.3930406
47.4247059,8.5087854
47.5752323,8.2695361
47.6289959,8.7270757
47.4545218,8.0378276
47.4555445,8.0241655
47.4410499,8.0778614
47.6093965,8.2385724
47.6096118,8.2373541
47.3150887,8.1876249
47.4442183,8.0817369
47.3270366,8.2033578
47.4839138,8.057523
47.51341,8.097781
47.4967324,8.0550075
47.5694616,8.1136866
47.2537674,8.6970311
47.3697245,8.5465897
47.3696285,8.5453778
47.315888,8.189369
47.4811666,8.2237824
47.5025425,8.0824604
47.4981955,8.0812053
47.4009802,8.5400977
47.4011555,8.5406069
47.2710936,8.5619191
47.4853917,8.2062693
47.4854641,8.2046885
47.4816086,8.2074017
47.4835503,8.2069559
47.4851178,8.2035352
47.4828726,8.2054318
47.4042474,8.562673
47.4856709,8.2057981
47.3876597,8.5440314
47.5603352,7.579822
47.5339569,8.2547396
47.2378752,8.7390732
47.454973,8.7861175
47.4844399,8.2073009
47.4083095,8.509426
47.3881399,8.7104022
47.3867551,8.576976
47.4795203,8.7750332
47.3797701,8.6523475
47.483996,8.8356817
47.415644,8.7162447
47.4610869,8.8670562
47.4677705,8.8059875
47.460728,8.8816491
47.4613582,8.8831286
47.4081531,8.7270427
47.4264253,8.7016578
47.4089107,8.7185575
47.3553999,8.0259735
47.3326566,8.0691325
47.3197734,8.3410816
47.5055907,8.7632989
47.4628171,8.7284534
47.3995058,8.592156
47.558513,7.5826508
47.4658144,8.3247262
47.5058881,8.8023477
47.38952,8.6734044
47.3672521,8.5657702
47.6448598,8.6030564
47.5206182,7.7835973
47.5206596,7.7833205
47.2980835,8.7698603
47.2457905,8.1517274
47.2456471,8.1437436
47.2512285,8.152787
47.3856997,8.2172556
47.5091166,8.7174052
47.5091537,8.7161339
47.428453,8.1211802
47.435969,8.1231892
47.3657572,8.1844367
47.3666107,8.1735772
47.517248,8.1881473
47.4177926,8.3640015
47.4182469,8.3617815
47.3710424,8.6898556
47.356553,8.5554457
47.4279402,8.8584193
47.5596889,7.5965814
47.2886101,8.1738444
47.2045646,8.3344803
47.3368884,8.5725722
47.5751138,8.6074086
47.5806244,8.5714402
47.4507214,8.0825971
47.5408478,8.0986838
47.5430641,8.0971346
47.3518622,8.5304297
47.4152351,8.3462993
47.3864067,8.1763323
47.1566527,8.3777305
47.3231311,8.1944546
47.3904029,8.522309
47.3909081,8.5227036
47.3825231,8.1654184
47.36465,8.9079668
47.3666181,8.1098957
47.3768586,8.1170518
47.3712997,8.5300919
47.5388014,7.9617633
47.3731018,8.5087154
47.4581198,8.2416015
47.4575888,8.2356704
47.4267773,8.2506276
47.4727222,8.2271877
47.392857,8.1712098
47.3843273,8.4213985
47.4771972,8.2205386
47.5097331,7.9245403
47.3799316,8.5044081
47.4614803,8.6946704
47.3654179,8.5170454
47.4147488,8.4845664
47.4093545,8.1218602
47.3726539,8.4865098
47.4465786,8.1848152
47.4074798,8.5226218
47.2707679,8.6533378
47.3850031,8.1223749
47.3450253,8.5975595
47.345023,8.6029736
47.3395124,8.6014184
47.5167115,7.6962659
47.5167441,7.6977176
47.4636474,8.8470393
47.4503562,8.1456773
47.2684843,8.640562
47.5801408,8.7513024
47.2771219,8.6633255
47.2861545,7.8717746
47.2427346,7.8460916
47.4850854,8.1983484
47.4852617,8.2004103
47.3829856,8.1673297
47.3421123,8.483055
47.6434529,8.6016961
47.6439065,8.6027803
47.6439796,8.6032669
47.3287434,8.5130218
47.3872562,8.5257236
47.5108694,8.4701085
47.3260235,8.6840636
47.5476901,8.5137973
47.263539,9.4243341
47.4164669,8.1778934
47.4174229,8.1774877
47.40423,8.3996538
47.5964053,8.679483
47.510962,8.7195159
47.3238481,8.505193
47.3249081,8.5142802
47.324932,8.5073932
47.3672533,8.5372559
47.3873012,8.3682092
47.3782074,8.3646968
47.3580437,8.1148929
47.3573505,8.1170533
47.3899787,8.3455025
47.2479467,8.1565587
47.3667182,8.3561973
47.3693363,8.4917122
47.5469387,7.5647805
47.4073723,8.4595797
47.4085831,8.4617689
47.3379569,8.4739727
47.3851445,8.5411005
47.2536566,8.6167676
47.2557975,8.6110354
47.3886708,8.5336832
47.3887542,8.5338183
47.3946468,8.5273949
47.3885174,8.4145455
47.3900234,8.4156371
47.3785973,8.5134027
47.6313023,8.6301345
47.3953942,8.5495
47.5054684,8.3794746
47.3603449,8.5962975
47.3668119,8.5585601
47.3651925,8.5601036
47.3669883,8.560302
47.545663,8.7067433
47.5463005,8.7077291
47.4550814,8.8105403
47.4560723,8.8111041
47.2865513,9.4290111
47.2889117,9.4304354
47.3541255,8.5776249
47.628766,8.7262405
47.3646627,8.6755019
47.2703307,9.426419
47.3600021,8.4996314
47.3832094,8.573932
47.5113207,8.6959131
47.5522589,8.7950191
47.5530189,8.7968092
47.5530594,8.7968241
47.3263364,8.063877
47.1751127,9.4866367
47.4184057,8.8000853
47.4265484,8.7933325
47.3870181,8.6659083
47.624783,8.6515599
47.4824987,8.4550248
47.4835939,8.4543373
47.4019919,8.6024926
47.4161151,8.1828271
47.3475632,8.6158217
47.2236075,7.5481555
47.2584428,8.6012538
47.4783443,8.5206304
47.519975,8.3617937
47.3614269,8.7921387
47.5206136,8.5175362
47.5233554,8.5155748
47.4825342,8.4374763
47.2584988,8.8474071
47.4017979,8.4972759
47.3555525,8.5240491
47.3865245,8.5367735
47.3149373,8.5483158
47.133456,9.0944331
47.4456312,8.3687633
47.4442234,8.362086
47.2435397,8.4635495
47.4409822,8.4793595
47.3244106,8.5766618
47.2961088,8.4711891
47.314051,8.4945143
47.3569521,8.5297994
47.3937192,8.4483568
47.4832376,8.7613382
47.2562186,8.6098471
47.3005132,8.4488624
47.3018419,8.4508449
47.4114024,8.0571874
47.2878496,7.9456628
47.3541685,8.0284257
47.376357,8.6091733
47.2822945,8.4045897
47.4425369,8.3627526
47.4571788,8.3401181
47.2837781,8.1062109
47.3922961,7.7490772
47.4047994,8.4029013
47.3552292,8.507363
47.3304816,8.6243473
47.6945299,8.6465657
47.4308689,8.4650738
47.4515224,8.5829116
47.2147549,8.8054686
47.3918912,8.0392323
47.3936652,8.0469683
47.3958009,8.0493749
47.3986674,8.0367356
47.3831901,8.0505178
47.3746094,8.0554081
47.5593,8.7353586
47.5508709,8.7960901
47.5504863,8.7946972
47.5510116,8.7972575
47.2657068,8.779622
47.4295103,8.5307753
47.6080727,8.6637941
47.6536967,8.6525297
47.146767,6.8361506
47.2659459,8.8743659
47.3662235,8.4973456
47.3660661,8.5159203
47.2734821,7.893746
47.3913348,8.4884098
47.3713381,8.5581564
47.354006,8.5540078
47.3968073,8.4840835
47.3830289,8.484875
47.3385586,8.4741385
47.692984,8.6409777
47.3658225,8.6524248
47.5767119,8.8128698
47.3123848,9.413033
47.3601826,8.4992588
47.3373542,8.5195124
47.2763692,8.4587565
47.4134342,8.5718161
47.4224596,8.5504498
47.4416543,8.6718773
47.4995254,8.8127437
47.3821236,8.515401
47.4452347,8.453671
47.4118314,8.5226166
47.4188754,8.5041066
47.5542646,7.5826242
47.416781,8.5420282
47.4441972,8.3288428
47.4054186,8.4814669
47.3881804,8.4642997
47.3845857,8.3962243
47.3820622,8.5584155
47.2944891,8.5635978
47.3360943,8.7011375
47.2832334,8.4020297
47.5067729,8.7217548
47.3950565,8.8280996
47.4040073,8.1343922
47.3695787,8.5563972
47.3768604,8.5084363
47.3680568,8.5033528
47.5062655,8.7552356
47.3674825,9.3434536
47.4926018,8.4469383
47.3659264,8.554825
47.3800452,8.5150354
47.3808266,8.5146531
47.3823454,8.5320274
47.3820712,8.5329107
47.2589874,8.6906334
47.2643975,8.6826646
47.3094266,8.3223049
47.319444,9.4738932
47.3209252,8.6552602
47.287511,8.6719159
47.4794027,8.4847499
47.6858887,8.6462604
47.505691,8.7555867
47.506104,8.7555345
47.5006811,8.7325004
47.4495162,8.7011266
47.2844603,8.4198177
47.6134158,8.5364735
47.4302231,8.4637944
47.4297317,8.4636115
47.4129755,7.81226
47.462444,8.2645603
47.2670285,8.3126982
47.3322847,8.6154896
47.4458923,8.385614
47.4770633,7.9703537
47.4779475,7.9721613
47.3892151,8.1822717
47.3640584,8.0410442
47.1194049,9.1402354
47.104636,9.0765069
47.1029827,9.075392
47.3469133,8.5731476
47.3872023,8.4357203
47.5266087,7.5776736
47.5840893,7.6495672
47.5839966,7.649317
47.5539627,7.5982406
47.553984,7.5879754
47.4148511,8.61235
47.4172452,8.5970918
47.4198274,8.5979702
47.3920994,8.4032119
47.3345954,8.6345497
47.4994303,8.5384577
47.48723,8.6193712
47.508005,8.3804275
47.3014369,8.530735
47.3607291,8.506854
47.3908747,8.6953671
47.2856758,8.6691131
47.3350098,8.8562684
47.2734221,8.6482451
47.3598235,8.5694922
47.3110516,8.6249914
47.3842986,8.5467708
47.3589502,8.5539301
47.5427235,7.9496388
47.4940845,8.4969434
47.4712936,8.3050498
47.3866722,8.4848758
47.2413745,8.5703189
47.2461464,8.5069148
47.3444257,8.0034697
47.3853925,8.6595976
47.1024617,6.8260522
47.5471115,8.4306104
47.5577142,8.4366838
47.613543,8.2046161
47.5323148,7.6012644
47.5299877,7.6009813
47.5324833,7.5989795
47.444945,8.4056662
47.4455449,8.4052203
47.3822844,8.4237779
47.3871377,8.5156081
47.3759462,8.5113062
47.2866829,8.5313014
47.4722549,8.1243896
47.5581685,7.5864168
47.2775739,8.6427902
47.5365821,7.6040977
47.1727524,8.926438
47.5456679,7.5573655
47.5416972,7.617595
47.5324186,7.5853491
47.499434,7.7054515
47.2175103,8.8338071
47.523793,8.4393988
47.528746,8.3181744
47.5371983,8.2905418
47.5313736,8.2825515
47.3669316,8.6720227
47.3738537,8.5114414
47.3730521,8.8684592
47.4408807,8.6137468
47.4311583,8.6419357
47.3871212,8.7534065
47.5577254,7.597541
47.5581596,7.5971104
47.5582139,7.5964185
47.3670478,8.7820178
47.5554056,7.5920736
47.3864968,8.5767705
47.499046,8.8137984
47.3858435,8.5292199
47.4898565,8.7095948
47.2488192,8.7196489
47.3378105,8.6715438
47.3577628,8.5308443
47.3760415,8.5587387
47.4318055,8.6874719
47.3522591,8.9518982
47.2837296,8.7636669
47.3072836,8.7595266
47.5251586,7.8456998
47.5251324,7.8476039
47.5241224,7.8441158
47.1532143,8.7114747
47.3776767,8.2949754
47.4003125,8.3100438
47.569796,8.2565791
47.5702358,8.2562644
47.5039579,8.5473629
47.2486225,8.1603483
47.4823569,8.2463644
47.3396319,8.5867103
47.4310996,8.6871509
47.3121076,8.7945022
47.421393,8.465686
47.4644297,8.7153313
47.418664,8.6046893
47.3804179,8.3793084
47.4167295,8.5853647
47.4375796,8.4372662
47.4393683,8.4389046
47.6632743,8.6486049
48.4349014,7.4039763
49.0122435,7.8576419
47.1829353,8.78544
47.1070751,8.8894381
47.2666222,8.5756292
47.5040895,8.5510516
48.4634371,7.4735885
47.4163665,5.8481905
47.3640278,8.4377174
47.3262311,8.9613406
47.3070739,8.9508488
47.4987992,8.7339515
47.3215502,8.5005179
48.931899,7.5280907
47.4995434,8.4141019
48.3445955,7.1677144
49.0091709,7.0768712
47.3058828,8.6078953
47.4189871,8.7213831
48.9719492,7.594892
47.5674608,7.6417781
47.5675488,7.6395867
47.567976,7.6388786
47.5653446,7.6387062
47.5654317,7.6379914
47.5653784,7.6377804
47.5640592,7.6389896
47.5686579,7.6425195
47.5659947,7.6413819
47.5654247,7.6418934
47.565445,7.6413318
47.5654611,7.640984
47.5408141,7.6089281
47.5406894,7.608238
47.5403434,7.6079798
47.5401723,7.6086018
49.0881183,7.0655433
47.2654036,7.8316596
48.4218486,7.4508745
48.4567177,7.423998
48.4543231,7.4252536
47.2286547,8.6666563
48.698152,7.1792032
48.3458897,7.2911346
47.5581594,8.4511258
47.5286616,8.4680356
47.5447277,8.4604446
47.5551214,8.4401671
47.4200689,8.5704528
47.4803906,7.7070434
47.428237,8.5056622
47.3085759,8.5843957
47.3879656,8.578185
47.3089967,8.5279918
47.2720015,8.4539112
47.4268255,8.4985837
47.4507668,8.5666002
47.410782,8.7908427
47.3515614,8.3710042
47.5299992,7.8166292
47.5924061,8.6799956
47.30619,8.5251614
47.598027,8.6824933
47.3947398,8.776719
47.5511161,8.68534
47.5017313,8.5950598
47.3875569,8.5787155
47.4146693,8.5221303
47.4534612,8.5816453
48.6062018,7.2715025
47.3613432,8.6979899
48.7396047,7.7270271
47.5002436,8.7093014
47.1064737,7.002966
47.5199322,8.6835232
47.3653252,8.5214634
49.0005421,7.6343674
48.5265851,7.3220095
47.3459919,8.6025031
47.3341814,8.6219678
47.3317498,8.6232918
47.4229566,8.5340533
47.4472896,8.6497984
47.4356787,8.6911247
47.5267994,8.6689604
47.5288369,8.6658218
49.1027238,6.1849542
49.1049552,6.1851654
49.106644,6.1849082
49.1057977,6.18504
47.3191003,8.7924251
47.3219773,8.2088177
47.3246948,8.2036998
47.5789379,8.75391
48.477765,7.6958137
47.2542276,9.3743494
47.3177026,9.4528361
47.4243343,8.5026461
47.3023241,8.8432047
48.834522,7.5990118
47.3873593,8.5512711
47.4625306,8.3879087
47.3123486,8.9633859
47.3724976,8.3884136
47.3163295,8.865889
48.5342793,7.1676588
47.2762625,9.4256324
47.3257129,8.6017515
47.5034791,8.7826922
49.0104,7.384
49.0895,7.3738
49.0058846,7.789854
49.3996911,6.1040076
47.4596297,8.6321807
47.3718848,8.1600788
47.2873999,8.5186724
47.4837457,8.7519695
47.2582658,7.9224917
47.3617087,8.596631
48.8716064,7.440246
47.1122555,9.1692021
47.1088726,9.0798887
48.4048967,7.2139466
47.2960888,9.4586686
47.2664168,8.1564941
47.2202467,8.2515692
47.2144918,8.2655142
47.2177458,8.2678326
47.2174983,8.2679202
47.2160789,8.2701569
47.2086133,8.2989802
47.1995355,8.3018392
47.1952456,8.2947067
47.1541102,8.2870923
47.1095254,8.300399
48.9864099,7.758946
47.2749764,8.915053
47.5956471,8.6786
47.5769695,8.6024483
47.4410256,8.6385132
47.4489189,8.3764617
49.2827006,6.0933665
49.2820847,6.093152
48.8994331,7.8181744
48.5269604,7.3242565
47.1000752,6.8248129
48.7413246,5.8819178
48.5265295,7.3234543
47.227399,8.6602535
47.4454939,8.3843364
47.4897792,8.4946321
47.2477441,8.5871814
47.3588741,8.8236257
47.3599812,8.8232817
47.4027677,8.5247809
47.3445984,8.6011395
47.4703884,8.4020569
47.4774757,8.7263299
47.4360792,8.6003567
47.6316921,8.8010539
47.6313463,8.8007757
47.6308492,8.8003533
47.5047121,8.3775936
47.5150195,8.381277
47.4098706,8.4048407
47.4078882,8.4074117
47.2839829,8.7642422
47.336104,8.4652367
49.1295404,6.4178961
47.3436347,9.4200032
47.3403667,8.7261641
47.3448251,8.7299289
47.3206398,9.4297397
47.2813553,8.4042861
47.2400879,8.5770881
47.4586254,8.6048215
47.4842585,8.0482926
47.4863224,8.0435099
48.8254403,7.4799889
47.5254531,8.6248829
47.5251105,8.6229285
47.5305101,8.5831189
47.5299262,8.584624
48.5746151,7.7537847
47.5312192,8.5815463
47.4633527,8.3246998
48.6958195,5.8215295
47.3644993,8.5306488
48.9322926,7.4656531
47.5105626,8.6545806
47.2781128,8.7686755
47.4253138,8.5609526
47.4897084,8.3529152
47.5143165,8.7374347
47.3555419,8.5992941
47.2798627,8.7618251
47.3991636,8.5214934
47.1311237,6.8219392
47.5967999,8.4919323
47.5944015,8.4951674
47.6533543,8.6547999
47.5270255,8.6653773
47.6542749,8.6557451
47.529384,8.6719838
47.3700379,8.5096624
47.455248,8.3877843
47.2274917,8.4620963
47.2822449,8.5444891
47.3435195,8.7238595
47.398377,8.4108829
47.3171955,8.5825471
47.3516123,8.8661706
47.5566913,8.5036745
47.5580112,8.4981336
47.3017353,8.5380191
47.360874,8.6345071
48.951541,7.7668807
48.8949451,7.3141554
48.5501589,7.3301067
47.3998999,8.6232112
47.4825015,8.7449309
47.4681134,8.6065626
47.4049068,8.658374
47.5187449,8.587986
47.3736725,8.4879018
47.4991983,8.7082424
47.3325051,8.9038413
47.3324014,8.9035519
47.4063426,8.4018823
47.4402171,8.8952083
47.3868882,8.5155936
47.3179176,8.5414953
47.3948697,8.4443728
47.3749777,8.707243
47.3741568,8.6355435
47.4409676,8.8422124
47.4504322,8.5282173
48.4177951,7.2160278
48.7462206,6.8548774
47.2909637,8.7102926
48.7096272,7.1895683
47.2531917,8.7630775
47.4808739,8.8188034
47.3692378,8.5602335
47.2638215,8.5857922
48.7124141,7.1870079
48.7129496,7.191618
47.5413801,8.6440684
48.3167051,7.4014651
48.5704812,7.5056608
48.4497,7.2729543
47.3394105,9.3237324
47.3957339,8.635052
49.1287112,6.6321313
47.2723808,8.5776071
47.3802613,8.516128
48.9616214,7.6260007
49.1844316,6.9279038
48.4745633,7.6983061
47.5136973,9.2167716
47.4988992,7.6155825
49.0358001,7.6896812
47.4975907,8.0032225
47.2832136,8.5390037
47.3644964,7.3420632
47.4065922,8.3875573
47.2444482,8.4598722
47.4972887,7.9336232
47.3518604,8.4385068
47.333381,8.3836806
47.5016477,8.7684915
47.1932856,8.834869
47.5907852,8.4699935
47.5198195,8.5832286
47.3632136,8.6244661
47.4284227,8.5650261
47.3882985,8.4978381
47.3110667,8.5269155
47.250856,8.6278678
47.562381,8.6830615
47.5009022,8.4177779
47.3344975,8.0247194
47.5082598,8.5049026
47.5044024,8.5005726
47.4962816,8.647154
47.5728454,8.4723076
47.4585175,8.4400315
47.4995186,8.7219305
47.1231825,8.7498995
47.4284368,8.4688543
47.3970329,8.4262196
47.3767222,8.672023
47.3973271,8.4475796
47.31882,8.5807141
47.5766515,8.6071206
47.4652117,8.4974009
47.4236146,8.5095627
47.4998631,8.7208685
47.2279903,8.6716306
47.2279835,8.6716361
47.2279764,8.6716448
47.2279801,8.6716405
48.7322435,7.5154149
47.4986775,8.7203879
47.3202539,8.7581357
47.3920743,8.7852671
47.4037574,8.7642041
47.2684251,9.3316075
47.219427,8.674444
47.4267871,8.5641235
47.4275174,8.5644455
47.4187113,8.5097009
47.5021301,8.7682894
47.5180242,8.8131047
47.3137265,8.9151835
47.4535614,8.5616346
47.4537255,8.5603173
47.3524544,8.5557819
47.3560595,8.4419601
47.4276445,8.6860881
47.453118,8.5611399
47.4538867,8.5582562
47.6251919,8.6510129
47.3754404,8.4958925
47.2911097,8.5263912
47.3793643,8.481114
47.4044676,8.5385369
47.4050393,8.5394579
47.3734648,8.4910913
47.3275834,9.4078921
47.5208055,8.5396392
47.5164252,8.5409908
47.3486506,8.7135633
47.3644504,8.8828675
47.3602782,8.8788824
47.3747295,8.5480718
47.4522144,8.5877414
47.4303708,8.6417868
47.424097,8.5480786
47.4235851,8.5473085
47.3717113,8.6402617
47.38452,8.6589153
47.3626543,8.4541915
47.3460432,8.7164472
47.2685459,8.6416187
47.3941956,8.4448819
47.5085213,8.7306407
47.5537549,7.5866885
47.3642845,8.5196654
47.4168366,8.5587656
47.1652959,8.3274509
47.4253468,8.519298
47.5552175,7.7939911
47.4218669,8.3720802
47.2955837,8.9361098
47.3801601,8.4815669
47.4244691,8.5087546
47.3125812,7.9522389
47.5312134,8.5832834
47.3479418,8.3573002
47.3488651,8.3531629
47.5295265,8.7340359
47.450975,8.5584763
47.4508869,8.5591685
47.6434773,8.6049115
47.4127171,8.0698975
47.3397357,8.7167466
47.5357862,8.5778926
47.5124932,8.6412066
47.4371683,8.7360029
47.3346868,8.3852939
47.4516613,8.5685255
47.3315234,9.3725896
47.3971948,8.601284
47.3763954,8.513078
47.5043135,8.7294088
47.3548952,8.5352619
47.3528251,8.6371332
47.5007624,8.0603527
47.3628411,7.9015941
47.3874048,8.5156565
47.5709411,7.5727591
47.3809441,8.5363632
47.4886674,8.2513145
47.565872,7.570222
47.3889443,8.5238912
47.5533749,8.7530392
47.3112711,8.520344
47.3819143,8.4932269
47.3367257,8.5830919
47.5002482,8.7278757
47.3583623,8.8637416
47.42205,8.4359794
47.3826246,8.4764632
47.3835972,8.4754861
47.382677,8.4764852
47.2843992,8.8007798
47.3976726,8.4318559
47.5105891,8.6446678
47.5129782,8.6383092
47.5145587,8.6385348
47.514636,8.6505269
47.5178128,8.6415295
47.4915442,8.2664735
47.5570647,8.4373891
47.4827788,8.2936581
47.3772151,8.4887136
47.508264,8.7564031
47.3639463,8.6201464
49.0686423,6.8324501
48.7188143,7.3145674
49.4435946,6.3997816
48.3194154,7.7250395
48.5845978,7.7494183
49.1244849,6.4146933
48.6044457,7.7528583
48.8260535,7.3919361
48.6022648,7.7533063
48.9527093,7.5843085
48.4411419,7.4013819
48.569836,7.798671
49.4457041,6.2312051
49.1785751,6.0892995
49.0022783,7.3256731
48.5037521,7.4471416
49.1092349,7.3417792
48.6308698,7.2914114
48.7419985,7.3616503
48.7363024,7.3284564
48.9360694,7.3792725
49.0795511,6.0687872
49.0010859,7.2002007
49.0063566,7.3868797
48.7123134,7.6163319
48.2616577,7.4539997
49.0829644,7.315531
48.7574563,6.8992001
48.7577353,6.8995156
48.8439779,7.6076297
48.9040837,7.3272578
48.9098449,7.7502471
48.7314109,7.2595789
49.0672321,6.3082022
48.6624876,6.492406
48.9216688,6.3592193
48.8714716,6.4464889
47.4550219,7.3104343
49.0972281,7.4348627
48.6894991,6.201189
48.7284802,7.4888115
48.4158586,7.3806736
48.3217701,7.2755207
48.4063949,7.2765322
48.2457259,7.3829438
48.5847254,7.5555513
48.7267475,7.3756205
49.0357761,7.6902127
49.0357085,7.6909379
48.570829,7.800252
48.4647988,7.4722694
48.5092978,7.6057745
48.5565008,7.5051544
48.9559173,7.6254512
48.510881,7.2397999
48.2346099,7.6185647
48.2722424,7.4470746
48.6892552,6.1747693
48.487304,7.1825374
48.8897972,7.4557174
48.9362574,7.4604167
48.8788547,7.3786392
48.96128,7.6260557
48.5582949,7.2104059
48.456737,7.259858
48.5280772,7.3224956
48.5270328,7.3258185
48.3271381,7.4195877
48.5613346,7.5312416
48.5539318,7.2230502
48.332633,7.5684417
48.7420513,7.362386
48.6593321,7.2281156
48.6817453,7.1972685
48.6744156,7.2046217
49.0363382,7.6908937
48.566167,7.7593732
48.5766577,7.7280128
48.6034003,7.7339868
48.5794641,7.7615194
48.9532739,7.5252281
47.7380622,7.3513139
47.7340162,7.3496548
48.7521321,5.7547908
49.193637,6.6153158
48.4180535,7.427766
48.2719531,7.3944323
49.488115,6.1278686
48.5993911,7.7179697
48.208692,5.8415748
48.6611709,6.1810052
47.3114434,6.4999081
48.8351386,6.9953156
48.9108287,7.2882313
48.5804343,7.7544618
49.4839377,6.2010662
48.5963662,7.4648261
49.1075888,6.1850047
48.9525145,7.4463705
49.014904,7.5287717
48.8671348,7.2941038
48.5799555,7.7447099
49.1133661,6.202898
48.571384,7.8001
48.5993219,7.720498
48.5615464,7.7591953
49.0892242,6.1825644
48.937438,6.397497
49.1049503,6.1607136
49.1897346,6.6375848
48.8768005,7.4172731
49.3468303,6.2989484
49.319286,6.3708589
48.91237,7.4150363
48.5287596,7.1747331
48.5449522,7.1918294
48.748606,7.6252863
48.6720883,6.9986634
48.6240746,7.1024337
48.5406574,7.4940497
48.5263633,7.7145402
48.5897575,7.7809373
49.1072572,6.4058002
48.9326611,7.6670024
48.492682,7.3245901
49.1092265,6.1715266
48.9548915,7.9406577
49.1073511,6.1678999
48.7558023,6.9815954
49.0222817,7.1525931
48.7034,7.3099
48.49957,7.20799
49.0959789,6.2431353
49.0356841,7.687318
49.0370544,7.6777202
49.0370157,7.6822837
49.0355559,7.6928446
48.6610291,7.2483355
49.0221808,7.1524962
49.1013607,6.1868722
48.5815569,7.7500171
49.1569714,7.0307585
48.573068,7.7459269
48.5726859,7.7426939
48.786378,6.4632767
48.7885823,6.6062872
48.8508852,6.6500441
49.0072134,6.2045584
48.4475164,7.5409445
48.2537672,7.3983342
48.2540476,7.3985881
48.5152158,7.6401837
48.3087019,7.2094429
48.4222284,7.3708197
49.097814,6.8873527
48.6536135,7.1502734
49.4238247,6.2976365
48.720262,7.0202306
48.7389314,7.3694097
48.7317783,7.0623276
48.5663798,7.7561138
48.6342107,7.7367013
48.53486,7.4332011
48.3951398,7.4447038
48.8035572,7.402777
48.4094427,7.2336729
48.4095965,7.2344362
49.0456105,6.1570646
48.5650276,7.4780877
48.6928352,6.7007398
49.1052717,6.1553696
48.695559,6.9962817
48.7504591,7.3308714
48.5647864,7.3015672
48.6002742,5.8430787
49.1307057,7.4864781
48.904642,7.5269941
48.4206528,7.6574516
48.5751914,7.691597
48.4640168,7.4821289
48.8810444,7.1210349
48.5771531,7.7684035
48.9009279,8.1095009
48.9010268,8.1097707
49.2697385,6.3094568
48.5742748,7.7608358
49.1156077,6.166977
49.1161935,6.1744587
48.9130875,6.7873367
47.2387701,6.0125712
49.4487104,6.348443
49.113293,6.2076302
49.0786401,6.3245913
48.4701956,7.4106063
49.1227164,6.1693655
49.1872087,6.622803
49.4417117,6.3568027
49.1077388,6.1776962
48.4275922,7.1504382
49.029526,7.7160949
49.0459755,7.7733052
48.6335177,7.7104327
48.6428019,7.1420903
48.6072907,7.7486175
48.3232664,7.3131868
48.0785398,6.9466708
48.0784523,6.9465753
48.729398,7.90326
47.8414829,6.720934
49.112731,6.1800264
49.0471596,7.7749935
49.203155,6.2966295
49.3091339,6.3393564
48.5848183,7.7211476
48.5842582,7.7202224
49.1881063,6.6112472
49.29312,6.5324707
48.4852011,7.7235239
48.8251265,7.4830991
48.257898,7.4494395
49.2361619,6.0750662
48.4252832,7.2589044
48.4879173,7.6917256
48.4858722,7.6883289
49.0771359,6.1817414
48.4613355,7.4845965
48.5760997,7.6290764
49.0763505,6.0729264
48.5158647,7.7070967
49.0240797,6.0516831
49.1065191,6.0929047
48.9630155,7.7365668
48.09284,6.6108562
48.5001691,7.5245484
48.5811722,7.7515607
48.849424,7.5528054
48.6950386,6.9959109
48.4087241,7.4492915
48.5662121,7.7597184
49.1001531,6.1412317
48.7771467,7.2920626
49.097655,6.1721698
48.7413029,7.313099
49.1040867,6.1852985
49.0212596,7.4395575
48.8650681,6.9360492
48.7351722,7.2518702
49.14589,6.1149821
49.1306469,6.6162065
49.2103174,6.6392032
49.0566899,5.9951892
49.2127168,6.3416023
48.785733,7.2899392
48.6305692,7.2605398
49.1358587,6.1375223
49.1251703,6.1187177
49.1149409,6.1712797
49.1125197,6.1703522
49.1152304,6.162649
49.1290935,6.1097758
49.1181214,6.1496771
48.9999202,7.3851208
49.0412704,7.4125217
49.0200746,7.4679483
48.9896012,7.4435365
48.8023876,6.7174335
49.095807,7.5374659
48.9643919,7.4487153
49.0952915,7.4197056
49.1368069,6.612072
48.6001524,7.1095796
49.1012623,6.1656659
48.7067355,7.078093
49.1031807,6.1581444
48.7867885,6.4631169
48.717625,7.1633088
48.7176013,7.163276
49.0417525,7.3537032
49.1124648,6.1639594
49.1273482,6.1243933
48.7430049,6.9422991
49.1635582,6.5976027
48.7037634,7.0770226
49.4421369,6.3529934
49.121925,6.5713976
49.1115573,6.1759242
49.3964735,6.2799227
49.1115315,7.0652987
49.1157315,6.1668673
49.1167519,6.1673727
49.1141958,6.3035984
48.7295829,7.2784127
48.7614199,7.2870209
49.1944541,6.6812507
49.3721641,6.1427624
49.3703137,6.1357676
49.0613947,6.5014015
49.1208516,6.1687402
48.7327844,7.2652785
49.109563,6.1772065
49.10913,6.1763789
49.0786199,6.3245976
49.2236201,6.3331069
48.9983577,6.1001048
49.1233047,6.17922
49.1261248,6.1642191
49.1041669,6.1591141
49.0964146,6.1736239
48.6446386,6.8962618
47.3197617,9.4696437
47.3403456,9.376971
47.3416961,9.3725337
47.2943613,9.3364135
47.255606,9.3853233
47.2698858,9.4024971
49.3290879,6.477553
49.1035358,6.197089
48.639092,7.0938253
48.5993752,7.2401582
49.3555501,5.9969975
49.0584858,7.3869866
49.0698,7.3595
47.326205,9.3625885
47.3376684,9.3231689
47.2688629,9.3467416
47.2859676,9.3936815
47.2804199,9.3793816
47.3469164,9.3710113
47.3183017,9.4576772
47.3176641,9.4562905
47.111285,6.8375114
49.089544,7.359474
49.0806,7.3803
49.0158,7.3967
49.0762,7.371
49.0583906,7.3702418
49.0649267,7.3746429
49.1248163,7.3226592
49.0657998,7.3201889
49.0264,7.3323
49.0811385,7.4941221
49.0816794,7.4944531
49.0816309,7.4931047
48.9479168,7.3245076
49.0418413,7.4190837
49.1566404,6.5977306
48.8793186,6.4417391
48.9088999,6.4339454
49.4380957,6.4381576
48.9896108,7.4435533
49.0544627,6.1069038
49.3941879,6.2830203
49.3797026,6.3276684
48.7573177,7.2879812
49.1926598,6.4200992
48.9236489,7.4852612
48.4916924,7.4625444
48.6414604,7.2971589
48.4841653,7.1836747
49.0569732,7.7837857
48.7537848,7.3348994
49.0252365,7.8857156
49.0322339,7.7093213
49.0102906,7.7879574
48.8218231,7.3863969
48.8232446,7.4808718
48.8035594,7.4027921
48.8422025,7.408987
48.6547297,7.3753289
48.7436125,7.3215788
48.7405427,7.3172233
48.669529,7.3238302
49.0396446,7.9041163
49.0367702,7.9413516
49.0324392,7.9438587
48.2518146,7.3474182
48.5270467,7.1625785
48.5262292,7.3270986
48.5897899,7.7797571
48.5911019,7.7769424
48.307212,7.2234227
48.9855922,7.7596966
48.568952,7.801773
48.8567668,7.3151381
48.468269,7.2786954
48.9868951,7.7597474
48.5521319,7.4634611
48.435138,7.3933361
48.4326961,7.4008077
48.6005383,7.2897901
48.4919865,7.2165278
48.4609856,7.2350317
48.8488193,7.4152424
48.5726454,7.7465541
48.3197889,7.5859737
48.3540352,7.6788423
48.7479468,7.5083593
48.7365416,7.4845723
48.5222444,7.286798
48.5228238,7.2858897
48.8766495,7.4145999
48.5844725,7.7398258
48.3193986,7.7286263
48.8276674,7.4154887
48.7017412,7.5856239
48.5171877,7.7060014
48.5780469,7.7531411
48.5788094,7.754252
48.5826511,7.747098
48.8991447,7.9687828
48.9408031,7.4567415
48.9291217,7.3690401
48.5866395,7.288158
48.5462584,7.2496555
48.6106964,7.7488863
49.0028676,7.6311504
48.2596367,7.4542366
48.2589186,7.4565134
48.2579342,7.4519943
48.8991777,7.3544268
48.3494895,7.1873251
48.9525601,7.6108861
48.5690556,7.4922832
48.5806149,7.7399673
48.4528855,7.1990773
48.4892026,7.2906178
48.4914767,7.260507
48.2860075,7.4194251
48.5804799,7.740723
48.905327,7.3289697
48.3787278,7.2828234
48.8595088,7.3208204
48.5949163,7.465333
48.6020456,7.7498891
48.7841507,7.6480641
48.7367599,7.4844183
48.4371207,7.2226133
48.563657,7.6152385
48.6622787,7.6415629
48.4043367,7.3309829
48.5182209,7.1669443
48.5891232,7.6631027
48.968249,7.7264927
48.5892048,7.7348679
48.7483614,7.6251706
48.8067756,7.4025389
48.8220045,7.7953644
48.9186761,7.5850648
48.5657355,7.4770333
48.165537,7.5400104
48.3442714,7.30488
48.6100124,7.760263
48.610424,7.7612552
48.5609938,7.7715618
48.4139969,7.2149988
48.4098471,7.2322118
48.4374884,7.4044495
48.69832,7.30226
48.30033,7.32982
48.850365,7.8632384
48.9747,8.1783
48.8197593,7.2804185
48.5882422,7.7485827
48.5831941,7.7463179
48.5828804,7.7409679
48.6214258,7.7553124
48.5846601,7.7432699
48.5348965,7.4341588
48.5779531,7.7807434
48.5701483,7.7664541
48.590929,7.7786237
48.57712,7.7684109
48.6017049,7.7857262
48.5671278,7.7639687
48.81829,7.7865514
48.5796456,7.6664244
48.7993981,7.9861162
48.8961105,7.9801257
48.6016619,7.7856602
48.5289065,7.3171156
48.5031998,7.2833964
48.5486871,7.7598079
48.5507794,7.7595965
48.2619649,7.3754678
48.437502,7.4045615
48.6336717,7.7362176
48.8776126,7.4161893
48.872634,7.4410208
49.0369628,7.9433424
48.4097718,7.2360055
48.4091369,7.2369802
48.4088207,7.2389653
48.4112554,7.246361
48.5904775,7.7488043
48.6365858,7.5112256
48.4842443,7.1873407
48.9978653,7.9557927
49.0321594,7.942966
49.0316977,7.9433493
48.5911752,7.7216641
48.4981312,7.4680613
48.5294203,7.728226
48.5771665,7.7696928
48.5748004,7.7739535
48.5760253,7.7769309
48.5854947,7.7423384
48.5728565,7.7687214
48.2546816,7.4524366
48.574451,7.7722491
48.4849736,7.7217261
48.4853634,7.7216346
48.9744765,7.0643461
48.5710729,7.7587017
48.5715571,7.7569944
48.6733604,7.8541749
48.7602301,7.3482076
48.5845518,7.7340313
48.3706245,7.4026654
48.7095816,7.6212107
48.6063556,7.7517958
48.2715775,7.399146
48.9217709,7.4826977
48.589327,7.6639325
48.3090565,7.4172246
49.0042704,7.7916927
48.5617006,7.7278276
49.002318,7.632403
48.5966008,7.7217613
48.6875535,7.3818989
48.3529213,7.4189386
48.3544511,7.3782554
48.2317585,7.4038513
48.938089,8.0191264
48.5856012,7.7351029
48.7387608,7.3698606
48.7389405,7.3699786
48.4068843,7.4441053
48.4070665,7.4439561
48.4619751,7.4858844
48.5843531,7.7362435
48.4608667,7.4342995
48.5348427,7.6368083
48.732147,7.7105025
48.7327346,7.7109355
48.7328842,7.7105967
49.0295855,7.7135944
48.4892866,7.1614244
48.6540702,7.3752752
48.6528246,7.3691765
48.6556488,7.3767858
48.6551655,7.3757922
48.6559846,7.3775621
48.6552042,7.3786441
48.6530798,7.375544
48.432301,7.4264587
48.348163,7.5774848
48.4748955,7.260023
48.4037282,7.6747367
48.4307423,7.4130981
49.0040981,7.7882539
48.4895245,7.2643493
48.3657552,7.6216974
48.9194535,7.5844709
48.5903909,7.7799627
48.5904554,7.7779825
48.5916061,7.7727479
48.5912227,7.7589385
48.5794434,7.739376
48.8706291,7.4405393
48.584584,7.7494168
48.7330918,7.7107733
48.7329504,7.7111652
48.7324925,7.7102733
48.7333306,7.7109758
48.7322924,7.7105434
48.7325149,7.710795
48.7326985,7.7104368
48.6529593,7.6053089
47.3984762,8.5181528
47.3971301,8.6195683
47.2590274,8.5370041
47.4220971,8.5313035
47.4141566,8.5195633
47.287865,8.5660293
47.2828197,8.5644246
47.2759328,8.5674053
47.4144047,8.5183564
47.408963,8.7192193
47.4145309,8.5528351
47.3849253,8.4777472
47.3876672,8.4857189
47.5056311,8.8012989
47.3263617,8.9586725
47.3649366,8.8980401
47.3982883,8.8552567
47.4758021,8.7724014
47.5073898,8.7450101
47.5969143,8.6802027
47.3725908,8.5635541
47.57629,8.5229802
47.3847616,8.7190611
47.5692225,8.419933
47.4828199,8.6779649
47.3791674,8.5446657
47.5138416,8.6417863
47.3624848,8.530895
47.2672713,8.5697865
47.2762548,8.5560813
47.2785817,8.5598425
47.3300804,8.5309452
47.6386294,8.5999915
47.6401591,8.5998302
47.6453073,8.6039789
47.3770696,8.5595609
47.3797883,8.5550783
47.3857017,8.5410035
47.4002651,8.5859033
47.4006962,8.5843851
47.6705604,8.6311891
47.2768276,8.6331843
47.3634068,8.5548215
47.3680198,8.5515322
47.3871934,8.5397916
47.3321275,8.623517
47.5229918,8.5446352
47.393811,8.5052327
47.3492277,8.7112735
47.3624993,8.7014863
47.3717469,8.4964933
47.3745445,8.4959567
47.3725248,8.4939633
47.3924734,8.7740919
47.3912756,8.7748435
47.5434927,8.5856062
47.5231213,8.5262972
47.5219656,8.5322153
47.4150513,8.4541567
47.2761409,8.6206415
47.352724,8.510288
47.270461,8.6396252
47.6833962,8.6274182
47.6837707,8.6313044
47.3709915,8.564847
47.4193295,8.5472782
47.6429746,8.6005014
47.3580023,8.4709006
47.6445007,8.6049605
47.4525527,8.466857
47.537556,8.4171374
47.3671953,8.5070507
47.3679729,8.5106672
47.5740434,8.5248258
47.5541842,8.5517477
47.5481264,8.5130117
47.507697,8.7182865
47.3260225,8.5144253
47.3866204,8.4785623
47.3806934,8.4770943
47.632754,8.7983213
47.4905651,8.8678631
47.4915964,8.8690457
47.4912791,8.8674739
47.4899382,8.8685334
47.4891357,8.8678071
47.489068,8.8685999
47.5096131,8.3772488
47.5241531,8.3773723
47.4094741,8.4699855
47.3819508,8.5088819
47.3696975,8.5367153
47.3723263,8.5344643
47.5276311,8.7936012
47.3686628,8.5668605
47.3949877,8.526563
47.355482,8.6006615
47.3753395,8.5389172
47.4994859,8.4149222
47.6710535,8.646455
47.6587856,8.6561896
47.6517846,8.6763535
47.5158901,8.8629783
47.5200914,8.8658652
47.5201706,8.8652659
47.5204556,8.8645545
47.5204923,8.8640475
47.5206358,8.8615645
47.5216072,8.8898362
47.3520064,8.5661315
47.4415133,8.8407571
47.4413505,8.8417019
47.2353869,8.757482
47.2352211,8.7582341
47.3030304,8.5928136
47.3970592,8.5958988
47.6913952,8.6414549
47.3872552,8.5123116
47.4329876,8.4057579
47.373228,8.5417102
47.5032708,8.3744495
47.2595117,8.848348
47.2523677,8.8520189
47.2519537,8.8511802
47.6251985,8.6746433
47.6864617,8.6461969
47.4228361,8.5683599
47.3264764,8.9214086
47.5025474,8.4066577
47.5008719,8.4053718
47.5018418,8.4061135
47.481412,8.4534842
47.4449409,8.4903293
47.3722837,8.6391532
47.6377891,8.694419
47.3951455,8.4472667
47.3945493,8.4472888
47.3943937,8.4483004
47.4417184,8.8903236
47.5710412,8.5098292
47.5597682,8.4994643
47.5584375,8.4990668
47.3950553,8.4523944
47.3962692,8.4456969
47.4416405,8.4802079
47.3930199,8.5224186
47.3602962,8.529439
47.4282669,8.3945428
47.3074096,8.9244049
47.3887303,8.6834323
47.3880761,8.545577
47.2421858,8.6452826
47.3705216,8.7849863
47.4159813,8.4457461
47.3176388,8.5770383
47.4145839,8.4559644
47.4207136,8.4350786
47.419359,8.4349691
47.4191023,8.4323114
47.4186927,8.4309295
47.4188188,8.4349615
47.4186363,8.4364427
47.4190524,8.4355944
47.418638,8.4301583
47.472715,8.7774858
47.5043446,8.3769989
47.3792369,8.5119462
47.3800513,8.5127251
47.4909305,8.4774394
47.4817263,8.4521468
47.4488193,8.3770695
47.379402,8.6677916
47.4614751,8.3884843
47.448068,8.8230615
47.448639,8.8384469
47.3158505,8.5974407
47.337734,8.5754687
47.5096989,8.7171228
47.3917469,8.7728181
47.2573415,8.7240186
47.3245297,8.5480869
47.4725125,8.4382816
47.3125991,8.5255391
47.5299045,8.5790688
47.3055809,8.5914619
47.3040679,8.5960991
47.4138703,8.559826
47.3372081,8.5736695
47.3400278,8.577291
47.3609835,8.5718287
47.381027,8.5455867
47.383416,8.5451288
47.3515023,8.5123202
47.3549197,8.5183777
47.4123135,8.5435553
47.2847738,8.5146107
47.2853522,8.5149377
47.4107889,8.5723876
47.2610226,8.8444481
47.599832,8.6837262
47.5133927,8.6403955
47.5800966,8.5818081
47.4018747,8.5388664
47.4978586,8.3567945
47.3406494,8.8403851
47.3396376,8.8401311
47.3678734,8.5010699
47.3935712,8.613013
47.3238942,8.7840454
47.2794877,8.4541222
47.3684842,8.556963
47.3536303,8.9332202
47.3247841,8.5451754
47.5195598,8.5488315
47.3879975,8.4818108
47.3874545,8.4818756
47.39708,8.6183559
47.3955306,8.4902648
47.3966244,8.4887946
47.416339,8.51321
47.2544222,8.6154819
47.351788,8.5241567
47.3361825,8.5180027
47.3911886,8.4556849
47.3335658,8.5154698
47.3825593,8.5159956
47.3658182,8.5300809
47.4134036,8.5461299
47.3651279,8.5622063
47.383084,8.5344276
47.3777349,8.5505689
47.207295,8.6177395
47.3701902,8.5615267
47.4008816,8.7805767
47.3934706,8.7748663
47.4093807,8.4641579
47.5758989,8.5241988
47.575526,8.4770896
47.4246106,8.5438228
47.4233987,8.5466187
47.2542409,8.707716
47.25503,8.696374
47.2549373,8.6967078
47.4901761,8.753811
47.3797848,8.5051363
47.2604336,8.5466764
47.383429,8.5334838
47.5054372,8.755426
47.5058388,8.7555163
47.5169189,8.7572313
47.3861419,8.5305825
47.4392907,8.8248644
47.4467454,8.4052759
47.4398,8.4381967
47.3892243,8.6159755
47.5047042,8.545926
47.3608842,8.7925719
47.50092,8.4160465
47.5005302,8.4164212
47.2863144,8.6159658
47.3513045,8.7183626
47.2948308,8.6323177
47.2950901,8.66805
47.5051531,8.7662234
47.384541,8.5467145
47.3705857,8.5473486
47.3807718,8.4872
47.3256483,8.8320302
47.4926084,8.6818499
47.6390661,8.7895338
47.3739452,8.5526698
47.2142691,8.6064042
47.3220955,8.5480949
47.2808891,8.563672
47.5918463,8.6794035
47.5948298,8.6800885
47.5703238,8.4681864
47.3064147,8.7547145
47.3001408,8.7675038
47.301092,8.7634617
47.3803218,8.5342622
47.5061569,8.3813672
47.2922599,8.5650881
47.3189952,8.5459024
47.3998016,8.4189919
47.3761473,8.5584054
47.3212342,8.8880585
47.513876,8.7289695
47.3756568,8.5583005
47.3768609,8.5460071
47.3892786,8.5449194
47.3889891,8.5434291
47.4404036,8.4355549
47.4413906,8.4424043
47.2551422,8.6971996
47.340204,8.5734325
47.2802709,8.6838358
47.3786874,8.5332217
47.4438663,8.5213877
47.3372026,8.4383238
47.2745881,8.690777
47.2789967,8.7175538
47.351513,8.6397058
47.3360445,8.6177985
47.2203578,8.6242642
47.3704527,8.4537789
47.3710504,8.4540399
47.4259646,8.6169597
47.420124,8.6144166
47.5041819,8.5479602
47.2674106,8.4844707
47.2682655,8.4874378
47.2975175,8.4498506
47.4027512,8.5925122
47.4978198,8.3768654
47.4818026,8.4007927
47.4353261,8.571404
47.3258952,8.8723936
47.3316313,8.8470754
47.2887383,8.5408137
47.4456088,8.5245113
47.5265531,8.7511639
47.2789715,8.6437262
47.5035783,8.7670502
47.3503024,8.712346
47.2997202,8.8402096
47.4520464,8.5329128
47.332436,8.5718768
47.4777855,8.521768
47.4937213,8.4968105
47.5233517,8.5169016
47.5392774,8.8489495
47.4317087,8.7623648
47.4291476,8.7660676
47.4308171,8.4934402
47.4303794,8.5620706
47.423933,8.4115263
47.4218095,8.4095559
47.4230283,8.4100421
47.3104166,8.5357105
47.4913101,8.8701225
47.2421036,8.5348852
47.4071463,8.5329387
47.2702712,8.853081
47.4301723,8.5597598
47.2861758,8.4611923
47.3163249,8.5808306
47.557558,8.72977
47.2614309,8.7013813
47.4731572,8.7090711
47.3967575,8.6954716
47.6819923,8.6589674
47.6816301,8.6548188
47.3631934,8.8314354
47.3456991,8.8070063
47.3441852,8.8076789
47.619487,8.5442302
47.3353558,8.8310255
47.234283,8.7774856
47.3798762,8.8362255
47.3801999,8.8365461
47.3795736,8.8360295
47.6527714,8.654809
47.6536422,8.6541189
47.6532728,8.6535558
47.4136633,8.5610494
47.4259974,8.5365978
47.6124804,8.544857
47.4711606,8.4022041
47.2078011,8.5861801
47.4719858,8.6750613
47.5223485,8.3709555
47.5271781,8.5956991
47.5030296,8.5949552
47.2778705,8.7593467
47.2874425,8.5320192
47.2782767,8.7578299
47.2793467,8.7601513
47.2797241,8.760549
47.5211689,8.5502395
47.4348339,8.6900761
47.254078,8.6960017
47.6124077,8.5410928
47.6129516,8.5399898
47.5374625,8.4666419
47.5262461,8.4686822
47.404618,8.5492932
47.5749991,8.7811729
47.5731935,8.7791261
47.4047982,8.438839
47.5616136,8.4997613
47.5406906,8.4748209
47.5421047,8.475207
47.513123,8.4766597
47.522437,8.5221893
47.3513227,8.7129993
47.3673498,8.8790759
47.2591591,8.6901224
47.3800355,8.5022337
47.5165896,8.5404893
47.4219689,8.6300263
47.4976905,8.7229748
47.5067831,8.7614345
47.3787618,8.4871728
47.2811432,8.8799975
47.2734285,8.8715725
47.5893978,8.4734396
47.588459,8.4739988
47.175323,8.6662017
47.3004838,8.594694
47.3095095,8.6190101
47.2990925,8.8669396
47.2948773,8.8694813
47.2824569,8.8828849
47.281268,8.8802841
47.2518553,8.5374482
47.2761662,8.5753974
47.4747604,8.5271934
47.292527,8.5292338
47.6046984,8.5034851
47.4103813,8.6441989
47.5046734,8.739633
47.2624547,8.6776218
47.2631734,8.6792747
47.2638644,8.6783177
47.2187128,8.6606205
47.4425892,8.4042411
47.461075,8.5569717
47.4375178,8.4384721
47.5354602,8.7616128
47.5360966,8.7303235
47.577403,8.5279827
47.268114,8.5838003
47.3554396,8.7089115
47.427284,8.614647
47.4229618,8.6193934
47.4206948,8.6295663
47.378863,8.487784
47.315286,8.5417968
47.316368,8.5420405
47.3167934,8.5418493
47.3166064,8.5419634
47.5835977,8.7707656
47.5275773,8.4680099
47.5280079,8.46682
47.3211684,8.5306327
47.298882,8.8801104
47.3219572,8.5306322
47.4108921,8.7927543
47.2391296,8.7306298
47.2672469,8.5837346
47.4180752,8.5200573
47.3145207,8.8025771
47.3154157,8.8017343
47.5002912,8.7237733
47.3248637,8.8610347
47.3137461,8.8562773
47.4025131,8.5344663
47.3159512,8.7929203
47.564604,8.7546871
47.4213768,8.767197
47.4612651,8.554678
47.3362171,8.8508402
47.4245452,8.5460746
47.3546235,8.6386166
47.2771399,8.9154015
47.20774,8.5954221
47.4903879,8.4376872
47.5988327,8.6838814
47.2475453,8.5073443
47.50614,8.7553516
47.5058266,8.7558896
47.3590409,8.7270266
47.3107388,8.5194082
47.3838546,8.4706018
47.4099404,8.5698594
47.4087302,8.5677967
47.406062,8.5641664
47.503498,8.8012776
47.3494802,8.717909
47.4074248,8.5661189
47.404982,8.5609134
47.4090134,8.4646358
47.3467031,8.7263855
47.3082478,8.5352765
47.3528019,8.5723972
47.5396676,8.851964
47.5362978,8.8443593
47.4078835,8.4867753
47.4053764,8.489262
47.3732433,8.5001616
47.3753258,8.4974339
47.3073744,8.8702744
47.4135343,8.5412781
47.40283,8.4999404
47.4021637,8.4994418
47.4072909,8.5504764
47.4053011,8.5037737
47.4092916,8.4948507
47.2580777,8.7209212
47.3374881,8.5247111
47.3408969,8.5327521
47.3405355,8.5326338
47.3246724,8.5231187
47.3364277,8.5332777
47.3384129,8.5322737
47.3350312,8.5287268
47.3384703,8.5306659
47.3441984,8.529788
47.3404323,8.5128877
47.3315762,8.516503
47.3893236,8.6946424
47.3329915,8.5352832
47.3634467,8.5354984
47.366683,8.5405993
47.3377886,8.5362019
47.3415132,8.5344025
47.3783213,8.5097242
47.3509803,8.5204128
47.3847295,8.5479977
47.3339218,8.5242976
47.3352632,8.524921
47.4094105,8.5378065
47.3516757,8.5265659
47.3543635,8.5261178
47.3811871,8.5031196
47.4067048,8.5130864
47.4008782,8.5353876
47.3555989,8.5292616
47.3583586,8.5269061
47.2454545,8.726039
47.2391588,8.7354119
47.3315719,8.7111766
47.399629,8.5143144
47.4103737,8.5327676
47.4290537,8.4910635
47.3611842,8.5327652
47.4288056,8.4815024
47.3777925,8.5930476
47.3746861,8.5520334
47.3694233,8.5591857
47.3470321,8.5330291
47.3727827,8.5505355
47.3327294,8.5327476
47.3800843,8.5483012
47.3697713,8.6953156
47.3700272,8.6939425
47.3693751,8.6933471
47.3626745,8.7007116
47.3215224,8.7569242
47.394618,8.5220262
47.3996826,8.529612
47.397059,8.522915
47.4004287,8.5273559
47.4032177,8.5220445
47.3755221,8.5494214
47.3880701,8.750369
47.3563838,8.5206289
47.3418502,8.5175923
47.4009595,8.5201971
47.5282458,8.4674869
47.3506472,8.5262519
47.3664219,8.5331196
47.3655256,8.5321706
47.357747,8.5305655
47.2753229,8.5744711
47.363506,8.5332355
47.3467891,8.4951838
47.3281355,8.5246005
47.3291663,8.5246345
47.3679048,8.545038
47.3357501,8.8564612
47.3210012,8.52747
47.3363553,8.5141664
47.3870135,8.4908195
47.4028131,8.5008097
47.3585076,8.4976557
47.3850652,8.791723
47.4007253,8.5172153
47.3609138,8.4872776
47.3679873,8.4957335
47.3646246,8.5378423
47.3945407,8.7727304
47.4107941,8.7928802
47.3641112,8.5261455
47.3929285,8.5511825
47.3401646,8.535299
47.3762652,8.5266665
47.3758826,8.5233165
47.3791232,8.4954871
47.3103674,8.6491523
47.3743565,8.5254056
47.4023779,8.4893214
47.3730866,8.5333989
47.3615291,8.7840251
47.4234553,8.5661132
47.352257,8.507129
47.5477233,8.6222226
47.3629755,8.7983082
47.3686956,8.5343104
47.35864,8.5690571
47.3671242,8.6379009
47.3623576,8.7204657
47.4031285,8.5139683
47.3552836,8.724958
47.2985427,8.4493177
47.3692806,8.5908081
47.3742091,8.5911842
47.4352857,8.7170059
47.4363112,8.7172125
47.3650582,8.5540209
47.3651667,8.502468
47.3940915,8.5421742
47.3898352,8.5490429
47.338188,8.6686183
47.3402731,8.6691516
47.3563271,8.5319893
47.3834366,8.6729696
47.2874904,8.6705268
47.3407384,8.6669951
47.2667388,8.851571
47.3596068,8.499976
47.3556488,8.5040563
47.2784724,8.860406
47.2682954,8.8610567
47.2678394,8.8521499
47.3592743,8.5166778
47.3691336,8.5233781
47.3984456,8.5300943
47.3479587,8.7192881
47.384712,8.5316938
47.3702867,8.5446855
47.382338,8.5354353
47.3834326,8.5334292
47.3802419,8.5396604
47.3615085,8.6985634
47.37715,8.5240048
47.3783801,8.5232919
47.3771487,8.54217
47.3977292,8.5420049
47.3621935,8.5324476
47.3700938,8.5135305
47.37002,8.5205092
47.3736904,8.5296444
47.384089,8.5742761
47.3824835,8.5778979
47.3786848,8.5757286
47.3755753,8.6076448
47.3689127,8.5839553
47.353186,8.7128138
47.3828913,8.6356657
47.3895395,8.6918938
47.3010163,8.6907254
47.3196951,8.5845929
47.3724977,8.566233
47.3447336,8.6186589
47.3627011,8.5791712
47.3673876,8.5787457
47.3328523,8.7114142
47.3986552,8.7763589
47.41611,8.5407422
47.4145552,8.5367158
47.302385,8.5919305
47.2660887,8.6767327
47.3465016,8.8754424
47.3512464,8.8664845
47.3668361,8.8445845
47.3767051,8.8151199
47.3784236,8.805537
47.3941359,8.7767637
47.3936879,8.7768266
47.390213,8.4387546
47.3928838,8.4584034
47.3670738,8.5236446
47.3626592,8.5047479
47.3448076,8.7319821
47.2986816,8.490239
47.3330081,8.5178824
47.4943073,8.7264008
47.3594567,8.5356852
47.2387775,8.7185235
47.233852,8.7354102
47.3667492,8.5454975
47.3662791,8.5479312
47.3981962,8.5328087
47.4016692,8.5014662
47.2536063,8.6919164
47.3817628,8.5123218
47.3911361,8.5364215
47.3931909,8.5355283
47.4082716,8.5467797
47.37475,8.7343531
47.28692,8.6824031
47.2472969,8.7261589
47.3897875,8.748586
47.3866409,8.7522419
47.6831111,8.6278289
47.3821457,8.541903
47.3838032,8.5423311
47.5283885,8.4234926
47.2077881,8.7054762
47.2697581,8.7145652
47.4019775,8.4991123
47.4218681,8.5498362
47.3871107,8.5411534
47.4210111,8.501815
47.3924498,8.5279684
47.5697266,8.5979616
47.5947772,8.4926588
47.5605092,8.4941037
47.3786648,8.5062404
47.3913847,8.4476446
47.4139373,8.5273065
47.3858824,8.5471846
47.3764076,8.5440345
47.3548174,8.5352197
47.383053,8.5436805
47.3834387,8.5434747
47.378323,8.5367313
47.378467,8.5368164
47.3786101,8.5369009
47.3787608,8.53699
47.3789007,8.5370726
47.3790467,8.5371589
47.3781816,8.5366478
47.3791893,8.5372431
47.3731918,8.5439158
47.3736153,8.545257
47.3725462,8.547277
47.3689846,8.5501801
47.3787933,8.5415326
47.3958456,8.545151
47.4095515,8.5462213
47.4099675,8.546086
47.4105937,8.5443616
47.3957261,8.5318857
47.4027443,8.5355427
47.4058949,8.5378468
47.4088367,8.53957
47.3864234,8.5609143
47.2933583,8.4348718
47.4168057,8.4892896
47.3710477,8.5430927
47.4149493,8.5371347
47.4146944,8.47527
47.4044589,8.4890006
47.4107246,8.5013481
47.3976803,8.5024007
47.4117237,8.5253727
47.376005,8.5442453
47.3734645,8.5532624
47.3053833,8.6846437
47.3063755,8.6839949
47.3834876,8.5307046
47.3841768,8.5313736
47.4730329,8.4775146
47.2699631,8.8207547
47.510971,8.6941836
47.360236,8.5053852
47.3576417,8.5089548
47.3546218,8.5110059
47.3586807,8.5057557
47.3639848,8.5014517
47.360881,8.5048234
47.3718929,8.5154513
47.3742715,8.5145514
47.3928918,8.5302019
47.3744533,8.4832794
47.3740622,8.4821144
47.3774233,8.4835081
47.3782888,8.482983
47.3768817,8.4866943
47.3753072,8.4841994
47.3843129,8.4879842
47.3573326,8.5681049
47.3701727,8.5119133
47.4567641,8.7748077
47.3757177,8.5390385
47.3858662,8.5396436
47.3894279,8.538861
47.3670315,8.5447202
47.3697069,8.5262477
47.3742862,8.484518
47.3937648,8.5931256
47.4029502,8.5625042
47.3984914,8.5736748
47.3980079,8.5736249
47.3901277,8.4816471
47.3865438,8.5514487
47.3217848,8.6468098
47.3033125,8.591497
47.2361213,8.4754759
47.2286172,8.4895889
47.2263432,8.4937493
47.3387767,8.6680531
47.392321,8.5246019
47.2267135,8.5019936
47.216005,8.4775762
47.3948751,8.5234135
47.2306038,8.4963948
47.2096481,8.7039913
47.2152874,8.698231
47.2090942,8.7052616
47.3983425,8.6197797
47.2081835,8.7076662
47.2148775,8.687961
47.3928962,8.6471064
47.3594507,8.4500937
47.4062621,8.4041732
47.3913952,8.5302322
47.3895915,8.5312471
47.2081483,8.6979505
47.2086345,8.6900373
47.2125142,8.6943855
47.265175,8.5533084
47.3564467,8.5260606
47.6003667,8.6847675
47.3894826,8.4903238
47.3849618,8.4987296
47.373011,8.5448944
47.3997366,8.620085
47.4867627,8.7979787
47.4858557,8.8009889
47.5018984,8.818743
47.497979,8.7341875
47.5024469,8.7320832
47.5039677,8.7323307
47.4994976,8.7434107
47.5110858,8.6988491
47.6108855,8.7241765
47.6109165,8.7249044
47.6111365,8.7267151
47.6119827,8.7263128
47.6126706,8.7261825
47.6119124,8.7242773
47.5106857,8.6958662
47.3791051,8.6156259
47.4023971,8.4930972
47.5283543,8.4224506
47.3698109,8.6189068
47.3994924,8.5503673
47.4085918,8.462373
47.4278606,8.6057193
47.4197459,8.4346152
47.5090469,8.7231475
47.3727316,8.6262982
47.3679813,8.6217713
47.3853695,8.400336
47.3619031,8.6093771
47.4148985,8.5391315
47.4152529,8.5396018
47.3937952,8.5883309
47.3312067,8.57965
47.3979666,8.5742265
47.4608891,8.6600893
47.381163,8.4599363
47.3735019,8.5982701
47.383578,8.5701287
47.3824846,8.5677122
47.3969487,8.5451739
47.3952559,8.5527967
47.3863476,8.5681367
47.3772184,8.5369915
47.3785688,8.5309593
47.3583776,8.5835199
47.4526517,8.5856832
47.4518485,8.5895238
47.4302326,8.6718699
47.4263934,8.6840684
47.3977955,8.6221
47.2233146,8.559331
47.3718325,8.5889905
47.3697622,8.5992711
47.3661555,8.5757262
47.3849915,8.5297608
47.4989416,8.7238551
47.4904063,8.7254245
47.5093577,8.69294
47.5095938,8.6949548
47.5098852,8.6932761
47.5091702,8.6962776
47.5344683,8.7138232
47.5343378,8.7142895
47.5132563,8.7220891
47.4719492,8.5824647
47.4982114,8.6419856
47.4339602,8.4690849
47.4277883,8.4657978
47.4303317,8.4659449
47.4191338,8.5071162
47.2910685,8.9292112
47.2934913,8.7444945
47.348739,8.4908445
47.534351,8.7630745
47.3567122,8.6024597
47.5283296,8.5771082
47.5105739,8.5531268
47.3529608,8.583044
47.3456667,8.5901599
47.541808,8.623264
47.3287063,8.5927903
47.5470672,8.6217987
47.3290242,8.5866231
47.4105201,8.5272176
47.3354493,8.587909
47.3212027,8.6304791
47.3910332,8.5390063
47.3892948,8.5400973
47.4077853,8.6836822
47.51049,8.6919512
47.3808565,8.486146
47.5019541,8.7179596
47.4125547,8.695493
47.3983107,8.536407
47.5153514,8.5699283
47.5160905,8.5664855
47.634093,8.7677978
47.3216415,8.9500149
47.3411604,8.9429904
47.382212,8.5447596
47.3758256,8.5340069
47.3758945,8.5356539
47.3829657,8.5003521
47.4076874,8.5307323
47.4040602,8.4966631
47.4030344,8.4961944
47.4126955,8.5333219
47.3937772,8.5405322
47.3834249,8.5059648
47.3894558,8.5164938
47.3869363,8.5366182
47.4090088,8.5350446
47.3994995,8.5050457
47.4011453,8.5066565
47.3412322,8.5276162
47.3414441,8.5301679
47.3398126,8.5288719
47.3729966,8.5258281
47.4004313,8.5474059
47.3685075,8.8787145
47.3682311,8.878575
47.3641494,8.7812036
47.3685435,8.5227536
47.3686358,8.5190422
47.3693403,8.5175668
47.3719757,8.5259328
47.3679233,8.5261686
47.3672426,8.525113
47.3685955,8.5252075
47.3680377,8.5243131
47.3723582,8.5278388
47.318426,8.5904927
47.3765365,8.559652
47.3721498,8.5450982
47.3706648,8.5466474
47.3768922,8.5286004
47.5235687,8.4407585
47.5235235,8.4397063
47.5240276,8.4353744
47.5232499,8.4400476
47.5261804,8.4421925
47.5242381,8.4395179
47.2895148,8.5679523
47.3953086,8.5392955
47.4058812,8.5461807
47.2922,8.5649896
47.2883615,8.5542271
47.298539,8.5473536
47.2757937,8.5212609
47.2844032,8.5540639
47.2864077,8.5601448
47.4072756,8.5481657
47.2913637,8.5627667
47.2935286,8.5576759
47.3067728,8.5512482
47.3081171,8.5526523
47.2997865,8.5597511
47.2963384,8.5623334
47.2912506,8.566197
47.2899916,8.5688385
47.2774957,8.5759624
47.2578361,8.593213
47.4039294,8.5499307
47.3865765,8.5474996
47.3836057,8.5480955
47.3813999,8.5509081
47.3822431,8.5520189
47.2407752,8.596747
47.2526606,8.5859948
47.2591899,8.6044049
47.2935487,8.5644442
47.2848281,8.5506459
47.3690351,8.5451799
47.37122,8.5446693
47.3707951,8.5454244
47.4098317,8.5437671
47.3723238,8.5403522
47.3720615,8.5395018
47.3850834,8.5264233
47.3715417,8.6416081
47.3763611,8.6359108
47.4642254,8.7775716
47.3640794,8.5665513
47.4507322,8.5309129
47.4435374,8.6279155
47.4447055,8.6246692
47.2519471,8.6979748
47.6318308,8.8011242
47.2733614,8.5760409
47.2736975,8.5802882
47.5175945,8.7548998
47.5285813,8.7508071
47.3682192,8.5028266
47.3683517,8.5035427
47.4823154,8.7605832
47.378553,8.5518934
47.3002374,8.6875726
47.3727525,8.5698358
47.3447572,8.8301769
47.4558055,8.8109575
47.4695869,8.7743989
47.4637239,8.7774238
47.3691872,8.5393058
47.4690841,8.7849729
47.4575727,8.7712571
47.457003,8.7745096
47.4578726,8.7748483
47.4968784,8.8310017
47.4889719,8.8510418
47.461426,8.8729409
47.4137403,8.5720512
47.4465748,8.7921302
47.3805926,8.52541
47.4572691,8.8118738
47.3593215,8.5292901
47.5072529,8.7547678
47.2846118,8.7618542
47.2820971,8.7419931
47.288019,8.7134277
47.3334823,8.5189717
47.4064322,8.5417971
47.4516299,8.5322187
47.395618,8.4963689
47.3838018,8.4751673
47.3860884,8.4810754
47.3946865,8.4928113
47.5055888,8.771231
47.4198975,8.5722447
47.3565247,8.6289193
47.5080787,8.7716442
47.3772042,8.5481563
47.2792672,8.6731532
47.2650796,8.7022815
47.6381784,8.6926544
47.4044073,8.5555453
47.403482,8.5703755
47.5347305,8.7619871
47.5339723,8.761981
47.535018,8.7611782
47.5108705,8.6927698
47.524078,8.4323379
47.4739666,8.7950907
47.4746072,8.7946224
47.3121541,8.5273228
47.3879123,8.4716115
47.3977992,8.4948476
47.4279695,8.6893221
47.3933902,8.5249193
47.3648105,8.5661201
47.4415677,8.672587
47.4204114,8.7361865
47.41319,8.7309662
47.4656525,8.7632717
47.5362185,8.5230319
47.510882,8.75096
47.3612795,8.5171452
47.4118478,8.7293939
47.3676722,8.5315372
47.5057409,8.7650209
47.5052653,8.7755028
47.4990533,8.7766585
47.3948498,8.5179414
47.493184,8.771894
47.506207,8.773803
47.4814735,8.818392
47.483222,8.835317
47.5055174,8.8041437
47.4101362,8.8607951
47.4400452,8.8943265
47.4590065,8.8857428
47.4687462,8.827079
47.4784246,8.8203507
47.3889732,8.512991
47.2617128,8.5974891
47.2470274,8.5887135
47.3693435,8.6913014
47.3709764,8.6935688
47.6074142,8.6001086
47.3583332,8.7343805
47.3672492,8.5474186
47.3682841,8.5465743
47.353451,8.5762876
47.3549846,8.5745172
47.3791288,8.5461847
47.5024121,8.782517
47.3676591,8.5487121
47.3416394,8.5768183
47.3451243,8.665439
47.4742875,8.719745
47.476889,8.6904455
47.494343,8.8749088
47.3622256,8.7465259
47.3428385,8.790343
47.3616129,8.5475189
47.3655859,8.5452455
47.3489588,8.5344416
47.3517349,8.5595823
47.3597592,8.5528815
47.3233586,8.7903841
47.3641506,8.5316997
47.3268796,8.7973499
47.328114,8.802146
47.3428041,8.7725823
47.3656874,8.7814556
47.4715503,8.5677073
47.4789885,8.565431
47.4627302,8.5693805
47.3868862,8.7497445
47.3874515,8.7527853
47.345153,8.6034956
47.3427203,8.5826034
47.3074209,8.5551257
47.634825,8.7701385
47.5791614,8.5722802
47.5703633,8.5987626
47.4046743,8.5660523
47.569926,8.5952935
47.5708828,8.5954224
47.4574517,8.4374443
47.457979,8.4372922
47.3777439,8.5625812
47.5096832,8.716248
47.3696837,8.4986584
47.391058,8.5264258
47.3451589,8.5339416
47.3497095,8.5322263
47.2843295,8.7629219
47.5096654,8.7187652
47.4636157,8.6272835
47.2769965,8.4496018
47.3617595,8.5542076
47.2598743,8.8512479
47.5050286,8.7610579
47.3460298,8.5321465
47.2598447,8.7028445
47.3698895,8.543068
47.3712162,8.6409224
47.4067183,8.5464987
47.4019447,8.4979018
47.4023163,8.4955865
47.4036377,8.4965226
47.4049349,8.4907573
47.2605627,8.6945587
47.3655093,8.5647459
47.3689316,8.4601046
47.4254904,8.7798927
47.4412277,8.7947434
47.4429088,8.7964757
47.479901,8.8192419
47.3959748,8.3953791
47.4321813,8.5778727
47.3692685,8.5544017
47.3695523,8.555861
47.3381529,8.574746
47.2716021,8.636005
47.2820561,8.6123029
47.4298472,8.6722264
47.4349899,8.8479478
47.4523037,8.5846508
47.3705506,8.6923619
47.3701889,8.6930252
47.3693551,8.6959783
47.3693079,8.6884896
47.3719019,8.6927328
47.370881,8.6917082
47.370404,8.6846705
47.3684341,8.692773
47.3696641,8.687798
47.4433387,8.6248055
47.4440246,8.626445
47.4430826,8.6285634
47.4308532,8.6412264
47.3570605,8.5954915
47.3574449,8.5947097
47.3597772,8.5936913
47.4580397,8.7870655
47.5635501,8.7736712
47.3926369,8.5634679
47.5058323,8.707628
47.3635574,8.5322174
47.2667546,8.5598244
47.4646471,8.6150407
47.464322,8.6137439
47.3974295,8.5101182
47.3409534,8.5767676
47.5421539,8.7879592
47.6054511,8.5968748
47.6437713,8.6074894
47.5740562,8.5879315
47.4413005,8.843093
47.4692422,8.8712917
47.301361,8.5915089
47.3794662,8.5599138
47.5108276,8.4447191
47.3797,8.65208
47.2936372,8.5245164
47.3318228,8.5354315
47.5961656,8.7089281
47.2281512,8.6745369
47.2288542,8.6718301
47.3519864,8.5956488
47.4471642,8.6493903
47.3637415,8.4941804
47.3626773,8.518776
47.5227061,8.5425516
47.5460535,8.5405956
47.5235048,8.5461927
47.5197378,8.5374047
47.5138898,8.5431095
47.5199677,8.5421832
47.5299996,8.5550064
47.5163148,8.5417579
47.5170763,8.540399
47.5180265,8.5420393
47.5310065,8.5561421
47.5218221,8.5390701
47.5180671,8.5379301
47.3945329,8.6524476
47.5060122,8.7511048
47.5598644,8.5813839
47.4782394,8.5247655
47.4302232,8.5369501
47.5183073,8.5442734
47.4131866,8.5586908
47.564266,8.5448553
47.5702675,8.5234419
47.5719713,8.5242135
47.5725404,8.5162923
47.4889562,8.5937426
47.5011171,8.5981238
47.5017243,8.5975283
47.5016809,8.5963422
47.5496362,8.5658559
47.4529897,8.5329147
47.4487809,8.5335864
47.4515293,8.5187082
47.2990428,8.6094466
47.4034689,8.5747395
47.3484976,8.7150409
47.2978882,8.5981395
47.3574395,8.5280667
47.371232,8.5280531
47.3673491,8.6774952
47.3746478,8.5560715
47.3766281,8.5549819
47.3771883,8.5570301
47.3776801,8.5558065
47.3877782,8.553631
47.3499862,8.7168447
47.5766709,8.5227624
47.5770691,8.5716308
47.4171101,8.5559423
47.3740716,8.503078
47.4279595,8.5121508
47.3663563,8.5640459
47.3616992,8.5263298
47.362747,8.5291343
47.3593846,8.522803
47.4164021,8.5871374
47.3606042,8.5313633
47.505158,8.7415975
47.4283923,8.3973307
47.431498,8.5778065
47.3752519,8.478441
47.3090115,8.5557217
47.3153813,8.4661482
47.6718749,8.6658021
47.6393586,8.7902196
47.2302128,8.6751598
47.5070324,8.7565426
47.6384384,8.7889118
47.6406432,8.7918408
47.4082746,8.5587738
47.5134574,8.4741578
47.3102222,8.5546683
47.3094366,8.5574075
47.3861292,8.4926996
47.5366761,8.6031365
47.5395469,8.5952719
47.6710642,8.6346233
47.6704455,8.6343164
47.6707156,8.6318942
47.6700332,8.632901
47.6675847,8.6386539
47.6697759,8.6345446
47.6722766,8.6637974
47.6733964,8.6319432
47.6727338,8.6395316
47.5872466,8.7339863
47.6374466,8.6930218
47.6934648,8.6490836
47.4049765,8.5427562
47.4949117,8.673919
47.6674178,8.6315553
47.6674663,8.6308874
47.3817996,8.423608
47.4770935,8.7413626
47.3740145,8.5126218
47.3728534,8.5128215
47.3888645,8.5444494
47.3724105,8.5175097
47.3706038,8.5177904
47.3712351,8.5203609
47.3713645,8.5232507
47.3701311,8.5101708
47.4510701,8.6861808
47.4362466,8.6694117
47.3675819,8.4954575
47.3775209,8.506907
47.3739937,8.5169399
47.3754465,8.5165256
47.3755736,8.5104588
47.3756974,8.5102676
47.3769632,8.5038551
47.3775587,8.5027965
47.4627118,8.7462754
47.4720594,8.7097503
47.4672988,8.7253759
47.5050156,8.7432154
47.5582382,8.5900754
47.5612708,8.5890356
47.5666374,8.5856937
47.5330331,8.5841264
47.5336471,8.5895682
47.5346008,8.5818106
47.4970056,8.7140944
47.3688837,8.54924
47.4200347,8.5372512
47.3992807,8.4897157
47.4084663,8.4393821
47.2512075,8.7828394
47.2543443,8.7802569
47.3657944,8.8426153
47.3105538,8.7847151
47.5032569,8.5944372
47.576476,8.6048218
47.6841395,8.6290175
47.2695934,8.6412615
47.6841088,8.6299757
47.6846409,8.6275985
47.2677187,8.6435513
47.2677225,8.6402473
47.272447,8.6354473
47.2802657,8.644084
47.2783136,8.6434146
47.2749347,8.642716
47.3598995,8.7596839
47.5948482,8.6787772
47.3730336,8.5402668
47.267773,8.6396901
47.4241534,8.41524
47.4209801,8.4360136
47.4159624,8.4565709
47.2632541,8.6631618
47.2638898,8.6610028
47.5507284,8.5063713
47.556712,8.4967999
47.5496863,8.5165736
47.3259542,8.6503305
47.2693837,8.6392288
47.4132814,8.443728
47.2810828,8.6150824
47.2797461,8.6547512
47.2763098,8.6217491
47.293348,8.6251136
47.3907162,8.5670988
47.4108513,8.645556
47.268106,8.6399748
47.4490395,8.5830818
47.4420948,8.5851318
47.4853569,8.7607381
47.4862623,8.7592443
47.355726,8.5086576
47.5520756,8.6438873
47.566197,8.6169398
47.5696045,8.6048736
47.5296537,8.6410197
47.527519,8.6493887
47.528343,8.6556296
47.5285268,8.6531675
47.5325471,8.663655
47.4598401,8.4345836
47.3818799,8.5288799
47.310124,8.7214633
47.5471323,8.594377
47.2804948,8.6233907
47.4730438,8.3771966
47.4786889,8.7750587
47.2762183,8.6200754
47.4986516,8.6059591
47.5022855,8.6093183
47.5023387,8.596818
47.5011975,8.5949004
47.6857602,8.6281291
47.6839968,8.6274612
47.6858497,8.6282739
47.3672011,8.5975063
47.364343,8.5000775
47.385431,8.6833044
47.3905073,8.3919575
47.4199836,8.8453993
47.3261723,8.4905636
47.3271795,8.491151
47.3272953,8.4900921
47.3783207,8.5270555
47.457318,8.4359681
47.4579903,8.4353089
47.463739,8.4282059
47.425774,8.5089865
47.381747,8.5715304
47.3325763,8.6353835
47.3399303,8.5956673
47.4363908,8.5064163
47.4365532,8.5079831
47.3771632,8.5165597
47.5638737,8.4095314
47.5685361,8.4190698
47.5682667,8.4170458
47.5684474,8.4182505
47.4468774,8.5880482
47.4877982,8.5952703
47.3047505,8.5340346
47.2960925,8.5593782
47.5674981,8.4182657
47.4988954,8.4551506
47.5313747,8.4662633
47.242438,8.7215579
47.3338996,8.5153455
47.410373,8.6460338
47.5064377,8.3798431
47.5086831,8.3805232
47.2527174,8.72488
47.3901962,8.5108211
47.5046168,8.3739753
47.5059368,8.3762632
47.5035873,8.3698321
47.4766431,8.7372089
47.4908183,8.4360446
47.288467,8.4313544
47.4005329,8.4014551
47.4814145,8.7603529
47.5730901,8.5232933
47.4406088,8.777252
47.3846382,8.4866601
47.3818506,8.4721818
47.311274,8.7851059
47.5589962,8.4995859
47.5396106,8.4732205
47.6517642,8.6770692
47.4007211,8.5683647
47.3592742,8.5583095
47.3604257,8.5609267
47.361993,8.5608157
47.3637182,8.5608079
47.4829661,8.4354712
47.5584351,8.5035121
47.5610386,8.466559
47.3716967,8.5405845
47.3701687,8.5414014
47.3196634,8.7583614
47.3103006,8.7216646
47.3695104,8.5410536
47.5561596,8.4392079
47.5578395,8.4353958
47.3679417,8.4757861
47.3707285,8.4697113
47.3521639,8.48775
47.3573172,8.4853289
47.3452636,8.4979392
47.3509417,8.5056778
47.2573521,8.804626
47.2658066,8.813602
47.2676542,8.8144974
47.2679009,8.8153021
47.2681146,8.8160894
47.3594087,8.6028264
47.3740096,8.5386056
47.3684835,8.876255
47.2948317,8.8863986
47.4105216,8.5214943
47.3772331,8.5409112
47.3813435,8.5137545
47.4002753,8.5327094
47.505624,8.3773592
47.4845206,8.7597965
47.6340486,8.7951489
47.6370864,8.79105
47.6377091,8.7906957
47.6402289,8.7899231
47.5495549,8.6034341
47.5446922,8.6081325
47.5329491,8.7904707
47.3646865,8.6769206
47.3896636,8.4781481
47.4259014,8.3937775
47.4473647,8.7859168
47.3607807,8.4944145
47.3618914,8.4931572
47.3623178,8.4958717
47.3677637,8.4762595
47.3704208,8.4860201
47.3772947,8.4680841
47.3511515,8.4906769
47.4229786,8.542189
47.6420863,8.796739
47.48329,8.4404777
47.3925573,8.464634
47.3499025,8.5277822
47.3953343,8.5379346
47.3956724,8.5379248
47.3958014,8.5370076
47.3958946,8.5374803
47.3959038,8.5367557
47.3701166,8.5521119
47.535843,8.6243696
47.3932985,8.5288963
47.3940207,8.5352511
47.3822329,8.3879756
47.388054,8.5479429
47.3917428,8.3930086
47.357146,8.5803804
47.3461784,8.4993739
47.4343483,8.8569086
47.3141488,8.4679425
47.3683995,8.5602733
47.361741,8.5842379
47.3586037,8.5903945
47.3546083,8.5583222
47.3552302,8.5613163
47.5287819,8.6648684
47.5038905,8.3696968
47.514742,8.3690164
47.5953292,8.6769026
47.3608215,8.553754
47.3898303,8.6601154
47.2776964,8.5724754
47.2707425,8.5798154
47.5172492,8.5664974
47.5587553,8.5582551
47.5038215,8.3686393
47.2520888,8.849708
47.4101256,8.8813842
47.4114078,8.8600813
47.4118371,8.8590564
47.412371,8.8858637
47.4520586,8.8031504
47.5790479,8.717793
47.5530915,8.7522935
47.5561974,8.7361596
47.5564086,8.7303735
47.5024068,8.3735824
47.4192764,8.8089654
47.6412482,8.7897025
47.2926445,8.7770615
47.3644851,8.5697653
47.3670687,8.5679407
47.3996644,8.5219627
47.3799744,8.4732248
47.4998461,8.4160311
47.2831769,8.5579261
47.3717835,8.5330192
47.3956072,8.4456073
47.4190738,8.8196387
47.4267189,8.817253
47.4273945,8.8185648
47.3949464,8.8271904
47.3953746,8.8267832
47.5539401,8.7970823
47.559874,8.790532
47.5676851,8.7855973
47.4273616,8.816408
47.3713008,8.5358053
47.3172887,8.5413464
47.3174936,8.5423208
47.2981104,8.5523726
47.3572753,8.4206539
47.3860969,8.4270202
47.3955135,8.5048203
47.3974109,8.5000387
47.4313958,8.7639731
47.3504236,8.9389905
47.4982394,8.717535
47.3582204,8.5719323
47.4243125,8.4083643
47.3781628,8.4990093
47.4289566,8.3946285
47.4272459,8.3916007
47.3684674,8.5163169
47.3892787,8.6952911
47.3894853,8.6934488
47.389873,8.6881723
47.3903735,8.6886507
47.4113205,8.4444104
47.4110472,8.4477559
47.3683503,8.5171823
47.5718005,8.6463208
47.5707274,8.6459024
47.5727257,8.6486115
47.4249134,8.6378345
47.394074,8.7763136
47.3737655,8.53045
47.4143302,8.526031
47.4063424,8.5731942
47.4057149,8.5690979
47.4079648,8.565136
47.4101848,8.5633564
47.4040184,8.5719359
47.4038627,8.5706703
47.4040808,8.5731611
47.2678836,8.4853698
47.4047388,8.5723766
47.2870976,8.6676223
47.5663199,8.4178135
47.5663027,8.4182638
47.4460632,8.4657878
47.6060929,8.7147325
47.5752932,8.6097541
47.3024249,8.4617803
47.3891656,8.7496239
47.5094871,8.7125954
47.3218917,8.5450571
47.3748233,8.5379821
47.292751,8.5605759
47.4884014,8.5949918
47.4505589,8.5892623
47.4591432,8.592889
47.4831075,8.4530451
47.4707631,8.7012553
47.36755,8.5347889
47.4053668,8.529952
47.2655244,8.5017737
47.2702992,8.5043826
47.3757486,8.5596151
47.3693248,8.5643789
47.3736485,8.5615169
47.5249993,8.6239707
47.5247474,8.6257709
47.5245159,8.6280838
47.5059432,8.7168512
47.2799008,8.5007749
47.3681868,8.5327286
47.3690114,8.5707674
47.3914245,8.5462082
47.3942257,8.5008824
47.3760813,8.5210543
47.3673873,8.5550701
47.3826268,8.5368038
47.3862423,8.5227983
47.4175325,8.5456925
47.4031943,8.5476873
47.3928029,8.5198678
47.3589635,8.5319865
47.4121621,8.5150004
47.3875052,8.4768746
47.3633216,8.549776
47.3588719,8.5475053
47.3436739,8.5351906
47.3578026,8.5144099
47.39837,8.4881235
47.4451049,8.5855514
47.4446591,8.58688
47.4628276,8.3905677
47.3122528,8.9604204
47.2609302,8.8444747
47.5147933,8.6417334
47.3738983,8.5406139
47.3508322,8.5833915
47.5161553,8.6460145
47.5140949,8.6400148
47.3907634,8.4796485
47.3786788,8.5252627
47.4031758,8.5890873
47.4588006,8.4367575
47.581034,8.5803259
47.234882,8.6483513
47.48202,8.4355901
47.4822181,8.4366465
47.2602811,8.8460687
47.2601755,8.8435461
47.2589206,8.8536754
47.3496277,8.7176584
47.3785014,8.5558202
47.4427454,8.481402
47.3192723,8.503972
47.365578,8.5061594
47.50399,8.3755502
47.3691438,8.5052701
47.3668851,8.4928555
47.3937569,8.6195014
47.3941113,8.6195743
47.3950143,8.6228525
47.3910709,8.4697323
47.3811648,8.5151635
47.3793407,8.5158764
47.3697316,8.5392084
47.3557131,8.5732942
47.3511363,8.5801271
47.3722547,8.5234015
47.6522985,8.6768142
47.6933679,8.6411611
47.4856886,8.4792911
47.3800007,8.5013213
47.3492087,8.5814473
47.3507647,8.5818643
47.3495566,8.5825517
47.3608154,8.5588647
47.4087214,8.5502965
47.4056474,8.58102
47.4096204,8.4876795
47.3920995,8.4829903
47.3660278,8.5567734
47.359453,8.569864
47.3248049,8.5116813
47.417056,8.5430531
47.3762236,8.549105
47.3730439,8.5479478
47.3702608,8.5464392
47.3701139,8.5443991
47.3743545,8.5476601
47.377901,8.5394695
47.3696606,8.5353602
47.3709002,8.5436903
47.3723461,8.5480402
47.3656268,8.5458222
47.3751727,8.5457373
47.3761872,8.5415929
47.369454,8.5477006
47.3782023,8.5449414
47.3704751,8.5438062
47.3708862,8.5477026
47.4014469,8.5750621
47.3661464,8.5166493
47.3719811,8.546324
47.3632601,8.5627625
47.3206438,8.7932988
47.3626418,8.5221425
47.3825532,8.5096686
47.3579549,8.5516002
47.3589151,8.5498112
47.3488639,8.5728577
47.4238373,8.4968886
47.3252856,8.7987534
47.2773791,8.4540605
47.4025022,8.5672458
47.3853403,8.542527
47.3883716,8.541324
47.3588931,8.5123949
47.3591938,8.5122376
47.3709312,8.4517399
47.3831114,8.4824541
47.3834366,8.4733896
47.3886759,8.4691231
47.3827409,8.4758211
47.3906051,8.4834215
47.3888381,8.4735475
47.3872988,8.4803704
47.3886064,8.480081
47.3964724,8.49804
47.3963938,8.4981206
47.3942083,8.5036586
47.4145306,8.4646845
47.370541,8.5538457
47.2461273,8.4676339
47.4795286,8.5605498
47.492831,8.5522281
47.5082964,8.3805283
47.4095673,8.6460901
47.3724155,8.5145615
47.3852312,8.5282825
47.4273487,8.5988013
47.4346999,8.5845089
47.4264708,8.5514517
47.4285212,8.5484129
47.3593137,8.6360037
47.4566581,8.441881
47.3883561,8.5206563
47.3795055,8.5137174
47.3723597,8.5291873
47.3743532,8.532512
47.374389,8.5210207
47.3881548,8.473288
47.3887347,8.480811
47.3868443,8.5464905
47.3845511,8.5486009
47.3766246,8.5563256
47.3638053,8.5711846
47.4033828,8.5860321
47.4222048,8.5049391
47.4162139,8.5402703
47.4166976,8.5009551
47.4235978,8.5130154
47.4089227,8.5522437
47.4250734,8.5102066
47.4291384,8.5418152
47.4233193,8.5140566
47.3998463,8.5179624
47.3892286,8.5330587
47.4037707,8.5734242
47.4148176,8.5209977
47.4253063,8.5461133
47.4206067,8.5411425
47.4079277,8.5491117
47.4038801,8.578667
47.411505,8.4458034
47.4273983,8.5401967
47.427036,8.5400745
47.4257701,8.5513982
47.3856422,8.701102
47.3712962,8.6906785
47.4761854,8.3757474
47.2877269,8.5401768
47.2531129,8.704652
47.2998901,8.6348118
47.256347,8.6983583
47.3263208,8.9475027
47.4041848,8.4909531
47.25303,8.6890876
47.2554316,8.6977796
47.2556408,8.6974498
47.2578444,8.6861138
47.2563753,8.6891158
47.2643474,8.7122856
47.2761409,8.6944672
47.2785353,8.6857205
47.4216198,8.5129278
47.2548997,8.6970469
47.2549966,8.6891954
47.2561873,8.6866883
47.4244766,8.5191976
47.4080868,8.4869231
47.4050777,8.4892499
47.3733363,8.5389855
47.5280393,8.4639085
47.3742722,8.4960966
47.2887812,8.8558427
47.2681499,8.5575511
47.2728779,8.9143007
47.3782159,8.5509512
47.3225521,8.5516537
47.3155358,8.6090205
47.3161778,8.6081928
47.2672456,8.486923
47.3795769,8.5100654
47.2597654,8.5573091
47.3752278,8.525733
47.3761475,8.5052635
47.3588926,8.5116002
47.3641853,8.4994783
47.3715515,8.503741
47.3673747,8.5032081
47.367543,8.5168845
47.3683543,8.5206552
47.3719204,8.5173777
47.376926,8.5062297
47.376549,8.5045644
47.3769562,8.5050709
47.376554,8.5057636
47.606391,8.713806
47.5941382,8.6787814
47.4923267,8.710141
47.3743681,8.53341
47.2943402,8.448545
47.3176409,8.5819439
47.3848257,8.5305816
47.3786586,8.5252416
47.3782951,8.5224734
47.3753524,8.5234409
47.2788642,8.6422981
47.2882904,8.653254
47.5068,8.3821121
47.4341604,8.4583677
47.4922257,8.7330552
47.4103411,8.5284385
47.424588,8.6298167
47.3201347,8.5201986
47.3473879,8.5963577
47.3234225,8.625005
47.3185818,8.580638
47.538458,8.7640813
47.2583452,8.6998531
47.2638344,8.6863061
47.5111265,8.4683249
47.4525813,8.5297517
47.3327035,8.6053118
47.2295872,8.6696991
47.4195288,8.5887916
47.3474651,8.573727
47.2760768,8.4549871
47.2547749,8.6088723
47.3953519,8.5526862
47.2604406,8.5964194
47.410107,8.5867506
47.3721357,8.4893114
47.604871,8.5078717
47.6035307,8.5033228
47.5955285,8.4931482
47.5960142,8.4920694
47.590347,8.4735135
47.6095986,8.5050992
47.3817983,8.8577319
47.3888975,8.6154512
47.3709909,8.4525023
47.3756829,8.4422875
47.3589251,8.56101
47.2751098,8.6679466
47.2643208,8.7075331
47.4270104,8.41241
47.3924587,8.4903434
47.3922688,8.4906923
47.3144357,8.6046592
47.4966434,8.3976815
47.4965626,8.3986105
47.4977438,8.394146
47.4982731,8.3909768
47.3339285,8.8399355
47.5060523,8.3790415
47.3342966,8.8407025
47.4446648,8.6272266
47.4428391,8.6302559
47.5262002,8.578743
47.5306985,8.5747545
47.3616408,8.5594037
47.3563847,8.5614806
47.3471637,8.5714128
47.3377585,8.8560002
47.3359684,8.8572896
47.3811253,8.5458824
47.5011127,8.729642
47.493415,8.5044249
47.4938651,8.5035681
47.275247,8.534563
47.3909461,8.4041209
47.3264979,8.577813
47.3716569,8.5395591
47.3624283,8.5539431
47.4995735,8.4189515
47.3686821,8.5486661
47.3524743,8.5571462
47.3788273,8.5385565
47.3784011,8.5383092
47.3782526,8.538223
47.3781058,8.5381378
47.3779668,8.5380571
47.3738195,8.5474956
47.3736791,8.5477446
47.3754912,8.5405034
47.3737963,8.5473776
47.3755111,8.5404826
47.3754665,8.540529
47.375446,8.5405503
47.2559048,8.5844196
47.3567277,8.579748
47.3525219,8.5751451
47.350839,8.5773366
47.357852,8.5774725
47.3903844,8.41761
47.3793388,8.4959179
47.4093481,8.7605283
47.3245077,8.5764445
47.3447829,8.7027458
47.3925014,8.5055669
47.4979513,8.3923782
47.2478792,8.4943164
47.4302602,8.7879426
47.5954459,8.6796023
47.2849011,8.5280588
47.5113205,8.4942201
47.5567421,8.4378474
47.2142443,8.6277156
47.3182267,8.7923831
47.2284846,8.6735447
47.226083,8.6747435
47.3186349,8.5269696
47.590518,8.4690495
47.3652677,8.8829429
47.4563329,8.4669974
47.4506788,8.5828265
47.4506585,8.582922
47.4495856,8.5823498
47.4531482,8.5836145
47.3799446,8.6517159
47.34583,8.7149329
47.4493459,8.6245994
47.4444705,8.6313043
47.4465008,8.6501065
47.3270792,8.7864824
47.5751579,8.6254678
47.2600418,8.6927669
47.5147053,8.511228
47.3682352,8.8776828
47.4646884,8.4981183
47.4636483,8.4975567
47.2744858,8.6371138
47.3408409,8.7267865
47.3469479,8.7177575
47.2628932,8.6986487
47.3761779,8.5467138
47.3785427,8.5383914
47.3645523,8.9072875
47.5123395,8.7092581
47.5340514,8.726593
47.360798,8.9185343
47.3924837,8.5364983
47.3923384,8.5360798
47.4243868,8.6341804
47.3404987,8.8416272
47.3714386,8.9052947
47.3321027,8.6311419
47.3754155,8.9294518
47.6373052,8.6907814
47.4113231,8.6438881
47.4364069,8.666755
47.3792097,8.4992291
47.3794772,8.5001294
47.3799822,8.5009147
47.3800491,8.5008206
47.3745502,8.5112275
47.2938827,8.777981
47.2931796,8.7766734
47.5389745,8.8515337
47.537903,8.8516957
47.4143556,8.683647
47.2965283,8.7841413
47.458618,8.6351289
47.4009044,8.5782987
47.402649,8.568863
47.4599637,8.6637051
47.4644152,8.6408689
47.4767304,8.6303976
47.4996662,8.6362318
47.415855,8.5887847
47.4451342,8.7012947
47.3431623,8.5326287
47.3417616,8.5338301
47.3424182,8.5351473
47.3410583,8.5341184
47.4092306,8.7593528
47.3940622,8.774234
47.4713846,8.3633215
47.654131,8.6512589
47.3271527,8.5858418
47.4736627,8.3597409
47.5324083,8.5864835
47.2613042,8.8638363
47.2662572,8.8734044
47.2733455,8.9089857
47.2771728,8.9165581
47.2760028,8.9148467
47.2779278,8.9146567
47.2863536,8.9146557
47.3309978,8.9201487
47.4910373,8.7342579
47.4902717,8.7350426
47.6661845,8.6158094
47.6656138,8.6167271
47.2604422,8.4282935
47.5477668,8.7083192
47.49114,8.5481683
47.4072777,8.7231683
47.3426692,8.5743951
47.3393859,8.568943
47.3396569,8.5704495
47.4047612,8.5679796
47.361429,8.5582025
47.2769225,8.7133724
47.2759679,8.7163891
47.270126,8.7233047
47.2698801,8.7237905
47.2690094,8.8155479
47.2689564,8.8156995
47.5746069,8.529578
47.5744293,8.5303965
47.5741102,8.5322973
47.5035652,8.5507698
47.503528,8.5501435
47.5782434,8.5720233
47.5964829,8.6814251
47.5957926,8.6802954
47.4474291,8.5862931
47.4590394,8.5985564
47.2166897,8.6066707
47.2178928,8.6050825
47.207015,8.7065057
47.5249962,8.6879666
47.5246162,8.6880745
47.4757486,8.6760964
47.3897763,8.3882744
47.2744529,8.6527324
47.282575,8.6476416
47.3647321,8.8639208
47.3901063,8.476177
47.3123147,8.5880847
47.3177422,8.5793989
47.3161343,8.5837741
47.3479471,8.7152217
47.4441744,8.6237257
47.2954372,8.4557101
47.3254649,8.4903892
47.2723178,8.6909598
47.5030625,8.3971689
47.4819144,8.4834836
47.4669751,8.4990416
47.4066638,8.5822102
47.4339879,8.5710522
47.4910148,8.7492108
47.4237978,8.6411745
47.423106,8.6313189
47.4230701,8.6304616
47.564581,8.824698
47.3672851,8.7936722
47.6508781,8.7891439
47.3235567,8.52491
47.2767985,8.4524806
47.2752292,8.456995
47.253145,8.489488
47.4489805,8.5224707
47.1694544,8.6534652
47.2478307,8.5926663
47.6347372,8.7916776
47.6397091,8.7913527
47.5755617,8.5246817
47.5754006,8.5258855
47.4965632,8.5457435
47.3346273,8.6270424
47.529202,8.5800625
47.3141369,8.8870781
47.3889205,8.4614984
47.2856664,8.4499575
47.2656184,8.7119579
47.2990908,8.4922754
47.3208177,8.8749467
47.3211511,8.872827
47.3226406,8.8256296
47.3593756,8.7863519
47.2267122,8.4828599
47.5271348,8.6580098
47.5611455,8.6818445
47.5062861,8.5439928
47.503442,8.5462791
47.5024273,8.547096
47.3783466,8.5351915
47.378988,8.5324291
47.2409912,8.5395971
47.4022563,8.5916941
47.4895044,8.8658453
47.5121347,8.8725447
47.5206121,8.8877582
47.5186085,8.8855675
47.5211298,8.8891046
47.5200353,8.886373
47.5786391,8.7543685
47.3698262,8.823076
47.3908126,8.85337
47.3920647,8.8355115
47.3770753,8.8145676
47.4262265,8.5715407
47.4269887,8.5800826
47.3482157,8.8696439
47.367264,8.876762
47.4306365,8.6414287
47.5948291,8.4939449
47.2862909,8.6148543
47.3844968,8.5833992
47.3670611,8.8266265
47.3659486,8.8278011
47.3686277,8.8235844
47.3009348,8.4336905
47.5524541,8.6678845
47.5762796,8.6722026
47.5767674,8.671684
47.3176349,8.5380439
47.626747,8.6472947
47.6577207,8.6239038
47.4914163,8.7068132
47.5361922,8.8363848
47.5375769,8.8497875
47.5382836,8.8509801
47.5261158,8.8135358
47.5269584,8.8145818
47.3864156,8.577367
47.4432731,8.6288868
47.5396804,8.8224474
47.4903646,8.5940425
47.4928422,8.7046782
47.5650941,8.7536956
47.5774018,8.7537916
47.575812,8.7548348
47.5422201,8.7741554
47.5084097,8.3771243
47.3502091,8.7187687
47.3392717,8.5354259
47.3785385,8.494546
47.300618,8.5256886
47.4624263,8.7713041
47.4620381,8.3868381
47.4471762,8.6481556
47.4481671,8.6471413
47.4307191,8.4641282
47.3967916,8.4054282
47.3999445,8.4057861
47.3260229,8.4758073
47.2436363,8.5338577
47.2448631,8.5326776
47.3328068,8.8818634
47.28451,8.9032064
47.2845349,8.5682368
47.5607839,8.4675862
47.5613964,8.4695253
47.4780346,8.5928498
47.4873927,8.6175564
47.4723998,8.6012173
47.47264,8.6012741
47.4727544,8.5869669
47.4128866,8.483374
47.4232853,8.6299722
47.3610274,8.5958132
47.3614111,8.5968185
47.31015,8.5277796
47.3103029,8.5273797
47.2277163,8.6183572
47.2225038,8.4983994
47.2248884,8.5342062
47.2591379,8.4396284
47.2431661,8.463215
47.2642871,8.430757
47.3839922,8.5718914
47.5009366,8.7232516
47.4671329,8.8073494
47.3597442,8.8649783
47.538236,8.7428785
47.542118,8.7447396
47.366628,8.8437191
47.4975563,8.3914003
47.4967763,8.3916368
47.4939309,8.7041673
47.5100992,8.6929759
47.5116769,8.6936076
47.528941,8.6919434
47.5967059,8.6787962
47.6002344,8.6820244
47.640493,8.6742786
47.6539864,8.6541723
47.6544163,8.6541186
47.6559516,8.6568188
47.3099442,8.723087
47.6244884,8.6754793
47.5089842,8.3787365
47.3402906,8.472438
47.5030847,8.5491181
47.2678404,8.4859615
47.6122014,8.5369023
47.4767399,8.5198057
47.3723264,8.8685127
47.5746315,8.62374
47.573058,8.6459328
47.5761255,8.6086724
47.5009588,8.7499487
47.5729555,8.6026993
47.5754823,8.6019519
47.5652324,8.5438292
47.6334245,8.7971326
47.6324272,8.7995164
47.5710522,8.6388917
47.5056789,8.5937481
47.4536174,8.5806591
47.4898521,8.5945483
47.3425245,8.81727
47.281311,8.7602319
47.3067101,8.5329749
47.3068005,8.5328233
47.3068848,8.5291777
47.2977965,8.5274506
47.3869201,8.5741512
47.2833932,8.7645551
47.3952958,8.5075618
47.4654737,8.8463197
47.1817094,8.6399258
47.3430718,8.6996758
47.2074456,8.7053151
47.4291763,8.6725833
47.4286953,8.3944532
47.4192966,8.4082312
47.4188526,8.4321773
47.3851992,8.4730233
47.3861571,8.4704374
47.3864337,8.5149839
47.4923464,8.5608674
47.5045901,8.5522702
47.2612409,8.8462821
47.5166304,8.5852538
47.4558724,8.5145794
47.5067776,8.7613769
47.3687143,8.5604974
47.2708898,8.5559492
47.2704802,8.5561028
47.5399427,8.4115325
47.5461015,8.4578252
47.2178004,8.6800499
47.3195435,8.5266707
47.4462045,8.6355776
47.4398843,8.6356542
47.3062271,8.8664368
47.3059013,8.8770169
47.2660055,8.8722226
47.597114,8.4907914
47.4610664,8.7125683
47.5305536,8.6570795
47.4600626,8.8683934
47.4771273,8.3712311
47.2607424,8.5264822
47.2807625,8.5298628
47.4649861,8.4775118
47.3991184,8.4480446
47.6050618,8.5998884
47.2583336,8.7728252
47.4256854,8.6179833
47.4574819,8.7439756
47.4568679,8.7437961
47.4575898,8.7451224
47.510364,8.5932755
47.4967428,8.6766116
47.4963459,8.6760478
47.4984504,8.8636024
47.4880584,8.8700342
47.3787728,8.4231752
47.4654191,8.4960027
47.4639859,8.6157417
47.2342588,8.5978961
47.4241418,8.5013098
47.4767843,8.4133169
47.4793324,8.8210847
47.4155646,8.5509534
47.4284689,8.8149573
47.3975614,8.8072304
47.2279036,8.670729
47.3598604,8.5876759
47.253605,8.6893215
47.5057072,8.5970966
47.4966219,8.6794869
47.3450764,8.7136653
47.499565,8.7279498
47.4510667,8.5581693
47.4133636,8.5927924
47.487261,8.6200942
47.4538731,8.5582183
47.453992,8.5565095
47.2688574,8.6432841
47.2699569,8.641746
47.5585077,8.6859895
47.2792711,8.9027138
47.4700362,8.6222335
47.5162643,8.6474147
47.5270253,8.7767785
47.5412382,8.6790668
47.5251835,8.6661834
47.5048714,8.5413611
47.5049802,8.5413031
47.5109841,8.6419813
47.3692844,8.6867857
47.3433299,8.4899303
47.3827547,8.4760894
47.3833931,8.4750974
47.380825,8.4827491
47.2151333,8.7007247
47.5027658,8.5484681
47.3685194,8.5393103
47.3910366,8.4868735
47.2950372,8.4554318
47.2950583,8.4553604
47.4259382,8.6862653
47.2369696,8.6171813
47.3957782,8.4461346
47.4012166,8.4964852
47.4011801,8.4971779
47.2948117,8.6029806
47.2974609,8.6001965
47.3227961,8.8241615
47.3351364,8.4329753
47.3352965,8.4328397
47.1089391,8.9993545
47.1276892,9.111851
47.1276856,9.1128836
47.1019802,9.1551073
47.1151472,9.1549325
47.121045,9.1294568
47.1164679,9.1456417
47.1073121,9.0047516
47.1118349,9.1496896
47.1109778,8.9979051
47.1173379,9.0357522
47.1255496,9.0196285
47.1513406,8.9794326
47.1310703,9.0907804
47.1149721,9.0956974
47.1174258,9.1729314
47.1181743,9.1723569
47.1178907,9.1744859
47.1140881,9.0579946
47.1158655,9.0589348
47.114616,9.0564686
47.1175826,9.03972
47.1272871,9.0560348
47.1206129,9.1286869
47.1012269,9.1351364
47.1239927,9.1141114
47.1380284,9.0506836
47.1317613,9.0103965
47.1277236,9.0553911
47.1120984,9.0960713
47.1122476,9.096535
47.1249569,9.0126344
47.1376692,9.0365586
47.3237536,9.087913
47.2584688,9.1272541
47.2247254,9.199224
47.2336812,9.2699863
47.1715736,9.1960301
47.5042513,9.4401227
47.1380936,9.1650631
47.2327586,8.9564971
47.1944422,9.2849189
47.1301148,9.2086699
47.4439976,9.3406212
47.1980603,9.003327
47.2259357,8.8137162
47.2270865,8.8145877
47.2267343,8.813066
47.2270434,8.8181515
47.2281516,8.8195953
47.373849,8.9546054
47.3774053,8.9526537
47.3510062,8.9803068
47.327607,8.9753761
47.323889,8.9751919
47.5033659,9.442058
47.4963587,9.4658413
47.4934906,9.4624484
47.1727334,9.1977878
47.160161,9.1867709
47.1920595,9.2124173
47.1597567,9.1807649
47.1589515,9.1763256
47.1693427,9.196881
47.1878517,9.209748
47.428051,9.382682
47.4256442,9.3822835
47.4271019,9.3824993
47.41983,9.3841296
47.4210038,9.3870505
47.4672502,9.4763012
47.4731051,9.4596207
47.4750482,9.4712695
47.4188056,9.3594607
47.4195712,9.3568105
47.4182734,9.3027201
47.3238736,9.558118
47.1358313,9.1029747
47.3226517,8.9788032
47.3786195,8.9728265
47.3786645,8.9722068
47.316817,8.9763987
47.3607142,9.0008511
47.3618743,9.0155621
47.1471209,9.1739349
47.3003606,9.1757209
47.4246574,9.3731832
47.2495308,9.4491266
47.1404225,9.2100844
47.1243519,9.3164374
47.1376952,9.2908017
47.1381509,9.234323
47.3534516,9.5820673
47.1380369,9.2362101
47.143287,9.2517348
47.118106,9.3337982
47.4252702,9.6096987
47.434824,9.6093925
47.4808888,9.4834798
47.2337634,8.8425954
47.2340237,8.8429306
47.4054049,9.209722
47.2276283,8.818165
47.2310265,8.8359917
47.1749163,9.1395728
47.1127203,9.2510476
47.1023282,9.2558359
47.1328079,9.2819613
47.226848,8.8117077
47.2301785,9.1932951
47.1489985,9.1416126
47.2216271,9.2051477
47.2195117,8.8944046
47.2012605,9.3387152
47.4776425,9.4938152
47.4786399,9.4926426
47.4675583,9.5901291
47.467734,9.5913614
47.3166903,9.0510051
47.5152531,9.4367247
47.4001426,9.5602092
47.2705017,9.0115315
47.2699217,9.0094435
47.1259919,9.4745101
47.1269433,9.4393114
47.127742,9.4528597
47.1897128,9.0927906
47.1519552,9.4429569
47.1197783,9.4856873
47.1760213,9.4471809
47.3005155,9.0889994
47.3029827,9.088034
47.4217389,9.3752657
47.4228352,9.3776131
47.4207592,9.4154786
47.4085797,9.066
47.4236544,9.3768089
47.484174,9.1604804
47.402976,9.2505588
47.3452087,9.0790195
47.4989225,9.5605677
47.2453807,8.9691027
47.2409545,9.2373722
47.4154872,9.3855103
47.5138672,9.4378176
47.5153424,9.4359459
47.1351048,9.0966559
47.1342856,9.0950184
47.2665626,8.9936326
47.4911468,9.551245
47.2320025,9.1941001
47.4989072,9.4396356
47.1916888,9.3450633
47.2288112,8.9430611
47.4860093,9.4519039
47.3313495,9.0846464
47.3558749,9.068452
47.3887732,9.063084
47.4122752,9.0228758
47.4245598,9.6089428
47.1125951,9.2137775
47.3002725,9.0863455
47.3235758,9.5578207
47.1429067,9.2460031
47.2046356,9.37926
47.3270029,9.4907713
47.4603879,9.0404897
47.3056799,9.1950188
47.4147402,9.2491398
47.4724504,9.0481042
47.4715236,9.0245732
47.335742,9.0682612
47.4683551,9.0642903
47.2256785,8.943578
47.2247497,8.985664
47.4417529,9.0747215
47.233737,9.0740637
47.1513556,9.4861625
47.4646031,9.0428901
47.1398697,9.2106626
47.3912758,9.5715922
47.1874526,9.131445
47.2409991,9.2374037
47.3369478,9.1075615
47.3218946,9.0872169
47.3196876,9.0833806
47.1659871,9.4731627
47.3943937,9.1828322
47.3877588,9.1677807
47.3805063,9.1521586
47.322779,9.5342964
47.4336466,9.4047913
47.2039486,9.4418014
47.1913,9.4352948
47.1863451,9.4415167
47.1847664,9.4417677
47.1836077,9.4415898
47.4177155,9.0651823
47.3915176,9.0417387
47.3924437,9.0412545
47.4097562,9.0647762
47.3640525,9.1371427
47.348056,9.1276823
47.4088558,9.0641391
47.2348669,9.4998937
47.1369594,9.161872
47.1350296,9.1644342
47.1346427,9.1872939
47.3295871,9.0789168
47.3625512,9.0401277
47.5168182,9.2678846
47.455334,9.2170851
47.4292355,9.2346794
47.2650678,9.0459348
47.4513701,9.0358043
47.2656852,8.9296213
47.331725,9.5651603
47.1126514,9.2802112
47.4738455,9.2093485
47.2250791,9.0291351
47.3257953,9.4877475
47.3186996,9.4934025
47.1209915,9.3125861
47.2263871,8.8155614
47.2119165,9.4556645
47.2118473,9.4508671
47.2055331,9.4434413
47.4183658,9.0619934
47.2529126,9.00506
47.4209955,9.0474719
47.305164,9.085633
47.3614471,9.0771165
47.2368599,8.8320409
47.2374908,9.0005799
47.4275649,9.1172674
47.2281495,8.9257447
47.2400187,8.8158956
47.2430826,9.2364911
47.2383644,8.8167818
47.2355586,8.8200816
47.2321582,8.822142
47.2287923,8.8184464
47.2339162,8.824306
47.2326873,8.824667
47.2425342,8.8168294
47.2412114,8.8184747
47.2413537,8.817897
47.2417319,8.8174112
47.2416165,8.817163
47.203469,9.351283
47.208124,9.3107483
47.478602,9.4927119
47.3801357,9.0608212
47.3552873,9.1126141
47.1199522,9.3128332
47.148845,9.1482234
47.3207539,9.5647146
47.224773,8.9849941
47.1792368,9.0739679
47.2268441,8.8170278
47.1618363,9.0511826
47.1645873,9.3836034
47.4245956,9.3747259
47.4154117,9.2471533
47.1472553,9.2590827
47.1368002,9.2616753
47.3038673,9.0845962
47.2195621,8.8650178
47.180045,9.4380177
47.4271481,9.3785206
47.4720736,9.4660424
47.358138,9.1428664
47.2407355,9.210702
47.2991836,9.0789091
47.1188844,9.3332421
47.2284882,8.9446488
47.3619371,8.9551031
47.4172128,9.063242
47.225927,8.9447703
47.1785186,9.4446659
47.3058929,9.0816339
47.254158,8.9958154
47.2585707,9.125258
47.3192676,9.082355
47.4096519,9.0832012
47.4101097,9.0788163
47.4094749,9.0820133
47.4078038,9.1177291
47.4076152,9.1196404
47.3910442,9.1937583
47.4453895,9.3823571
47.4271258,9.3749252
47.4277702,9.3770499
47.4270986,9.3762493
47.1036565,9.2783347
47.1102559,9.220095
47.2275663,8.8171438
47.4602868,9.0339229
47.2838193,8.9955179
47.3588872,9.0732172
47.2748505,9.1630558
47.2743622,9.1618215
47.2746063,9.1631144
47.2748533,9.1623069
47.2743594,9.1626123
47.2373417,8.9708423
47.2356606,8.971147
47.3309026,9.4924899
47.2610529,9.1250046
47.2283155,9.1976262
47.4778927,9.4982115
47.160617,9.2654192
47.1650938,9.2874619
47.1032925,9.4479247
47.1036132,9.44827
47.3931253,9.5001528
47.2766214,9.0539357
47.2771037,9.055074
47.4030028,9.0415978
47.4335574,9.6336251
47.1673664,9.4788242
47.2219141,9.0330125
47.4099975,9.3619013
47.4212207,9.136737
47.4845183,9.3239074
47.4373742,9.4063218
47.3966982,9.000475
47.3582505,9.0713881
47.2091774,9.3553833
47.46789,9.0520422
47.4795582,9.1126167
47.3455445,9.5240818
47.1365536,9.3345548
47.5215326,9.3247472
47.3232632,9.0891015
47.2742034,9.4568798
47.4033499,9.1334097
47.241026,8.9420504
47.4116122,9.6482478
47.4624162,9.4705979
47.4642584,9.471119
47.1249536,9.3145927
47.3984456,9.5573736
47.3515227,9.5020689
47.3487065,9.523806
47.2259493,8.8163028
47.4062626,9.6031201
47.4071928,9.6082482
47.4675161,9.0505766
47.4619272,9.0445743
47.3394025,9.0806572
47.3461453,9.0772368
47.1611819,9.0419306
47.3002786,9.4967802
47.3284596,9.5221918
47.4194757,9.3607929
47.4639268,9.0447335
47.4680495,9.0491094
47.2202807,8.8627215
47.2265956,8.8149815
47.2265012,8.8145003
47.3345619,9.5894769
47.2530303,9.4245398
47.2041616,9.4411505
47.2057403,9.4554511
47.2016464,9.4406192
47.2057917,9.4418296
47.4222145,9.3690428
47.1764027,9.4455375
47.2433168,9.4186147
47.2178805,9.3565612
47.2159295,9.3535001
47.4505713,9.6046114
47.166535,9.4566506
47.223947,8.8227582
47.2610395,9.2678833
47.2613939,9.2686333
47.3115751,9.5624014
47.1645737,9.1765952
47.4189913,9.3633712
47.4244011,9.3715475
47.4735396,9.4681705
47.4642279,9.5924716
47.458218,9.6130189
47.4656704,9.5914469
47.4664582,9.5910779
47.4801079,9.5316331
47.4798113,9.4847626
47.4303778,9.3801493
47.2426353,9.4267881
47.421991,9.3731756
47.4076839,9.3266688
47.4096624,9.3309738
47.4072403,9.3029217
47.4208279,9.3784163
47.4257347,9.3696256
47.457712,9.0531863
47.4791413,9.5056321
47.4140143,9.2491766
47.4104821,9.2390459
47.4115776,9.2426307
47.4099378,9.2027951
47.2299158,8.8353815
47.287934,8.9411323
47.3234288,9.5712944
47.4846085,9.5510883
47.4432742,9.2569029
47.1355225,9.1452484
47.1249519,9.3122907
47.1663654,9.4745842
47.1137398,9.2162926
47.2997533,9.175595
47.3384191,9.4894496
47.3400429,9.5281504
47.429436,9.3802129
47.3582605,9.1135214
47.1639262,9.4761762
47.2999145,8.97597
47.231076,8.8857675
47.3523477,9.0750774
47.3541054,9.0856365
47.3178018,9.1738727
47.3273922,9.1601092
47.3287744,9.1381537
47.3257139,9.1131327
47.4148714,9.3644589
47.4673611,9.5886028
47.3171878,9.086096
47.223162,8.8226847
47.174203,9.2986339
47.1478336,9.4244279
47.1794249,9.4412034
47.3186573,9.5470342
47.466011,9.3935029
47.1149917,9.2150096
47.2313602,8.8412699
47.2296486,8.8331662
47.4618221,9.0476814
47.4622144,9.0468883
47.4634574,9.0438658
47.47061,9.5895158
47.1492205,9.1438354
47.3625119,9.040141
47.4596592,9.1395994
47.3602318,9.0549381
47.1487882,9.4192734
47.1442583,9.4108035
47.1443879,9.4242797
47.3809547,9.0895149
47.18605,9.4434846
47.4236114,9.3688941
47.4158095,9.3625242
47.4769353,9.112776
47.1463955,9.4184441
47.3253687,9.5401816
47.2548917,9.1324869
47.4000114,9.1044579
47.3935044,9.0998418
47.4327224,9.0247547
47.4243298,9.0115028
47.4683396,9.0435953
47.458828,9.0384255
47.4743195,9.0459754
47.4758171,9.0459677
47.4748071,9.0600077
47.4760252,9.5062917
47.1341638,9.2119528
47.1405213,9.2166145
47.3472627,9.1271316
47.179231,9.4469265
47.1932721,9.456738
47.2291581,9.3890658
47.2432164,9.4184403
47.2179062,9.3565676
47.2210665,9.3691576
47.1677741,9.4717497
47.1697891,9.4705904
47.2287277,9.4544792
47.1695338,9.4659669
47.1811624,9.4467672
47.1823745,9.4415787
47.1852341,9.4456987
47.2532515,8.9078673
47.2518275,8.8849985
47.3548395,9.5023565
47.3207298,9.1752376
47.1516176,9.0599867
47.4783697,9.0493442
47.1295518,9.2240136
47.2157688,9.3564248
47.4732077,9.1096629
47.173531,9.0546278
47.2676509,9.1178692
47.4324255,9.6336812
47.2300515,8.8333036
47.229486,8.8336067
47.4944581,9.462883
47.2272809,8.8186314
47.4435176,9.4035705
47.1661529,9.4889158
47.2433032,8.9522931
47.1057692,9.3482435
47.4253771,9.186354
47.1465928,9.1196136
47.4361666,9.1314396
47.4722084,9.5174038
47.2188284,9.1656283
47.2127696,9.0830377
47.479798,9.5332803
47.4514169,9.0854028
47.4507072,9.0817832
47.4484587,9.0522209
47.4051963,9.328035
47.4903847,9.5558393
47.1495764,9.1877132
47.2411089,9.2114689
47.4065386,9.2072454
47.4058773,9.2093662
47.405973,9.2098513
47.1381336,9.0804316
47.1453694,9.0889638
47.1173079,9.3003814
47.1414869,9.3146119
47.228151,9.3093554
47.4680947,9.0429283
47.2090592,8.9551442
47.2611152,9.4999477
47.3027456,9.5237091
47.1936868,9.4144308
47.4792255,9.4584066
47.2274074,8.8371217
47.2886239,8.996263
47.2273822,8.8151919
47.2266395,8.8129693
47.2273789,8.8152337
47.4233265,9.2687593
47.4395233,9.3948201
47.4236136,9.3726372
47.4650027,9.2057641
47.2264334,8.9531549
47.4350882,9.3849795
47.4374156,9.3871732
47.3453998,9.0771979
47.4877811,9.1123932
47.2277274,9.2285225
47.2235224,9.233247
47.2348752,8.8491632
47.4255579,9.3821962
47.4591098,9.0508629
47.2285208,8.8225202
47.1244511,9.3136052
47.3625938,9.0692879
47.3821573,9.0881206
47.4225509,9.3567384
47.4239501,9.3577515
47.4241227,9.356138
47.4242864,9.3542527
47.4241092,9.3531087
47.4269159,9.4055677
47.4447455,9.406647
47.207386,9.4018664
47.4505814,9.1597922
47.4878487,9.2987044
47.2393371,8.7879023
47.1699985,9.1223831
47.4227619,9.3689701
47.459414,9.0368407
47.2392312,9.4425541
47.4650337,9.0448422
47.158061,9.0447209
47.1690772,9.0690863
47.2231873,8.8210208
47.4456737,9.641651
47.1883775,9.3280116
47.2274888,8.8157962
47.4603484,9.5713967
47.4107666,9.0409486
47.299046,8.963385
47.2946163,8.9667441
47.1993852,8.6990303
47.1240399,8.7495977
47.1232096,8.7497713
47.153167,8.7343622
47.1016311,8.7563379
47.1086682,8.7541251
47.1975317,8.7210774
47.105308,8.6761849
47.2045754,8.7394407
47.2044614,8.8595349
47.197096,8.8542428
47.1036747,8.7390354
47.1023798,8.7384095
47.1535521,8.7711981
47.1028925,8.6785178
47.1046985,8.6758811
47.1733894,8.8959948
47.1742732,8.7118539
47.1700155,8.9747412
47.1618863,8.7830946
47.1027348,8.9007583
47.1079706,8.8533101
47.1010391,8.8373516
47.2141209,8.9497296
47.1025084,8.9432669
47.182516,8.9000843
47.1681558,8.7968467
47.1792797,8.7369807
47.1849085,8.7432153
47.2123025,8.9516283
47.2033216,8.9415324
47.1579863,8.8180024
47.1338652,8.6817794
47.1571723,8.9577607
47.1676317,8.7667666
47.1598099,8.9758649
47.17334,8.9297546
47.2012091,8.7786525
47.1755867,8.8979757
47.2030802,8.8884654
47.1377987,8.9481336
47.1101698,8.8714264
47.1287245,8.8392332
47.1820705,8.87301
47.2075135,8.7575891
47.1952929,8.8170056
47.1520346,8.8647167
47.1929902,8.8939527
47.1060777,8.6837323
47.100778,8.8834463
47.1739671,8.9532897
47.1275873,8.770864
47.2062135,8.7748339
47.1063723,8.9195187
47.1927024,8.8517964
47.112483,8.6762426
47.1140448,8.6691597
47.1038959,8.6758272
47.1965064,8.7198114
47.3920452,8.0446523
47.4849711,8.2054536
47.5073812,8.0503868
47.5069401,8.0416482
47.5081996,8.0405194
47.4754406,8.2810437
47.4546524,8.0781862
47.4539085,8.0783757
47.4681814,8.1499114
47.4682417,8.1520082
47.4708617,8.1476803
47.4864556,8.1376754
47.4102251,8.3335171
47.4099605,8.3397429
47.5728834,8.2126484
47.3976249,8.0425542
47.3957586,8.0372076
47.3595971,8.3317171
47.5099684,8.1120991
47.5036515,8.1137451
47.5539447,8.1330323
47.5404341,7.7733751
47.5250309,7.813206
47.5644915,8.1274969
47.5649414,8.1283931
47.5443612,8.1713114
47.5445132,7.80597
47.4867106,8.20698
47.39696,8.3906159
47.4313666,8.1680673
47.5342256,8.1247466
47.4844958,8.3161086
47.5033915,8.0926774
47.4866059,8.325885
47.5092132,8.0915958
47.5096588,8.0931874
47.375173,8.0602842
47.3742805,8.0726284
47.4694265,8.3064648
47.3940116,8.0438811
47.3914489,8.0434694
47.4151678,8.3580904
47.4009958,8.3779813
47.3750387,8.3519798
47.4006317,8.3809383
47.5108705,8.1272558
47.4226813,8.347438
47.4276567,8.3365948
47.4254975,8.3570715
47.544107,8.0598683
47.5396577,7.8723973
47.5270436,7.8961198
47.3888368,8.3298501
47.5410746,8.0444122
47.5022896,8.0087508
47.5370663,7.9618404
47.5022023,8.0062386
47.5377479,7.9616374
47.4591289,8.0814994
47.4578622,8.0802505
47.3837278,8.1261982
47.3825171,8.1194264
47.3807491,8.1179729
47.3820469,8.1185654
47.3828414,8.1216683
47.3826394,8.1233658
47.3849512,8.1254456
47.51861,8.2431766
47.5197081,8.2439139
47.5304905,8.2569807
47.5311661,8.2588412
47.4549477,8.0223541
47.3397832,8.3627037
47.3334675,8.4021298
47.508223,8.2468115
47.5106826,8.2577035
47.4945616,8.1481846
47.449952,8.327194
47.4314369,8.3458883
47.4336207,8.3462648
47.5391938,8.0922253
47.4909738,8.2195066
47.5704683,8.1597749
47.4328156,8.1260018
47.4835113,8.2063545
47.4181594,8.366314
47.4819367,8.1954186
47.4200742,8.3720874
47.5504186,8.2171165
47.5507319,8.2188593
47.5507057,8.220055
47.549835,8.2176272
47.3184773,8.1878032
47.4843784,8.2085959
47.4831799,8.1995546
47.4369336,8.0299061
47.5300856,8.2600484
47.5358876,8.260954
47.4375836,8.0066999
47.5369975,8.2582705
47.5545512,8.241051
47.4444287,8.1672607
47.3513916,8.2269442
47.3523244,8.0458478
47.3622783,8.0781759
47.5132787,7.9673163
47.5136514,7.9667392
47.5124562,7.9650554
47.5132702,8.0064078
47.5240813,8.2612487
47.55226,8.1249156
47.5532987,8.1267482
47.5263895,8.256526
47.4714282,8.3359918
47.4675581,8.3174339
47.3663349,8.1038585
47.3638923,8.1004043
47.466504,8.32921
47.4661797,8.3304278
47.4620492,8.3186866
47.3039681,8.1559644
47.464722,8.3310977
47.46334,8.3132392
47.4734943,8.3096033
47.2877967,8.3533648
47.587951,8.2533868
47.4849978,8.2045826
47.3944406,8.0456105
47.4654745,8.2417764
47.4387517,8.0878339
47.3441303,8.1404934
47.3029706,8.1361959
47.4663703,8.3206612
47.2846894,8.1772814
47.3445391,8.0704759
47.5204517,7.7832669
47.2896165,7.9991909
47.4946936,8.1883722
47.4927419,8.1875536
47.5648858,7.8421522
47.3616622,8.1314548
47.3388441,8.0723192
47.1745758,8.3549256
47.5165812,8.1886245
47.5841994,8.2881455
47.5777879,8.2638744
47.3925137,8.0449895
47.3727196,8.0592886
47.4549331,7.9815903
47.4233047,8.187729
47.3906099,8.1640821
47.3990502,8.3846014
47.5118989,8.272076
47.4109912,8.0641808
47.5069395,8.2705864
47.5534845,7.7896154
47.5363723,8.0278002
47.3513866,8.3392405
47.3740553,8.1902399
47.2964249,8.2882008
47.3521797,8.2231626
47.4114849,8.2595584
47.5211823,8.3302141
47.4997132,8.2639126
47.4958387,8.2753578
47.5209941,8.3321586
47.3754213,8.1431515
47.4233303,8.304813
47.476082,8.3077322
47.3902229,8.1718543
47.3908316,8.1702456
47.5296144,8.263023
47.6024834,8.2747727
47.3735361,8.1738383
47.2587573,8.1793539
47.5177569,8.281677
47.5187756,8.2815112
47.2385392,8.1858555
47.2742783,8.2084276
47.3535078,8.0790131
47.3533517,8.0790757
47.5892402,8.2906031
47.289146,8.0833245
47.4000512,8.2160946
47.4732203,8.2156804
47.4739569,8.2173983
47.397463,8.1057698
47.3228946,8.2005514
47.3461706,8.2042623
47.506151,8.0229499
47.506854,8.021455
47.5074795,8.0202826
47.5081126,8.0165687
47.5092481,8.017594
47.4575373,8.2393308
47.2341878,8.1587586
47.387405,8.1795597
47.3739229,8.1432111
47.4480816,8.0062086
47.4516143,8.0059192
47.4546401,8.2388595
47.4381342,8.1034312
47.4695425,8.2226521
47.4353279,8.0991141
47.4605885,8.24713
47.4577427,8.2670056
47.2843442,8.1520491
47.2857221,8.1533768
47.2861307,8.1593703
47.2864173,8.1495686
47.2874401,8.1656641
47.287581,8.1519802
47.2637728,8.056531
47.2917481,8.1926072
47.2900324,8.1871005
47.4944328,8.2536931
47.4942081,8.2529421
47.2847739,8.0221872
47.3847094,8.2655404
47.3715475,8.2676458
47.3453789,8.2424476
47.3483785,8.2401742
47.3405606,8.0735742
47.4056458,8.1588214
47.3500722,8.1897716
47.3495216,8.1891923
47.3274949,7.9265108
47.483673,8.3020581
47.2753568,8.0030978
47.4550409,8.3130775
47.2906107,8.195706
47.290867,8.2022921
47.2869801,7.9459069
47.3836315,8.1663505
47.2651377,7.8338639
47.3856364,8.1794646
47.3269012,8.205584
47.4743327,8.297625
47.4832891,8.3057514
47.4775769,8.3128267
47.3861183,8.1749402
47.4792346,8.2043475
47.4965956,7.9737613
47.5214626,7.7856326
47.4065033,8.0140077
47.1659096,8.3957711
47.1918644,8.3952649
47.3885385,8.1889916
47.3621918,8.0319798
47.3607568,8.0339046
47.3078884,8.0314366
47.5671259,8.3992211
47.5900567,8.1729484
47.5553287,7.7953516
47.3991323,8.1336494
47.4184285,8.2175497
47.5656502,8.3768106
47.3762858,8.1427569
47.3764664,8.1429552
47.4102782,8.2425893
47.4202541,8.2123901
47.5451606,8.3810661
47.420609,8.1148309
47.3822234,8.0440273
47.4782656,8.3321157
47.3877499,8.1814113
47.4484745,8.1723104
47.4493738,8.1688793
47.3915447,8.1828363
47.3903778,8.1829932
47.5493426,7.820469
47.4735442,8.3239677
47.471213,8.3423091
47.2819438,8.2548915
47.4177483,8.2749973
47.4213041,8.2762872
47.4812357,8.3164481
47.1476894,8.3921273
47.4017033,8.1816327
47.41827,8.2020334
47.4196624,8.1750062
47.3132224,8.3927795
47.3333262,8.3826426
47.3667666,8.3578723
47.4410268,8.1297604
47.4457708,8.1424358
47.3735893,8.3737469
47.3177727,8.1275417
47.4268635,8.3795871
47.4179367,8.3650647
47.41697,8.3652742
47.3288692,7.9387563
47.4793696,8.1811638
47.3669198,8.1101304
47.3009205,8.4113008
47.4018696,8.3865589
47.3707398,8.0595938
47.3168439,8.0131216
47.4080844,8.1937346
47.3848893,8.0466272
47.5316994,8.3572878
47.406262,8.1726812
47.5017195,8.3491077
47.5032719,8.3488085
47.4475066,8.188421
47.461979,8.186374
47.4786876,8.3249384
47.4755051,8.3152479
47.4626772,8.2471581
47.403001,8.12714
47.4167946,8.1351325
47.416631,8.135786
47.414053,8.083899
47.4135672,8.0824804
47.4444212,8.1376312
47.4778522,8.2164191
47.4236696,8.2638803
47.5872927,8.2197877
47.5636265,8.3264388
47.5651556,8.3230316
47.4599813,8.3160988
47.5665448,8.3522082
47.4609745,8.3231456
47.5940844,8.294434
47.4535127,8.2855913
47.3957588,8.0986038
47.4804379,8.3114076
47.4802039,8.3129369
47.4699615,8.3279564
47.3273111,8.2068346
47.3277282,8.2078184
47.3259406,8.2061531
47.3275615,8.207315
47.3880472,8.0493442
47.3941973,8.0475539
47.4741619,8.3088846
47.344993,8.2453499
47.5577279,7.8428125
47.4741523,8.3342736
47.3772786,8.030356
47.3875486,8.0427154
47.3199679,7.9082602
47.4068601,8.0114641
47.4663085,8.3370921
47.4664988,8.3342088
47.4692177,8.333379
47.5432635,8.377816
47.46822,8.3440275
47.3899674,8.0696582
47.3927257,8.0422794
47.2295004,8.3460833
47.2304596,8.3461104
47.3484754,8.1890374
47.3495528,8.1871803
47.4158654,8.152577
47.4161102,8.1415315
47.4166767,8.1371246
47.3304793,8.283166
47.4153845,8.1819902
47.3922828,8.0430009
47.3690925,8.3389482
47.3594402,8.3528462
47.3705159,8.3446716
47.3842478,8.1229576
47.3875167,8.1751834
47.3842424,8.1777818
47.3518416,8.2780904
47.3946329,8.0424694
47.289526,7.9444337
47.2888697,7.9442952
47.3925659,8.3577124
47.5225883,8.3581596
47.501213,8.3488448
47.3321227,8.0115592
47.367806,8.380843
47.377255,8.0438263
47.417921,8.3628039
47.3738153,8.2341443
47.4631814,8.3270419
47.4624367,8.3272286
47.3486253,8.3806642
47.3635962,8.3622591
47.4812305,8.2454887
47.4795787,8.2434666
47.3058667,8.03902
47.4770522,8.3041394
47.3568626,8.102318
47.3680981,8.3904169
47.3456904,8.0101477
47.3845252,8.042013
47.2878402,8.02992
47.5231246,8.3567134
47.5306735,8.3389183
47.4872412,8.311802
47.5217619,8.3302824
47.5796857,8.2071633
47.3599161,8.0973436
47.3522251,8.1601489
47.3813715,8.322475
47.3847738,8.3235496
47.4725858,8.3099392
47.2880578,7.9784133
47.4804303,7.9768182
47.5181573,8.1882563
47.3209396,8.0812115
47.4216948,8.0350358
47.4240239,8.2716796
47.5522834,7.7849795
47.2904671,7.9443156
47.2876475,7.9466237
47.2902725,7.9454406
47.3452131,8.3386378
47.39333,8.0409858
47.4038721,8.3958444
47.4030491,8.3970052
47.3994767,8.0449753
47.3989587,8.0581733
47.390763,8.0401303
47.3894023,8.0427948
47.2516149,8.0457906
47.2554695,8.0503987
47.5599846,7.7995776
47.4138867,8.078286
47.4437331,8.3270082
47.4449174,8.3281428
47.4696129,8.3299624
47.3031898,7.9549425
47.4279895,8.0171775
47.4358154,8.0304025
47.5614423,8.2857955
47.5593007,8.2864649
47.2600507,7.9501938
47.3262187,8.0913167
47.302072,8.1825426
47.298616,8.1800535
47.2897964,8.0631082
47.3114042,8.3899436
47.4721098,8.3093296
47.5017855,8.349666
47.5010984,8.3496272
47.5631828,8.0600344
47.2947644,8.2426556
47.4704762,8.3209893
47.3453121,8.1625387
47.3453412,8.1607309
47.3034639,8.0282304
47.5540133,7.7946861
47.3508332,8.1292919
47.2535219,8.1830715
47.2543718,8.1830013
47.3742927,8.1927243
47.2511189,7.8778272
47.2533252,7.8829157
47.3919471,8.3037543
47.4252171,8.0055763
47.4185151,8.0425192
47.4177456,8.0433624
47.4145983,8.0462092
47.4165345,8.0445476
47.5343552,8.0963859
47.3894864,8.3304355
47.4613089,7.9997613
47.4185552,8.3163077
47.4127234,8.1923867
47.4750542,8.2086327
47.2864181,7.8885716
47.4012628,8.0851801
47.3911409,8.0830212
47.4055713,8.0076627
47.3883877,8.2537089
47.4783494,8.3096599
47.3825067,8.2533128
47.4221432,8.3074004
47.373069,8.3637462
47.3991283,8.2191241
47.4012395,8.2184746
47.3873814,8.1850687
47.4808098,7.9629425
47.4193413,8.1571807
47.2895975,7.891769
47.2917289,7.8848478
47.290762,7.8902149
47.2947226,7.9031627
47.2851734,7.8626501
47.3779627,8.0474074
47.4096922,8.1563869
47.3938114,8.376079
47.5655654,8.3858915
47.2494172,8.3237973
47.4272547,8.2434086
47.34995,8.2736339
47.3497316,8.2748224
47.2904092,8.2650725
47.5416345,7.8708585
47.540793,7.8712423
47.4869518,8.3040523
47.3901969,8.3266085
47.3875888,8.3271628
47.4057985,8.2145053
47.542721,7.8692573
47.4184622,8.046451
47.4205339,8.0423251
47.4199541,8.0429863
47.5458642,7.9218789
47.3515515,8.2776636
47.2556316,8.3657134
47.4778776,8.3016713
47.2808276,8.3513449
47.4820013,8.2092056
47.476804,8.2134366
47.5544166,7.7904953
47.317608,8.084624
47.269771,8.3140456
47.2837116,7.9552815
47.501236,8.349412
47.3152972,8.1844393
47.241933,7.834349
47.2562233,8.1886086
47.3464244,8.1563763
47.326655,8.2027785
47.3263613,8.2038506
47.5455141,7.9227039
47.294619,8.3359098
47.3912873,8.0604932
47.5598386,8.0614127
47.3272949,8.0778024
47.3440237,8.1603073
47.3638319,8.0405505
47.3534107,8.0117872
47.373954,8.1835592
47.3611476,8.1793401
47.376674,8.1866732
47.3766486,8.1875047
47.4571909,8.329678
47.4353069,8.371454
47.4963798,8.0006315
47.5044463,8.2677188
47.3869871,8.1847969
47.5739232,7.90595
47.5588414,7.8010558
47.3189993,7.898346
47.3173099,7.89538
47.4683904,8.3377556
47.5682559,8.3525902
47.4492539,8.3704809
47.4442942,8.3642724
47.542814,7.8715184
47.3484405,8.1096322
47.5277742,8.3531381
47.4800035,8.3198952
47.2988244,8.121778
47.2986542,8.1194884
47.2867358,8.079722
47.6092584,8.1938435
47.5359733,8.2892758
47.5362664,8.2904607
47.5379046,8.2901984
47.5390136,8.2913008
47.5394474,8.2921262
47.4352114,8.2914514
47.3883031,8.0487959
47.229859,8.3903756
47.3000495,8.3920125
47.436486,8.2915601
47.3985093,8.2149488
47.3567326,8.0472175
47.3362984,8.0242154
47.3123465,7.9290537
47.3056385,7.8996027
47.4164812,8.3654796
47.4169073,8.3659355
47.4155898,8.3633415
47.5403111,8.3219766
47.4186513,8.3669151
47.3933288,8.0468552
47.3876081,8.2841456
47.3819344,8.2891477
47.4714716,8.2490334
47.4766614,8.2488761
47.3943059,8.0399436
47.4819932,8.1941613
47.3885984,8.1874525
47.3882,8.04588
47.4192308,8.3157973
47.3982727,8.2102472
47.3767,8.05088
47.3981109,8.1745519
47.2493552,7.9147353
47.3905117,8.2353796
47.2509755,8.044024
47.2511111,8.0435982
47.2833504,8.0424374
47.2908073,8.0393971
47.2920435,8.0392309
47.4321711,8.2042159
47.4336843,8.1462206
47.5566429,8.2894158
47.5473093,8.2905006
47.5393646,7.9497179
47.4236381,8.082658
47.5654673,8.3746281
47.5656535,8.3776091
47.5653791,8.3789231
47.310768,7.8814949
47.4627962,8.1828219
47.4627693,8.1827326
47.3915119,8.0339309
47.3922785,8.0347573
47.3923891,8.0350359
47.4724245,8.306639
47.235596,8.1695996
47.4454914,8.1376076
47.3732746,8.0749919
47.4605159,8.2492744
47.4602254,8.2514708
47.4616393,8.2483304
47.2509822,8.2152459
47.4590719,8.3352382
47.4486525,8.0063367
47.4504858,8.0056217
47.369004,8.2037534
47.2729503,8.1702219
47.2723711,8.1697565
47.4044729,8.0879829
47.3315847,8.0015665
47.5409974,8.3747497
47.5544615,7.7946483
47.4954144,7.9983616
47.2400817,8.3401253
47.3182627,8.4217572
47.4804756,8.3271934
47.2094494,8.3263034
47.4904301,8.2117396
47.4845367,8.2012847
47.423079,8.3637464
47.3606652,8.0232709
47.4960858,8.2244347
47.3229455,8.4395718
47.3512865,8.0634928
47.2819574,8.1999825
47.2901011,8.1961044
47.5289194,8.2323106
47.5850588,8.2444269
47.4587254,8.3178841
47.4600887,8.3211961
47.4465107,8.3509955
47.4659833,8.3153288
47.3564679,8.0481849
47.4995523,7.932342
47.4999622,7.9324309
47.498332,7.9331359
47.4987826,7.9350536
47.2273434,8.366108
47.2730688,8.3488778
47.2766315,8.1385829
47.5212486,8.2161535
47.5211559,8.2161121
47.4851831,7.9567101
47.2604633,7.9450264
47.310883,8.2517072
47.5275898,7.8135769
47.2802615,8.3698139
47.2759658,8.3454227
47.2800036,8.3684006
47.2792097,8.3668044
47.2709294,8.3093549
47.2701667,7.9324782
47.2739009,7.9326221
47.2684084,8.2097338
47.2685393,8.207058
47.2859732,8.1500705
47.32304,8.2075052
47.2961466,8.2277689
47.2965473,8.2387443
47.4119613,8.2335334
47.3775239,8.1447869
47.2095719,8.366442
47.3812437,8.3653009
47.4199278,8.3640416
47.4431319,8.3675272
47.4481627,8.3694714
47.4487995,8.3699507
47.4813952,8.3138885
47.3914837,8.3097918
47.3012714,8.3188529
47.4677856,8.3289453
47.3082118,8.1738794
47.5364751,8.293703
47.5555906,7.7968335
47.5375593,8.2927844
47.3489105,8.2696051
47.5355079,8.2308998
47.2893194,7.9462827
47.2909884,8.0890982
47.570034,8.323666
47.5123216,8.2686663
47.4554228,8.31427
47.4946103,8.3416732
47.351367,8.0597254
47.2404381,8.1871703
47.3741062,8.0797397
47.4316292,8.3465779
47.4614145,8.3329446
47.2846369,7.9086804
47.466678,8.3350852
47.5601434,7.8367759
47.5827639,8.2466124
47.5819032,8.2477214
47.3693898,8.2070922
47.3690313,8.2062915
47.555607,8.223099
47.5563381,8.2226272
47.4133391,8.0485036
47.3155396,8.2525158
47.3136416,8.2519488
47.2107589,8.366323
47.3727491,8.2072049
47.4208582,8.3038007
47.4212751,8.3050434
47.3210584,8.4370312
47.4934406,8.2506429
47.4807784,7.9745147
47.4936963,7.9964143
47.3682468,8.0323152
47.4347861,8.2001259
47.436412,8.2023654
47.4864657,8.2645552
47.5546525,8.3763252
47.4611252,8.2500959
47.4372806,8.2015493
47.4635166,8.1570059
47.4585242,8.1516292
47.3358277,8.1418237
47.4967792,7.9311672
47.4999973,7.9343654
47.5516533,7.8001561
47.4985187,7.9358274
47.4884721,8.104356
47.490004,8.1042268
47.5108904,8.0130599
47.3928173,8.0766161
47.5454396,7.923917
47.3937176,8.0764392
47.419423,8.3672056
47.388636,8.2184122
47.3903935,8.2174603
47.4006716,8.0465814
47.4771464,8.3093922
47.4066209,8.1243145
47.256176,8.1682949
47.5533095,7.7954774
47.3501982,8.1370323
47.5775174,7.8517654
47.5752029,7.8591985
47.4108295,8.2283737
47.4955877,7.9294903
47.4959461,7.9304631
47.4363382,8.3674751
47.321849,7.9649292
47.417913,8.1680339
47.267335,8.2021242
47.4039452,8.1343402
47.3734745,8.1577877
47.4420575,8.1187281
47.4452188,8.1365517
47.5066483,8.2200215
47.3944253,8.2170816
47.4461933,8.3676342
47.4042593,8.0856613
47.4112415,8.0467245
47.5869928,8.1472158
47.3867875,8.0751643
47.2753006,8.1776455
47.2784115,8.1757999
47.2351159,8.1890647
47.4106718,8.1134203
47.2334457,8.1939141
47.4752621,8.0503279
47.4217899,8.0543733
47.4700345,8.053526
47.4742201,8.0503317
47.5194929,8.0150711
47.5192905,8.0161035
47.5199521,8.0147191
47.5423513,8.0437349
47.4743408,8.0505037
47.3439393,8.2848867
47.4152272,8.058048
47.4153528,8.0575158
47.4166079,8.2759891
47.5537884,8.0627536
47.4381478,8.2697063
47.5639825,8.127022
47.5388086,7.9438587
47.522201,8.2163567
47.3894016,8.0710894
47.5366482,8.3273437
47.5283204,8.3251181
47.5406108,8.3284889
47.3987138,8.0793012
47.3512423,8.1605855
47.2258652,8.3191153
47.5348888,7.9834033
47.2693987,8.063012
47.3052412,7.9437234
47.3183778,8.2228588
47.3211126,8.2285675
47.4903027,8.102483
47.4438897,8.0495166
47.4276684,8.3569739
47.3156189,8.0389749
47.4695938,8.3111733
47.4749138,8.3082848
47.4147111,8.0903329
47.5181131,8.0601698
47.4570578,8.3153306
47.457069,8.3170415
47.426511,8.1721533
47.4669579,8.1874198
47.6031968,8.2025311
47.4871558,8.2087805
47.5459688,7.793169
47.3075557,8.2207048
47.3031766,8.0406346
47.4621135,8.2104753
47.4453154,8.3293675
47.2596181,8.3750319
47.5547906,8.37472
47.568053,8.2592055
47.568869,8.2577467
47.3407034,8.3433706
47.5890119,8.2910981
47.4559168,8.3173419
47.2960539,7.9478954
47.2909765,7.9438496
47.4998889,8.3246381
47.336873,8.3864902
47.3871473,8.2545857
47.4209742,8.1708347
47.3358344,8.3860102
47.4439454,8.3719528
47.2580175,8.3787303
47.2589589,8.377355
47.258128,8.36213
47.2687863,8.0142562
47.5270393,8.0967077
47.5826901,7.8215844
47.336373,8.3593121
47.3996377,8.1213479
47.401084,8.1291771
47.4786749,8.3042524
47.4157618,8.3656882
47.2726278,8.3483481
47.3588989,8.3486775
47.3524853,8.3398224
47.3503855,8.3455314
47.3487936,8.3394092
47.5385464,8.1995876
47.5431118,8.213906
47.5273984,7.8145075
47.3531594,8.3423403
47.3462915,8.3461467
47.3425512,8.347671
47.3971571,8.0484422
47.3517428,8.3409678
47.3913467,8.0801116
47.5476091,8.1683866
47.548537,8.1679165
47.5675321,8.1688113
47.5746167,8.1562819
47.578402,8.1655337
47.5524485,8.1305959
47.5552719,8.1332979
47.3949674,8.374384
47.3968342,8.3741497
47.3210811,8.2051511
47.3460089,8.3591817
47.3462152,8.3602578
47.3451064,8.361206
47.3393202,8.3689126
47.3367991,8.3671886
47.350966,8.3426079
47.5976517,8.2949171
47.5430247,8.1470077
47.5492108,8.149163
47.4067204,8.4004506
47.3814793,8.3650123
47.3993872,8.0580226
47.3782953,8.0590648
47.471518,8.312482
47.3058066,7.8775243
47.5483968,7.9538927
47.5151141,7.9666447
47.5828027,8.1414861
47.3938161,8.0439941
47.5856014,8.1651797
47.3779304,8.1352749
47.3815626,8.1349635
47.3912516,8.0480616
47.3922157,8.0464493
47.3746324,8.3427487
47.3880466,8.0481655
47.4813855,8.1094608
47.4635183,8.1391531
47.5502745,8.07444
47.3637681,8.3890485
47.5264598,7.8149093
47.3841175,8.1236511
47.507381,8.1509866
47.5326703,8.2564607
47.5328522,8.2535591
47.4599395,8.3407592
47.3478558,8.3262755
47.5295215,8.2510125
47.326849,8.3152796
47.3129115,8.3426832
47.2975824,8.3639496
47.4736488,8.2954997
47.2675416,7.865596
47.5422985,8.2397324
47.4387737,8.0314349
47.4450568,8.0532206
47.4619968,8.0413055
47.3756653,8.3413323
47.3704518,8.3563734
47.4146465,8.2925902
47.5500195,8.2276589
47.5537958,8.2289746
47.2999259,8.3112887
47.5016045,8.2056056
47.4865669,8.2057405
47.4960118,8.223545
47.5016897,8.2302251
47.5023269,8.2317209
47.5023845,8.2325213
47.5011022,8.2332314
47.502477,8.233499
47.4676308,8.0868805
47.4525855,8.0974524
47.5427392,7.9569512
47.4663473,8.3400587
47.5544179,8.1438028
47.298292,8.155371
47.4598568,8.0487096
47.4542477,8.0537631
47.4535548,8.0538463
47.4226403,8.1333111
47.553367,8.1241064
47.3447663,8.2262446
47.3459567,8.2169212
47.5026163,8.2588524
47.5016218,8.2585252
47.5047529,8.2593111
47.5028649,8.2521764
47.3390823,8.2175328
47.3224102,8.20553
47.3886834,8.0414417
47.561962,7.8343113
47.5459739,7.952549
47.3760552,8.143063
47.3271382,8.3344887
47.2463781,8.3126986
47.2695546,8.1013394
47.351569,8.1840379
47.3839738,8.1685382
47.3678786,8.1250579
47.370352,8.1187645
47.554979,7.8806199
47.4733152,8.3093413
47.2683606,8.0552642
47.2839268,8.0424445
47.2757265,8.0671931
47.3038305,8.068137
47.4051986,8.2168529
47.3818055,8.1658526
47.3788202,8.1645711
47.380461,8.1655156
47.3944944,8.0474379
47.4705633,8.3078969
47.492433,8.3462642
47.4793962,8.3145936
47.4958152,8.3420282
47.3264204,8.2193001
47.4808333,7.9754398
47.3056427,7.8992445
47.3446119,8.3603863
47.3302657,7.9155136
47.3437095,8.1138867
47.2721184,8.1688726
47.4181308,8.1626133
47.4005475,8.0419713
47.3911382,8.0341216
47.3710037,8.0553158
47.3784045,8.0538749
47.3902097,8.0453522
47.3912308,8.0411047
47.3893297,8.0482904
47.3965201,8.0672044
47.3929185,8.0423047
47.3876778,8.0549885
47.3912118,8.0394554
47.3814335,8.0585391
47.4464126,8.3277397
47.44567,8.3306642
47.4442896,8.32758
47.2849282,8.3423367
47.3505568,8.2716723
47.602789,8.2032095
47.3804933,8.162438
47.4812206,8.1685415
47.444873,8.3627652
47.2675877,8.311756
47.2913758,8.2922047
47.2606,8.11403
47.285,8.09799
47.456863,8.2499529
47.5356965,8.2921899
47.5203623,8.3295347
47.4711481,8.158561
47.4472438,8.0065327
47.4469477,8.0067272
47.4613448,7.998763
47.4553269,8.0031442
47.3825022,8.0375263
47.3494307,8.1859235
47.4537558,8.0186856
47.2726029,7.9340782
47.2724013,7.9335556
47.2729699,7.9336339
47.3228868,8.1455721
47.3103469,8.1127461
47.3051256,8.1138026
47.3129086,8.1091006
47.3124314,8.1094859
47.2791431,8.1339319
47.2794271,8.1427161
47.2814716,8.1419924
47.2841261,8.1513608
47.2785486,8.1383678
47.2793233,8.1429956
47.2787111,8.1385892
47.2755669,8.1356979
47.2760511,8.146074
47.2765836,8.1435131
47.2765971,8.1426381
47.2720597,8.1448699
47.2757604,8.1333536
47.2780311,8.1341217
47.2756202,8.1359848
47.2712778,8.1459697
47.2713885,8.1455614
47.2774316,8.1397958
47.2767139,8.1447619
47.2769555,8.1385602
47.2778908,8.1402884
47.2749292,8.1348011
47.2716677,8.136367
47.2707887,8.1428243
47.269966,8.1424675
47.2715536,8.1418315
47.2735117,8.1444298
47.2731039,8.1371947
47.2689952,8.1399359
47.2683022,8.1346555
47.2696255,8.1417634
47.2714411,8.1413575
47.2689737,8.1464019
47.2634991,8.1450809
47.2650022,8.1418623
47.2522061,8.1390274
47.2514839,8.1384315
47.2689325,8.1468926
47.2686519,8.1455452
47.2526048,8.1394867
47.2652154,8.1450651
47.2621512,8.1444001
47.26922,8.1474654
47.2661835,8.1449665
47.2687763,8.1466584
47.261292,8.1471901
47.257265,8.1500913
47.2674108,8.1528304
47.2665687,8.1507535
47.2581267,8.1500924
47.2570306,8.1493756
47.2606312,8.1469434
47.2672792,8.1484838
47.2573303,8.1509244
47.262218,8.1475637
47.2673702,8.1488111
47.258913,8.1478231
47.2640188,8.1526325
47.2648782,8.1539612
47.2641555,8.1512665
47.265733,8.1595307
47.2562145,8.1664428
47.2525576,8.1731394
47.2514173,8.1742796
47.2504659,8.1758236
47.2495398,8.1781247
47.2426949,8.1804425
47.2402223,8.1762163
47.2358422,8.1792952
47.2355649,8.1799461
47.2352726,8.1801369
47.2344902,8.1805403
47.2345369,8.1797284
47.2386605,8.1864927
47.240853,8.1872937
47.240464,8.1906697
47.2466889,8.1891384
47.2501705,8.1830704
47.2582327,8.1785096
47.2576065,8.1758504
47.2563485,8.1730034
47.2678011,8.1771416
47.2681509,8.1763283
47.2713441,8.1706385
47.2812726,8.1552896
47.2816772,8.1545918
47.2659544,8.205876
47.2652595,8.2061027
47.2644366,8.2069515
47.2629361,8.2076662
47.3340735,8.1614095
47.3342103,8.1618601
47.3351655,8.1603983
47.3353677,8.1616314
47.3371664,8.1584825
47.3416804,8.1500235
47.3425969,8.1505439
47.3431598,8.150676
47.3451401,8.1525335
47.3461317,8.1514469
47.2932614,8.1890403
47.2952621,8.1919397
47.2948682,8.1924024
47.2928612,8.1925017
47.2875725,8.1963801
47.2918916,8.1963493
47.2917242,8.1965813
47.2916087,8.1962514
47.2914813,8.1967154
47.2842911,8.2008125
47.2846277,8.2007723
47.2856666,8.1987747
47.2852759,8.1986359
47.2665493,8.2023519
47.264149,8.2023994
47.2638928,8.2010926
47.2636745,8.2016913
47.2626079,8.2024929
47.2606446,8.2039128
47.2604223,8.2037346
47.2602516,8.2038319
47.2595428,8.2047334
47.2591274,8.2049825
47.2577424,8.2060079
47.256523,8.2063367
47.2562501,8.2067647
47.267343,8.1882108
47.267323,8.189202
47.2668938,8.1888109
47.2664131,8.1904343
47.2781165,8.1964314
47.2754739,8.1965237
47.2758402,8.191676
47.2777296,8.1901196
47.2730826,7.9307235
47.3017171,8.1830735
47.3039457,8.1847076
47.306582,8.1791594
47.3080131,8.1764155
47.3079067,8.1761619
47.3087229,8.1741144
47.3156684,8.1689148
47.3215041,8.1466584
47.3288167,8.1179419
47.3106131,8.1149842
47.2999699,8.1232708
47.3054902,8.1189187
47.3767517,8.0807143
47.3744997,8.079643
47.285415,8.1506462
47.28623,8.1493555
47.3932469,8.0425995
47.3930804,8.0414678
47.3519684,8.0601684
47.4178849,8.3601575
47.4233449,8.3735244
47.2421336,8.1866773
47.3887886,8.0746481
47.466682,8.3104943
47.4649234,8.3135452
47.4673182,8.3275832
47.4678002,8.327424
47.467669,8.3274282
47.5576689,8.2225768
47.3710387,8.0793565
47.2929989,8.0896969
47.352564,8.0665472
47.4358032,8.1883449
47.4013803,8.1304068
47.39725,8.1289703
47.4051764,8.1314603
47.4340077,8.2456222
47.4953561,8.0814188
47.4997193,8.0658504
47.4999452,8.0629654
47.4467466,8.1433349
47.4462913,8.1392246
47.4413306,8.1271487
47.4360415,8.199223
47.387466,8.3596033
47.4107875,8.0702326
47.4123267,8.0843236
47.3923055,8.0766007
47.4692564,8.0542897
47.5183352,8.0187288
47.5191677,8.0167878
47.5302217,8.3259949
47.5354229,8.321846
47.5409338,8.3222068
47.528779,8.3330256
47.5325325,8.33229
47.3227555,8.1531713
47.4042275,8.2779292
47.4376685,8.1314394
47.4982066,7.7013743
47.442286,7.8249931
47.3757797,7.7467549
47.396231,7.8559517
47.4245884,7.4759311
47.4360403,7.8112833
47.4038742,7.7805301
47.4844483,7.8266068
47.5065624,7.8666065
47.4385062,7.9214448
47.4500949,7.9413489
47.4251287,7.9276338
47.4326553,7.9337912
47.4318893,7.9327953
47.4325492,7.9340173
47.4323367,7.9332708
47.4352872,7.9433641
47.4953753,7.6812228
47.5115035,7.6599282
47.4835472,7.9109584
47.4836332,7.5460894
47.4926757,7.5608716
47.495279,7.5706999
47.502694,7.5783043
47.4922953,7.7833398
47.5119076,7.7651645
47.4100729,7.9068337
47.4161959,7.9062753
47.4163422,7.9077853
47.5137036,7.7644004
47.5024224,7.7648407
47.5018058,7.7650432
47.5085198,7.7644102
47.5238987,7.7475229
47.5242201,7.7476169
47.523209,7.7449831
47.5238097,7.7455375
47.4918669,7.8045986
47.4976349,7.5908848
47.5388237,7.8377609
47.3855602,7.8206188
47.3857136,7.8212487
47.4807939,7.5444919
47.5124832,7.5886142
47.5338196,7.5873985
47.5186152,7.691807
47.5055047,7.7075577
47.4040321,7.8852491
47.4163912,7.9066559
47.4166939,7.9058674
47.4703413,7.8573117
47.4834793,7.8505035
47.4846978,7.8504573
47.4860403,7.8500548
47.4937689,7.8540235
47.4962877,7.8697279
47.3967881,7.6917221
47.3971743,7.6917227
47.5131388,7.5588915
47.5231021,7.6910247
47.503066,7.7150198
47.5332917,7.5970078
47.5186104,7.6996141
47.3939065,7.6931449
47.4833493,7.7353613
47.5247176,7.6464071
47.4594274,7.5811441
47.3714701,7.7023645
47.4922039,7.5902947
47.5055227,7.8647384
47.4660777,7.5989407
47.4624648,7.9137465
47.3840535,7.8225168
47.5231237,7.84651
47.5215491,7.8518721
47.5238807,7.8485591
47.5245648,7.8471223
47.5126887,7.7651927
47.5390071,7.6015883
47.5391187,7.6030408
47.464076,7.8355901
47.3747267,7.7129962
47.5134985,7.6179735
47.5333311,7.6477038
47.4122588,7.8131391
47.4220972,7.5004861
47.4214323,7.5005333
47.5213493,7.6461256
47.5188638,7.5903738
47.4983339,7.6260633
47.4962221,7.6245812
47.4853766,7.5993586
47.4860155,7.7369924
47.4624656,7.5925369
47.4333284,7.935087
47.5427365,7.5344568
47.3993615,7.4922947
47.3968377,7.4954859
47.5334471,7.5076926
47.5017121,7.7192188
47.4123728,7.7742939
47.4705464,7.7597729
47.5388079,7.5398412
47.4672494,7.9183958
47.3890482,7.7866217
47.5110574,7.5212958
47.4588446,7.5896805
47.4614185,7.5967328
47.4158982,7.7166641
47.4529618,7.9404746
47.5283338,7.5925398
47.4018561,7.7175536
47.4025767,7.7173725
47.3477888,7.7690229
47.4110466,7.4939147
47.3932168,7.7499555
47.440277,7.9081714
47.5033889,7.7132563
47.4629652,7.8113958
47.4916469,7.5781094
47.4535838,7.5914226
47.5405326,7.7236714
47.3973857,7.8595156
47.3974116,7.8623563
47.5031944,7.623999
47.5236213,7.6216384
47.5076014,7.5947706
47.5138472,7.5811696
47.4989808,7.5518111
47.518311,7.6564742
47.5138399,7.6213249
47.5124564,7.6203018
47.5165551,7.6035202
47.5133521,7.6130086
47.4216201,7.5010147
47.4222821,7.5016712
47.5102308,7.7307256
47.5233747,7.6455534
47.5225526,7.6452396
47.5099294,7.635082
47.3921947,7.856231
47.4853076,7.735328
47.4847767,7.7335231
47.4649834,7.7642378
47.3678205,7.7389221
47.4229079,7.5004264
47.5039781,7.7002091
47.5148133,7.6989207
47.5180104,7.5731437
47.5255169,7.844644
47.5259723,7.8478823
47.4913742,7.5707056
47.4255849,7.8988695
47.4262146,7.898313
47.4115268,7.8353816
47.5183329,7.693807
47.4898346,7.7232116
47.4694262,7.8741889
47.4656865,7.8513515
47.3517737,7.7636876
47.3492921,7.76838
47.3747341,7.8210868
47.3851873,7.8189725
47.4060358,7.5235172
47.4502389,7.5188648
47.4508138,7.5197264
47.4522898,7.5347749
47.4164885,7.5030886
47.5235073,7.5820813
47.4908513,7.6053749
47.5310004,7.5954892
47.5316136,7.596315
47.531811,7.5967187
47.4593478,7.5896101
47.4934651,7.6183682
47.4688384,7.8758859
47.4713079,7.874636
47.4768544,7.757908
47.4767944,7.7583756
47.4765407,7.7581986
47.4765999,7.757883
47.5024168,7.7124432
47.4573269,7.4424193
47.5336785,7.7213318
47.5038338,7.6066785
47.3819264,7.7471013
47.5056228,7.5754422
47.4737949,7.7567025
47.4133685,7.5017993
47.5299309,7.6152172
47.4260033,7.4986469
47.3955108,7.6926425
47.3488034,7.7697446
47.4231561,7.5020675
47.4231154,7.5012273
47.4474249,7.5015335
47.4452638,7.4876044
47.4406691,7.4972183
47.4415887,7.4971396
47.4422392,7.4972375
47.4423487,7.4955609
47.4399645,7.4973821
47.4386397,7.4981324
47.4408287,7.49897
47.5221626,7.5726391
47.4864795,7.7968746
47.4224385,7.4999232
47.4004523,7.4768677
47.4882116,7.7531882
47.3902484,7.6757907
47.4075153,7.8813493
47.5233437,7.6984109
47.5162616,7.6955544
47.4552497,7.4493433
47.5016246,7.7170235
47.5103856,7.6202936
47.3830709,7.7483994
47.3805333,7.7461912
47.3831537,7.7477597
47.4907248,7.6268568
47.4342845,7.3401562
47.429848,7.3412564
47.3990221,7.8538253
47.4413223,7.5912583
47.4054914,7.8174814
47.4844897,7.7345829
47.4300514,7.703528
47.465363,7.8099618
47.4741925,7.760633
47.4258212,7.7714601
47.5345877,7.6148239
47.4852635,7.7335389
47.4847206,7.7357598
47.4849713,7.7376345
47.5097287,7.711208
47.5085385,7.5898639
47.4313921,7.7057122
47.4309916,7.7066506
47.4310371,7.7085082
47.4209709,7.4937989
47.4252702,7.4991936
47.4216935,7.4986695
47.420925,7.5144367
47.3995362,7.5157495
47.4182563,7.4954458
47.5160081,7.7085934
47.5333132,7.7209171
47.4062245,7.8719096
47.4297879,7.9368831
47.5085642,7.7655856
47.5114093,7.7626278
47.3963276,7.6513501
47.3974847,7.6526408
47.4523631,7.6060962
47.4521479,7.6045388
47.4257575,7.8408148
47.4253104,7.8424097
47.4257739,7.8388697
47.4100562,7.8448449
47.4772243,7.8132252
47.4674435,7.5991198
47.5185144,7.694883
47.4940713,7.5896011
47.4282408,7.8084353
47.4369272,7.5310628
47.5229418,7.575862
47.448393,7.9386211
47.3597442,7.774432
47.4246175,7.7692825
47.4034306,7.7821077
47.4029843,7.7802222
47.5039449,7.7126745
47.5038405,7.694175
47.5016263,7.717062
47.5034348,7.7142898
47.5219971,7.6470322
47.3964813,7.6916317
47.3946729,7.6925383
47.5102744,7.6425407
47.4473833,7.8571229
47.4522117,7.8532009
47.4681309,7.8781363
47.4621395,7.9073432
47.4321177,7.9357789
47.4317465,7.9356137
47.4312424,7.9361189
47.3845581,7.8232044
47.395289,7.8535844
47.4051735,7.8082256
47.5221401,7.5719292
47.3823685,7.7473229
47.4852662,7.7335076
47.540486,7.6070273
47.5400401,7.6077978
47.5404786,7.6087069
47.540311,7.6102177
47.540023,7.6100493
47.5412065,7.6068536
47.4298951,7.7108635
47.4299714,7.7086792
47.4314645,7.7094455
47.5725655,7.5925042
47.5658431,7.6217167
47.5664036,7.6302005
47.5573235,7.6189398
47.5742902,7.6103696
47.5545569,7.5973765
47.5872383,7.6545702
47.555435,7.5873847
47.5579731,7.5903491
47.5625542,7.5909007
47.5595714,7.592794
47.5338679,7.6423589
47.583225,7.6503779
47.5852845,7.6547185
47.5868248,7.6534069
47.5474956,7.6224499
47.5453859,7.5925802
47.5479189,7.6265899
47.5714079,7.6016334
47.5540752,7.6032907
47.5741884,7.6085476
47.5432764,7.5893077
47.5485963,7.5591148
47.5543349,7.6197727
47.5532687,7.6227828
47.5532971,7.6215308
47.5708375,7.5949124
47.5759961,7.6532659
47.5531613,7.5746027
47.5558891,7.6088596
47.5672391,7.586501
47.5565926,7.5916798
47.5464064,7.6068379
47.5679828,7.5816141
47.5572588,7.582834
47.5519932,7.5910035
47.5512777,7.5831645
47.5490788,7.5823176
47.5512587,7.5857177
47.5549551,7.5866371
47.5509045,7.5800193
47.5568593,7.5877646
47.5592324,7.5869741
47.574849,7.5831983
47.5478503,7.5988206
47.5574789,7.569377
47.5588958,7.593184
47.5631373,7.5762482
47.5712668,7.5834844
47.5552154,7.5910098
47.5749006,7.5831608
47.5495636,7.606522
47.5599496,7.604101
47.564896,7.5983017
47.5635503,7.5991516
47.5600495,7.5881313
47.5857118,7.6501439
47.558684,7.6024739
47.5573563,7.6155241
47.5549422,7.5895401
47.5579749,7.588042
47.5581012,7.6297974
47.559969,7.5672058
47.5750126,7.6011213
47.5474089,7.578144
47.5744131,7.6046156
47.5568988,7.5844762
47.5539038,7.5776352
47.5539655,7.600201
47.5604471,7.5717191
47.5575962,7.5855835
47.5419732,7.5866062
47.5503875,7.5923716
47.5617121,7.6092362
47.554735,7.6009224
47.5582342,7.6093177
47.5516794,7.5962429
47.5573831,7.5808591
47.5570394,7.5905157
47.5572522,7.5905744
47.5586943,7.5887705
47.5540148,7.594352
47.5597722,7.5861069
47.5600088,7.586412
47.5589153,7.5854922
47.5586122,7.5852316
47.5585439,7.5853254
47.5583787,7.5852127
47.5582373,7.5850087
47.5644423,7.5690335
47.5631712,7.5884576
47.5570179,7.6021216
47.5674652,7.5830575
47.566677,7.5927499
47.5639644,7.5912864
47.5601749,7.6101392
47.5635894,7.5578565
47.5544172,7.6110821
47.5525848,7.6055248
47.5518811,7.6088739
47.5507905,7.6040775
47.5629028,7.6294696
47.5567569,7.5843917
47.5567338,7.5783879
47.5741035,7.6149633
47.5644872,7.5787608
47.5529159,7.6139123
47.5579341,7.5899965
47.5781565,7.6243327
47.5413364,7.5955277
47.5563803,7.5910156
47.564407,7.5916211
47.5589479,7.5812984
47.5390754,7.5930138
47.5716171,7.5790641
47.5645822,7.6378213
47.5646911,7.6378209
47.5636315,7.6377382
47.5455571,7.6274656
47.5560987,7.6104764
47.572231,7.649097
47.5749003,7.6512918
47.5769589,7.6711245
47.5854642,7.6426166
47.5852585,7.6493586
47.5717382,7.6628694
47.5748703,7.6462192
47.5853663,7.6487869
47.564009,7.606874
47.5936762,7.6447648
47.5739627,7.644238
47.5727739,7.6293561
47.572612,7.6390976
47.5534118,7.5448184
47.5768163,7.6032564
47.5518172,7.589393
47.5535772,7.5439363
47.5837758,7.6511669
47.5649833,7.5760171
47.5833169,7.6523137
47.5699779,7.598229
47.5491538,7.575612
47.5461133,7.5877285
47.5531428,7.6039309
47.5583026,7.5883527
47.5714947,7.6661696
47.5570268,7.5891525
47.5371486,7.6288238
47.5553627,7.6252749
47.5738134,7.5820764
47.5737017,7.5816708
47.5569234,7.5871236
47.5564566,7.5864062
47.5598208,7.6051525
47.56797,7.5739765
47.5605476,7.5977253
47.5540633,7.5910382
47.5521771,7.5962228
47.5715799,7.6844843
47.547142,7.5902454
47.547541,7.5890315
47.5534434,7.5881666
47.5546802,7.5965824
47.5533878,7.5875105
47.5542075,7.5907609
47.5519267,7.5914303
47.5590593,7.5849981
47.5560322,7.5863481
47.5565576,7.5886175
47.5559549,7.5884136
47.5504364,7.5933273
47.5500528,7.5918424
47.5511842,7.5944781
47.5513194,7.5946486
47.5591359,7.5792545
47.5519362,7.6183686
47.5784817,7.6246091
47.5622864,7.5613389
47.5583064,7.5978538
47.5571206,7.5974342
47.5538803,7.5682
47.5517785,7.5749238
47.5493687,7.590436
47.5682055,7.5616496
47.5768802,7.5916198
47.5619403,7.5856312
47.5757402,7.5888609
47.5686674,7.5947681
47.5632276,7.592297
47.5619958,7.5972696
47.5499081,7.5963564
47.5570578,7.5655543
47.565691,7.5822372
47.5667199,7.5813986
47.5600163,7.5931739
47.5471574,7.6031706
47.5805209,7.604121
47.5838987,7.5918947
47.542908,7.5946091
47.5562107,7.5911105
47.5398734,7.5901261
47.5740483,7.6158187
47.5787248,7.5884572
47.5746966,7.6065249
47.5635653,7.5948267
47.5418605,7.598164
47.5505181,7.6144129
47.5621349,7.5740568
47.5654816,7.5735601
47.5491125,7.5783752
47.5399056,7.5955803
47.5532517,7.5651906
47.5635955,7.5845548
47.5411709,7.598126
47.5652685,7.6175755
47.5473961,7.5691215
47.5584001,7.5877107
47.5499056,7.6144858
47.5653211,7.5954051
47.5552751,7.6144094
47.5701245,7.5964763
47.5394323,7.5978247
47.5600166,7.5950982
47.5545057,7.5977483
47.5578412,7.5956198
47.5591281,7.5955761
47.5579658,7.5967091
47.5584736,7.5964393
47.5641722,7.5820106
47.5698045,7.6123719
47.5638945,7.6031764
47.5762841,7.5975924
47.5610531,7.5752006
47.5614578,7.5944455
47.5591191,7.5970057
47.5623351,7.5613422
47.5606232,7.5935874
47.5566071,7.590811
47.5544913,7.5678844
47.5554266,7.5926978
47.5648346,7.6058078
47.5432166,7.586563
47.556558,7.5908551
47.5726902,7.5764453
47.548397,7.5735665
47.5679935,7.6384502
47.5676877,7.6388547
47.5674818,7.6383125
47.5663706,7.6371396
47.5675316,7.6371015
47.5677483,7.637307
47.568038,7.6373315
47.5684203,7.6385479
47.5654697,7.6370607
47.5663383,7.6380674
47.566286,7.6378582
47.5674523,7.6390092
47.5678747,7.6405279
47.5679053,7.6400743
47.5679855,7.639718
47.5680154,7.6377645
47.5660079,7.641031
47.5639816,7.6408817
47.5662485,7.6387848
47.565404,7.6424548
47.5653789,7.643017
47.5659501,7.6425027
47.5659724,7.641942
47.5659255,7.6430655
47.5662181,7.6425532
47.5662786,7.641943
47.5661833,7.6436577
47.5680176,7.6438407
47.5680954,7.64335
47.565429,7.6439551
47.5676366,7.6430235
47.5668211,7.6426181
47.5680301,7.6427249
47.5671495,7.6404632
47.5671528,7.6400087
47.9640963,5.7292736
48.0016037,5.7559159
47.9119016,5.7421736
47.9029172,5.7258651
47.9296044,5.7095419
47.9802568,5.764849
48.681023,6.1716275
48.9021647,6.0612005
48.7314485,5.9784812
48.7551093,6.1677037
48.5422184,6.1436905
48.668477,6.1756099
48.6638083,6.178966
48.615979,5.9668086
48.653037,5.994627
48.9189243,6.1803884
48.666139,6.1803816
48.5548348,6.3860433
48.5818728,5.8030075
48.6809889,6.1701139
48.6981921,6.1858824
48.6716957,6.1925629
48.7071454,6.2622925
48.4851262,6.879548
48.9261253,5.94618
48.9085804,6.0686494
48.7390672,6.0817805
48.4864024,6.0870093
48.926877,5.9429367
48.6881118,6.1636855
48.5069679,6.2032534
48.6547231,6.156962
48.6554086,6.162365
48.6914076,6.199091
48.6518206,6.2019584
48.6897591,6.1901275
48.7137626,6.2593177
48.7139357,6.2588577
48.7927114,6.0023351
48.67174,6.1862557
48.9138781,6.0075794
48.9025635,5.9886482
48.7135231,6.1725143
48.7072874,6.1645886
48.7072919,6.1645392
48.6654664,6.1736398
48.6988039,6.1837611
48.8301423,6.2265605
48.8275767,6.2278587
48.8137311,6.2236369
48.4834758,6.9559328
48.6910509,6.1994527
48.6575578,6.1416438
48.7263714,6.0282201
48.7200385,6.0337563
48.8058887,5.9408497
48.9045974,6.0793282
48.7547899,6.2945884
48.421051,5.953787
48.9789021,5.9947528
48.9063185,6.0802309
48.6976403,6.183655
48.531665,6.0671327
48.6561321,6.147031
48.6886978,6.1654171
48.6879883,6.1270939
48.6541166,6.1565796
48.6883261,6.1991932
48.7161276,6.1174334
48.7315129,6.1662282
48.6840396,6.1488093
48.5797179,5.8973756
48.5927721,5.9171904
48.6852929,6.1712728
48.6915866,6.173184
48.6933968,6.1592752
48.7020178,6.1530274
48.4600061,6.7623854
48.4607033,6.7638324
49.1690777,5.8506784
48.7024074,6.1495623
48.6105996,5.8817766
48.6889605,6.1812338
48.6188923,6.0209732
48.6718923,6.1659999
49.2962425,5.8780885
48.6504283,6.1999925
48.8165218,6.0981034
48.9025378,6.0849774
48.5757154,5.8548895
48.6803637,5.8943256
48.7737395,5.9404144
48.4670518,6.2913395
48.6787454,6.1877362
48.701619,6.1748636
48.8312812,5.9143587
48.6625191,6.1866459
48.7642126,5.8837956
48.7728552,5.9386032
48.7182301,6.5923179
48.7180448,6.5870329
48.7211587,6.5851154
48.7190397,6.5884066
48.689632,6.183113
48.6427328,5.9352189
49.3983915,5.8894591
48.6361264,6.0525509
48.6575499,6.1625654
48.6907245,5.9591717
48.6906744,5.9653824
48.5268256,5.9727819
48.7694637,5.8353556
48.67726,5.8839418
48.6707713,5.9127856
48.698298,6.0608898
48.4645495,5.9513202
48.4070011,5.9479246
48.4070395,5.9469205
48.7009304,6.0705659
48.6923941,6.2017307
48.822103,5.9787983
48.8177678,6.0971989
48.6526945,5.9934945
48.6522762,5.9922452
48.5486908,5.9981026
48.6569283,6.1632305
48.6567906,6.162415
48.6569773,6.1618662
48.6566252,6.1629456
48.657424,6.1630355
48.6573665,6.1622101
48.9080039,5.9608725
48.7637364,6.4165515
48.5674086,5.7433384
48.9799162,6.0287286
48.5819848,5.7345334
48.8708724,6.0409801
48.6627739,6.2152449
48.576288,5.825817
49.3054592,5.9071997
48.4995871,6.0716324
49.0104541,6.0275005
48.9744826,5.9940607
48.9139587,6.0076324
48.9338995,5.9702739
48.5605933,6.9651503
48.9350091,6.0949981
48.8753376,5.9579307
48.8705246,6.1154579
49.1958903,5.8657019
48.835752,6.0118741
48.4510955,6.736875
48.6890378,6.1751821
48.7466565,6.2748867
48.7542153,6.2802399
48.7322429,6.2362503
48.6928602,5.8470011
48.6896145,6.1777258
48.6819042,6.1901684
48.707979,5.8045065
48.6897213,6.1732952
48.8460078,6.1208361
48.7009858,6.1769821
48.5965678,6.5012181
48.5966531,6.5020908
48.5964468,6.500096
48.5964069,6.4996497
48.692244,6.1875131
48.702266,6.1585916
48.698568,6.1387289
49.3244889,5.8613554
49.3211044,5.7297884
48.970293,5.8868771
48.7012294,6.2036793
48.6920907,6.1934107
48.6934671,6.1977199
49.009565,6.0409656
48.6926503,6.1966976
48.666439,6.1777543
48.693457,6.2077416
48.6936387,6.1985682
48.7507575,6.0601784
48.6945093,6.1837425
48.6971655,6.22129
48.6573094,6.4895467
48.7462197,6.1882088
48.6168246,6.0919716
48.6822773,6.1929293
48.7485057,5.7598066
48.7237342,6.587016
48.7001907,6.0249384
48.706456,6.0800182
48.6421777,5.8267216
48.6429495,5.8247159
48.6817692,6.1906881
48.6847072,6.2419285
47.6019152,7.0012448
47.6839163,6.8097678
47.7806762,6.9084419
47.8217996,6.8403672
47.6201932,6.7918477
47.7408444,6.813297
47.7444494,6.9745525
47.7360406,6.8860461
47.7481407,6.9494475
47.7637556,6.9294216
47.7649341,6.9243355
47.7121224,6.9651623
47.5518804,6.9067049
47.7395888,6.9945777
47.8067481,6.8176365
47.8162291,6.8504245
47.7410638,6.9907223
47.6861411,6.8407302
47.7028713,6.9606486
47.7689889,6.8151703
47.6384116,7.0198491
47.721778,6.8982026
47.4868244,6.9425498
47.7052754,6.8217067
47.6364923,6.8553723
47.4703488,6.9635194
47.63724,6.8624522
47.6366765,6.8591761
47.6328946,6.837786
47.650277,6.8511136
47.700032,6.9336521
47.6527888,6.8553625
47.6395828,6.8604373
47.6436814,6.8558534
47.6345198,6.8581556
47.6510838,6.869753
47.6765499,6.7917299
47.6366059,6.8450658
47.698212,7.0147887
48.6889268,5.7205591
48.519315,5.7264246
48.9374308,5.7127849
48.5454307,5.7171721
48.9280497,5.7524593
48.6997559,5.7054824
49.3207501,5.723766
47.5103137,6.8506753
47.1603745,6.1351333
47.321619,6.4373237
47.4968742,6.78988
47.3443716,6.3480505
47.4802847,6.3544963
47.4252768,6.3299943
47.2632518,6.7440974
47.233815,6.0174461
47.3317736,6.8456587
47.1498628,6.6099443
47.1546409,6.6116735
47.1514854,6.6117389
47.1530691,6.6011284
47.3558185,6.5243546
47.5278872,6.7716919
47.1680162,5.9039193
47.5262657,6.8160237
47.5072989,6.9118946
47.1050985,5.8815759
47.1612881,5.8909731
47.2671381,6.1210621
47.1750061,6.4865528
47.1132168,6.1398099
47.2931912,6.2028053
47.3462308,7.0184277
47.4667316,6.7236003
47.3819439,6.8528901
47.1658146,6.1220369
47.2008876,5.9621524
47.2500429,5.9906684
47.2123338,6.5527237
47.3367436,6.3544926
47.2901815,6.5362687
47.290842,6.2024279
47.1640142,6.1153669
47.2200808,5.9837005
47.22982,6.3017275
47.1030371,5.8838911
47.3173521,6.7486485
47.3227334,6.7225753
47.3482363,6.9254308
47.346517,7.0478663
47.348073,6.9247521
47.2402887,6.0216867
47.247609,6.2398763
47.2808253,6.1271198
47.3751904,6.6354753
47.233885,6.033233
47.3056869,6.835627
47.2197671,6.0256773
47.2318722,6.0220335
47.2807375,6.9155958
47.233192,5.9996271
47.3474777,6.8350478
47.3187658,6.8136392
47.3848115,6.7674249
47.2563938,6.0780382
47.2318943,6.0181585
47.519031,6.7433347
47.3256944,6.0147338
47.4289483,6.8183255
47.1113961,6.0408315
47.25707,5.8044198
47.1608631,5.941189
47.2488059,6.0318988
47.2485479,6.0363805
47.2479196,6.0361553
47.2337079,5.9852133
47.2335535,5.9866785
47.2327244,5.9879981
47.2818811,6.1821117
47.4513918,6.5780741
47.2415672,6.027827
47.2299582,6.0348456
47.1064933,6.1460092
47.2349876,6.0255187
47.2193685,6.0116936
47.1857516,5.9532427
47.2430344,6.0252074
47.2283125,6.0358123
47.2311268,6.0197633
47.168393,6.8255002
47.2390921,6.0051917
47.3242745,6.4248503
47.1136912,6.1423487
47.4908742,6.4239406
47.286113,5.8975256
47.4496779,6.8016432
47.4584014,6.8242107
47.3362705,5.9402021
47.326548,6.7679101
47.4399093,6.4963197
47.2212231,5.9672179
47.5325553,6.8955785
47.3881358,6.6508199
47.2307895,5.9934252
47.371393,6.8793089
47.2200293,5.9797379
47.1843851,6.7230451
47.3904736,6.845422
47.4973106,6.3213166
47.2393801,6.027544
47.2479735,6.0408211
47.3360107,6.7376689
47.3244779,6.8577094
47.3851985,6.8499101
47.1745328,5.8411839
47.1256807,5.8287644
47.2379459,6.0240946
47.1370219,6.7885398
47.2170428,6.7667228
47.2530892,6.0199619
47.2494661,6.0365823
47.479335,6.8903949
47.3195173,6.9078187
47.2727551,6.1151097
47.384303,6.776572
47.3000576,6.9735619
47.2045618,5.8695956
47.5052543,6.7920465
47.4684452,6.8951856
47.3451247,6.8262803
47.4990669,6.8542302
47.2653873,6.8864016
47.5425767,6.8625994
47.3492868,6.8129744
47.2201862,6.6314389
47.2564341,6.468657
47.2434552,5.7330528
47.2455547,5.9856834
47.4789476,6.7331891
47.4056115,6.4446505
47.4050093,6.4464787
47.1578054,6.6062033
47.3366514,6.7681215
47.2202509,5.9687344
47.1578004,6.6061692
47.1692389,5.8883165
47.2490569,6.7933776
47.277306,6.154345
47.2699771,6.1243956
47.296577,5.970938
47.3264318,6.4402423
47.3181869,6.8119545
47.2421248,6.0308507
47.21773,6.0077807
47.2675734,6.0885667
47.350997,6.8957648
47.2224305,5.9849942
47.2220539,5.9850591
47.2970141,6.0520327
47.5057986,6.8025504
47.529233,6.8559105
47.3648262,6.797523
47.3864481,6.8627179
47.3869524,6.8496265
47.3269403,6.815664
47.2535903,6.0353793
47.3054937,6.5945487
47.2498513,6.0346691
47.2482227,6.0338514
47.2338049,5.9889992
47.2340858,5.9874697
47.2349231,5.9872216
47.2346098,5.9862989
47.1208334,6.7174492
47.2330721,6.0149327
47.3878415,6.6505175
47.262992,6.6584452
47.2700981,6.9509017
47.2140302,5.8547159
47.2890869,6.1340796
47.1334204,6.168156
47.3059437,6.1501389
47.3110691,6.2587078
47.327061,6.7690257
47.3895667,6.5008163
47.2191337,5.9700729
47.4156166,6.7854248
47.3938563,6.8145538
47.2136919,6.5408398
47.2401843,5.868222
47.2410725,5.8693345
47.3740463,6.8418737
47.2310692,6.0264248
47.2359194,6.0222321
47.2337605,6.0237141
47.2397678,6.0226171
47.457096,6.6026098
47.256746,6.701374
47.157687,6.6054394
47.1324886,6.5294753
47.2435368,6.0218927
47.2398901,6.0119453
47.3736387,6.430682
47.2488892,6.0346367
47.3163158,6.6820592
47.5054903,6.7988154
47.3633652,6.1229773
47.3826843,6.5085486
47.346485,6.8040581
47.253991,6.8010047
47.2701496,6.8078672
47.1531597,6.4958224
47.5172994,5.7611807
47.5747727,5.894551
47.3852925,5.8907686
47.3901208,5.8914644
47.516554,5.8042077
47.4753888,6.0250647
47.4847461,5.9491881
47.4473919,5.8124686
47.3994514,5.8928566
47.3896982,5.7567292
47.7178515,5.8421338
47.4306075,6.2337627
47.4773493,5.9525517
47.7970768,6.5464031
47.3908032,5.8857261
47.3956279,5.8881105
47.5847312,6.048998
47.8379776,6.485281
47.841628,6.4690873
47.7536709,6.5810565
47.8481577,6.39317
47.8496369,6.773207
47.6990854,6.487339
47.8099554,6.1299092
47.4953684,6.0959743
47.4876846,5.946217
47.5408865,6.5394677
47.5477575,6.4617387
47.553378,6.437997
47.5112196,6.2281572
47.8285557,6.1333418
47.931978,6.1660652
47.81819,6.81612
47.8192856,6.3822681
47.8203932,6.381969
47.8207156,6.3820066
47.4040954,6.1782264
47.4502039,6.2599634
47.8780594,6.2320402
47.8299858,6.3993531
47.836628,6.4004877
47.5170451,5.8492079
47.6484574,6.0241587
47.7411191,6.6934669
47.6332722,6.1071552
47.7502717,6.0065563
47.7694822,6.1047761
47.6058158,5.8397759
47.7827679,6.7680729
47.9037126,6.6234654
47.5812175,6.7920349
47.8242958,6.39525
47.6311467,6.1287657
47.6309595,6.1290733
47.6314768,6.1281459
47.631514,6.1287564
47.6533179,6.1223118
47.6299032,6.1275781
47.7567701,6.6602739
47.8156579,6.6834949
47.3608104,6.0526843
47.6020671,6.779882
47.8136679,5.9838856
47.7752003,6.7791492
47.6218999,6.155413
47.8946901,6.4289293
47.6146167,6.3039999
47.6228034,6.1423805
47.7204275,6.7323354
47.8003581,5.8164162
47.7654136,5.7769486
47.6706095,6.3207086
47.2900868,5.7777384
47.2902815,5.7771242
47.2905699,5.7774393
47.5117114,6.1971585
47.4757286,6.0248592
47.8943853,5.9347407
47.8948605,5.9356721
47.8364491,5.7965951
47.6615594,6.0266495
47.6201911,6.1536762
47.788707,6.3115235
47.4814663,6.2856362
47.7564132,6.345853
47.6221927,6.1596243
47.8092845,6.735973
47.8042501,6.7544915
47.767972,6.7426302
47.5178878,6.5423269
47.5510655,6.4330681
47.5811259,5.8784864
47.3568825,5.8968789
47.6433989,6.4407443
47.8282215,6.1107722
47.8328437,6.1120033
47.8901254,5.980147
47.5788243,6.4685085
47.5716441,6.4479795
47.3961791,5.8913999
47.4870503,6.1420517
47.4730137,5.9877736
47.9113426,6.6247029
47.6310915,6.1278215
47.6320535,6.1290763
47.6319813,6.1296592
47.6313608,6.1293393
47.6309406,6.1303452
47.6306204,6.1296929
47.6303461,6.1291912
47.6308368,6.1283801
47.6311133,6.1296095
47.6297567,6.1297141
47.7966493,5.7040766
47.2906272,5.7781018
47.2903288,5.7782936
47.2896861,5.7787342
47.7874091,6.4226341
47.1149504,5.7124082
47.1395081,5.7306538
47.1566726,5.7432905
47.1477626,5.7254209
47.1426192,5.727402
47.1484856,5.7236576
48.355552,6.4892733
48.1104156,7.0813319
48.2098889,6.73547
48.1203809,7.0858592
48.4795809,7.0568158
48.1768734,6.4635277
48.0635622,7.0232481
47.8954316,6.8437244
48.059855,6.8384923
48.0035937,6.6434095
48.004333,6.8762861
47.8590762,6.8255412
48.3719315,6.2969877
48.0307521,7.0077674
48.2138001,6.8734002
47.9760223,6.2065116
48.0445104,6.6389023
48.0110125,6.997864
48.0077634,6.9750069
48.0359858,6.9445777
48.2073139,5.9414801
48.2085142,5.941312
48.1340135,6.3780177
48.3172037,7.1532089
47.9231529,6.9162848
47.960397,6.9218453
47.8892936,6.8783916
47.8437175,6.9077178
48.198963,5.9526835
48.0623806,6.2300448
48.3248433,6.9542272
48.4783617,7.102115
47.8679312,6.8667673
48.3159447,6.9550795
48.0161825,6.9865412
48.2389569,6.9259531
48.304149,6.9747154
48.301193,6.9720311
48.3205802,7.0159577
48.3123983,6.1822671
48.2956322,7.0448186
48.3075837,6.9996468
48.3230442,6.9517128
48.2040167,6.9803059
47.9666465,6.6656289
47.9501548,6.7772699
47.8696982,6.8532367
47.8544345,6.9167541
48.2741077,6.9317137
47.8853753,6.8530725
47.8642039,6.9056246
48.1751926,6.4565291
48.0591663,6.5225817
48.0310876,6.9477046
48.1921503,6.6247586
48.499961,7.0676173
48.2862389,6.8673827
48.3318914,6.1078405
47.9272756,6.8553836
48.0350056,6.701016
48.0943835,6.8043817
48.2851114,6.9464179
48.0057422,6.714922
48.0697159,6.6946281
48.1792693,7.0800958
48.1433315,6.1485967
48.1836171,5.8182144
48.2857316,6.9467113
47.8642269,6.8735307
47.9917866,6.9252878
48.4401378,6.961416
47.9495,6.7782037
48.0254435,6.9957856
47.8245541,6.8886962
48.2565147,6.9175929
47.9781776,6.9611
48.2610405,6.4406879
47.9661347,6.6983315
48.2629587,7.1569321
48.3906293,6.9118836
48.0288289,7.0091075
48.2427199,7.0678375
48.2673263,6.3166456
47.8367861,6.8246264
48.0636414,7.0222272
47.9274841,6.9257379
48.2078398,5.836496
47.8584083,6.8282118
48.3341633,7.1261819
48.2332299,7.1268424
48.2453926,7.0678805
48.0371953,7.0266384
48.3451574,7.050275
48.0227231,6.7825352
48.1350059,6.9577209
47.9769911,6.9608978
47.9616027,6.8362118
48.2969035,6.9396371
47.9737375,6.8959714
48.2328017,7.0996755
47.9057979,6.6754005
47.9159011,6.5857253
48.1247597,6.5330629
48.2398437,7.1328651
48.2709226,7.0532609
48.1344719,7.0476289
48.0717688,6.8804669
48.3482707,7.0319366
48.2918527,6.4115823
48.0436751,6.844437
47.9500139,6.9066995
48.2615237,6.9402985
47.9917433,6.5999816
48.0923994,6.1804488
48.0335822,6.9608007
48.0358738,6.9757089
48.1599617,6.468782
48.3988236,6.6717462
48.3871852,6.5848349
48.3861591,6.5841275
47.8626146,6.8505415
47.9252043,6.4834595
47.9896167,6.8909134
48.2719108,7.0005509
48.0395877,6.9191659
48.0612102,6.9449154
48.0413829,6.9203588
48.2344154,5.7163217
48.05864,6.93177
47.84936,6.88013
47.84371,6.90916
47.95383,6.66613
48.2945599,6.8610573
48.2947851,6.8624042
48.0865683,6.9999583
48.0559345,6.8601371
48.4234627,7.0147427
48.0849509,6.3045869
48.1713271,6.4479878
48.310305,6.3875716
48.1684761,6.3026133
48.1989313,7.0762269
48.2729069,7.0397874
48.4927481,7.1206737
48.0316232,6.7260654
47.9970533,6.5070741
48.3057095,6.9866315
48.0998534,6.20503
48.1795236,6.2098694
48.0640416,6.9575832
48.4550214,6.9478034
48.2028067,7.0785857
48.1944064,6.2836004
48.3354976,6.6882006
48.3574054,6.7342718
48.0183347,5.8299596
48.0046917,6.3145591
48.3818902,5.9355998
48.0048692,6.3145163
48.2956261,7.0448707
48.0331256,6.9612689
48.0338601,6.9625755
48.0343618,6.963294
47.9357734,6.8271503
47.9352477,6.8270166
47.8917167,6.7743198
47.8382303,6.8157108
48.0499122,5.7410149
48.323092,6.4624102
48.0785435,6.944899
48.0044288,6.8762572
47.8555018,6.8188874
48.109083,7.0648564
48.1695902,6.4462272
48.2557786,5.9915196
48.1681291,7.0121229
48.0966624,6.986385
47.9493374,6.9449013
48.3728504,6.2957181
48.0661329,6.9506043
48.0666217,6.9498797
48.0420159,6.6078087
48.0108667,6.4449761
48.0390458,6.3310426
48.2153451,6.9441121
48.1975043,6.9135464
48.0786615,6.946258
48.158548,5.9862533
48.0153031,6.5895739
48.0680902,6.9509301
48.3060408,6.9863522
48.267085,6.8778625
48.2832161,6.912406
48.0644746,7.0250718
48.1720739,6.4474949
48.396992,6.9379973
48.0038271,6.8741282
48.2897261,7.1101955
48.4597988,6.9647455
47.9254032,6.4770258
47.9804952,6.3604916
48.4210965,6.9208441
47.8842561,6.8552341
48.0568866,7.014426
47.9529548,6.4344485
47.8428684,6.9162832
48.19326,6.5153499
48.1952362,6.529881
48.2775417,6.3350129
48.3636013,6.8645122
48.5194732,7.0819455
48.0701205,6.9818835
48.4257855,7.0174285
48.4260878,7.0177012
48.4298654,7.0222144
48.4306341,7.0244721
48.4345999,7.0292005
48.0339109,6.9616616
47.8828152,6.7530423
47.8916478,6.8542196
47.9017076,6.8655634
48.0189972,7.0445076
48.2301885,7.1740458
48.0407482,7.1370757
48.1203999,7.1203732
48.0968453,7.23782
48.0773103,7.1568862
48.0874503,7.1238947
47.8119201,7.1715677
47.8516353,7.1324799
48.0545083,7.2638704
48.0037897,7.0364438
48.1714647,7.1156629
48.1974754,7.3175232
48.2036522,7.2200091
48.0877851,7.1576456
48.1169825,7.5417168
47.7625463,7.4447669
48.0821272,7.1939578
48.05382,7.2025692
48.056504,7.1950743
48.1167733,7.2075972
48.1785132,7.2554473
47.6828738,7.4081059
47.8163797,7.029295
48.0861433,7.1336256
47.710029,7.3129698
47.7357009,7.3200081
47.7452555,7.3370703
47.730081,7.3493067
47.7344088,7.3552791
47.8251542,7.1235522
48.1334728,7.2541192
47.8872668,7.0560087
48.1082661,7.1516104
48.046163,7.3093882
47.8814078,7.1888679
47.7367656,7.3453826
47.8786879,7.043436
48.0906996,7.1452676
48.1381388,7.1026421
47.7147415,7.1749021
47.8774859,6.9576341
47.8789889,6.958092
48.1973158,7.2215102
47.7705271,7.3583489
47.8528486,7.0083669
48.2332933,7.3066748
47.9434975,7.3788363
47.9081714,7.1281304
48.2692313,7.2198939
47.8880472,7.2313228
47.729698,7.5202432
47.8494798,7.5217208
47.744998,7.316125
47.886648,7.1270574
47.9018459,7.0948171
48.003961,7.0304632
48.0039775,7.0335878
47.7423649,7.3423714
47.9994121,7.1194465
47.8068781,7.0873197
47.729215,7.3435433
48.2231536,7.2699793
48.2343899,7.2710892
47.5883752,7.5838914
47.801147,6.9788082
47.7708339,6.9844874
47.5584455,7.5334672
47.5581511,7.5329501
48.1399913,7.2611931
47.8450614,7.5154906
48.235631,7.3092675
48.2414831,7.2796953
48.2339721,7.3007189
47.9530707,7.1243304
47.9450073,7.133695
47.9530635,7.1439895
47.8291266,7.1847107
47.7441339,7.3331529
47.5806746,7.5228694
47.9551358,7.2932377
48.1561325,7.4496612
47.7859892,7.3272894
47.9487634,6.9711149
47.9694643,6.9875156
47.5086483,7.4687383
47.7470186,7.3381652
47.6125698,7.2807303
48.0848976,7.0765518
47.9947692,7.0632838
47.8508372,7.1672139
47.8575953,7.1722935
47.7918252,7.3662374
47.8473128,6.9957377
47.4219513,7.2467904
47.4696316,7.3468394
47.4486717,7.2043983
47.7650924,7.3465081
47.765242,7.3461313
47.7616816,7.3425592
48.1520616,7.2888371
47.4555791,7.2399207
47.986001,7.0488037
47.4479519,7.2039362
48.0912945,7.2669645
47.7305041,7.1198568
48.2317127,7.3707276
47.4878533,7.2709193
47.9576611,7.3899718
47.9807403,7.0458164
47.7517888,7.3411073
47.7945631,7.3068336
47.8743,7.0293239
47.7696388,7.3208235
48.2428792,7.2954438
48.0842811,7.2675981
48.1400007,7.1720404
47.8476707,7.0081251
47.9021736,7.4746411
47.9122279,7.2042511
48.1056102,7.1922632
47.7872319,7.5070307
47.7208745,7.3668124
48.1927192,7.1568346
47.9605116,6.9812775
47.622698,7.5344552
47.9039997,7.2140184
47.60278,7.333219
47.6162096,7.1554966
48.2432104,7.1783723
47.7541415,7.3474234
47.9091623,7.2116363
47.7528408,7.1708999
48.214685,7.2934908
48.0564292,7.0804662
47.6433722,7.3082565
48.2475234,7.1872097
48.0283328,7.0277198
48.0144592,7.0639898
48.0142911,7.0699714
47.8111015,7.1012443
48.0780413,7.1879809
48.0684594,7.1648051
47.9538288,7.0299214
48.0694245,7.1596661
47.7564577,7.4158847
48.0916729,7.0689921
48.2475248,7.187188
47.6885205,7.4151388
47.783681,7.3384602
48.2351934,7.2966273
48.2313678,7.3022742
48.2290782,7.30856
47.769679,6.9822684
47.5154658,7.2038816
48.0199288,7.1646621
48.0257203,7.1620985
48.0374573,7.2038433
47.8688793,6.9727531
47.8695546,6.9730099
47.8702536,6.9730619
47.9885218,7.1244472
47.5008002,7.2653151
48.0487201,7.1748131
48.194087,7.3266176
47.6714654,7.3015738
47.6130707,7.2100172
48.0562194,7.1480961
47.8223454,7.0032219
47.8374428,6.991177
47.843403,6.9949663
47.9111831,7.44568
47.7475474,7.3724384
47.7476408,7.3730991
47.7475423,7.3737769
47.7470135,7.3738231
47.9780002,7.1892283
47.9692227,7.2237548
48.0729897,7.1003934
48.0199839,7.1480873
48.2106971,7.3123287
47.7957426,7.0342648
47.9508546,7.1065746
48.2119946,7.2193204
47.7801814,7.1329574
47.7802634,7.1330794
48.0658058,7.1375918
48.0550577,7.1260381
47.933133,7.145732
47.7377993,7.323936
48.2043936,7.2933415
47.8245434,6.9008894
47.9955254,7.0701617
47.9978989,7.0724872
47.9953445,7.0681455
47.8995597,7.4629689
47.9041777,7.1031139
48.0114952,7.0708977
48.0143237,7.0691341
47.747468,7.3733949
47.7470401,7.3731601
47.7469816,7.3725523
47.7466144,7.3712674
48.0089357,7.3843122
48.0087201,7.3841974
48.029769,7.1152582
47.9806915,7.2205802
47.9801893,7.2202995
48.0340279,7.2023619
47.905792,7.2033528
47.8737191,7.1031597
47.7637261,6.9762971
48.0976423,7.1375108
47.624658,7.4301946
47.4570947,7.2667633
47.4573931,7.2351159
47.9853403,7.216926
48.00332,7.1600852
47.9731015,7.3944802
47.5762905,7.5245577
48.0042901,7.0398489
48.1791573,7.3219839
48.0780772,7.356705
48.1973496,7.2215187
48.0753429,7.3531881
48.0757756,7.3610479
47.9784238,6.9889773
48.1931489,7.3257472
48.0305929,7.146038
48.018571,7.52837
48.2349151,7.3683205
47.83448,7.11275
47.8615951,7.0571924
48.0128296,7.0723143
47.88742,7.0024203
48.0395604,7.0406029
47.9170872,7.5676154
47.9545579,6.9610137
47.9197024,6.9545068
48.1752688,7.1888429
48.1653531,7.1858582
48.16586,7.1865158
48.2453204,7.1832157
47.8991883,6.961665
47.6897998,7.403371
47.7446079,7.026458
47.9992167,7.0751291
47.586247,7.3197035
47.6519912,7.3781238
48.1081853,7.2850126
48.1010843,7.3129878
48.0359497,7.2812984
47.7480401,7.3441023
48.0917032,7.068686
47.6012762,7.2213271
47.8407844,7.2978323
47.6826476,7.5034696
48.0770525,7.3578611
47.8850003,7.0608679
47.8690816,7.0180422
48.0757247,7.3597472
48.0092305,7.0548335
47.622974,7.0561141
47.7475367,7.3395547
47.8295046,7.2449919
48.0080195,7.0965185
48.2377828,7.1757964
47.5926307,7.5701852
47.7380909,7.3187912
48.0309328,7.1177124
48.1848787,7.2368846
47.7494741,7.3388314
48.1971167,7.3253242
47.8732993,7.1044663
47.873762,7.1051297
47.8736314,7.1011257
47.878875,7.0903621
48.0593814,7.0956314
48.0605339,7.0951039
48.0607447,7.0950476
47.7508393,7.3297252
47.5871884,7.585688
47.7601828,7.2816848
48.0003431,7.0256204
48.2016339,7.1970155
48.1711594,7.1168203
47.9095952,6.9755782
47.6543914,7.4546639
48.0293803,7.0326553
47.7270088,7.3439906
47.7475504,7.3418875
48.0975226,7.1054616
47.8627289,7.3383048
48.1335615,7.0947154
47.8250913,7.5161467
47.8056421,7.1836066
48.1396987,7.327256
47.6007724,7.2253353
47.6346421,7.47749
47.6346653,7.4774743
48.0208041,7.2816724
47.7470876,7.3705013
48.0206061,7.2253829
47.9069353,7.2171164
48.0932025,7.1983433
48.0933455,7.1983775
48.0931813,7.1979397
47.7425601,7.3435624
47.9188311,7.5304853
47.8108513,7.1715806
48.2418194,7.3253892
47.598053,7.5290813
48.0996526,7.2293503
48.0773455,7.358919
47.9304849,7.3445009
47.7513096,7.3331037
48.135399,7.091538
47.7711596,6.9938272
48.0724222,7.346749
47.7717637,6.9939821
47.8058499,7.1795367
48.0386956,7.1332769
47.7875643,7.5041084
47.787738,7.5043376
48.0249354,7.2319399
47.9489254,6.9713405
47.9267647,7.179977
47.9626676,7.2990055
48.0847904,7.171126
47.9805415,7.1222795
48.0752562,7.1371378
48.116432,7.208155
48.0342817,7.0462096
47.8157213,6.9949007
47.8352925,7.1122747
47.5922635,7.5797795
47.5934866,7.5800153
48.1392384,7.2636354
48.1402794,7.2620379
47.8502144,7.1689868
47.4224705,7.2467377
47.520476,7.3204633
47.8593681,7.1842647
47.4487806,7.2028185
47.4482747,7.2052393
47.9803503,7.5097524
47.4570684,7.266769
48.0737542,7.151355
47.7344651,7.3483499
47.7345946,7.3477563
47.7334363,7.3476707
47.7334975,7.3472322
47.7365931,7.3522884
47.7335085,7.2968715
47.7573803,7.3178802
47.7574486,7.3169924
47.7696512,7.3218182
47.7739779,7.3263616
47.777707,7.3367606
47.7778651,7.3379326
47.7469502,7.3108521
47.7446657,7.3179363
47.7474087,7.3199576
47.7515256,7.3200392
47.7444166,7.3286428
47.7548766,7.3296292
47.7559393,7.3409928
47.7521929,7.3464975
47.752905,7.34996
47.7494801,7.3469187
47.7486775,7.3451976
47.7454968,7.3420065
47.735966,7.2958252
47.7356558,7.2966513
47.7526007,7.3137144
47.7347403,7.3524406
47.7315994,7.3474488
47.7479416,7.3238526
47.7614857,7.3371819
47.7609783,7.3370615
47.7579634,7.3444486
47.7735068,7.3346865
47.7556893,7.3545798
47.7551939,7.3539988
47.754635,7.3533659
47.7458328,7.330471
47.7453802,7.336406
47.7469099,7.3404682
47.7460869,7.3415333
47.8707481,6.9731553
47.8711642,6.9742191
47.8733195,6.9759244
47.7473634,7.3741205
47.7476138,7.3742573
48.2578907,7.2187839
48.2846709,7.2620685
48.285163,7.26227
48.2857469,7.2621955
48.1796674,7.3071213
47.4643794,7.3527174
47.818835,7.1104468
48.0047124,7.106423
48.0546915,7.1249479
47.4950548,7.4849525
48.0722413,7.34656
48.0122018,7.0724161
48.0292355,7.0989776
48.0287435,7.1001052
47.6831598,7.0617678
47.746516,7.3719931
48.005162,7.378826
48.0831699,7.3914373
48.0967722,7.2378813
47.6354993,7.1156568
47.7185712,7.2967743
47.9045085,7.2501574
48.0850174,7.2825244
48.038835,7.2041576
48.0281709,7.5028668
47.8780583,7.0897427
47.9806013,7.1342617
48.0933542,7.1979303
48.0938722,7.1979326
47.7087753,8.6260348
47.6863028,8.6272277
47.6876292,8.6264402
47.76151,8.6087128
47.7497394,8.4879785
47.7500198,8.4894063
47.7463063,8.4882429
47.7032962,8.504711
47.6710953,8.6080017
47.6902829,8.7502643
47.6883509,8.7539226
47.6890794,8.7528433
47.57225,8.5574888
47.5727751,8.562696
47.572865,8.5606285
47.5729988,8.5638125
47.5752127,8.5342278
47.6760394,8.6149446
47.6794172,8.6147309
47.6971682,8.6334862
47.6778106,8.6109803
47.6959897,8.6390914
47.7477547,8.7300068
47.6676029,8.468204
47.6629922,8.4924386
47.6630857,8.4900318
47.6652632,8.7685481
47.7228623,8.6586527
47.6939176,8.634975
47.6803002,8.6182262
47.7076274,8.6446384
47.6976004,8.6419362
47.7120199,8.6880184
47.6806484,8.610352
47.7579548,8.6098859
47.6676025,8.4636589
47.6676102,8.4671096
47.6676846,8.4711432
47.7029748,8.496732
47.7027448,8.4979381
47.7018475,8.4983336
47.7551248,8.6708219
47.6961197,8.6370028
47.7283164,8.6792908
47.6837584,8.7310942
47.7351452,8.5792533
47.7025544,8.5583175
47.7532691,8.6639355
47.7915764,8.6101975
47.7912935,8.6091802
47.7900187,8.6067754
47.7485154,8.483506
47.6796288,8.6160308
47.7472697,8.7076389
47.747595,8.7134835
47.7725865,8.6774319
47.7730746,8.6796088
47.7733874,8.677906
47.7566134,8.6710969
47.757555,8.6713818
47.683209,8.5062313
47.696638,8.6369288
47.6794977,8.618117
47.6963171,8.658035
47.6966634,8.6579671
47.6762492,8.7702852
47.7005388,8.6387785
47.6969007,8.4324254
47.7010474,8.8472035
47.6687798,8.4691135
47.5714144,8.5417134
47.5810682,8.5628207
47.7499384,8.7167308
47.7118617,8.6581658
47.6561583,8.6984575
47.6907915,8.4987373
47.6813219,8.6048117
47.7052545,8.5920009
47.6987104,8.6404622
47.6948839,8.6323165
47.6963462,8.4594267
47.6955712,8.4587562
47.6949422,8.6375993
47.5756437,8.5628496
47.5728141,8.5586511
47.6955303,8.6326438
47.6927948,8.7202308
47.6962571,8.6358075
47.6793233,8.5952076
47.7089156,8.4668445
47.7136872,8.631236
47.5677553,8.5537267
47.6640972,8.4840785
47.6970961,8.4319961
47.6807982,8.6191922
47.7933618,8.6089888
47.7927332,8.6111974
47.6673224,8.4699288
47.6663802,8.4718383
47.6693707,8.4710634
47.6692645,8.4705244
47.6879184,8.7603059
47.7043703,8.5002999
47.7034222,8.4994556
47.7027961,8.5007072
47.7066177,8.7236296
47.6982621,8.6358853
47.6762098,8.5950171
47.7076351,8.6446457
47.6989427,8.6350387
47.7484053,8.723735
47.7142869,8.5195348
47.748067,8.458417
47.7473273,8.4806615
47.748139,8.4844924
47.5767802,8.5300252
47.6780776,8.7748389
47.6996724,8.5781524
47.697289,8.6364266
47.6969861,8.6346002
47.6856108,8.7525542
47.709669,8.5945556
47.6678817,8.4735078
47.7608444,8.6688491
47.6766045,8.7087602
47.407199,7.2896538
47.2829068,7.0516528
47.2265459,7.0547685
47.3902033,7.0013458
47.3647116,6.9625547
47.3924404,7.0001184
47.3291302,7.4733361
47.3302769,7.469207
47.3763403,7.4105049
47.4145121,7.0760024
47.3079577,7.0485336
47.2804842,7.1730429
47.25342,7.0208191
47.2880833,7.0456623
47.3245804,7.4154554
47.418649,7.0724523
47.3437038,7.4962943
47.3436838,7.4979157
47.3741092,7.3374304
47.324683,7.2653365
47.2111866,7.0061673
47.4111949,7.2289125
47.3255188,7.0700473
47.3542922,7.1806224
47.3515158,7.077568
47.3139703,7.0632597
47.3284269,7.0587507
47.3352337,7.2828801
47.3361714,7.2444891
47.3275922,7.2237951
47.3390701,7.3727071
47.390073,7.3687421
47.3901529,7.3709247
47.2240239,6.9258221
47.402112,7.2106896
47.4016418,7.2111778
47.3091938,7.0487112
47.2562232,6.9962794
47.3920243,7.2490882
47.3416133,7.3739343
47.3430441,7.3746601
47.3267269,7.2216924
47.3712431,7.1934527
47.4274905,7.1777761
47.3934662,7.0021036
47.418762,7.0776634
47.3249859,7.4776679
47.3435803,7.5003551
47.3465452,7.4760156
47.3890469,7.2365474
47.2258887,6.9383363
47.4311171,7.085135
47.3347253,7.1149459
47.3353164,7.1158592
47.3889719,7.0081043
47.39118,6.9408765
47.4768839,7.1515645
47.213286,6.9067043
47.3530081,7.1733507
47.261335,6.9522205
47.4268035,7.3355192
47.3620856,7.3485989
47.4168045,7.0777803
47.3478784,7.2124932
47.419004,7.0730867
47.4742259,7.1550524
47.3877571,6.9556004
47.4132325,7.0707626
47.3547053,7.2916998
47.3920947,7.3703531
47.4336174,6.975222
47.4082599,7.1602936
47.4073329,7.161376
47.3720832,7.2364228
47.4172326,7.0760525
47.4176328,7.0749987
47.2339804,6.9668597
47.3662315,7.3516428
47.329002,7.4737462
47.4100277,7.070019
47.422634,7.0844312
47.3722325,6.8974005
47.4048126,7.0834548
47.4717278,7.0467965
47.3955474,7.0035866
47.3945331,6.999324
47.3279971,7.2225404
47.3257493,7.4163029
47.3381992,7.3725276
47.2135622,7.5325212
47.215085,7.41524
47.197843,7.395027
47.2284064,7.4252806
47.2299911,7.4208973
47.2109495,7.3643736
47.3474228,7.9339291
47.2064868,7.5354274
47.2080402,7.5358843
47.4329369,7.9702943
47.1983007,7.5550364
47.176783,7.4955187
47.3892984,7.5902132
47.3894023,7.5915694
47.3913535,7.600432
47.4040963,7.9192794
47.1058704,7.4299829
47.3101566,7.8473112
47.2816221,7.5285294
47.2958431,7.592248
47.2050454,7.5359573
47.3636862,8.0101774
47.3157604,7.695779
47.3217554,7.7092881
47.3218024,7.7084269
47.4401919,7.9677509
47.4055298,7.9172612
47.3229973,7.7006173
47.3373229,7.7253133
47.1680514,7.5707799
47.1617557,7.5952242
47.1076483,7.4249724
47.471208,7.7022948
47.3825594,7.6253306
47.2077451,7.5350106
47.2090077,7.5398847
47.1504662,7.5153607
47.1331404,7.47459
47.135863,7.4767508
47.1389633,7.4795788
47.1625117,7.5129856
47.3436785,7.8874625
47.3307656,7.6362449
47.3314837,7.6299222
47.336058,7.8372851
47.344442,7.825659
47.339199,7.7886341
47.3381615,7.8037124
47.3977719,7.9645677
47.3966942,7.9555616
47.4083291,7.9581143
47.4105878,7.9572149
47.1603773,7.58196
47.1729005,7.5245291
47.1637516,7.5109531
47.3834006,7.442685
47.3518797,7.9064244
47.1287209,7.4925199
47.1282513,7.4939615
47.3449862,7.9086174
47.3161702,7.6995007
47.2321849,7.5033514
47.2201698,7.5142326
47.2290639,7.505038
47.3041417,7.7174723
47.3208829,7.7023862
47.2179946,7.5369094
47.3535311,7.7080977
47.3206923,7.6741857
47.2293056,7.4259648
47.2248598,7.40206
47.2250418,7.4010613
47.4809104,7.6182356
47.2034951,7.5567295
47.3192376,7.7335226
47.221923,7.4710426
47.2230841,7.471343
47.2237698,7.4712485
47.3064734,7.8513953
47.2895836,7.8391296
47.2150682,7.5585875
47.2038598,7.5563089
47.2037693,7.5584901
47.1629311,7.5943834
47.1005228,7.4221612
47.268991,7.5320838
47.218219,7.6186421
47.2392139,7.5959805
47.2045373,7.5352641
47.2196905,7.5547994
47.2036411,7.5343168
47.2440076,7.5887034
47.2085852,7.5395845
47.2061464,7.5337067
47.2193705,7.4968007
47.2200823,7.5114545
47.3708813,8.0001623
47.3776081,7.9200556
47.2203029,7.5282972
47.2299906,7.5030752
47.2199777,7.4465777
47.3017588,7.7291275
47.2610257,7.4654962
47.2242304,7.5341036
47.2142954,7.5394916
47.2355411,7.5639141
47.208993,7.5372462
47.3882168,7.4482711
47.207965,7.5389499
47.1926479,7.5304874
47.3297006,7.7854919
47.368637,8.0006608
47.3715136,8.0025814
47.3705895,8.0022861
47.2306217,7.5024111
47.2306364,7.5025984
47.3479007,7.9322507
47.2583245,7.5774362
47.2655589,7.5874386
47.2536191,7.5934796
47.3980074,8.0249908
47.2085069,7.5377574
47.1810117,7.660912
47.4863167,7.4968037
47.2070402,7.4534918
47.2041751,7.4239059
47.2798613,7.7573631
47.3969219,8.0084135
47.3962216,8.0085648
47.3938389,8.0082955
47.2103003,7.5295483
47.2086666,7.5362216
47.1816698,7.5640167
47.2644459,7.4976244
47.383615,8.0258706
47.2496912,7.4268847
47.2061828,7.5357122
47.2241457,7.4097537
47.2214642,7.4070185
47.3048157,7.6100479
47.2962128,7.5908457
47.2960401,7.5902497
47.209496,7.5387517
47.2169636,7.5837015
47.3251671,7.7971467
47.3218449,7.7937201
47.4870328,7.6710101
47.1878636,7.500285
47.2246828,7.579745
47.3587638,7.9818048
47.4658685,7.465994
47.157357,7.6467656
47.3069741,7.6894494
47.3479644,7.9114228
47.3485709,7.9117604
47.2666368,7.4849148
47.3426317,7.7029707
47.28058,7.527148
47.3166118,7.6977881
47.3225351,7.7927589
47.4713033,7.6919092
47.3496536,7.9885189
47.4094877,7.9548268
47.3412244,7.7021442
47.2915614,7.7265818
47.2904603,7.7263872
47.2903962,7.718212
47.3230433,7.7938449
47.3183536,7.7926406
47.3219351,7.7957131
47.3234079,7.7921981
47.3275803,7.791498
47.3297514,7.8038727
47.2038668,7.4522845
47.2042339,7.4563808
47.2150887,7.455788
47.2239996,7.5250205
47.2223911,7.5179789
47.2040957,7.4005497
47.1778825,7.5601038
47.3354729,7.8417379
47.285444,7.7099799
47.290791,7.7143982
47.3329714,7.7538693
47.3356106,7.7566157
47.2043812,7.5562248
47.2034451,7.5527138
47.1808897,7.5662177
47.1998851,7.5320521
47.4777138,7.674462
47.1748048,7.5367565
47.3894333,7.4907149
47.4801619,7.4571189
47.4371381,7.6122218
47.3471367,7.9141578
47.1780096,7.6040915
47.3981927,8.0115635
47.4820637,7.6293521
47.3913496,7.9701384
47.1958104,7.6144877
47.3355799,7.9429829
47.1878753,7.5002991
47.3713108,7.5537156
47.1821789,7.4383928
47.4555219,7.6414987
47.4713778,7.6929654
47.4774559,7.6170171
47.2244923,7.5910919
47.2123318,7.6192675
47.3758906,8.024212
47.3755094,8.0232682
47.4353621,7.6568303
47.3897581,7.970755
47.1981795,7.5817128
47.3859436,7.9163842
47.3663598,7.9008977
47.3701144,7.9005388
47.303395,7.5918403
47.4763351,7.4910762
47.3693345,8.0178862
47.2963466,7.769252
47.3523971,7.8857478
47.3940518,7.9704876
47.3476523,7.8732515
47.3656901,7.8993353
47.3584623,7.9029328
47.368186,7.9934185
47.4215522,7.5968828
47.1800779,7.5591905
47.3433688,7.8678726
47.3440132,7.8667591
47.3415171,7.8685636
47.3442445,7.867483
47.3453751,7.8683788
47.4491446,7.6682986
47.3810934,7.5031187
47.3807543,7.4741766
47.1065918,7.441764
47.3481616,7.9057932
47.3543334,7.9014097
47.1756491,7.5317783
47.2673441,7.7979543
47.3632287,7.8961983
47.1764373,7.5981124
47.3042331,7.6939487
47.3460401,7.9225674
47.2328874,7.5331859
47.3687714,7.8955304
47.4790082,7.6158874
47.3679276,7.9071387
47.4852426,7.4971002
47.2088358,7.5376211
47.1918508,7.4481457
47.3577138,8.0092304
47.3728747,8.0180268
47.1651406,7.6317919
47.3662751,7.8895509
47.3616298,7.8988415
47.2134674,7.5618548
47.1588297,7.6479274
47.2081234,7.5326149
47.350481,7.9060539
47.2058882,7.5348193
47.2926396,7.6757701
47.2114392,7.5323578
47.1958889,7.3951394
47.1890643,7.3977258
47.3453579,7.8684196
47.3433939,7.867898
47.3400521,7.8712775
47.2066819,7.4527818
47.388571,7.5898459
47.2858982,7.5652823
47.3982,8.0082655
47.286917,7.5199748
47.3019844,7.5478825
47.3962526,7.9379827
47.3463391,7.668707
47.2018369,7.3829812
47.2626185,7.4680391
47.1661184,7.4079661
47.2080722,7.4407549
47.2449625,7.4509307
47.2489012,7.4621921
47.2291574,7.5042507
47.1823421,7.5693067
47.1811993,7.4850403
47.3467168,7.8347102
47.4348561,7.6583085
47.3444908,7.8257949
47.3490071,7.9131996
47.4661217,7.4669576
47.2180778,7.6183803
47.3616002,7.620276
47.3176428,7.6968616
47.317744,7.6982748
47.1730686,7.4223418
47.3210062,7.6969638
47.2063993,7.5371402
47.201669,7.531227
47.239035,7.5589096
47.2290651,7.5631294
47.2287652,7.5648326
47.3202864,7.6742818
47.3202612,7.6840308
47.2160662,7.5876711
47.3705312,7.8706532
47.3676943,7.8762142
47.3640244,7.8924634
47.3635567,7.8943953
47.3254817,7.7799821
47.3500778,7.9041937
47.1782991,7.5602744
47.1810236,7.5632658
47.1653437,7.63344
47.1709881,7.5754873
47.366111,7.904408
47.2590248,8.2345548
47.135452,8.0111186
47.1234764,8.0289756
47.1316027,8.0152628
47.2724358,8.2759489
47.2717912,8.2751711
47.2730088,8.2753648
47.2678857,8.2639819
47.1216417,8.0020889
47.1888127,7.9249734
47.1129539,8.3880119
47.1790051,8.1819564
47.2427069,8.1148251
47.2450496,8.1189517
47.2227876,8.0088891
47.219879,8.2224089
47.2448289,8.225701
47.2449014,8.2245747
47.2453196,8.2251484
47.2453182,8.2239321
47.2453508,8.2242639
47.245907,8.223749
47.2193737,8.1531533
47.1884444,8.326796
47.2008843,8.3112468
47.2078674,8.2983894
47.2379447,8.0919183
47.1133497,8.2673484
47.2131938,8.143401
47.1286381,8.1920806
47.1829074,7.8840317
47.1819954,7.8806154
47.2414956,7.969125
47.1708405,7.8846569
47.2272026,7.8479263
47.17077,8.0932201
47.2149718,7.9913783
47.2192862,7.9976813
47.2020601,7.9668714
47.1358372,8.1367577
47.18325,7.9313515
47.1258316,8.0957004
47.1634912,7.976872
47.1734547,8.1093732
47.2169504,8.2729409
47.2770428,8.2540484
47.2771625,8.2566481
47.208104,8.1159051
47.238302,8.2523535
47.1256263,8.1907698
47.2105929,8.2748703
47.1997353,8.1074078
47.1663317,8.2905556
47.1668888,8.2921955
47.1208151,8.231144
47.1554007,8.2440829
47.1435033,8.1998814
47.1787354,7.8819471
47.2164893,8.2703286
47.1916763,7.9938704
47.1919235,7.9935237
47.1605869,8.088455
47.1491459,8.2923099
47.2433903,8.0102885
47.2418425,7.9924786
47.1067697,8.0857668
47.2793168,8.2679986
47.1462336,8.2128199
47.2299148,7.9620625
47.2307772,7.9613745
47.2468157,8.0137423
47.202214,7.9473963
47.2022251,7.9372734
47.1835429,7.883256
47.1982496,7.8786966
47.1929514,7.873587
47.1717895,7.8896018
47.2343082,8.07704
47.1708367,8.0982542
47.2154889,8.2663351
47.1817955,8.0770942
47.2120912,7.9002804
47.1291004,7.9530394
47.2479651,8.0432808
47.2185798,8.0125187
47.2033413,7.9415747
47.1142369,8.3936124
47.2420849,8.014866
47.2129758,7.9921192
47.1872435,8.316303
47.1860364,8.2771524
47.1852324,8.2264584
47.1988646,8.2205733
47.1138019,8.3891539
47.1328132,8.4062695
47.2262374,7.8948367
47.2267865,7.8959062
47.2109551,7.8852771
47.218098,8.060132
47.2335335,8.0498028
47.1314403,8.3203461
47.1471441,7.9927408
47.2146798,7.8885076
47.1682689,8.339598
47.165893,8.2880336
47.2382911,8.2886574
47.2376848,8.2899003
47.2121046,8.2421011
47.2250124,8.263655
47.2053743,8.1916652
47.2584648,8.2371954
47.2136656,7.9878874
47.2060516,8.1920171
47.1469576,8.1815822
47.1404432,8.0522991
47.1221075,8.3495824
47.1209131,7.9939756
47.1848993,7.8888124
47.1443936,8.1837623
47.1217761,7.9927501
47.1150111,8.3923038
47.1140986,8.1420879
47.2066337,8.1929338
47.241852,8.068913
47.2359308,8.0772426
47.2365786,8.0792515
47.2369424,8.0801715
47.2359938,8.0791017
47.2353579,8.0785424
47.2298168,8.0814628
47.2464671,8.1093396
47.2164757,8.2856471
47.1826616,7.9325829
47.154965,8.0941835
47.2105358,8.2421049
47.245974,7.9906492
47.2726775,8.2774674
47.2736231,8.2767538
47.1435325,7.9967098
47.1677807,7.9663393
47.2062602,8.2800028
47.2583767,8.2331802
47.1989221,7.9550687
47.2017399,7.9622326
47.2018558,7.9630143
47.202352,7.9668711
47.1294475,8.2560759
47.1643421,8.2330911
47.1695051,8.2454351
47.1739224,8.1205274
47.151726,8.1887216
47.1453849,8.1857599
47.2120158,8.1792365
47.1448672,8.1880826
47.5545178,9.126846
47.5782352,9.3623776
47.6619979,8.861557
47.6723856,8.8105175
47.6743308,8.8076098
47.674897,8.8068539
47.6734882,9.0527576
47.626444,9.1801202
47.6602532,8.8586841
47.6607506,8.8579286
47.6592622,8.8607912
47.6618118,9.0676295
47.6207375,9.1551388
47.6328793,9.1596048
47.454407,8.8932239
47.6517137,9.1381611
47.558025,9.0789027
47.623366,8.9375537
47.625932,8.9390681
47.6227093,8.9388711
47.6602809,8.9756439
47.4485838,8.9214043
47.4480554,8.9225524
47.4390524,8.942495
47.4262003,8.9645504
47.4287678,8.9622377
47.4178456,8.9690123
47.4143011,8.9688243
47.6482763,9.175163
47.6497495,9.1747223
47.6744086,9.0484542
47.6603507,8.8568878
47.6603701,8.8598595
47.6606977,8.8589781
47.5578883,8.8960603
47.5961967,8.7790881
47.6724512,9.0849318
47.518143,9.2564762
47.4386184,8.918339
47.3972567,8.9533744
47.4119378,8.9671997
47.5697157,8.9385421
47.6510622,9.1742011
47.426779,8.9109672
47.5534577,8.8923522
47.5342299,9.0841928
47.4899601,8.9551965
47.6456434,8.9163848
47.5956583,8.9532457
47.5882401,9.1494554
47.5439107,9.3832652
47.6331561,9.0061871
47.5569648,8.8982308
47.5580695,8.8999302
47.6078359,9.0641748
47.6442446,9.0448656
47.6435899,8.9935941
47.6440486,8.9953296
47.6482334,8.9827869
47.6206445,9.0769887
47.6232985,8.9001539
47.5574041,9.0104078
47.5763135,8.9979903
47.5502156,8.9869591
47.5683171,9.0131846
47.5494146,9.0382687
47.550771,9.0601865
47.561798,9.0446094
47.5456207,8.9636627
47.5468561,8.9650579
47.5494174,8.9556102
47.5495734,8.9551666
47.4552417,8.9085655
47.4493897,8.923079
47.4528779,8.9377745
47.4535186,8.943254
47.4488331,8.9662815
47.5763804,8.9697277
47.5966941,8.9581023
47.5366289,9.2053918
47.5934119,9.0669788
47.5833548,9.0874479
47.588231,9.0850981
47.5671556,8.9702543
47.6442005,8.8778313
47.6060043,8.7689249
47.5704321,8.9952823
47.6547972,8.8625617
47.6561354,8.8586733
47.6534197,9.1095979
47.6566229,8.8583803
47.6371784,9.0243958
47.6380491,9.0555419
47.6611866,9.1096555
47.6694197,9.0801356
47.6690361,9.0835838
47.4020206,8.9033324
47.6513416,9.1815661
47.5538708,8.9014607
47.5459767,8.936067
47.5948068,8.7861256
47.6245435,8.90932
47.5388066,9.1842697
47.5658682,8.8868459
47.5385339,8.8861525
47.577464,8.9803041
47.549977,8.9553581
47.5587374,8.9815722
47.5660942,8.9468711
47.57214,8.9468223
47.6037319,9.0065708
47.602854,9.0039022
47.5541505,8.8944548
47.5585911,9.0640854
47.5538048,8.900306
47.5086394,9.1202626
47.6043861,8.9100723
47.5098185,9.4231155
47.5830216,8.8660774
47.6681005,8.982258
47.5882721,8.8804625
47.5006345,8.9087584
47.5028816,8.9068647
47.5185272,8.9353597
47.5595803,8.9197372
47.5365635,8.9285603
47.4523749,9.0070626
47.6501901,9.1745168
47.639779,9.1948788
47.6479035,9.1723498
47.6452314,9.1572626
47.5593396,8.9012705
47.5606667,8.8715531
47.5464806,8.8868065
47.5530059,8.8941544
47.5359497,9.2913115
47.6465577,9.0416962
47.429491,8.9737013
47.5812064,8.858058
47.6617747,8.9736036
47.5461502,9.2411563
47.6625083,8.9745874
47.532823,9.0734221
47.5989507,9.2786861
47.5932762,9.3174912
47.6447713,9.1709995
47.6384971,9.1776407
47.4564202,8.9120987
47.4563823,8.9131386
47.6609982,8.8599052
47.4967951,8.9529647
47.4966278,8.9238168
47.5197351,8.9280757
47.4979488,9.2400525
47.599336,8.9505894
47.5985487,8.9515947
47.46516,8.9729022
47.5668797,9.3497435
47.6738071,9.0207398
47.6734601,9.0200872
47.6721547,9.0337145
47.5917433,8.9203937
47.548306,8.8980172
47.5425534,8.9315052
47.5446067,8.9036586
47.568838,9.1119227
47.4543878,8.9562205
47.6778831,8.8331447
47.6583112,8.9736455
47.4488206,8.9853545
47.5550587,8.8924726
47.4675388,8.9734807
47.4666475,8.9765658
47.5100588,8.8946277
47.4128151,8.9702158
47.4134424,8.9673469
47.5204992,9.0955278
47.5532614,8.8607899
47.5557855,9.0423991
47.6334855,9.0422148
47.5441923,8.8431396
47.6258861,9.2487733
47.4537595,8.9654033
47.4403247,8.9813121
47.6716613,9.0221651
47.5199282,9.1977732
47.5211555,9.1968302
47.5210518,9.1947083
47.554133,8.9086211
47.6437937,8.9151793
47.5333087,8.8846486
47.6650436,8.8613565
47.612304,9.2631279
47.6463364,9.1853435
47.5515462,8.8922576
47.5497138,8.8924323
47.5508188,8.89785
47.5477837,8.9088237
47.6414461,9.0678666
47.6437418,9.0451017
47.6106084,9.2573595
47.5807288,8.833065
47.5803422,8.831591
47.5012801,9.2624194
47.5513302,8.9090976
47.5060975,9.3567968
47.5549268,8.8991742
47.6444469,8.9081319
47.6643145,8.9791306
47.6544009,9.1283143
47.6010444,9.0026892
47.5961016,8.9551862
47.5459312,8.8694349
47.5459325,8.8713722
47.5696457,8.8945518
47.5177421,9.2549993
47.5576265,8.8950097
47.4760834,8.9162046
47.4741352,8.9147673
47.5098045,8.8952728
47.5096399,8.8959975
47.5496704,8.8776973
47.5685393,9.3729658
47.5286223,9.4144873
47.424348,8.9114545
47.6455419,8.9153715
47.5268588,9.0325516
47.5281285,9.0297075
47.5694848,9.3728827
47.673517,9.0477497
47.5491969,9.1502021
47.5482191,9.1537034
47.5477227,9.1538832
47.5011925,9.0320485
47.5031135,8.9231513
47.5173706,8.9944562
47.564417,9.0999125
47.5335336,9.0696792
47.497048,9.0258989
47.499291,8.9164533
47.4993725,8.9093775
47.5707551,9.1140609
47.6608704,8.8598138
47.5803876,8.8317006
47.4968094,9.024608
47.6578413,8.8178406
47.5643378,8.8836295
47.6067852,8.8707346
47.4976096,9.2532062
47.4938213,9.2370443
47.5040868,9.2093204
47.4571658,8.9082092
47.5637237,8.8891738
47.6051873,8.7710707
47.5519084,8.8892946
47.6114208,8.8892176
47.6006368,8.8823818
47.5519179,8.8934142
47.5519295,8.8932268
47.5600057,9.1870614
47.4429945,9.0170053
47.6466268,8.875955
47.4629138,8.9982511
47.4493288,8.9859685
47.4508597,8.9867347
47.4501126,8.9858646
47.6571504,8.8597704
47.4178432,8.9719839
47.4190522,8.97437
47.5516743,9.3021561
47.5519441,9.3036179
47.5574289,8.8875262
47.675906,8.8280976
47.5207558,9.4320851
47.5181957,8.9888645
47.5585284,8.8956352
47.6424254,8.9169208
47.6548413,9.136329
47.4006378,8.9127835
47.4629995,8.9945357
47.4949615,8.8937698
47.6235997,8.9853591
47.6640984,9.080812
47.5498712,8.8957624
47.497789,9.1260027
47.6673718,8.8593132
47.5718676,8.8949329
47.5916164,9.3304283
47.558059,8.9005479
47.429593,8.9744942
47.4303655,8.9754003
47.4296208,8.975566
47.6586005,9.0790714
47.5479838,9.3025813
47.5453622,8.842918
47.4798408,9.2530797
47.665246,8.9806135
47.5927276,8.8051234
47.4627763,8.9657285
47.5504538,8.9881301
47.5515591,8.9873891
47.5522374,9.0149765
47.5541162,9.0133241
47.6369914,9.0269804
47.5936423,9.0895256
47.5883791,9.1487787
47.5999454,9.1404638
47.599051,9.0934805
47.6402571,9.0552299
47.5493924,8.9219683
47.5538859,8.9108628
47.5553541,8.9046603
47.5546936,8.9002796
47.5556296,8.8986729
47.5559514,8.8993964
47.5574011,8.8995832
47.5605379,8.9036826
47.5544722,8.8955248
47.5578696,8.8940359
47.562289,8.8972471
47.5570259,8.9010802
47.542223,8.9209359
47.5596503,8.8791383
47.5766979,8.8829271
47.5563164,8.8982511
47.5558825,8.89802
47.5710331,9.0004554
47.5591479,8.978404
47.5666526,8.9253484
47.5677122,8.9535592
47.5658084,8.9301629
47.549845,8.935147
47.5497316,8.8777258
47.5858889,8.9344689
47.550355,8.8952852
47.5488738,9.3856426
47.5589154,9.2663813
47.5890422,9.0780429
47.5691767,8.9413017
47.5673849,8.9478733
47.4516002,8.9806073
47.4549485,8.999659
47.4773158,8.8971217
47.478566,8.9030352
47.5521816,9.0159202
47.5952757,8.7853064
47.5958888,8.7816069
47.5161232,9.1404133
47.4664325,8.9369337
47.6413131,8.8984623
47.6461691,8.9172277
47.4753069,8.9909358
47.6558054,8.8545649
47.1742952,7.460634
47.1878435,7.7018903
47.1351334,7.4144363
47.1826948,7.3672435
47.2856495,7.4548938
47.1358936,7.2795327
47.1316016,7.2762342
47.2426029,7.2561237
47.2384077,7.3039112
47.1539957,7.2680419
47.1533969,7.2376428
47.1495513,7.2333403
47.1354763,7.2734025
47.1504332,7.2395973
47.1992255,7.6936962
47.2205172,7.7211947
47.2228634,7.1037865
47.2663078,7.6253273
47.1725727,7.4727179
47.1294547,7.3621583
47.1360965,7.3703686
47.1303112,7.3698896
47.1242399,7.3636439
47.2515737,7.6455075
47.2348657,7.6551644
47.2336144,7.655374
47.2361585,7.6547652
47.2354593,7.6545227
47.1289413,7.4049467
47.1296021,7.411415
47.1674778,7.3523907
47.1399092,7.370848
47.135759,7.0384944
47.1325252,7.2171981
47.2572733,7.2971415
47.2555056,7.2986233
47.2552853,7.2988045
47.161612,7.2829243
47.1467363,7.2962493
47.1888813,7.3405323
47.175295,7.2765026
47.1516636,7.4072111
47.1748694,7.4575323
47.1298541,7.5410289
47.1349599,7.5383918
47.2653723,7.6988721
47.2417538,7.2552691
47.2453676,7.2646605
47.2485794,7.2674695
47.2570877,7.7681951
47.3028661,7.4524034
47.2556681,7.2982058
47.1565501,7.0214842
47.1588142,7.0207423
47.2448656,7.2186106
47.2469291,7.2558875
47.2279435,7.2494634
47.2846484,7.405507
47.2838352,7.4420097
47.2803733,7.3719868
47.2801608,7.3695409
47.2834093,7.4245797
47.2835296,7.4250818
47.2794923,7.3720781
47.2795398,7.3737784
47.2773446,7.6713776
47.130873,7.2208393
47.1655701,7.7300242
47.1651488,7.7291096
47.2175583,7.6590567
47.1448194,7.2692368
47.1878762,7.7009282
47.188746,7.7056705
47.1315977,7.2211945
47.1429914,7.2472573
47.1457761,7.8720251
47.1364713,7.2660476
47.2854092,7.4552892
47.1521998,7.2667242
47.1377762,7.6835618
47.2492994,7.6420961
47.2511227,7.6453948
47.2520344,7.6461578
47.2517587,7.6468201
47.2508278,7.6453337
47.2523042,7.6468346
47.252046,7.647282
47.2361003,7.6555019
47.2352655,7.6556324
47.2627161,7.6595771
47.2627144,7.6586307
47.2541434,7.3044271
47.2641955,7.641864
47.2627613,7.6421013
47.2642824,7.6411115
47.2818659,7.1762456
47.1247822,7.2407316
47.1252943,7.2405203
47.1267973,7.2404238
47.1550136,6.8796023
47.2620029,7.8077781
47.2322207,7.6869898
47.2346978,7.6536234
47.2484519,7.6136152
47.2712479,7.5985832
47.2332362,7.653943
47.232999,7.6534545
47.2648829,7.6026872
47.2455017,7.7603937
47.2317877,7.6543047
47.2345067,7.6557573
47.2294478,7.6511322
47.2158632,7.7463636
47.1385904,7.372237
47.1696686,7.260411
47.1600244,7.26832
47.2114324,7.7981126
47.2600134,7.6613876
47.2622144,7.6617574
47.2622469,7.6630165
47.2525235,7.6487717
47.1435206,7.2468732
47.2035007,7.771941
47.2648948,7.6923368
47.2658937,7.6950667
47.1359687,7.2593932
47.2588431,7.8120873
47.2667471,7.6239631
47.2313637,7.6844416
47.2707918,7.5980564
47.1138836,7.8486098
47.1068527,7.1793564
47.11363,7.0807048
47.2045667,7.7943684
47.1397193,7.2728115
47.1333494,7.2319105
47.1048696,7.2171252
47.1742113,7.4600313
47.2159132,7.7424599
47.244756,7.6572698
47.1293219,7.2709604
47.1822651,7.3630755
47.2283667,7.8205438
47.2339165,7.6564102
47.23327,7.6526808
47.2341423,7.6562462
47.2341928,7.6553802
47.2299697,7.6525448
47.1271151,7.2625405
47.2678954,7.6962234
47.1072304,7.3152853
47.2893382,7.4229303
47.2511989,7.6460351
47.2359985,7.6563616
47.2310204,7.6831465
47.1302712,7.213441
47.2129316,7.788113
47.2351569,7.6553765
47.2135165,7.8251305
47.2379202,7.8228184
47.1353057,7.3782647
47.1202222,7.3437611
47.1814188,7.3645917
47.2275968,7.7110787
47.1488233,7.2455021
47.1017845,7.1764046
47.121973,7.2080548
47.1335098,7.2340728
47.1585015,7.6694709
47.262119,7.659664
47.2622796,7.6624272
47.2707341,7.6923113
47.2681223,7.6943511
47.2660993,7.69577
47.1303427,7.2783114
47.1397023,7.7009465
47.1609581,7.2142862
47.1240499,7.8234501
47.2139873,7.7891457
47.2110643,7.7768598
47.2117411,7.7915313
47.2108222,7.7903591
47.2628379,7.7000193
47.211413,7.7900173
47.2104612,7.792525
47.2372688,7.7332925
47.2300281,7.8393541
47.2374641,7.7714374
47.2330374,7.6669115
47.2186627,7.8190953
47.2409546,7.8213684
47.2405458,7.8218096
47.2545857,7.790228
47.1876407,7.1046502
47.1872472,7.1047842
47.1877308,7.1044885
47.1880579,7.1054534
47.2530582,7.7867935
47.2313711,7.7411969
47.2310157,7.7405274
47.2401225,7.7693175
47.204698,7.6891483
47.2290977,7.6736724
47.237009,7.8232466
47.2601572,7.8142136
47.223575,7.7747027
47.2314937,7.6853552
47.1655843,7.798832
47.2123,7.7892867
47.2653594,7.6936557
47.2673106,7.6965773
47.1364441,7.8148866
47.1902926,7.7901112
47.1096439,7.1683945
47.2490066,7.800238
47.2150514,7.8050148
47.2300894,7.6795742
47.1499766,7.2525502
47.1479246,7.2904527
47.1592771,7.2158787
47.2105319,7.7883721
47.1329295,7.6060598
47.1470879,7.2684591
47.2087326,7.7677116
47.2107635,7.7688549
47.2113159,7.7664191
47.1858955,7.8487548
47.2974694,7.4504949
47.1685787,7.1959382
47.1309983,7.4067824
47.1633343,7.4699257
47.2278811,7.6545885
47.2233027,7.6475705
47.1366244,7.0447359
47.282765,7.381465
47.2388044,7.3052606
47.2396781,7.3351171
47.2414761,7.3270475
47.2397954,7.3377665
47.2445572,7.3477049
47.2395924,7.3332413
47.2399767,7.3381117
47.2290488,7.7601155
47.2737492,7.2460121
47.1319805,7.367476
47.12561,7.3644246
47.1240938,7.3551696
47.1323144,7.372394
47.1106948,7.2920001
47.1337407,7.6013884
47.1159191,7.8603171
47.1274479,7.5573718
47.1364832,7.8223917
47.1397878,7.3735396
47.1599033,7.348999
47.1548542,7.3258803
47.1241132,7.8240698
47.1497191,7.2379238
47.2829688,7.4288136
47.1085558,7.4947456
47.1308145,7.6183769
47.1597337,7.759176
47.1357247,7.2354948
47.1874618,7.3003013
47.1730296,7.8343604
47.2738702,7.2406034
47.2736296,7.2398933
47.2741996,7.2436728
47.2739788,7.244985
47.2740981,7.2425441
47.1000675,7.3246536
47.1001772,7.3258182
47.274417,7.3157167
47.1880902,7.2859647
47.2244916,7.0832178
47.2007151,7.7734501
47.131515,7.2184139
47.1347275,7.232457
47.1310472,7.2391941
47.1207807,7.2354617
47.1196918,7.2265213
47.1253103,7.2578482
47.1264566,7.2582022
47.1608418,6.8754109
47.1894249,7.3641918
47.1399355,7.3669418
47.1300608,7.3070197
47.1417667,7.2453784
47.173924,7.7697396
47.1724557,7.7085044
47.2320691,7.6557733
47.235973,7.6539999
47.2354667,7.6540163
47.2355714,7.6548297
47.2357923,7.654229
47.1642326,7.3569971
47.20195,7.768897
47.2562024,7.2982008
47.2566245,7.2980884
47.2571017,7.2978094
47.2287599,7.2712215
47.1423425,7.3652548
47.157299,7.0179138
47.1585128,7.0192982
47.1614331,7.6864299
47.1942381,7.7584079
47.1125333,7.8496039
47.2634591,7.6420659
47.1260846,7.2401998
47.1252453,7.2394938
47.1244384,7.2366879
47.2449547,7.2635839
47.1944745,7.1450619
47.226772,7.6477444
47.2648616,7.6963922
47.1629595,7.2112719
47.1335512,7.6030023
47.1334948,7.6033578
47.2113468,7.789064
47.1785049,7.8548987
47.1734401,7.7278949
47.1582897,7.5722882
47.1568089,7.5726249
47.1874301,7.7039381
47.1523221,7.5592468
47.1278232,7.5585673
47.1675021,7.4281691
47.1685895,7.4273296
47.1898164,7.7917126
47.1658455,7.7970484
47.1394168,7.3084757
47.1307019,7.613477
47.1405396,7.6568444
47.2647388,7.6413353
47.2694655,7.6876742
47.2445799,7.3475524
47.2107759,7.7876417
47.126898,7.5563683
47.1592782,7.6724416
47.1760681,7.6902647
47.1296511,7.8183175
47.1369175,7.8210616
47.1356909,7.8184658
47.1355885,7.8161428
47.1138656,7.8428348
47.2739197,7.2417168
47.2783865,7.3732508
47.2302169,7.2708114
47.268647,7.599857
47.154858,7.664411
47.239979,7.769358
47.1319223,7.2543365
47.1387556,7.2649709
47.1452469,7.2489371
47.1451957,7.2489092
47.1429707,7.246275
47.1435747,7.2465024
47.1434792,7.2462957
47.1432099,7.2459152
47.1409355,7.2418843
47.1410903,7.2417623
47.1412549,7.2415509
47.140764,7.2402804
47.1410095,7.2432309
47.1419143,7.2470596
47.1446169,7.245058
47.1467783,7.2480503
47.149261,7.2484437
47.1495036,7.2485108
47.1481715,7.2800249
47.136281,7.2509884
47.1359576,7.249488
47.1371785,7.2415609
47.1372245,7.2403981
47.1365236,7.2370234
47.1352824,7.2413761
47.1051454,7.6637673
47.2016025,8.5371919
47.130108,8.5561896
47.1703608,8.5230696
47.1709358,8.522517
47.1358031,8.5591892
47.1543138,8.5606463
47.1735743,8.591638
47.145348,8.522043
47.1778822,8.5309676
47.1297638,8.5530998
47.1608741,8.6926867
47.1144246,8.6222941
47.1791769,8.4592586
47.1778985,8.5910863
47.1648,8.514159
47.1247486,8.4431622
47.165596,8.5160319
47.1801043,8.5547176
47.2024211,8.4392151
47.1312323,8.5274961
47.1391424,8.5334254
47.1918823,8.5186208
47.2050155,8.5744868
47.2051653,8.5751917
47.2066789,8.5424583
47.1950969,8.5229808
47.1674537,8.5144924
47.1368251,8.5341971
47.1438609,8.5367979
47.1522721,8.5539685
47.1639669,8.5569248
47.1103953,8.5459687
47.1381273,8.5833234
47.1504802,8.6238685
47.1355803,8.6102662
47.1511265,8.6061937
47.1393234,8.5816968
47.1412951,8.6360022
47.1661568,8.5172423
47.1450719,8.6486232
47.1652795,8.531343
47.1960644,8.5269359
47.1944599,8.5259875
47.1643351,8.5133474
47.1479122,8.5068708
47.189322,8.5597836
47.1964577,8.4802234
47.1871739,8.5586158
47.182379,8.53736
47.1951727,8.5245231
47.178452,8.5882322
47.1295207,8.5548087
47.1475497,8.5203689
47.1417025,8.664183
47.1884873,8.5071957
47.1735369,8.5190235
47.1655673,8.5148247
47.173687,8.50606
47.1536418,8.443481
47.1536424,8.4445931
47.1253495,8.442081
47.1908389,8.5440336
47.1990195,8.5192248
47.1943978,8.5274312
47.1935013,8.5260663
47.1933202,8.5265899
47.1910013,8.5253223
47.1951272,8.5271165
47.1946983,8.5252548
47.1859449,8.5570761
47.2015172,8.5161584
47.1280901,8.5656308
47.1825414,8.5327575
47.14996,8.6127473
47.1133052,8.5732653
47.1775451,8.5193617
47.1771203,8.5188648
47.1977454,8.4945764
47.2051017,8.482438
47.1787945,8.5899124
47.2065778,8.4930606
47.1879196,8.5458735
47.1783726,8.5904727
47.1655739,8.5163779
47.1611596,8.5204996
47.1608715,8.5213763
47.1757034,8.5078179
47.1620682,8.5220798
47.1704228,8.5164627
47.1484804,8.670656
47.1779302,8.5898077
47.1786595,8.589365
47.1742362,8.5221833
47.1793856,8.5932321
47.178504,8.5917084
47.1118162,8.5064438
47.1000793,8.515347
47.1850167,8.531677
47.1470451,8.6634022
47.1484485,8.6706129
47.1660077,8.4046845
47.2119279,8.3973081
47.152369,8.6220214
47.1748814,8.5243892
47.1392465,8.4301187
47.1553911,8.6705347
47.1477948,8.4293807
47.1781623,8.4572144
47.1322144,8.5596852
47.1668581,8.6300954
47.3264967,9.289689
47.3190595,9.2767584
47.3183222,9.2784719
47.3210967,9.2810093
47.321919,9.2778129
47.321292,9.2775989
47.3238743,9.29462
47.3234757,9.2742008
47.3716246,9.2715596
47.3192301,9.2850332
47.4091899,9.4622549
47.407157,9.458924
47.4248636,9.4367899
47.4195203,9.4914567
47.3961226,9.3327626
47.4155993,9.4901195
47.4440602,9.536273
47.3625034,9.4545582
47.4066719,9.4609224
47.4198355,9.5698548
47.3176132,9.2856315
47.3852253,9.2770475
47.3899934,9.3869952
47.3865282,9.2802558
47.3872078,9.2814587
47.4037417,9.5466797
47.3818565,9.3433295
47.3872671,9.2766703
47.3748199,9.3432176
47.2820453,9.2505275
47.2927739,9.2490948
47.2606124,9.3275892
47.3718961,9.3194856
47.3903604,9.394799
47.4195423,9.5727604
47.2639082,9.2915038
47.263993,9.2922654
47.4156231,9.5783249
47.4154249,9.5775902
47.3563849,9.280695
47.4447089,9.5353009
47.4450573,9.5346036
47.4062226,9.5502241
47.4478131,9.5864206
47.3993015,9.3119521
47.3859839,9.2776173
47.3918475,9.2921292
47.3837298,9.2766308
47.3842532,9.2774809
47.3868635,9.2829755
47.3900233,9.2887005
47.3898782,9.2884191
47.3531011,9.3136943
47.4572185,9.5240233
47.3525071,9.2499049
47.3340077,9.3059661
47.3383602,9.3139659
47.3373006,9.3119749
47.3581632,9.2996072
47.3662511,9.4607415
47.388514,9.2747298
47.3881997,9.2816429
47.3805746,9.4734781
47.3879131,9.4775315
47.3634744,9.4561441
47.4292765,9.5101679
47.4260487,9.4824338
47.4261527,9.4835548
47.4256528,9.4897546
47.4275017,9.5040789
47.4303802,9.4912665
47.4273685,9.5031064
47.4266599,9.483508
47.3856095,9.2796473
47.3856188,9.2801156
47.3569478,9.3021178
47.4276921,9.4924433
47.4266825,9.4865234
