32.6048366,-115.4844932
19.3555773,-99.1511453
19.4199167,-99.1827979
32.4415429,-117.0052374
19.2869296,-99.6772371
20.6926182,-103.4240803
19.4637735,-99.0747551
20.6910698,-103.4184979
20.6906757,-103.4179846
18.8631998,-97.1056346
19.3578868,-99.2694933
32.5308901,-116.9868233
32.5308844,-116.9868913
19.3329507,-99.1825289
32.48025,-116.9651058
32.4808559,-116.962884
19.8661186,-71.4021209
19.4576286,-70.6876371
18.7148086,-68.4510585
21.6289385,-81.4735046
21.60006,-81.5384169
21.6232608,-81.4826039
21.6261463,-81.4707629
21.6002449,-81.5309802
21.6031051,-81.5057157
22.9713409,-82.3493585
22.9775906,-82.1441384
20.0471648,-77.5908982
22.543218,-78.370933
21.6149217,-81.4874014
21.6106624,-81.4950671
21.6206822,-81.4785524
21.6034288,-81.5306076
21.6086724,-81.5373427
21.6017263,-81.535423
19.0377455,-70.966391
19.4009473,-98.2738486
19.5590603,-98.7033577
23.0166805,-82.7414912
23.0151936,-82.7456005
22.9567804,-82.7569096
23.0430135,-82.5374953
23.0453417,-82.4799527
23.0581999,-82.4782858
22.81091,-82.7606735
22.3613254,-97.8826572
27.4463296,-99.514324
22.2386335,-97.8758393
23.5480347,-99.3893509
25.835264,-97.4779554
25.8531164,-97.473429
27.4940737,-99.5180869
25.8782873,-97.514517
26.0345868,-98.2849909
27.263027,-109.9496063
28.8219663,-111.9407718
29.0562229,-110.9785021
29.0441234,-110.9580707
31.3030326,-109.552879
31.3026093,-109.5547033
30.6611506,-109.5477243
29.0332751,-110.9700017
29.0558586,-110.9721634
29.0518808,-110.9783373
29.1111741,-110.9292727
29.1041453,-110.9268775
29.1192191,-110.9371834
29.141597,-110.9715942
31.9561253,-114.7410488
27.0451887,-109.4657453
29.4229426,-110.3520771
27.4828432,-109.9477656
29.0554755,-110.9783921
30.5371154,-109.6322377
30.9949937,-109.2295156
29.0250821,-110.9649717
30.3693017,-109.6897536
21.0680039,-89.6571093
20.6951851,-89.5932063
20.6958324,-89.5939943
20.6955065,-89.5930066
20.6967869,-89.5937636
20.7011456,-89.5939553
20.7021205,-89.5938912
20.702545,-89.5939466
20.7051277,-89.593982
20.6950979,-89.5926157
20.696752,-89.5941781
20.6974526,-89.5940443
20.6983253,-89.5938566
20.7038563,-89.5939593
20.6958869,-89.5929666
20.6950101,-89.5921037
20.7024364,-89.5938824
20.6956231,-89.5931261
20.9583144,-89.5973807
21.0484911,-89.644283
21.0484097,-89.6445893
21.048714,-89.6443379
21.0477462,-89.6445626
21.0703319,-89.645237
21.0672234,-89.6446794
21.0701328,-89.6518732
21.0696211,-89.6561919
21.0628874,-89.6459971
21.0700269,-89.6640687
21.0065797,-89.7225986
20.9657656,-89.6015015
20.254118,-76.1681298
19.9710042,-75.914134
20.1819302,-75.8581964
20.2582744,-75.8810998
20.2509876,-75.8376688
20.7636277,-105.3311951
21.4628042,-104.8016256
21.4641746,-104.8020119
21.5035314,-104.8953936
48.4521841,-123.3657133
49.1128402,-118.9803928
49.1128371,-118.9833707
49.114203,-118.9839669
49.1158821,-118.9809039
49.1152059,-118.9817454
49.1278521,-118.2486883
49.1287521,-118.2470188
49.1293309,-118.2486553
49.1298031,-118.2473096
49.2874239,-123.1422793
49.1972794,-121.7510426
49.1067043,-121.9784781
45.5614792,-73.5555189
45.4584848,-73.454973
45.4430101,-73.4484109
45.4471218,-73.4616351
45.4500134,-73.455831
45.5644807,-73.5964351
45.4487036,-73.4496606
45.4739284,-73.4633669
45.4620572,-73.444571
45.4402587,-73.4602006
46.8045592,-71.2085906
49.2433578,-123.1873937
49.2621651,-123.1553415
49.0582884,-121.9678026
49.0319377,-122.0106119
49.0329983,-122.011011
49.0566576,-121.9707787
49.0582116,-121.9670101
49.9651896,-122.4317577
49.0691961,-120.7229485
49.0681927,-120.7239066
49.073447,-120.7158576
49.0723179,-120.7178675
49.0705462,-120.7202332
49.0732655,-120.7147327
45.4823767,-73.8310196
45.4857036,-73.8388902
45.4879278,-73.8396776
45.4835652,-73.8304187
45.4874388,-73.8174595
45.4905734,-73.8304735
45.5495768,-73.3418255
45.5538033,-73.589655
45.5622371,-73.6003039
45.5627291,-73.6000233
45.5625808,-73.6009923
46.5310031,-75.3043686
45.5151439,-73.6149063
46.5554139,-75.5735516
45.5168794,-73.5889295
45.5153087,-73.5845176
45.475417,-73.4498412
45.5588995,-73.6158329
45.5289153,-73.6008134
46.3436615,-72.5432268
46.3420768,-72.537288
45.4547998,-73.5639299
45.4528321,-73.565011
43.6848882,-79.3156734
44.9007507,-77.2517147
44.8981295,-77.2515883
44.8985157,-77.2551407
44.8986335,-77.2543008
44.896545,-77.2539134
49.059911,-120.8394408
49.3560266,-123.0370771
49.2117133,-122.9599706
48.4264109,-123.3168117
49.2749835,-123.2045696
49.1969082,-123.1770994
49.2671595,-123.1376969
45.5217392,-73.5800212
45.515839,-73.571903
45.5439119,-73.5667504
45.5155763,-73.2711136
45.5211705,-73.8074476
45.6918624,-70.7869988
45.397192,-71.9290087
45.7418514,-73.4681135
45.7570042,-73.4371179
48.2572543,-69.8668752
49.1105431,-123.1350517
45.5133258,-73.5365154
45.7412577,-73.4667523
45.5379409,-73.8675653
45.7355914,-73.4484475
45.7366098,-73.4475785
45.7366966,-73.4453825
45.7353707,-73.4494824
43.4039458,-80.361443
43.9918835,-77.7123974
43.9900962,-77.7242281
43.9910342,-77.7239798
50.7576409,-111.5161419
50.759151,-111.5151227
50.7606795,-111.5157632
49.2543244,-123.2352962
48.4082045,-123.3661461
48.4132958,-123.3101229
48.4648852,-123.4269783
48.4313548,-123.347589
48.4101137,-123.3741187
48.4280099,-123.3541449
48.4447741,-123.3444625
48.4480069,-123.3401307
48.430632,-123.381373
45.9578236,-70.6492271
45.4197926,-73.4974729
45.5596359,-73.5794495
45.5027463,-73.5917034
45.5182408,-73.5818081
45.2720657,-72.1761831
45.5147527,-73.6195132
45.4669744,-73.5912572
45.6040076,-73.5839519
45.3979902,-71.9050437
47.592583,-79.4855521
45.5317744,-73.6122588
45.531617,-73.6106085
45.5347417,-73.6177504
45.5355287,-73.6157599
45.5375991,-73.6190483
60.8787556,-135.3591458
46.4991535,-67.3634039
45.6977304,-73.530197
46.787782,-71.2398144
46.7999858,-71.2252542
49.0983951,-123.178366
52.4515105,-115.0328466
52.4471951,-115.0278808
52.4480808,-115.0276756
52.4487806,-115.0281742
52.4502355,-115.0279275
52.4485746,-115.029746
51.1061384,-115.3666441
51.0484277,-114.050269
58.922464,-125.0569752
49.273768,-123.0979769
48.4476001,-123.4028623
49.23113,-123.0190866
49.2040291,-122.9044383
45.5345705,-73.6119994
45.5331726,-73.6091563
45.5239862,-73.5925925
45.5259261,-73.5927483
45.5417873,-73.6312791
45.5488635,-73.638505
45.5064609,-73.5179093
45.4551375,-73.4680464
46.8567007,-71.362048
45.521746,-73.6161799
46.7266587,-79.0909905
47.2508029,-79.4050585
47.5609817,-79.4375803
48.5522799,-78.0453475
48.66331,-78.6818357
48.7286928,-78.8565548
48.7563093,-78.9963714
47.9987218,-77.3598715
48.227325,-77.3879123
48.1840212,-79.2719442
62.4705875,-114.4157315
62.4707513,-114.4195012
62.471465,-114.4275662
62.4720017,-114.4197975
46.8036049,-71.2186129
46.8045245,-71.2170189
49.0714818,-68.4782362
49.048041,-113.9126482
49.9482172,-127.2209617
48.4462134,-123.2939833
32.5312716,-116.9645446
32.5306988,-116.9662403
32.5096361,-116.9754913
32.5095576,-116.9750582
32.5093742,-116.9743333
32.5327253,-116.9600128
32.532408,-116.9678511
32.5319422,-116.9644354
32.5326763,-116.9600124
32.5307666,-116.9634212
32.5321509,-116.9619557
32.5321944,-116.9620315
32.5320614,-116.9622855
32.5320725,-116.9622877
32.5321885,-116.9619528
32.532081,-116.9622397
32.5314988,-116.9629488
32.531144,-116.9649
32.5321216,-116.9669325
32.531942,-116.9644754
32.5319428,-116.9644532
32.5323983,-116.9678536
32.5323568,-116.9674612
32.5320379,-116.9641637
32.4352554,-117.0316032
30.1165464,-114.6334257
32.5319705,-116.9644621
32.5166043,-117.0218064
32.4776271,-116.9613578
32.4514001,-116.9852568
32.4512521,-116.9855902
32.4508905,-116.9863999
32.4503062,-116.9883721
32.5317129,-116.9615511
32.5316186,-116.9606458
32.5317202,-116.9606414
32.5319122,-116.9605642
32.5337666,-116.9624895
32.5333459,-116.9637454
32.533136,-116.9638033
32.5315904,-116.9606482
32.531666,-116.9606064
32.5317068,-116.9615674
32.5315711,-116.9606958
32.5318613,-116.9605714
32.5322144,-116.9599708
32.5307879,-116.9633584
32.5307737,-116.9623608
32.5305425,-116.9638392
32.5305153,-116.9638547
32.5307875,-116.9634151
32.5307512,-116.9633697
37.31814166666667,-121.95042500000001
28.0281568,-113.3998292
19.841845,-90.5298328
18.9666932,-99.2854845
18.9750194,-99.0371133
19.0033536,-99.0783551
18.8476152,-99.2609084
23.027479,-82.3985422
23.1200399,-82.3702014
23.0072385,-82.3703297
23.1292128,-82.4004831
23.1349021,-82.3499616
23.1142621,-82.4240864
23.0592173,-82.2777077
23.1336924,-82.3511165
23.0416037,-82.2482625
23.1372668,-82.3614787
23.1129895,-82.3820795
23.0226508,-82.4078276
23.1211835,-82.372141
23.0807615,-82.3636303
22.9728302,-82.3903527
23.1225208,-82.3270096
23.0263285,-82.406902
23.0212344,-82.4037634
23.0973524,-82.4465636
23.0782581,-82.4387177
23.0284458,-82.4000617
23.0325677,-82.3960219
23.0309441,-82.2588119
23.0294974,-82.4002636
23.0039793,-82.4068705
23.1286325,-82.4138406
22.9857232,-82.3434191
22.9978802,-82.4219545
23.1115345,-82.3265933
23.1032952,-82.3508715
22.9525793,-82.3820628
23.0541672,-82.39395
23.1407947,-82.3482914
23.0992525,-82.3878039
23.1619572,-82.14594
23.1425471,-82.3004227
23.1669048,-82.2809867
23.1258899,-82.3911814
23.0959534,-82.2579825
23.1214395,-82.3144791
23.1286066,-82.2698325
23.1667363,-82.2807465
23.0237181,-82.4056823
23.0723837,-82.3518842
23.0724989,-82.3528695
23.0891948,-82.4594993
23.1273224,-82.4020299
23.0891005,-82.4221043
20.704713,-103.391493
20.6260532,-103.3888537
20.3942223,-103.4245127
20.3507448,-103.5699633
20.2040664,-103.9710935
20.370324,-102.7702481
20.7326466,-103.3672337
20.7436975,-103.3785034
20.741526,-103.3821638
20.7406872,-103.382032
20.741017,-103.3803078
20.7412895,-103.381318
20.7413095,-103.3808779
20.7416091,-103.380898
20.7416339,-103.3803986
20.7412937,-103.3798386
20.6840879,-103.3916655
20.7023894,-103.3921674
20.72299,-103.4315102
20.722043,-103.4311672
20.7224971,-103.4317737
20.630265,-103.4103595
20.3699395,-102.7698719
20.6748271,-103.3527959
20.6624549,-103.2982981
20.6655188,-103.3856383
20.6747591,-103.3553642
20.6742924,-103.3849793
20.6745524,-103.3858383
20.674736,-103.3563314
20.6682802,-103.3685423
20.6811845,-103.3612189
20.7345038,-103.4550893
20.7346592,-103.4558334
20.7347566,-103.4567765
20.7347635,-103.4558601
20.1960989,-103.9699879
20.2014413,-103.9698167
20.2062604,-103.9724656
20.2008379,-103.9697783
20.2032885,-103.9660506
20.6911266,-103.4236899
20.6910527,-103.4226924
20.6911097,-103.4220647
20.691536,-103.421357
20.6916084,-103.4204373
20.6914407,-103.4197314
20.6913165,-103.4194685
20.6911837,-103.4188808
19.3202044,-70.2686478
22.9312522,-82.3937348
22.7924579,-81.7464091
23.1416073,-81.9252299
22.0992983,-79.5173187
43.24838,-79.86267
52.4629454,-112.8886171
52.4632981,-112.8843629
52.4638255,-112.8899595
52.4639916,-112.88789
52.4644727,-112.8895703
52.4646234,-112.8903145
52.4647497,-112.8878782
52.4649703,-112.8909152
52.4650721,-112.8891567
50.8432374,-115.4272439
50.4434691,-111.9122689
50.4443674,-111.9115355
50.4450355,-111.9107385
50.4459393,-111.9120531
50.4463616,-111.9106299
50.453807,-111.9105337
49.1747468,-123.197985
49.1740971,-123.181015
51.1841746,-116.1206309
49.3508466,-123.0162789
48.421693,-123.3076333
48.4210943,-123.3086665
48.4234571,-123.3027679
48.4131811,-123.3103647
49.1253919,-123.1921284
45.5359019,-73.717054
45.5422058,-73.5437825
45.4823516,-73.5764114
46.8444813,-71.2634493
45.579425,-70.8955955
45.502779,-72.2493526
45.531128,-73.587715
45.6068062,-73.6711364
46.7781208,-71.2729249
45.4818557,-73.5956301
45.6545092,-73.4930337
46.790433,-71.2573178
45.7032637,-73.9067803
46.7478741,-71.3745612
45.5682377,-73.5658516
50.4544326,-104.6610074
50.4345505,-104.6173732
50.4377066,-104.6136035
50.4388512,-104.6151743
53.1283692,-108.3980515
61.9398861,-127.1783668
49.1715873,-123.9389684
49.1217135,-123.063553
49.1106104,-123.1382448
46.8855006,-71.1446106
46.6710434,-71.7885166
45.4669922,-73.5618437
45.5268469,-73.8196685
45.6281299,-73.4963918
45.6301748,-73.4948469
46.7664449,-71.2672774
46.8114902,-71.212246
43.3442339,-79.8413412
43.7062464,-79.2349622
49.0465462,-113.9122303
49.0479513,-113.9095657
51.2277955,-115.5164168
51.2291402,-115.5155997
50.8443365,-115.4260914
48.8973379,-123.4050037
48.898049,-123.4044584
48.9002561,-123.4064476
48.6420524,-123.3994542
49.2622988,-123.1146236
50.2519675,-121.5137254
45.5207661,-73.6062545
45.4304445,-73.3181001
45.4293188,-73.3109493
45.5039827,-73.5892873
47.648294,-70.6250142
47.6486622,-70.6264396
45.5037102,-73.5867964
46.7554933,-71.2718862
64.5052328,-138.2237025
51.8876754,-106.8150551
60.2424597,-123.4203563
61.8548732,-121.3430315
61.1417155,-119.8438732
61.1432358,-119.844205
61.1408716,-119.840997
60.9624927,-117.3290739
60.8637083,-115.7435333
45.5608043,-73.534231
46.8221036,-71.2173717
45.4397128,-73.6069983
47.8794077,-69.7035414
47.880942,-69.7030281
47.8522974,-69.728596
46.4843117,-80.8998015
49.1250944,-123.1859882
51.0095675,-121.7750735
59.425436,-126.1027937
49.2830325,-122.9348243
49.1966746,-122.9258625
48.3934075,-123.9440734
49.049914,-122.3179623
49.1950654,-123.1239919
49.0530033,-122.3288673
49.2571176,-123.1057325
49.7832229,-123.1189155
45.5579643,-73.4673512
45.5528727,-73.4528324
46.0006817,-73.4455798
46.7588328,-71.2705971
46.7692822,-71.2533138
46.3546054,-72.5983066
52.3939857,-104.9866914
50.4368012,-104.6284913
50.4381295,-104.6126325
50.4383265,-104.6148407
50.4338274,-104.5878968
55.2613098,-105.3699448
55.2616335,-105.3694816
55.2618814,-105.369433
49.1266631,-123.0555908
49.2528276,-124.0783559
45.545919,-73.5408154
45.5223934,-73.5339251
45.5227954,-73.5349684
45.5262475,-73.5348129
45.5330286,-73.780645
46.8136091,-71.2026034
49.0108056,-123.5736077
47.8005236,-69.7752222
47.8529068,-69.7355482
43.637455,-79.4530014
43.7731342,-79.2569248
53.5072629,-113.6236397
53.54161,-113.4729004
52.7858025,-117.8584738
49.0904732,-121.4533639
49.0905781,-121.4565628
49.0899858,-121.4581921
49.0900098,-121.4574546
49.0892454,-121.4576899
45.4490446,-73.2899462
45.4519389,-73.3027435
46.8186507,-72.2545398
45.6793256,-73.8724488
45.699605,-73.8972616
45.6916072,-73.8957813
45.6602451,-73.9079671
45.5461007,-73.6212336
45.515674,-73.6079197
45.526951,-73.557581
55.263955,-105.3672088
55.2646314,-105.3671002
55.2649242,-105.3677733
55.2654685,-105.3671075
55.2656459,-105.3675128
55.2661943,-105.3671147
48.7682818,-123.3711747
48.7700697,-123.3701054
48.7701075,-123.371269
48.7708743,-123.3704454
49.0519117,-122.884953
48.5572711,-124.4048135
46.8183261,-71.2076795
46.751997,-71.3138195
53.0448645,-118.0821756
49.6786878,-123.1543558
49.2794931,-122.8480115
51.4412385,-121.1599407
51.4248991,-116.4321993
48.3520003,-68.7624933
46.7688091,-71.307387
46.7732662,-71.29934
62.4854194,-113.467036
62.486645,-113.466478
62.4876918,-113.4714505
62.4877423,-113.4733219
62.4881695,-113.4784644
49.3134392,-123.1424674
49.312401,-123.1427392
49.326449,-124.2714867
49.3252356,-124.2683988
49.3237974,-124.2695827
46.8137647,-71.2069495
51.0473386,-114.1102764
51.0412952,-114.0169097
49.1871801,-124.002419
48.4043922,-123.3498248
49.2892676,-123.0366721
50.2535324,-121.5098376
50.2546053,-121.509902
46.7490852,-71.3393578
46.7662685,-71.2582281
46.7617744,-71.2643647
46.7885776,-71.2958465
46.862873,-71.2080457
46.7451962,-71.6893212
46.7617269,-71.6943286
46.4697057,-72.6778643
46.4728895,-72.6758595
48.5799839,-78.101203
49.3272133,-123.1602038
49.3252944,-123.1513177
46.7567788,-71.286139
46.788537,-71.2342459
46.8136312,-71.211419
46.8142633,-71.2101944
46.8123537,-71.2141411
46.8199366,-71.2190261
46.8530523,-71.1887758
46.8016096,-71.2101867
46.8126083,-71.2055827
49.1326861,-125.9031041
49.1337988,-125.9042065
49.1331919,-125.9028317
50.0351964,-125.2972209
45.5151681,-73.6531517
45.5147746,-73.6441449
45.5142735,-73.6396557
45.5094167,-73.6536128
45.5216528,-73.6380945
45.5134104,-73.6562607
45.5334327,-74.0062456
45.5020909,-73.5871323
45.5696348,-74.0972831
45.5544551,-74.333891
46.8243345,-71.1218746
46.825509,-71.1554519
47.3838971,-68.3389254
47.3758178,-68.3411824
49.1270187,-123.0529006
49.0771049,-122.9357599
49.014878,-123.0404358
49.0132693,-123.0393471
45.3301013,-73.9682188
45.3066766,-74.0561719
45.2955251,-74.1772535
45.4182768,-73.904559
49.1330371,-125.902565
49.1325282,-125.9021654
49.1342024,-125.9043192
49.1346447,-125.9038337
49.134771,-125.9032812
49.1351448,-125.9053786
49.1345833,-125.9047161
51.0637508,-114.1560027
53.5113114,-113.5190898
51.1082979,-114.1811704
51.0980264,-114.2237603
49.2057432,-123.0518196
49.3654915,-123.0983611
49.5058046,-123.7539963
49.504995,-123.7473645
49.5054452,-123.7487116
49.5057828,-123.7525277
49.5042449,-123.7460791
45.491646,-74.0137404
45.4699329,-73.631295
45.248973,-73.7988258
45.5043869,-73.5872505
45.5034094,-73.5874056
45.2915673,-74.0444247
45.3020107,-74.3038329
46.3184175,-74.2217069
46.319612,-74.2231566
46.317061,-74.2267731
45.5071716,-73.6494677
45.4997189,-73.7684646
45.5102538,-73.7531547
45.5223605,-73.6468022
45.6052339,-74.1910575
45.5650992,-74.3343671
45.6550101,-74.0931248
45.4075944,-73.0033326
45.4353136,-72.8825942
48.5466356,-68.3770597
45.5320416,-73.5963116
45.4556901,-73.5948254
46.8854872,-71.1445891
45.5252729,-74.2079879
45.5171653,-73.5329713
45.5156945,-73.5356627
45.3065651,-74.1494423
45.5079661,-73.529103
45.4293069,-73.8259896
53.5433601,-113.4514422
51.0419457,-114.0163356
51.0471677,-114.0382052
49.6819663,-119.7193636
49.680589,-119.7166763
49.2855006,-123.1346496
45.5390363,-73.5948583
46.8460444,-71.625216
45.5522095,-73.699066
45.404442,-73.956409
45.830567,-74.2069038
45.8319272,-74.2086706
45.8298838,-74.2028987
45.8293424,-74.2018529
45.8296647,-74.2022669
45.8287035,-74.2025968
45.8292726,-74.2008018
45.3912896,-73.9856079
45.5190086,-73.5343127
45.4555772,-73.5636561
44.4117367,-81.4790448
51.418394,-116.1800352
54.3826106,-128.5314832
54.3828015,-128.5345101
54.3830654,-128.5317504
54.3832674,-128.5332893
54.3833829,-128.5367757
54.3835521,-128.5344773
54.3840423,-128.5330368
54.3842531,-128.5314338
45.2661611,-72.1528021
45.4788655,-73.5755713
45.5430843,-73.5646208
45.5120102,-73.5461244
45.2070924,-71.8682939
45.3210831,-72.4160655
45.3474253,-72.5169772
45.3964189,-72.7144351
45.4098003,-73.580095
45.4100881,-73.5859913
45.4856324,-73.5654375
45.4570044,-73.6166802
45.0034341,-74.8907264
44.5875974,-75.6811704
50.0915443,-125.1823623
45.5153653,-73.532489
45.5175076,-73.530898
45.5164496,-73.5367732
45.5188241,-73.5325273
45.5062928,-73.5276045
45.46328,-73.5451733
45.4309845,-73.8188289
45.4277988,-73.8241786
45.4238183,-75.6859235
51.0981176,-114.221659
51.098089,-114.221913
49.0819871,-111.6162489
49.082602,-111.6154201
49.0831607,-111.6177617
49.0845409,-111.621233
49.2647415,-123.1130217
49.2103977,-123.0342799
48.4893851,-123.3910234
49.2795202,-122.8496591
48.7713856,-123.8914997
48.7727498,-123.8968623
48.5245521,-123.3892061
49.1952482,-123.1827456
48.5346246,-123.3901337
48.5352365,-123.3915837
49.3129691,-124.2835879
49.3137942,-124.2846848
49.3130899,-124.2854074
45.3989367,-72.7245604
45.3563656,-73.9747748
45.4344427,-73.1779046
45.490895,-73.871526
45.90182,-73.6642022
45.9618234,-73.7138577
45.9758997,-74.6333565
45.8899715,-74.3375969
45.7449675,-74.0502759
45.5882591,-73.6316997
45.4974554,-73.59702
45.5074088,-73.9033603
45.4899002,-73.8796585
45.4072753,-73.9564752
45.4019708,-74.0277422
45.4145154,-74.0147866
45.5199601,-73.6207606
46.2254416,-74.059059
44.8534966,-66.9281588
44.875143,-66.9356311
44.8755574,-66.93797
44.8777204,-66.938308
44.8764393,-66.9352771
44.8764393,-66.9394077
44.8758083,-66.9357062
49.325671,-124.26984
45.6366997,-73.7817534
45.4400559,-73.7610993
45.4397806,-73.7240444
48.5080055,-123.3954276
48.5078635,-123.3957659
48.509764,-123.3908481
48.5077428,-123.3942462
49.2158257,-123.1131016
49.1987735,-123.1808945
49.1640747,-123.1409442
45.5850724,-73.8017422
45.4147521,-71.6206006
45.5755238,-70.8846827
45.4853564,-71.0734869
45.5495085,-70.9472779
45.3608848,-71.8563392
48.4446146,-68.5408369
45.5771603,-73.8223554
45.7287566,-73.6356119
46.5201796,-72.734049
45.5737497,-73.8244286
46.8590631,-71.4167173
45.5425207,-73.5104065
45.4083446,-73.9156366
45.408758,-73.9193897
45.4041728,-73.9240924
46.1295611,-73.1100867
46.0451053,-74.4752658
46.5507166,-74.8261362
46.1295015,-74.4711829
48.0974634,-77.8140532
45.8513551,-73.7577616
45.5284971,-73.7321213
45.5552156,-73.7772253
45.5528322,-73.7685005
64.1470694,-128.4355378
49.121961,-123.0629612
45.4586405,-73.752844
45.4326238,-73.6810618
45.433063,-73.6922955
45.5300534,-73.766264
45.3166786,-74.0649777
45.4178888,-73.8994404
45.7381934,-73.4483695
45.5345926,-73.7828952
45.4000285,-75.6820325
45.400865,-75.680433
52.8607413,-118.0717154
53.6780957,-112.8297039
53.6756759,-112.8304648
53.5056989,-112.9446729
51.0030169,-114.1027039
48.6016936,-123.3939695
50.120069,-122.9482836
49.2796898,-123.1235408
49.2376172,-123.1274426
49.2405858,-122.5788383
49.058015,-122.4720207
46.0568643,-74.0416878
45.9456729,-74.0459359
59.3092002,-69.6004463
45.6575411,-73.8496859
45.5209731,-73.5598852
45.5216134,-73.5586952
45.52211,-73.5647105
45.5228725,-73.5622945
45.4782573,-73.57408
45.4240617,-74.035619
45.6809143,-73.8754039
45.6808606,-73.8744496
46.8447011,-71.2244744
46.1940504,-73.6201898
45.5201583,-73.8104636
45.5211655,-73.6348392
45.6840315,-73.872517
45.4793944,-74.3005605
45.4657871,-73.5747156
45.2641957,-72.1447403
45.5380912,-73.1568613
45.6830189,-71.7022697
45.9701535,-70.9434264
48.4120424,-123.3783357
49.3357226,-123.2632468
49.3319951,-123.2636997
46.800313,-71.2260866
45.4266712,-73.5956039
45.4334098,-73.6844476
45.5233926,-73.5327267
45.5235319,-73.5352109
45.6949245,-73.6118542
45.7269396,-73.4569212
43.256165,-81.8525942
49.6036682,-114.4157952
51.1741216,-115.5725165
50.3193719,-122.8013386
49.3432577,-123.0188916
49.2422998,-123.1135813
49.2697181,-123.135353
49.277835,-123.2262139
49.2374267,-123.1056452
51.6516071,-120.037706
46.3540646,-72.5376018
45.7746003,-71.9115643
45.7771611,-71.9187631
45.7772448,-71.9188138
46.2881419,-72.6987888
46.6878134,-71.8856874
45.5460487,-73.615686
46.2081346,-74.6007305
45.5256032,-71.2737949
46.3149524,-74.2266246
45.1365758,-71.7997608
45.5090373,-73.5644585
46.0438469,-73.1147047
46.0481077,-73.1077467
45.8604593,-73.2349178
45.498411,-73.5525521
48.5865417,-68.1972956
45.4891685,-73.5638536
46.0520373,-74.2824346
46.9888656,-70.5539772
45.447121,-73.2841834
52.1208152,-106.6575998
45.9579742,-73.2193389
46.0308741,-73.18106
45.4401388,-73.7628802
49.6034547,-114.414695
52.3852336,-121.2870133
52.3845431,-121.2882986
54.3848937,-128.5331476
49.293595,-124.9306085
54.3833836,-128.5367761
45.5042048,-73.5880395
45.2762022,-71.9733296
46.7176908,-71.2818285
45.5227828,-73.7504338
45.5102404,-73.7168629
45.5358806,-73.7172878
45.480372,-73.5968582
45.4419968,-73.4769959
45.5363701,-73.6242419
46.0569229,-71.958694
45.4858318,-73.4510669
45.7841176,-72.0225412
45.766211,-73.7308083
45.7619799,-73.4777697
45.7610292,-73.4780619
45.755381,-73.478181
45.7695054,-73.4710734
45.7607538,-73.4758464
45.9700111,-74.3468566
45.5504695,-73.6771447
45.5046311,-73.7197433
45.506339,-73.7177077
45.6188859,-73.7857583
45.5626591,-73.4858441
45.9426776,-71.4175869
46.1567445,-71.3519882
45.5090924,-73.7323711
45.7249799,-73.4904073
45.4492228,-73.8106171
45.4463892,-73.5722482
43.6787014,-79.3500669
43.8890309,-78.8796853
51.1116753,-115.3663099
49.2784414,-122.9754134
49.2397232,-121.7764404
49.096503,-121.9687857
49.2573675,-123.0715488
49.1298004,-122.6709553
49.3805239,-121.4242509
45.5018211,-73.7247405
45.5014284,-73.4969063
45.7636187,-73.4785335
45.527724,-73.6997773
45.7810819,-73.1745441
45.1677876,-72.0390229
45.5215779,-73.8330352
45.2573968,-74.1228719
45.2618952,-74.1359705
45.6399246,-73.8440683
45.2412623,-71.8290987
45.5464455,-73.4735153
45.5258589,-73.3342074
50.4284283,-104.5792943
45.6388258,-73.4924084
45.639724,-73.4882771
49.3022367,-122.9584471
45.4396032,-73.7536149
50.5774397,-126.728964
43.7243065,-79.5658727
43.623245,-79.3628493
53.5280667,-113.5533859
53.2810061,-114.1231325
52.1358785,-120.1914213
49.2150168,-122.9841531
51.6226566,-120.0844763
49.2051874,-123.9718625
48.4559305,-123.377642
49.1740629,-123.1588405
49.7974471,-119.341197
49.2131311,-123.1145069
49.691418,-124.9969508
45.5029391,-73.5761369
45.9006355,-74.2509349
46.0163379,-73.4485961
45.4415502,-72.7353467
45.5083053,-73.5536218
45.5071428,-73.5505665
47.2063867,-70.269355
47.4936433,-69.9453833
45.4293729,-73.670502
48.3553043,-68.7551432
48.4490632,-68.5233591
46.7960016,-71.1918377
45.6370094,-73.8177636
46.2833607,-74.7345534
45.1440896,-71.8084078
46.7606052,-71.3519901
46.7583497,-71.3359626
60.7323833,-135.0682382
49.3007716,-123.117125
49.308715,-123.0778975
45.5976958,-73.4716615
45.6200995,-73.4626219
46.812635,-71.2229429
46.7571888,-71.3074681
46.7650691,-71.2653796
46.8022237,-71.2119158
49.3025652,-122.9560112
49.3012371,-122.9562908
53.5273156,-113.5438153
53.5330799,-113.5215636
53.5340755,-113.5217057
53.5335231,-113.5206503
49.2591402,-123.2225255
49.0483483,-122.3308381
49.2056072,-123.138929
49.3506107,-123.1843687
48.6867511,-123.4098757
49.1843148,-117.6187035
49.1881646,-117.6204953
49.1886787,-117.6201312
49.1878429,-117.6186499
49.1864979,-117.6192172
49.1867714,-117.6164787
49.1857708,-117.6160803
49.1874301,-117.6144683
49.2994289,-124.9297355
49.2978542,-124.9285229
49.3005212,-124.9277527
49.2990442,-124.926993
49.1933613,-122.1687347
50.1180459,-122.9584969
50.1152808,-122.950818
50.1189517,-122.9557007
50.1147651,-122.9562882
45.5090303,-73.7289244
45.2715951,-72.1643408
47.1804717,-70.2193241
45.5874309,-73.7767521
45.5046177,-73.5820277
45.5051064,-73.5830846
46.6937123,-71.8767233
45.5302155,-73.5455818
48.3530996,-68.7633318
46.1805505,-67.2679003
49.6710983,-124.9272746
45.5393551,-73.5402379
45.5510421,-73.5318881
45.5514217,-73.5330512
45.5580739,-73.7212909
45.5378616,-73.8963002
49.0083745,-123.1299458
49.0081827,-123.1301898
43.2447315,-81.8753489
50.0589461,-110.6930705
50.0587682,-110.6920006
49.2630353,-123.0731173
49.2255644,-123.0137097
49.2226688,-123.0187504
49.7816305,-123.1245826
49.7819276,-123.1217186
49.782636,-123.1267936
49.782088,-123.1232856
49.7824635,-123.1247415
49.7823615,-123.1216004
49.5140561,-121.4159405
49.5138182,-121.4162856
49.5129692,-121.4152646
49.5118041,-121.4156663
49.0969023,-121.9666807
49.26634,-123.141388
49.7251122,-123.1408861
46.7743296,-71.3250661
46.7951513,-71.2529737
46.7954332,-71.2581289
46.7964004,-71.2567643
46.7686117,-71.3142863
45.5040426,-73.5283349
53.2659178,-110.0312959
53.2629838,-110.037049
54.291659,-115.6439189
49.682011,-124.9285479
49.67657,-124.97981
49.6925,-124.99702
49.2950189,-123.1360606
49.2851925,-123.128076
49.2765451,-123.1242981
49.1366448,-122.6652585
50.1169762,-122.9511647
49.6940172,-124.9933533
49.2719098,-123.191723
46.7617618,-71.3583389
45.4087366,-73.0236392
46.7890821,-71.2827355
45.4484291,-73.2709513
45.7601169,-72.702631
45.59588,-73.4606616
46.7873806,-71.2674187
46.7670014,-71.3254336
45.4921873,-73.6382443
46.394158,-75.0279829
46.2808379,-74.7406559
46.2804703,-74.7334555
45.6332295,-73.4515957
45.5877449,-73.7782205
46.2263711,-72.6193893
45.6052755,-75.0617306
46.1985384,-75.9618296
44.6592412,-66.8016525
44.6601167,-66.8047404
44.6594164,-66.8053402
49.6707001,-124.9172287
49.3092919,-123.0472487
49.3121476,-122.9258041
45.431822,-75.7076266
51.8426283,-116.6203148
51.3264246,-116.037189
51.0888122,-115.3507201
49.2719437,-123.1254376
49.2745399,-123.125552
50.0459153,-123.1327125
49.1945946,-123.181789
52.1234453,-122.1317253
49.0476318,-122.2929262
49.1625618,-116.2649528
49.6032907,-117.1292232
49.6050863,-117.1229924
49.606866,-117.116048
49.6074821,-117.1162495
49.6078526,-117.1179807
51.4230527,-116.4339662
51.4236791,-116.4343813
49.1849398,-122.7574968
45.4193139,-75.7488116
45.4518485,-75.7194954
45.5784645,-73.6596609
47.662322,-70.7802785
45.6152126,-73.7874105
45.4371515,-73.0623177
45.6202345,-74.9999913
45.5350765,-73.6158221
45.5348041,-73.5996779
45.5753908,-73.6635086
45.5757615,-73.6619536
50.4276624,-104.6127328
50.4330889,-104.5851204
49.6040934,-109.9191007
49.1918163,-123.9534645
48.9905816,-123.8089867
45.5188731,-73.5360238
45.5133151,-73.5321596
45.6522645,-73.7792862
51.2239632,-115.49979
51.0543657,-114.0760035
50.7166651,-113.9868283
50.716883,-113.9854301
50.7160257,-113.9860392
49.2081443,-122.9097388
49.2407899,-123.0856092
48.4582415,-123.4363418
49.4930969,-117.2914128
49.2742589,-123.1030871
49.9758736,-125.236033
50.0270683,-125.2450488
49.3462696,-121.7068793
49.1197562,-122.6713848
49.2530746,-123.1223315
49.0223406,-122.3806
57.8289324,-130.6422796
49.3280247,-122.9496281
49.6958199,-124.9929581
50.0326554,-115.5928606
49.016391,-122.7903544
45.5466964,-73.6191153
45.5330389,-73.5871232
45.5233702,-73.5842873
45.5311912,-73.5884495
45.5403682,-73.592384
45.5139554,-73.5849698
45.5142458,-73.5856965
45.5321832,-73.587603
45.5278975,-73.6029051
46.0095242,-74.2114017
46.3739459,-72.5313203
45.6481307,-72.9578302
45.5215293,-73.6905412
45.4965874,-72.3162757
45.497188,-73.5591995
45.1501106,-71.797961
45.978458,-66.7000112
50.4323954,-104.5972922
50.5164325,-104.624921
49.3127769,-122.9250102
49.1964525,-123.1386394
46.8171097,-71.2133636
45.5434545,-73.5383445
45.53556,-73.7619055
49.1418611,-112.0797103
49.2306947,-122.9878838
48.508991,-123.3660404
48.4365698,-123.495788
49.2994506,-122.7623
49.2997865,-122.7618544
49.2992277,-122.762558
48.7927562,-123.6543406
48.7779764,-123.7079808
48.9551394,-123.7661565
49.2114208,-122.967908
49.2085451,-122.9917594
49.6170196,-125.0218219
49.6347047,-124.9685894
49.1608457,-122.8413108
49.2620502,-123.0990966
49.2643893,-123.083174
55.2280594,-125.250122
49.2601775,-123.030504
51.5021907,-116.4879799
45.5328392,-73.436286
46.5828063,-72.4056303
46.5818414,-72.4094309
46.552743,-72.4137716
46.5813365,-72.411249
45.4006438,-73.5843019
45.3719349,-73.5700515
46.7591292,-71.3397244
46.7728554,-71.33265
46.7670593,-71.3347623
46.763461,-71.3373198
45.8508043,-72.4309901
45.6200752,-73.6045635
45.533109,-73.6307138
45.4008203,-73.5381143
45.4056369,-73.5736085
47.560026,-70.5297231
45.6833203,-73.8731067
45.6833171,-73.8731125
45.4453543,-73.4851703
48.9560431,-123.7646727
45.4591537,-73.7541469
45.4643309,-73.7905231
46.7568424,-71.2857717
45.5414536,-73.7785544
48.1438076,-69.7188672
45.3635989,-73.8782344
53.054043,-115.3559759
49.2148151,-123.0845752
45.1178132,-72.1816858
45.265085,-72.1590682
45.2731781,-72.1670355
53.115337,-108.3796367
53.1154703,-108.3779269
53.1160501,-108.3773134
53.1158107,-108.3768678
53.1117308,-108.3760128
53.1119585,-108.3758364
53.1139216,-108.3781288
53.1141153,-108.3784348
53.1145446,-108.3768246
53.113618,-108.3762024
49.2064222,-123.1508099
43.9059924,-77.2472384
53.5318097,-113.506562
53.5276848,-113.5045684
53.5446426,-113.4581588
53.5551293,-113.3867316
53.5267276,-113.5090316
53.5333685,-113.5358986
53.5328089,-113.5333693
49.273206,-123.0742531
49.0647714,-120.8319875
49.0642882,-120.8331526
50.11004,-122.987967
49.0928125,-121.4569184
49.2680065,-123.1259542
50.1165045,-122.951139
49.28025,-122.9384541
49.2169962,-123.1131417
49.0952171,-123.0889516
45.439909,-75.7615424
45.0355183,-72.6596893
45.524411,-73.5943704
46.3252761,-74.5014959
46.3493449,-74.6457831
45.0968677,-72.5487115
45.5582098,-73.8957688
45.6597102,-73.9063443
45.0784457,-71.5020099
45.3385588,-72.5135997
63.9095591,-135.3052269
60.7581511,-137.508544
53.1300207,-108.3965868
50.4305534,-127.4896458
49.1681634,-123.936836
48.268329,-69.4954292
45.3587114,-73.8773787
49.2190085,-123.21389
49.4533275,-119.5848067
45.1847505,-71.9382468
45.0250494,-72.2149761
46.7705028,-71.2727022
46.0847076,-73.164664
45.541849,-73.5435671
46.8936279,-71.1325743
45.5704607,-73.7143069
45.5583729,-73.6727553
45.6725056,-73.89181
50.4295607,-104.6133426
45.7038021,-73.6314853
48.8416588,-87.3914794
49.090986,-123.0859166
50.5823469,-128.2275696
49.2211212,-119.8239205
45.2028239,-72.3563966
45.6125472,-76.0100342
49.4641859,-91.5580393
49.4632836,-91.5601332
49.4637224,-91.5604935
43.7601679,-79.4312908
44.8942909,-79.7530948
44.8982463,-79.7511299
44.8992888,-79.7522072
44.8999606,-79.7536183
44.899133,-79.7546273
44.8977358,-79.7528824
44.8969082,-79.7521996
44.8970049,-79.7535652
44.8966018,-79.7545211
44.8971556,-79.7556353
44.8951188,-79.7548038
44.892166,-79.7531945
44.8929983,-79.7531247
44.8912539,-79.7539347
44.8905622,-79.7534359
44.8881854,-79.7522982
44.8867449,-79.7513272
44.8864977,-79.7507582
45.6286704,-74.6003413
45.6233725,-80.4161614
45.6232899,-80.4138386
45.6233387,-80.4149491
45.6224646,-80.4159898
54.6222338,-113.2483505
49.2320855,-123.0148665
49.2706923,-123.050156
49.2312356,-123.0132794
49.2254577,-123.0139185
46.7496037,-71.3500444
46.7742451,-71.2909605
46.775598,-71.2917919
46.8214127,-71.2652776
45.5442502,-73.5060062
45.5257964,-73.4464489
45.5110138,-73.4351333
45.5404803,-73.5126109
45.52871,-73.2095807
47.3453519,-70.0219655
46.8317008,-71.3604699
45.4748904,-73.5001586
46.7505079,-71.3758088
46.7656345,-71.386433
48.413772,-123.381492
45.3062484,-74.0558203
45.4417638,-73.5985521
45.4185508,-75.6860625
43.6670393,-79.3610897
43.7213825,-79.3529477
48.5000997,-123.5218336
49.2350342,-123.0144062
49.1674983,-122.6397846
50.6778682,-120.3391842
46.8585073,-71.3707232
45.1413719,-71.8012221
45.5225296,-73.3587307
45.4971886,-73.5586688
45.3978012,-74.1163916
45.3866354,-74.1005544
45.3931531,-74.1141266
45.6667488,-73.5708708
45.4924711,-73.5125934
52.7811622,-67.1443395
45.7589306,-73.8168971
45.5021206,-73.7775754
45.3112714,-73.2516254
45.5410904,-73.3569052
45.6066822,-73.4567639
45.5391448,-73.5010253
45.5461266,-73.2177593
45.4297661,-74.1737334
45.5511609,-73.6767576
46.995449,-71.853075
46.9943571,-71.8512532
46.9953673,-71.8517631
43.4847954,-80.5792408
49.2309386,-123.0197837
49.2317594,-123.0188416
49.2869422,-122.8161272
49.3262325,-122.4532967
49.3271303,-122.4544545
49.3263843,-122.456827
46.2816379,-72.8317776
45.4016271,-74.1386957
45.4029879,-74.1375348
45.5025488,-73.5545477
45.3297478,-72.1959891
45.5365315,-73.6273808
45.5347725,-73.6298812
46.388846,-72.5781114
46.4218903,-72.5997579
45.3843843,-73.519841
45.3825371,-73.5139348
45.4526818,-73.3103721
45.6271013,-73.6227897
46.2529858,-72.9637256
45.3844177,-74.0115933
45.4805153,-73.5733581
45.5091782,-73.6724777
45.4000328,-74.0519465
45.4110717,-73.4674557
45.2533712,-73.6015002
45.7008786,-71.4615416
45.4238947,-71.1246254
45.4241461,-71.1252819
45.337431,-72.5343296
45.7821548,-72.0088009
46.0658374,-71.9401228
45.5862197,-72.1392633
45.420579,-72.337101
45.1002918,-71.9753719
52.1629019,-106.6141138
45.3072588,-74.1498311
45.5055623,-73.5290997
51.0176853,-114.0693995
50.6374296,-114.5312941
49.2644281,-123.0816141
49.2532636,-122.8350068
49.2655301,-122.9686497
49.2681266,-122.961777
49.2681302,-122.9614725
49.2823545,-122.9582367
49.2225049,-122.9495858
49.222464,-122.9499837
49.2303669,-122.934919
49.216343,-122.908363
49.2167139,-122.9093165
49.278854,-123.0893797
49.2215238,-122.9487077
49.3249664,-122.8866134
49.2556602,-123.015894
49.2565517,-123.0120629
45.5273041,-73.4375797
46.4323778,-74.4053965
46.4027465,-74.270606
46.4041052,-74.2696785
45.5560109,-73.5509886
45.5149524,-73.5634134
45.6777568,-73.4128466
46.1038486,-74.3809592
45.6665604,-73.5166467
45.4036799,-74.1581864
45.6916473,-74.6602008
45.7737723,-73.9996819
45.3857519,-73.7676704
51.1996849,-102.449613
45.4378166,-73.6766093
45.3106422,-74.0654904
45.3213652,-74.0673265
45.4393892,-73.6724096
43.6629675,-79.3078846
49.2649525,-122.9197043
49.2655487,-122.9016222
49.2674515,-122.94326
49.2635635,-122.9331096
49.2546405,-122.9008803
45.5035867,-73.5026635
45.1071485,-72.6105116
46.6499304,-72.9675882
46.0095696,-74.1697414
45.4631962,-73.4164269
49.2878266,-122.9855034
49.1614811,-123.9371965
46.9116407,-71.0934939
45.2455788,-74.2424393
49.0941199,-123.7262222
49.1822434,-123.9288148
49.1808925,-123.9290576
49.1839536,-123.9306736
49.1843713,-123.9276092
49.1850546,-123.9257249
49.1856849,-123.9247808
43.6773439,-79.3734727
43.643917,-79.4647958
43.6674506,-79.3430074
43.6591363,-79.3452328
49.2883647,-123.0176909
49.2148887,-122.9555816
49.2588505,-122.9482974
49.303012,-123.1306966
49.2996711,-123.1308364
49.2349641,-123.0272542
49.2428807,-123.0624889
49.1086319,-122.630648
49.1081011,-122.6291336
49.1066794,-122.6253747
49.1088355,-122.6274066
49.2236738,-122.995411
49.2325378,-122.9131093
49.2406355,-122.9713752
45.4954676,-73.6183147
45.5276875,-73.6240803
45.4834934,-73.6200331
46.766573,-72.9187343
45.4972161,-73.6194782
45.4964323,-73.6195936
45.2647078,-73.6123634
45.2678582,-73.6193463
45.2649601,-73.6202303
45.2630997,-73.6273287
46.8378574,-71.2403666
46.8362551,-71.2333505
45.5133646,-73.6821473
45.1135257,-72.6133559
45.5438211,-73.6139213
45.5217005,-73.55637
45.5443199,-73.3473904
45.5296791,-73.343261
45.5428145,-73.3598226
45.5243062,-73.3370654
49.2989426,-123.1207004
49.2101784,-123.006877
49.2061462,-123.0042744
49.2109609,-122.988647
49.2166511,-123.0075018
49.2062661,-123.001035
49.2128892,-123.0088596
49.2045574,-123.0027674
48.4592617,-123.2947118
49.2730031,-123.0306699
49.0396716,-122.8489348
49.0394296,-122.8493635
49.2615721,-123.0792202
49.2125366,-122.9508743
49.2386011,-123.1363397
49.0638043,-120.8189487
49.2918298,-123.137935
49.2771211,-122.9779644
49.2821452,-122.9787142
49.2899315,-122.9212054
52.7755782,-67.1811123
45.5198502,-73.6086112
45.5244722,-73.6149836
45.522338,-73.6186447
45.5244759,-73.6144357
46.5145001,-72.7431468
45.2567244,-74.1259424
45.5551035,-73.6371461
45.515846,-73.6089308
45.9323078,-73.6129636
45.5895024,-73.6060991
45.5108974,-73.5503147
45.5263658,-73.6189251
45.5264728,-73.6200019
45.4161219,-74.0561941
48.4559827,-70.9260915
45.5125603,-73.531881
45.2560701,-74.2112693
45.4374616,-73.5825149
45.4533085,-73.5664335
49.0091571,-123.1287323
44.1027536,-77.5637002
50.6286559,-115.0999232
50.6295457,-115.0982398
50.6348398,-115.104038
50.6309196,-115.097841
50.6257266,-115.1013152
50.6305568,-115.1039002
50.6369119,-115.1063137
50.626339,-115.1015751
50.6297524,-115.105547
50.6336318,-115.1042706
50.6354462,-115.0994969
50.6264371,-115.1000666
50.6271798,-115.1009728
50.6280331,-115.1002876
50.6338993,-115.1062205
50.6292581,-115.1044597
50.635501,-115.1069981
50.6302135,-115.0976991
50.6368401,-115.1062159
49.6896074,-124.9995078
49.2022989,-123.009556
49.2037296,-123.0053642
49.2010042,-122.9892363
49.2074773,-122.9514977
49.2057337,-122.9593252
49.2070168,-122.9617636
49.2064722,-122.96362
49.2129596,-122.9654631
49.2124862,-122.9666882
49.2161936,-123.0074718
49.2151748,-123.0201432
49.2228511,-123.013653
49.2186883,-122.9522724
45.4119742,-74.0657436
45.6006999,-75.0650251
45.6010271,-75.0657602
45.5211885,-73.6916378
45.5208628,-73.6063374
45.5209658,-73.6065754
45.527104,-73.579555
45.5190972,-73.6850883
45.938027,-67.291019
50.4307483,-104.6066631
52.1876856,-106.6137423
52.1328836,-106.649713
49.1409914,-122.6370719
50.7930925,-126.828839
50.7847871,-126.803369
49.1564172,-122.6338688
49.3478145,-121.6968881
49.3461044,-121.7094461
49.3466729,-121.7083257
49.150466,-122.6390791
49.1432617,-122.6400332
49.1519773,-122.649494
50.1372866,-117.803116
50.139057,-117.8015311
50.1353109,-117.8062675
49.1586012,-122.6589961
49.1535422,-122.6591175
49.1389188,-123.1239531
49.1395098,-123.123872
49.1520118,-122.6561611
49.2718242,-123.1794831
48.4115224,-123.3585812
45.5339726,-73.5733462
45.0320786,-71.9196732
45.0271182,-71.9203467
48.1486016,-67.1422606
45.5007569,-73.510344
45.1466502,-71.806998
45.4892608,-73.5687198
45.4906675,-73.5679053
46.3356576,-72.5170807
45.5168948,-73.5863102
45.5307253,-73.3421925
46.2516788,-72.6394346
45.5378214,-73.3492663
45.0416897,-72.5655037
47.7322004,-70.5188897
45.7673971,-73.4307688
45.7672908,-73.4937641
60.5595632,-134.4517451
52.1194062,-106.6775606
52.1176703,-106.6785957
43.135658,-79.0552954
50.9768943,-127.460752
48.772557,-123.3701414
50.9022869,-127.286023
50.5589682,-126.731215
50.7266767,-126.699167
44.2962026,-77.8010153
52.2192094,-117.1754679
52.2180686,-117.1770742
50.6840507,-115.1156485
49.2657785,-123.157766
49.2920401,-123.0493947
49.2608123,-122.8572486
49.8443209,-124.5303277
49.8455113,-124.5300979
48.4365115,-68.5395793
45.2756858,-72.1569123
46.5966392,-70.870539
45.3943971,-72.8365979
45.097786,-72.5854567
45.0974026,-72.5859887
45.5561845,-73.5571427
45.5572901,-73.5603246
45.6196772,-73.8611814
45.6213924,-73.8457976
45.6146194,-73.8397193
45.6188605,-73.8370888
45.6145234,-73.8552477
45.4491158,-73.5966484
45.4498628,-73.5952988
45.6277499,-73.8682567
48.8522796,-123.4982018
45.6217084,-73.8213984
45.6159725,-73.8322269
45.6149247,-73.8302455
45.6111812,-73.8316616
45.6077296,-73.8387092
45.611618,-73.8318795
45.6199516,-73.8147526
45.6016736,-73.8391826
45.6266591,-73.8120436
45.6041533,-73.8311468
45.4567776,-73.7532984
45.6166814,-73.8140775
47.4290417,-70.4926618
48.1161246,-69.7210128
49.9415991,-124.79618
45.5778917,-78.5174765
43.369901,-80.9821225
43.3771882,-80.9677718
53.5666388,-113.2884591
53.5256506,-113.3081526
53.5630288,-113.4584223
49.1732786,-122.5756013
49.2667821,-122.9439726
49.2774866,-123.2224548
49.1583732,-122.6592323
49.2363495,-122.9955975
51.0175476,-118.2036631
49.2879674,-122.9237234
49.3834203,-123.3476522
49.2905308,-123.1232134
49.2898855,-123.1254392
49.213866,-122.8985783
48.4461083,-123.5017421
49.27911,-123.119003
49.2613662,-123.0737881
45.5586101,-73.5586897
45.4834501,-73.6351644
47.1750238,-71.3695232
45.602193,-73.2483802
45.6971817,-73.2332999
45.5028267,-73.4632698
45.5273901,-73.6044303
45.1351425,-71.7994315
45.1355455,-71.7983143
45.6960271,-73.5153902
46.7481358,-71.3391309
45.4729013,-73.4235793
45.4894726,-73.6475586
45.5269811,-73.5727902
46.807799,-71.2532634
46.8050089,-71.2581074
49.3098329,-123.0786728
45.7149039,-73.4750656
45.459138,-73.7568592
46.8096611,-71.2054827
48.422036,-123.4184123
48.4222882,-123.4185067
50.6174765,-126.576404
50.9938117,-114.1423441
51.0030861,-114.1029122
49.690938,-112.8596428
49.2129955,-122.9229186
49.2127535,-122.9233637
49.267404,-123.1262547
49.2624226,-123.12212
48.356044,-68.8023826
48.3564327,-68.8010198
48.3567328,-68.7994785
45.6241905,-73.7808761
45.2574364,-74.1266328
45.51903,-73.5621182
45.4934101,-73.5702227
45.4854458,-73.5746303
45.5017357,-73.4608262
45.5488896,-73.548622
47.5115312,-67.3919964
49.2071244,-123.1493465
48.5706536,-123.526181
43.5361385,-79.6008806
53.5098621,-113.5506669
55.148564,-121.8560875
49.2475677,-123.0662675
49.1833142,-123.0842691
50.1606962,-122.9268439
49.2626663,-123.0135885
49.2531137,-122.9087674
50.0246754,-125.2405128
49.3554729,-121.5767847
56.0874807,-129.3060822
49.0815292,-116.0948939
49.0805579,-116.0942879
45.558631,-73.5794889
45.5579486,-73.5797159
45.5587343,-73.5821973
45.5594884,-73.5814717
45.5182999,-73.5545774
45.4541125,-73.5832806
45.4498844,-73.5901618
45.5598994,-73.6159225
45.478156,-73.5532387
46.4632612,-72.936761
45.5040086,-73.5873259
45.5148974,-73.58438
45.5150525,-73.5847615
46.5319538,-72.7502864
45.498293,-73.5689949
45.5961397,-73.5984012
45.5353726,-73.5562434
45.5363437,-73.6122989
45.3804948,-72.5047177
45.5104951,-73.5801067
45.501025,-73.615463
45.5010162,-73.6154676
60.4466497,-133.602435
62.4736516,-114.420829
62.472164,-114.4168702
49.4187595,-123.6414945
49.2671427,-123.2490011
50.5241521,-126.567772
45.6157445,-73.8257245
45.4576251,-73.547733
45.4631396,-73.5425776
50.8853035,-126.8263107
50.8297129,-127.622667
43.6810676,-80.4300178
43.3274298,-79.7952253
43.682574,-80.4314182
54.1114528,-111.3618943
54.1122458,-111.3628508
54.1105561,-111.3616105
54.1101839,-111.3620895
54.110113,-111.3600767
50.7851335,-127.576981
50.4767577,-126.428729
50.5401618,-126.826933
50.4966424,-126.18857
50.3819662,-125.843565
50.4819005,-126.02765
45.5580052,-73.5659066
45.5256961,-73.5832413
45.5550759,-73.5824195
45.5538605,-73.5898586
45.5604267,-73.5705045
46.2097225,-74.5852937
45.5667643,-73.8166325
45.6082549,-73.7962534
45.6100236,-73.785402
45.4922412,-73.6161729
45.5455932,-73.5586952
45.5458069,-73.5591582
48.0141238,-69.3373004
45.5577871,-73.5771036
46.8135043,-71.2644334
60.6098731,-134.9356147
60.2327507,-132.911193
52.1145277,-106.582717
52.1079269,-106.5769288
52.1114595,-106.575994
49.8264963,-102.3316155
50.4126294,-125.987129
50.4877708,-126.158021
49.3096371,-123.0801151
53.050082,-129.4474149
53.0455355,-129.4412904
49.7992444,-114.1522567
49.3691047,-121.6803995
49.3686934,-121.6822891
49.367317,-121.6820517
49.3677118,-121.6826123
49.3038065,-121.7848733
49.2362651,-122.8640186
50.4980761,-120.8022174
49.374997,-123.2748274
49.3960589,-123.205622
49.2736336,-123.0987692
45.4737928,-73.6338611
45.4488718,-73.4289026
45.445576,-73.334537
46.8359946,-71.2152917
45.6486758,-72.5635216
45.5866062,-73.5699899
45.6694075,-73.4938943
45.8550045,-72.4628789
45.5521221,-73.6346181
45.5561346,-73.6667363
45.5480126,-73.6206167
45.5111665,-73.4543148
45.5471867,-73.6466868
45.5159155,-73.5773408
45.5148293,-73.5741775
45.563086,-73.6192264
49.167017,-123.9356971
45.5550315,-73.7101739
45.4661738,-73.5502942
46.8857746,-71.1472383
46.8854073,-71.1450418
46.8146022,-71.18519
46.7768747,-71.2428576
46.7794386,-71.2412194
46.7825286,-71.23877
45.4474058,-73.8376004
45.4635443,-73.5527079
43.6606221,-79.5130752
41.9955578,-82.8485325
53.258995,-110.0424662
50.8908922,-115.1501559
50.8915189,-115.1500149
49.1612699,-122.835342
49.1598179,-122.8406862
49.1568166,-122.8450035
49.1907955,-122.8545387
49.1272556,-122.8533629
49.118112,-122.7560213
49.2519197,-123.1225156
49.2525405,-123.1225004
50.2531759,-121.5104097
45.545758,-73.5803482
45.5447724,-73.581713
45.5068517,-73.4272949
45.3824547,-73.2576241
45.4774758,-73.5734251
45.4913586,-73.4883953
45.3486979,-71.9913308
45.5518385,-73.5612495
45.586267,-73.5996695
45.592589,-73.5916029
45.5676598,-73.6309042
45.5497316,-73.5635536
45.5825477,-73.6261301
45.569704,-73.5731013
45.5609906,-73.5597898
45.5600578,-73.5573244
45.5643339,-73.5691007
45.5589047,-73.5650372
45.558709,-73.5557135
45.5605179,-73.5596906
49.058618,-122.8811193
48.9951037,-123.8202256
50.0574966,-124.8371612
44.3191601,-76.0977352
45.4629939,-73.5452488
49.011087,-123.573766
43.8241595,-79.2781569
43.6367528,-79.4610587
43.6725089,-79.3910296
43.6509457,-79.4639734
43.6528684,-79.466032
43.647555,-79.4808528
43.3376432,-79.8112795
45.3449506,-75.6403165
43.6893174,-79.3001005
43.7124505,-79.3945758
43.6522464,-79.3840062
43.6528168,-79.4928333
43.636906,-79.344186
45.4282879,-75.6724088
43.6719253,-79.3841987
45.895486,-80.318417
43.6414575,-79.3905613
43.2515242,-80.0039841
43.2923046,-79.8859454
43.2882505,-79.8927521
43.2842463,-79.9025985
43.7095596,-79.3375062
43.6271985,-79.3894256
43.8262021,-79.320353
43.4729921,-80.5425188
43.7083358,-79.4047381
43.6488038,-79.3713862
43.6431776,-79.4233461
43.6435972,-79.4213166
43.6337106,-79.4248051
44.608673,-80.5876151
43.3743966,-80.9662264
43.6644149,-79.420684
43.6150612,-79.3898271
43.6775659,-79.3972507
43.6745771,-79.4974475
48.3259617,-89.3479087
43.6969185,-79.2558898
45.3643464,-75.8020032
43.6587751,-79.3088477
43.6552113,-79.3719008
43.6693048,-79.2977772
43.6338047,-79.4687375
45.4553507,-75.6787196
43.6534485,-79.3523059
44.4982156,-76.0392517
44.4992315,-76.0403573
44.4998754,-76.0370704
44.5004356,-76.041423
44.5008086,-76.0361541
44.5015066,-76.0390749
44.5024212,-76.038562
43.6614377,-79.4307704
43.6443637,-79.4575226
43.654396,-79.4602486
43.6410927,-79.5562857
44.9915057,-74.9597624
45.0156917,-74.8918905
45.4778726,-75.5180421
45.4790893,-75.5146329
44.6296619,-75.7302068
43.8294127,-79.2698219
43.6409212,-79.3842325
45.1156532,-74.5154773
45.4214773,-75.6929299
45.4220056,-75.6928343
44.1017426,-79.1186792
43.7688817,-79.4098298
43.2894405,-79.8919459
44.4977887,-81.3767817
46.0138109,-81.4049334
46.0122222,-81.4112433
46.0128671,-81.4103956
46.0136043,-81.4089624
46.0138897,-81.4081031
46.0154792,-81.4015852
46.015288,-81.3995978
46.0158925,-81.3997128
46.0162572,-81.3979059
46.0166701,-81.3970565
46.0171076,-81.3956833
46.017947,-81.3940856
46.0184196,-81.3971926
46.0192542,-81.3961297
46.0142163,-81.4038266
46.0127123,-81.4017299
45.2350017,-81.5223136
45.2332221,-81.5210353
45.2345428,-81.5224695
45.2349452,-81.5229787
43.7794671,-79.1844643
45.3892063,-75.7098411
43.6779184,-79.4082927
43.2197064,-79.8989253
43.7779209,-79.1819011
45.3781984,-75.6975291
45.3784568,-75.6975816
45.3795473,-75.6971156
45.4003343,-75.6815048
43.6845404,-79.3657212
45.3519861,-75.813937
43.7580888,-79.4040913
43.6308782,-79.4099573
43.7787726,-79.1846673
43.2593315,-81.1419855
43.2515507,-81.8601891
43.251167,-81.8615868
45.4196698,-75.7073855
45.431598,-75.7088323
45.4025763,-75.6823316
45.403332,-75.6839182
45.4569385,-75.6991864
43.6849843,-79.6237386
43.6868695,-79.62629
43.6866352,-79.6268559
43.6863425,-79.6273508
43.6858423,-79.6213146
43.6828352,-79.6200781
43.6826475,-79.6208262
43.6846974,-79.6194131
43.8734363,-79.2585215
44.4477066,-81.404039
43.8808393,-78.8817408
43.7772378,-79.4107587
46.0145821,-81.4013459
43.6418764,-79.4082157
43.9091908,-77.2716149
43.7296875,-79.2943519
43.1453459,-79.2318912
45.5832555,-74.4394402
45.2370811,-81.5232703
43.8275655,-79.2678153
45.4503843,-75.6867851
45.4503944,-75.6882237
45.4264029,-75.7243359
43.7970916,-79.3386398
43.6467198,-79.4337052
43.645737,-79.4383078
43.6406465,-79.439598
43.640237,-79.4329199
43.9499436,-80.0070638
44.0046552,-79.4548313
43.6488477,-79.4441326
43.6565896,-79.3973887
43.6502089,-79.4158567
43.2450345,-81.8461581
43.2457475,-81.8466848
43.24397,-81.8450781
43.2446485,-81.8458406
43.2453501,-81.8466328
43.2458908,-81.8472485
43.2401003,-81.8583362
43.2368912,-81.8608583
43.2379001,-81.8618439
43.2383262,-81.8621598
43.2406173,-81.8589095
43.2393807,-81.8607267
43.2371635,-81.8590825
45.0403289,-79.3083776
43.2546636,-81.8530812
43.2562943,-81.8509147
43.2526841,-81.8577024
43.2522449,-81.8584484
43.24073,-81.8807507
43.2406382,-81.8835154
43.2414788,-81.8819633
43.2417443,-81.8810219
43.2423029,-81.879938
43.2430379,-81.8796524
43.2428202,-81.8789076
43.2434087,-81.879029
43.2422923,-81.8765298
43.2427074,-81.8740346
43.2447562,-81.8761161
43.2450098,-81.8731121
43.2457482,-81.8719474
43.2469098,-81.8704395
43.2472616,-81.8696673
43.247511,-81.869072
43.2475399,-81.8683785
43.2483974,-81.8667388
43.248954,-81.866027
43.2491675,-81.8647043
43.2497352,-81.8643195
43.2553494,-81.8511445
43.256348,-81.8486431
43.2569731,-81.8511215
43.2574576,-81.8504187
43.2579284,-81.8489113
43.2580216,-81.8465817
43.2591441,-81.8466889
43.2516153,-81.8526107
43.252385,-81.853292
43.2518028,-81.8514681
43.2526735,-81.8525201
43.2540347,-81.8544769
43.2546223,-81.854558
43.2426005,-81.8516705
43.2439316,-81.8506542
43.2434336,-81.8497825
43.2428374,-81.8491298
43.2412745,-81.8531828
43.2418939,-81.8539284
43.2408211,-81.8542119
45.4005805,-75.6826855
43.1507303,-79.3748157
45.3492928,-75.8201741
43.6598314,-79.3836386
45.4168825,-75.6880881
45.4150864,-75.6887187
45.4158007,-75.6894359
45.4243758,-75.613542
45.4024984,-75.7272049
45.4129402,-75.6799011
45.4090044,-75.7031103
45.4105296,-75.7090026
45.412867,-75.7013332
45.4228264,-75.6776954
45.4300818,-75.6831515
45.4307037,-75.6867649
45.4689975,-75.5365392
45.3311462,-75.5975504
45.295439,-75.8861421
45.2634793,-75.9077369
45.2606892,-75.9265019
45.2773406,-75.6874659
45.2755562,-75.6909165
45.4229442,-75.6050126
45.4280576,-75.6180817
45.4322933,-75.6272615
45.4365378,-75.6467217
45.4362573,-75.6477919
45.3999312,-75.6248295
45.3781453,-75.6616861
45.3873483,-75.6899428
45.4719704,-75.4929183
45.290505,-75.8577006
45.449194,-75.5301547
45.321028,-75.8257124
45.261362,-75.5574751
45.2218197,-75.686232
45.4565748,-75.5239696
45.4510808,-75.538115
45.3284954,-75.8219381
45.4548749,-75.5154848
45.1957984,-75.8378355
45.384489,-75.7665344
45.4661793,-75.5451092
45.373226,-75.7718736
45.4853025,-75.5129729
45.4700924,-76.2062137
43.6525577,-79.3917591
43.6521317,-79.3919411
45.4202445,-75.6845788
45.4217858,-75.6899858
45.428215,-75.698717
45.4264808,-75.6987995
45.4169473,-75.7180417
45.4080445,-75.6825906
45.4418175,-75.7077029
45.4342423,-75.707701
45.3947401,-75.6979533
45.3985667,-75.7039762
45.4225511,-75.6919116
45.4268761,-75.6959282
45.3775388,-75.697457
45.4265232,-75.69555
45.424005,-75.6923716
45.3979433,-75.7021482
45.3967458,-75.6874504
45.3771818,-75.6959939
45.3949194,-75.6892669
45.4337371,-75.716942
45.3767192,-75.6987123
45.4282371,-75.6970198
45.3914274,-75.7398131
45.3955853,-75.7392485
45.395767,-75.7614505
45.3975177,-75.7066678
45.4214039,-75.6909591
45.4151768,-75.6827853
45.3945136,-75.6762931
45.4150316,-75.7182442
45.4356268,-75.721845
43.6708848,-79.4317101
43.6711588,-79.4302895
45.6236127,-74.6838825
45.4564118,-75.6907262
43.6383157,-79.514255
45.0756337,-78.7123808
43.6335866,-79.5450353
43.6160108,-79.3747193
44.5345724,-78.2616717
43.6743994,-79.6820296
43.5462746,-79.6539746
45.4601278,-75.6864405
45.455516,-75.6940191
44.666114,-76.5812792
44.6659636,-76.5816739
44.6662159,-76.581395
44.6659676,-76.581689
44.6661822,-76.5809036
43.3583648,-80.3165345
43.6441947,-79.3936078
43.6440302,-79.3935505
42.8813555,-81.477942
43.6401817,-79.4255023
43.722841,-79.4535796
43.7525204,-79.5613629
43.8010359,-79.2961115
43.6629261,-79.4236831
43.6588149,-79.4497826
43.6726288,-79.4732127
45.4739724,-75.5492919
45.3491131,-75.9195693
45.4211972,-75.699005
45.3469616,-75.7118874
45.3688919,-75.6285769
43.472641,-80.5418269
44.318751,-79.3264338
45.431141,-75.6083118
45.2971711,-75.9093538
45.4262015,-75.693707
45.423508,-75.693689
43.821789,-79.1803204
43.820709,-79.1826149
43.4832844,-80.5791592
45.427078,-75.6920628
45.4659996,-75.4465806
45.4216672,-75.6832514
43.6381396,-79.5199764
43.6693665,-79.4022092
44.5677285,-79.3324417
44.5689056,-79.3322808
44.5710839,-79.3302825
44.5690547,-79.3298775
44.5697521,-79.3282843
44.5690891,-79.32616
44.5667081,-79.3295878
44.5695906,-79.3252346
43.4606297,-79.6476744
45.5638831,-78.5912497
45.5631734,-78.589586
45.5646432,-78.5880988
45.5655542,-78.5881086
45.5656318,-78.589994
45.5622949,-78.5927617
45.5612198,-78.5931426
45.5602654,-78.5937014
45.560634,-78.592409
45.5610262,-78.5913576
45.5603984,-78.5906066
45.5620063,-78.5910547
45.5621591,-78.5900893
45.562486,-78.5920249
45.9299425,-80.5728028
45.9311072,-80.573324
45.9323413,-80.5733684
45.932133,-80.5746104
45.9316737,-80.5731874
45.9297301,-80.5631237
45.93092,-80.5620891
45.9315,-80.562563
45.9311092,-80.5629675
45.9325961,-80.5641077
45.9293467,-80.5613329
45.9294097,-80.5602594
45.9288857,-80.5602798
45.9264797,-80.5584639
45.92626,-80.5580023
45.9272571,-80.5581215
45.9276819,-80.5589359
45.9293487,-80.5546913
45.9284876,-80.5541199
45.9276662,-80.5554246
45.9288121,-80.5550341
45.929342,-80.5558055
45.9284478,-80.5555865
45.927062,-80.5551557
45.9292758,-80.5537771
45.9254405,-80.5558531
45.9272956,-80.5512751
45.9278726,-80.5515447
45.9279832,-80.5524088
45.9268148,-80.553107
45.9292189,-80.5519388
45.9295374,-80.5512103
45.9291757,-80.5503764
45.9277524,-80.5502175
45.9248478,-80.5562613
45.9317309,-80.5527697
45.9309116,-80.5522645
45.9315471,-80.554003
45.9311916,-80.5545977
45.9307908,-80.5543004
45.9307844,-80.5536684
45.9305,-80.5536034
45.9325619,-80.5517354
45.9301962,-80.5502298
45.9308425,-80.54957
45.9306422,-80.5500161
45.9312885,-80.5500904
45.9304095,-80.5508432
45.9299028,-80.5507157
45.9341457,-80.5457426
45.9348205,-80.5461194
45.9336876,-80.5470694
45.93424,-80.547176
45.9331353,-80.5484253
45.9325224,-80.5490064
45.931512,-80.5484059
45.932482,-80.5475634
45.925953,-80.5532114
45.9250747,-80.5535479
45.9259463,-80.5546037
45.4502378,-75.4721002
43.9055727,-77.2471382
43.9053949,-77.2484042
45.2584758,-75.9203921
45.413536,-75.7138799
45.4238779,-75.69604
44.9012815,-81.1546419
43.8260053,-79.1802732
45.5389035,-78.4051713
45.5614799,-78.5997212
45.5639287,-78.6002576
45.5638461,-78.5995925
45.5646348,-78.5998178
45.5647024,-78.5973716
45.5640189,-78.5967922
45.5629321,-78.5983942
45.561943,-78.5980984
45.5779639,-78.5033888
45.5726976,-78.4403122
45.5726863,-78.4408379
45.5731294,-78.4411812
45.5736964,-78.4401512
45.5721084,-78.4398757
45.5706054,-78.4388591
45.5715507,-78.4384722
45.5719012,-78.4381308
45.5750482,-78.520757
45.5784382,-78.5075695
45.5784488,-78.503799
45.5787037,-78.5054073
45.5793834,-78.5038976
45.5794414,-78.5020781
45.5781817,-78.5016435
45.5784914,-78.5019198
45.5789946,-78.5020861
45.5797117,-78.500002
45.5792493,-78.5006298
45.5789294,-78.4999944
45.5784754,-78.500093
45.5782816,-78.4998351
45.577901,-78.5160814
45.5736626,-78.5203707
45.5729417,-78.5191047
45.5767656,-78.5147311
45.5754327,-78.5151559
45.5751512,-78.5161952
45.5132828,-78.7213326
45.5136118,-78.7195784
45.5690759,-78.4530609
45.5680191,-78.4527423
45.5673127,-78.4516423
45.5681359,-78.4497153
45.566994,-78.4499808
45.5665479,-78.4506712
45.5720855,-78.4453011
45.5721155,-78.4461486
45.5725624,-78.4467173
45.5690513,-78.4487021
45.5704257,-78.446846
45.5763407,-78.4495484
45.5741741,-78.4489719
45.5725491,-78.4487974
45.5720632,-78.4493019
45.5730191,-78.4493929
45.5725598,-78.4499998
45.5722252,-78.4510657
45.5716782,-78.4513616
45.5711392,-78.4516195
45.5194425,-78.4036467
45.5185663,-78.4029795
45.5240027,-78.4081364
45.523018,-78.4073371
45.5234127,-78.4074336
45.5234352,-78.4089732
45.5235367,-78.4084636
45.5238261,-78.4085763
45.5227173,-78.4080398
45.3923033,-79.1920115
45.3908482,-79.1942596
45.3914296,-79.1922263
45.3901098,-79.1934765
45.3908218,-79.1914648
45.3917937,-79.1887289
45.3927544,-79.1892493
45.392581,-79.191898
45.393612,-79.1883579
45.3943177,-79.1900619
45.393666,-79.1927147
45.3856416,-79.1983259
45.3866814,-79.198283
45.3865081,-79.2002785
45.3871335,-79.1996992
45.3840667,-79.2012227
45.3842174,-79.2034006
45.3831474,-79.2019737
45.3822582,-79.2011368
45.3828912,-79.2029929
45.3827706,-79.203862
45.381791,-79.2026281
45.3810374,-79.2070055
45.3819794,-79.2071021
45.3817759,-79.2089582
44.8390354,-80.0111103
44.84042,-80.0110567
44.8424664,-80.0134277
44.8428924,-80.0121081
44.8430978,-80.0106382
44.8414774,-80.009265
44.841873,-80.010885
44.8417665,-80.0116146
44.8402678,-80.0134921
44.8406254,-80.0114536
44.8378546,-80.0196517
44.8401956,-80.0166142
44.8391618,-80.0165261
44.8381881,-80.0168523
44.8383226,-80.0182558
44.8391026,-80.0189158
44.8397428,-80.0177323
44.840555,-80.0186731
44.8410553,-80.0188248
44.8402915,-80.0206607
44.839221,-80.0206455
44.8379729,-80.0210324
44.8357457,-80.0149709
44.8350302,-80.0142881
44.8342178,-80.0155171
44.8346698,-80.0161847
44.835466,-80.0181193
44.8365857,-80.0162602
44.8369432,-80.0144041
44.8316631,-80.0105739
44.8323402,-80.0111854
44.8328652,-80.0109601
44.8329261,-80.0122047
44.8341739,-80.0102413
44.8344021,-80.0090289
44.8333826,-80.0092113
44.832888,-80.0088251
44.8321196,-80.0086534
44.830887,-80.0099516
44.8253941,-80.0110411
44.8244632,-80.0121336
44.8250121,-80.0136205
44.8256793,-80.012695
44.8261689,-80.0140605
44.8272881,-80.0159419
44.8278746,-80.0144474
44.8272182,-80.0130136
44.8279768,-80.0125508
44.8271859,-80.0116025
44.8278053,-80.0040829
44.8271205,-80.0027418
44.8268123,-80.0038201
44.8270862,-80.0046355
44.8274325,-80.0066578
44.8266487,-80.0079775
44.82561,-80.0067973
44.8250203,-80.0062877
44.8256405,-80.0043136
44.6003159,-79.4859841
44.6006859,-79.484922
44.60101,-79.4840685
44.6007777,-79.4858665
44.6008695,-79.4867162
44.6001511,-79.4885559
44.5993571,-79.4882297
44.5995407,-79.4879338
44.6018046,-79.4814276
44.6017931,-79.4809127
44.6014302,-79.4818997
44.6011514,-79.4826132
44.6037219,-79.484185
44.6041347,-79.4796722
44.6045507,-79.4777983
44.6039079,-79.4787542
44.6031517,-79.4781473
44.6033732,-79.4767476
44.6039349,-79.4769828
44.896464,-77.1958745
44.89806,-77.1963412
44.897433,-77.1962392
44.8978966,-77.1951878
44.8981284,-77.1929187
44.8974558,-77.1932727
44.8962664,-77.1935248
44.8957838,-77.1939755
44.8991088,-77.1970975
44.897946,-77.1976876
44.8980334,-77.1985513
44.897718,-77.1987122
44.8992418,-77.2002894
44.8986946,-77.1993077
44.8988732,-77.1980095
44.8999714,-77.1994686
44.9001674,-77.2011592
44.9013279,-77.2033793
44.9018105,-77.2023869
44.9018181,-77.2018665
44.9018219,-77.200858
44.9019815,-77.1987015
44.9009327,-77.1983206
44.9005983,-77.1965611
44.900302,-77.1945173
44.9013051,-77.1971083
44.9020688,-77.1965075
44.9023994,-77.1978217
45.6595537,-77.5686586
45.6584551,-77.5692326
45.6598986,-77.5711906
45.6561604,-77.5697959
45.6565279,-77.5694364
45.6576115,-77.5697744
45.6564942,-77.5754392
44.5116982,-76.0268135
44.5105504,-76.0257554
44.5103591,-76.0293496
44.5113231,-76.0290599
44.5120002,-76.0283196
44.5125472,-76.0268444
44.5106192,-76.0271555
44.5110057,-76.0263678
44.5050032,-76.037128
44.5058443,-76.0357579
44.5080464,-76.0333834
44.5063827,-76.0333758
43.8714776,-78.777616
43.8719687,-78.7756687
43.8738559,-78.7766504
43.873009,-78.7762535
43.8725566,-78.7761247
43.8730631,-78.7790108
43.8698921,-78.7778467
43.8696561,-78.7748104
43.8709633,-78.7747032
43.8707931,-78.7753576
43.8709207,-78.7760067
43.8710174,-78.7772512
43.8708163,-78.7788619
44.2854118,-77.794642
44.2847384,-77.7937772
44.283135,-77.7941078
44.2879902,-77.7952989
44.287244,-77.7901098
44.2904542,-77.7898284
45.3500907,-80.1943427
45.3473951,-80.1964134
45.348134,-80.1957268
45.3490426,-80.1948202
45.3483037,-80.1928836
45.3479078,-80.192728
45.3473234,-80.1935005
45.346954,-80.1918
45.3461735,-80.1901424
45.3467127,-80.1900727
45.3474969,-80.1909041
45.3512103,-80.1990312
45.3495512,-80.1972653
45.3488234,-80.1975498
45.3490047,-80.1991277
45.3491006,-80.1996436
45.3492899,-80.2000988
45.3541998,-80.2059299
45.3529859,-80.2043259
45.352952,-80.2030277
45.3524544,-80.2019548
45.3520774,-80.2025235
45.3517157,-80.2038617
45.352766,-80.2053676
45.3518437,-80.2050376
45.3531819,-80.2063804
45.3539975,-80.2075335
45.3544347,-80.2109815
45.3546719,-80.2104543
45.3543201,-80.2119905
45.353721,-80.2143198
45.3530462,-80.216192
45.3521076,-80.2180521
45.3534777,-80.2177752
45.3541521,-80.2155562
45.3382102,-80.163787
45.3378143,-80.1624191
45.3395752,-80.1605201
45.3402351,-80.1619256
45.3391869,-80.1624996
45.3390511,-80.1637495
45.3369459,-80.1672533
45.3357753,-80.1663088
45.3359886,-80.1645071
45.3364766,-80.1635132
45.3377458,-80.1646778
45.3373005,-80.1657057
45.34321,-80.1751435
45.3421468,-80.1773536
45.3405934,-80.1785382
45.3401055,-80.1793347
45.3402014,-80.180431
45.3628199,-80.1902327
45.3629798,-80.1915679
45.3638167,-80.1911165
45.3639686,-80.1891705
45.3642858,-80.189383
45.3631521,-80.1882702
45.363333,-80.1875407
45.3612901,-80.1944178
45.3609735,-80.192433
45.3620364,-80.1921326
45.362598,-80.1916659
45.3628882,-80.1923096
45.3626056,-80.1932055
45.3630956,-80.1962847
45.3635478,-80.1965046
45.3640341,-80.197143
45.3632652,-80.1975989
45.3622098,-80.1954961
45.3606983,-80.1962552
42.5799845,-80.4091468
42.5803867,-80.4101595
42.5801996,-80.4120675
42.5800878,-80.4116161
42.5802387,-80.4109258
42.577156,-80.3751813
42.5774771,-80.3761443
42.578211,-80.3767196
42.5782149,-80.3774086
42.5784296,-80.3779568
42.5777395,-80.3781347
42.5780061,-80.3784054
42.5795139,-80.381376
42.579516,-80.3812197
42.5794668,-80.3807523
42.5793767,-80.3800735
42.5795018,-80.3798256
42.5795013,-80.3795824
42.579465,-80.3791159
42.579551,-80.3788473
42.5794426,-80.3786758
42.5793784,-80.3782131
42.5787183,-80.3793245
42.5784874,-80.3789224
42.578074,-80.3801059
42.5780764,-80.3792606
42.5788896,-80.3805876
42.5783845,-80.3810882
42.5784427,-80.381498
42.5790069,-80.3819077
42.5786298,-80.3823666
42.5787639,-80.3827611
42.5790628,-80.3823515
44.5897299,-79.3590331
44.589506,-79.3607586
44.5882121,-79.3589682
44.5900058,-79.3583879
44.5895114,-79.3631863
44.5895141,-79.3625187
43.2447651,-81.8785232
43.241237,-81.881899
43.9904974,-77.7250776
43.9898282,-77.7060401
43.9890586,-77.7071325
43.9900719,-77.7086624
43.9891982,-77.7096033
43.9890516,-77.7106816
43.9900242,-77.7128649
43.9897347,-77.7118027
43.9902905,-77.7098447
43.9904024,-77.7107459
43.9895958,-77.7103651
43.9911845,-77.7134862
43.9908188,-77.7124999
43.9911955,-77.715362
43.990661,-77.7149034
43.9940765,-77.7139485
43.9927455,-77.7148176
43.993264,-77.7143055
43.9937907,-77.7154435
43.9914792,-77.7168185
43.9923089,-77.7172315
43.9927142,-77.7156866
43.9932699,-77.7168131
43.9938604,-77.7160835
43.9902594,-77.7232689
43.9900301,-77.7261631
45.5782703,-78.5073211
42.846333,-79.5530083
43.2488821,-79.8832005
43.8896411,-77.2137982
43.8905487,-77.2143634
43.8890939,-77.2140277
43.888197,-77.2138721
43.887215,-77.2140223
43.8880462,-77.2163129
43.8866718,-77.215409
43.8866776,-77.2160822
43.8858116,-77.213518
43.8844086,-77.2133316
43.8841079,-77.2142344
43.8967374,-77.2165634
43.8958517,-77.2143406
43.8967327,-77.2191239
43.8971154,-77.2192043
43.8946492,-77.2163236
43.8937175,-77.2167957
43.8953489,-77.2181314
43.8929096,-77.2159642
43.8919064,-77.2150469
43.8990907,-77.2755859
43.8995964,-77.2741748
43.9000145,-77.2728586
43.9080715,-77.2462112
43.908025,-77.2453084
43.908506,-77.2452402
43.9094078,-77.2456119
43.908741,-77.2466816
43.9095387,-77.2471567
43.9075003,-77.2490106
43.9078119,-77.2499817
43.9084678,-77.2500727
43.9089105,-77.2491927
43.9083475,-77.2483203
43.9076534,-77.2478575
43.9071263,-77.2475821
43.9057774,-77.2488535
43.9054373,-77.2502428
43.905016,-77.2494972
43.9020786,-77.2289783
43.9037019,-77.2302443
43.9040962,-77.2320199
43.9029289,-77.2308558
43.9033425,-77.2319824
44.6759259,-81.2541613
44.6761548,-81.2523428
44.6764847,-81.2517285
44.6769348,-81.2529677
44.6769177,-81.2543759
44.6755788,-81.2540701
44.6742493,-81.2572834
44.6744313,-81.2585162
44.6741804,-81.2591421
44.6731905,-81.2578713
44.6733038,-81.2584555
44.673355,-81.2589562
44.6736922,-81.2594228
44.6733631,-81.2599424
44.6735924,-81.2600448
44.6732201,-81.2609021
44.6729828,-81.261693
42.8127299,-79.9558461
42.8111475,-79.9569612
42.8124831,-79.9569764
42.8122021,-79.9581637
42.8120379,-79.957663
42.81648,-79.9570692
42.8148155,-79.957214
42.813816,-79.9562806
42.8160078,-79.9583942
42.8142921,-79.9590379
42.81515,-79.9587858
44.7718659,-76.7224325
44.771155,-76.7251257
44.7714485,-76.7258047
44.7730911,-76.7261081
44.7779587,-76.723516
44.7801254,-76.7214561
44.779935,-76.7228669
44.7753084,-76.7230412
44.7757787,-76.7240015
44.7755521,-76.7250207
44.327087,-79.3258435
44.3292581,-79.3244538
44.3290628,-79.3254855
44.3287154,-79.3255462
44.3281646,-79.3250948
44.3284631,-79.3241617
44.3270249,-79.3283646
44.3268594,-79.3294798
44.3271226,-79.3295974
44.3271063,-79.3300412
44.327375,-79.3301474
44.327706,-79.3298212
44.328577,-79.3270901
44.3284902,-79.3280232
44.3280886,-79.3280308
44.3278118,-79.3280649
44.3267237,-79.3277501
44.3258065,-79.3283001
44.3257875,-79.3291612
44.3263329,-79.3296254
44.3262217,-79.3288073
44.3233684,-79.3244916
44.3239901,-79.3242288
44.3238135,-79.3255913
44.324773,-79.3252266
44.3269182,-79.3264818
44.3260163,-79.3270719
44.3257017,-79.3244031
44.3275106,-79.3238696
44.3251797,-79.3232256
44.3270683,-79.323202
44.3267644,-79.3240896
44.3243969,-79.3169171
44.3244253,-79.3181191
44.3263465,-79.3180508
44.3271063,-79.3181722
44.327877,-79.318415
44.3265473,-79.3168522
44.3276762,-79.3170949
44.3250386,-79.3168142
44.3251526,-79.317717
44.3246913,-79.3194923
44.3248541,-79.3202281
44.325158,-79.3209185
44.3253697,-79.3219275
44.3251417,-79.3190295
44.3261892,-79.3189764
44.3268078,-79.3194771
44.32639,-79.3202205
44.3261729,-79.3213054
44.3268024,-79.3215406
44.3272474,-79.3212675
44.3273343,-79.3223827
44.3276436,-79.3199171
44.3290003,-79.3142045
44.3281266,-79.3139693
44.3286367,-79.3157977
44.3299651,-79.320353
44.3294317,-79.3209297
44.9195607,-78.0584526
44.9205922,-78.0594541
44.9201248,-78.059803
44.919405,-78.0600913
44.9185078,-78.0596892
44.918626,-78.0604858
44.9220264,-78.0614948
44.9224186,-78.0617527
44.9184702,-78.0626859
44.9197703,-78.0614796
44.9191471,-78.0620865
44.9192921,-78.0626328
44.9205707,-78.0612293
44.921543,-78.06305
44.9142745,-78.0558353
44.9149031,-78.0560402
44.9158191,-78.0597651
44.9162838,-78.0587788
44.9175429,-78.0582261
44.9181735,-78.0583924
44.9171251,-78.0566919
44.917296,-78.0561233
44.9176797,-78.0552006
44.918542,-78.0554742
44.9191901,-78.0573905
44.9211669,-78.0559415
44.9204095,-78.0552284
44.9202931,-78.0566597
44.8328842,-76.5751791
44.8323783,-76.5769762
44.8322299,-76.5753508
44.8318685,-76.5760964
44.830745,-76.5728167
44.8307073,-76.5747967
44.8307423,-76.5757678
44.83025,-76.5758588
44.8299891,-76.5763178
44.8308679,-76.5790951
44.829932,-76.5776146
44.829525,-76.5780437
44.8301793,-76.5788055
42.7077174,-80.33373
42.7069425,-80.3348756
42.7066694,-80.3342763
42.7072046,-80.3325845
42.7064241,-80.3323948
42.7077899,-80.3322507
42.707946,-80.3331155
42.7083864,-80.3328197
42.7088268,-80.3330093
42.7087264,-80.3338059
42.7078973,-80.3344989
42.7078106,-80.3351587
42.7075544,-80.3362638
42.7069454,-80.3373045
42.7048147,-80.3372347
42.7046886,-80.3385329
42.7040026,-80.3383237
42.7042707,-80.3386617
42.7054651,-80.3395575
42.7062102,-80.3399491
42.7062535,-80.3405875
42.7046531,-80.3377605
42.7051143,-80.3381789
42.7055676,-80.3385866
42.7062023,-80.3388012
42.7062378,-80.3383184
42.7068961,-80.3396487
44.6207555,-78.8613026
44.6243323,-78.8607331
44.6248668,-78.8602703
44.6241595,-78.8602248
44.6237654,-78.8593372
44.6244025,-78.8586468
44.6234927,-78.8586734
44.6161623,-78.8602855
44.6157735,-78.8603841
44.6167131,-78.8625386
44.6175635,-78.863149
44.6180217,-78.8617489
44.6176761,-78.8611937
44.6234035,-78.8546276
44.6236746,-78.8556737
44.6225101,-78.856591
44.6221856,-78.8557112
44.6215212,-78.8561779
44.6214754,-78.8576961
44.620349,-78.857106
44.6206506,-78.8580447
44.6185047,-78.8588709
44.6178938,-78.8583398
44.6187453,-78.85768
44.6194479,-78.8582218
44.6199748,-78.8585919
44.6194479,-78.859756
44.6186728,-78.8598043
44.6179415,-78.8550809
44.6174929,-78.8557488
44.6166299,-78.8569236
44.6165249,-78.8581789
44.6163817,-78.8583505
44.615322,-78.8588145
44.6155607,-78.8580903
44.6161087,-78.8573501
44.6167215,-78.8534233
44.6160246,-78.8542226
44.6169201,-78.8538417
44.6173974,-78.8534662
44.6165993,-78.8553947
44.6148313,-78.8567573
44.6156371,-78.8562316
44.6148714,-78.8574466
44.6188026,-78.8521278
44.6185887,-78.8529861
44.6184131,-78.8520956
44.6206011,-78.8493989
44.6211814,-78.8494536
44.6264677,-78.8486858
44.6256444,-78.8491865
44.6249721,-78.8495393
44.6238463,-78.8501576
49.9015148,-93.4704235
49.902233,-93.4678388
49.9019669,-93.4677047
49.9033041,-93.4724414
49.9032488,-93.4709233
49.9029827,-93.4696305
49.9025232,-93.4693676
49.9023573,-93.4708965
49.9016223,-93.4733443
49.9019326,-93.4718611
49.901786,-93.4715084
49.9001295,-93.4687165
49.9005839,-93.4701466
49.9011899,-93.4695321
49.9009626,-93.4695207
49.901207,-93.4729801
49.900948,-93.4734429
49.9011825,-93.4716487
49.9006059,-93.4724605
49.9003567,-93.4724263
49.9003201,-93.4736136
49.9003396,-93.4707156
43.4189321,-79.7690034
43.4182034,-79.7687459
43.4168085,-79.7687405
43.417993,-79.7698778
43.417845,-79.7709882
43.417259,-79.7706991
43.4170033,-79.772265
43.4158382,-79.7710741
43.4144939,-79.7724044
43.4140107,-79.7724956
43.4136132,-79.772855
43.4137262,-79.774062
43.4146731,-79.7739226
43.4137535,-79.7781283
43.4143146,-79.778434
46.2184578,-82.073208
46.2180956,-82.072419
46.2175865,-82.0725101
46.2178647,-82.0734432
46.2176495,-82.0738756
46.2177282,-82.0743384
46.2180274,-82.074566
46.2216042,-82.0748127
46.219188,-82.075907
46.2200528,-82.0753706
46.2211032,-82.0754081
46.2207988,-82.0751828
46.2197484,-82.0742011
46.2205873,-82.0743084
46.2206244,-82.0739329
46.2209213,-82.0728761
46.2202755,-82.0731926
46.2201493,-82.0725918
46.2191768,-82.0738524
46.2189987,-82.0733696
46.2183343,-82.0711005
46.2164599,-82.0716637
46.2161815,-82.0722055
46.2157991,-82.0720339
44.5359413,-80.3455286
44.5370874,-80.3504312
44.5378407,-80.35045
44.5377885,-80.3518237
44.1583763,-79.901713
44.1595627,-79.9002716
44.1591001,-79.9012806
44.159775,-79.9026462
44.1604226,-79.9015537
44.160956,-79.9031848
44.161571,-79.9017358
44.1620847,-79.9029046
44.1620662,-79.9017661
44.1632744,-79.902282
44.1640581,-79.9020468
44.1635465,-79.9038903
44.162986,-79.9035641
44.1625288,-79.9045352
44.165473,-79.9086091
44.1648581,-79.9076684
44.163436,-79.9100666
44.1630676,-79.9084953
44.1627683,-79.9077442
44.1633862,-79.9069871
44.1634875,-79.9058666
44.1612363,-79.907877
44.1604567,-79.9075754
44.1603722,-79.908607
44.1607688,-79.9109105
44.1613969,-79.9109657
44.1614676,-79.9090453
44.1538315,-79.8933371
44.1549255,-79.8954694
44.1548003,-79.8959018
44.1552902,-79.8938307
44.1558835,-79.8930304
44.1560576,-79.8912817
44.1553691,-79.8895178
44.155048,-79.8887668
44.1544801,-79.8894346
44.1541452,-79.8889947
44.1541529,-79.8884797
44.1534717,-79.8854113
44.1532446,-79.8856741
44.1528366,-79.8874068
44.1526672,-79.8883295
44.152698,-79.8893058
44.152852,-79.8909366
44.1528058,-79.8923743
44.1530521,-79.8940748
44.3398856,-78.5339247
44.339419,-78.5334089
44.3390826,-78.5341903
44.3387788,-78.5352599
44.3392888,-78.5355255
44.3418596,-78.5393554
44.3409771,-78.5367966
44.3407585,-78.5373598
44.3407124,-78.5391087
44.3402635,-78.5386205
44.3402213,-78.5376817
44.3389399,-78.5372365
44.3383106,-78.5325694
44.3377543,-78.5321295
44.3382876,-78.5361529
44.3359587,-78.5362011
44.3364191,-78.5352624
44.3366723,-78.5343397
44.3369332,-78.5334653
44.3374857,-78.5341573
44.3378195,-78.5349244
44.337831,-78.5368771
44.337409,-78.5369682
44.3369754,-78.5374832
44.3361314,-78.5374027
44.3346349,-78.5376012
44.3352757,-78.5361368
44.3356364,-78.5369092
44.3362579,-78.536405
44.3357361,-78.5351443
44.3346464,-78.5357505
44.3344143,-78.536767
44.3341591,-78.5365873
44.3346277,-78.5345089
44.3360814,-78.5331488
44.3359241,-78.531239
44.3338867,-78.5304505
44.3330579,-78.5317594
44.3335183,-78.5327572
44.333737,-78.5313678
44.3345351,-78.5309494
44.3353985,-78.5314536
44.3357054,-78.5328269
44.335103,-78.5338032
44.3341207,-78.5336799
44.3340071,-78.5322756
48.2843672,-79.8761316
48.2839684,-79.875206
48.2843319,-79.8727329
48.2861341,-79.8728846
48.2887691,-79.8727404
48.289708,-79.8763668
48.2902229,-79.8763516
48.2908891,-79.8701762
48.291187,-79.87029
48.2914747,-79.8727177
48.2925346,-79.8733701
48.2924993,-79.8740377
48.2930949,-79.8747888
48.293529,-79.8750467
48.2940791,-79.8762833
48.2942306,-79.877884
48.2953813,-79.8770951
48.2957296,-79.8758433
48.2954873,-79.875115
48.2976019,-79.875691
46.4734068,-81.4379884
46.474457,-81.4401278
46.4737778,-81.4394678
46.4743421,-81.4387319
46.4746346,-81.4377608
46.4736524,-81.4375712
46.4727694,-81.4372298
46.4724768,-81.4385726
46.4713252,-81.4372194
46.471425,-81.4391828
46.4708153,-81.4391667
46.4711109,-81.4379811
46.4713474,-81.4365059
46.4710149,-81.4349985
46.4704422,-81.4340812
46.4696626,-81.4339471
46.4687537,-81.4338666
46.4682994,-81.4348969
47.0549333,-79.8029529
47.0530623,-79.8087261
47.0557241,-79.8085478
47.0557913,-79.8069774
47.0563004,-79.8064009
47.056073,-79.8047015
47.056856,-79.8021297
47.0558611,-79.8019628
47.0560394,-79.8003545
47.0553856,-79.8010449
45.4829792,-76.2149116
45.4859627,-76.2184775
45.4880425,-76.217705
45.4872076,-76.2193412
45.4763076,-76.2220851
45.4756889,-76.2221146
45.4816681,-76.2250584
45.4814154,-76.2254339
45.4808356,-76.2258588
45.4809686,-76.223928
45.4817292,-76.2233666
45.4802186,-76.2227939
45.4793475,-76.2220637
45.4820324,-76.2193412
45.4810921,-76.2198508
45.48081,-76.2201512
45.4800277,-76.2195504
45.4804301,-76.2187833
45.4810921,-76.2179196
45.4802308,-76.2166697
45.4795237,-76.2170559
45.4794748,-76.2156665
45.4788955,-76.2164712
49.8376849,-83.9205104
49.8393664,-83.9177853
49.8397954,-83.9169431
49.8396639,-83.9165568
49.839138,-83.91734
49.8384876,-83.9176297
49.8389373,-83.9166695
49.8397884,-83.9152211
46.9047759,-81.6349284
46.9048571,-81.638884
46.904852,-81.6405863
46.9046411,-81.6417979
46.9044882,-81.642788
46.9100392,-81.6446829
46.9099549,-81.6434652
46.9106218,-81.6440874
46.9067702,-81.6422474
46.9071147,-81.6441786
46.9079942,-81.6444683
46.9089178,-81.6439802
46.9093612,-81.6449457
46.9083534,-81.6471881
46.9067958,-81.645686
46.9054655,-81.6448814
46.905733,-81.6430253
46.9057,-81.6404879
46.9061178,-81.639238
46.9092073,-81.6366524
46.9088151,-81.6362929
46.9083858,-81.6361271
46.9074788,-81.6377278
46.9067843,-81.6368971
46.9066159,-81.6350953
46.9070745,-81.634845
46.9079245,-81.6359109
46.9079815,-81.6349208
46.9084143,-81.6344618
46.9087434,-81.6352508
46.9092487,-81.6353039
46.9095519,-81.6346515
46.9098085,-81.636605
46.9098603,-81.6360284
44.297788,-81.5949655
44.2983332,-81.5957862
44.2996348,-81.5965051
44.3013164,-81.595974
44.3025833,-81.5961027
44.3013855,-81.5977496
44.3008173,-81.5982485
44.2985943,-81.5974438
44.2961371,-81.6010273
44.2965633,-81.6022289
44.2977496,-81.6028833
44.2975577,-81.6017783
44.2974924,-81.6000295
44.2978303,-81.600008
44.298003,-81.6005069
44.2985598,-81.6010433
44.2993468,-81.6009951
44.3000955,-81.6007912
44.3004928,-81.5993187
48.1613192,-82.5024901
48.159004,-82.5058661
48.1582885,-82.5072062
48.1552933,-82.5075388
48.1529241,-82.511251
48.1545113,-82.5091964
48.1541785,-82.5082308
48.4048482,-89.630304
48.404337,-89.6297995
48.4038107,-89.6289309
48.4021839,-89.6300385
48.4029847,-89.6300157
48.40303,-89.6310247
48.3950924,-89.6335459
48.3943942,-89.6311104
48.3938991,-89.6313411
48.3951743,-89.6314001
48.3971725,-89.6330953
48.396453,-89.6322262
48.3964779,-89.6334332
48.3978018,-89.6338241
47.8000724,-79.8826673
47.7998864,-79.8837863
47.8001029,-79.8846891
47.7965407,-79.8870257
47.7963624,-79.888672
47.796398,-79.8858005
48.5709884,-80.8898556
48.5712263,-80.8890241
48.5707258,-80.8872056
48.5704134,-80.8885574
48.5531659,-80.8608771
48.5541903,-80.8615409
48.5542179,-80.8618368
48.5542179,-80.8624285
48.5533467,-80.8617002
48.5532387,-80.8623906
48.5529173,-80.8644351
48.5535325,-80.8645224
48.5527642,-80.8647576
48.5529701,-80.8655428
48.5526838,-80.8675645
48.5535902,-80.8672763
48.5543159,-80.8675797
48.5543209,-80.8684559
48.5532427,-80.8680519
45.3198229,-78.0225554
45.3203078,-78.0220491
45.3197824,-78.021336
45.3192196,-78.0207594
45.3198117,-78.018548
45.3203452,-78.0180511
45.3202758,-78.0189273
47.7522081,-84.8271346
47.7519376,-84.8275852
47.7515156,-84.8289532
47.751494,-84.8300475
47.7514579,-84.8329818
47.7512018,-84.8334432
47.7511008,-84.8338348
47.7509782,-84.8341245
47.7507221,-84.8349023
47.3297738,-84.6136952
47.3309009,-84.6144408
47.3289448,-84.6130997
47.3298392,-84.6129441
47.3289593,-84.612456
47.328323,-84.6120966
47.3280903,-84.6126437
47.3270868,-84.6113241
47.3268504,-84.6118391
47.3262178,-84.6114689
47.3260323,-84.6108574
47.3245778,-84.6102405
47.3243488,-84.6107072
47.3236179,-84.6099454
47.323556,-84.6103639
47.3230324,-84.6095967
47.3226433,-84.6100527
47.3219815,-84.6092481
47.3217888,-84.609763
47.320756,-84.6088672
47.3195741,-84.6085882
47.3206542,-84.6094412
47.3192977,-84.609012
44.4141758,-81.469363
44.4136049,-81.470629
44.4131949,-81.4696688
44.4137811,-81.473043
44.4138309,-81.474486
44.4150724,-81.4747596
44.4152832,-81.4734507
44.4154633,-81.4727908
44.4154901,-81.4700872
44.4153981,-81.4714176
44.4159346,-81.4716697
44.4159652,-81.4710259
44.4115744,-81.4779158
44.4112276,-81.4778551
44.4111571,-81.4768234
44.4110835,-81.4829403
44.4104627,-81.4814597
44.4117042,-81.4820337
44.4158848,-81.4576578
44.4157392,-81.4560485
44.416425,-81.4557588
44.4171262,-81.4557427
44.4179092,-81.4562231
44.417291,-81.457513
44.4172182,-81.458779
44.4161377,-81.4610589
44.4172833,-81.4608711
44.4170841,-81.4600933
44.4168274,-81.4590848
44.4162948,-81.459294
44.4155706,-81.4585912
44.4139842,-81.4565527
44.4136049,-81.4574862
44.4129994,-81.4581513
44.4135014,-81.4591062
44.4137045,-81.4592403
44.4144134,-81.4593744
46.7305955,-79.8152769
46.7312684,-79.8134583
46.731739,-79.8120421
46.7320222,-79.8087966
46.7325001,-79.8099661
46.7324965,-79.8091775
46.7319266,-79.807874
46.7308823,-79.8064739
46.7235943,-79.8071178
46.7234747,-79.8078461
46.7244264,-79.8076261
46.725997,-79.8090296
46.7256382,-79.8079675
46.7273127,-79.8075199
46.7273491,-79.8085213
46.7278194,-79.8080725
46.7291468,-79.8068225
45.8195957,-79.5096606
45.8206649,-79.5101219
45.821435,-79.5097518
45.8221416,-79.5093924
45.822822,-79.5092368
45.8238238,-79.5096928
45.8219733,-79.511506
45.8223023,-79.5116079
45.8224107,-79.5130241
45.8234163,-79.5122516
45.8249117,-79.5099556
45.8254313,-79.5109588
45.8241229,-79.5130241
45.8232818,-79.5147193
45.8239098,-79.5150626
45.8250855,-79.513523
48.4054458,-83.522476
48.4062578,-83.5244501
48.4065854,-83.5259521
48.4054672,-83.5372925
48.4061438,-83.5365951
48.4073332,-83.5359836
48.4079956,-83.5339773
49.4663306,-84.6798684
49.4649008,-84.6826602
49.4639936,-84.6844051
49.4633551,-84.6867834
49.4632712,-84.6913466
49.4644127,-84.6964789
49.4633205,-84.6937098
48.783413,-86.6189039
48.7839396,-86.6199875
48.7844663,-86.6210389
48.7929039,-86.6246201
48.7936236,-86.6246959
48.7928439,-86.6260615
48.7918954,-86.6274387
48.7917399,-86.6284365
48.7910614,-86.6286886
48.7913583,-86.6298205
48.7849118,-86.6225945
48.7854766,-86.6234897
48.7863363,-86.6238007
48.7861214,-86.6245214
48.7868162,-86.6244987
48.7865363,-86.6250146
48.7872061,-86.6255987
48.7879208,-86.6267594
48.7875759,-86.6262436
48.7878059,-86.6258187
48.7885406,-86.6269112
48.7888255,-86.6273512
48.7886506,-86.6279733
48.7893403,-86.6279429
48.7895602,-86.6288457
48.7897043,-86.6284847
45.3103504,-79.961991
45.3112361,-79.9625221
45.3118816,-79.9617558
45.3124205,-79.9621503
45.3132661,-79.9622376
45.3141597,-79.9653215
45.3135168,-79.9658449
45.3128783,-79.9658534
45.3124576,-79.9651533
45.3122973,-79.9655449
45.3120464,-79.9649227
45.3117258,-79.9644318
45.3114956,-79.9646196
45.3109222,-79.9644238
49.9986718,-92.1256183
49.9993057,-92.1261797
49.9972429,-92.1275377
49.9954238,-92.1284556
49.9957408,-92.128888
49.996131,-92.1291687
49.9956384,-92.1321199
49.9954726,-92.1357917
49.9941997,-92.1350615
50.7786948,-93.445081
50.7693249,-93.4365106
50.7691044,-93.4359151
50.7681951,-93.4358829
50.7675166,-93.4373313
50.766475,-93.4358132
50.7661798,-93.4374601
50.7664003,-93.4387207
46.9671777,-84.678095
46.9666945,-84.676652
46.9643002,-84.7092247
46.9647029,-84.7088707
46.9676243,-84.7107107
46.9672729,-84.7097665
46.9661856,-84.7094608
46.965102,-84.7103191
46.9671191,-84.7111827
46.9662515,-84.7111613
46.9659989,-84.7124756
46.964659,-84.7132695
46.9686456,-84.6832448
46.9681258,-84.682644
46.9689385,-84.6862918
46.9686273,-84.6847201
46.9693412,-84.68494
46.9694803,-84.6863401
46.9691545,-84.6886897
46.9691215,-84.6913773
46.9693009,-84.6903688
46.9692679,-84.6952021
46.9692423,-84.694199
46.969667,-84.6943867
46.9697475,-84.6909964
46.9697182,-84.6896392
46.9691032,-84.6969456
46.9691764,-84.6981418
46.9692936,-84.7005129
46.9690776,-84.7000408
46.9689458,-84.7015
46.9687262,-84.7036082
46.9681405,-84.7051746
46.968149,-84.706364
43.796188,-79.5278121
48.665695,-91.1344135
48.6653726,-91.1353469
48.6646746,-91.1359906
48.6570098,-91.1581281
48.6566339,-91.1577412
48.6569045,-91.1571191
48.6568945,-91.154957
48.6569296,-91.1560115
48.65711,-91.1555487
48.6574257,-91.1555032
48.6578717,-91.155837
48.6578361,-91.1547768
48.6583052,-91.1552187
46.0136188,-81.3857185
48.8384386,-87.4436402
48.8384774,-87.4444074
48.8390141,-87.444638
48.8389435,-87.4438334
48.8377183,-87.4449814
48.8379884,-87.4441337
48.8408799,-87.3948933
48.8406752,-87.3933078
48.8409947,-87.3929664
48.8402508,-87.3921698
48.8400411,-87.3923443
48.8392222,-87.3931712
48.8401709,-87.3910318
49.4195782,-82.1393541
49.4227513,-82.1377913
49.4224651,-82.13833
49.4234767,-82.13877
49.4246907,-82.1390886
49.4250262,-82.138732
49.4260526,-82.1390279
49.4277968,-82.139985
49.4285574,-82.1395183
49.429318,-82.1394754
46.0657377,-79.773654
46.059563,-79.7616827
46.0590576,-79.7614475
46.0587734,-79.7628813
46.0577415,-79.7627144
46.0587944,-79.7638903
46.0587207,-79.7649069
46.0591419,-79.7653545
46.059821,-79.7653848
46.0596841,-79.7637234
46.0601263,-79.7641938
46.0590536,-79.7517085
46.0604383,-79.7524864
46.0608887,-79.7519499
46.0597162,-79.7546911
46.0601703,-79.7550935
46.0591169,-79.7587144
46.0595822,-79.7569013
46.0587893,-79.7571641
46.0591578,-79.7556728
46.0582719,-79.7562522
46.0579517,-79.7573787
46.0573785,-79.7605974
46.0579369,-79.7615361
46.0582868,-79.7610533
46.0582905,-79.7596318
46.058633,-79.7596103
46.0581155,-79.7586876
46.0578021,-79.7584281
45.0600154,-75.6671787
45.063895,-75.6639696
45.0630698,-75.6627482
45.0627028,-75.6621185
45.0622205,-75.6610223
45.058244,-75.6698048
45.0579673,-75.6705183
45.0577551,-75.6710869
45.0586381,-75.6727713
45.0575202,-75.6744665
45.0567017,-75.6754804
45.0554625,-75.6778944
45.0552996,-75.6781626
42.3160513,-81.8426943
42.3188717,-81.8453419
42.3194943,-81.8451598
42.3201787,-81.8450157
42.3203021,-81.8443026
42.3202067,-81.8440371
42.3195729,-81.8440446
42.3192363,-81.8444164
42.3188829,-81.8441812
42.318709,-81.8444619
42.3183051,-81.8439915
42.3202191,-81.8434996
42.3191175,-81.8434507
42.3184353,-81.8435258
42.3174079,-81.8437725
42.3177213,-81.8446147
42.3179593,-81.846047
42.3183004,-81.8472755
42.3187447,-81.8458754
42.319887,-81.8457305
42.3204701,-81.8453872
42.3201448,-81.8459559
42.3194666,-81.8463045
42.3187923,-81.8464869
42.3190422,-81.8469
42.3197284,-81.8467015
42.3203431,-81.8464923
42.3211491,-81.8433808
42.3216988,-81.843286
42.3221503,-81.843267
42.3228991,-81.843157
42.3215221,-81.8441129
42.3220438,-81.8440371
42.322787,-81.8438588
42.3232077,-81.8437526
42.321724,-81.845084
42.3223495,-81.8449057
42.3229048,-81.8446705
42.3232665,-81.8445302
42.3232525,-81.8453305
42.3227533,-81.8454974
42.3222821,-81.8456378
42.3218334,-81.8457326
42.3220466,-81.8461461
42.3226131,-81.8460171
42.3230927,-81.8459299
42.323446,-81.845763
49.6813818,-94.2318606
49.6849668,-94.2316917
49.6832758,-94.2352839
49.6831457,-94.2329017
49.6829632,-94.2320244
49.6826799,-94.2316461
49.682043,-94.2307985
49.6828812,-94.2307931
49.6834623,-94.2288923
49.6843385,-94.2298102
49.6838795,-94.2277126
49.6837838,-94.2257667
49.6833543,-94.2244618
49.6844366,-94.2244428
49.6841888,-94.2232973
49.6892985,-94.2152631
49.6895518,-94.216513
49.6873237,-94.2158854
49.686883,-94.2181921
49.6870496,-94.2204934
49.686581,-94.2206436
49.6868899,-94.2222047
49.6867893,-94.2240232
49.6865602,-94.2250371
49.6869802,-94.2266518
46.2881326,-78.8766039
46.2940343,-78.8739395
46.2920067,-78.8739932
46.2925961,-78.872577
46.293545,-78.8734835
46.2927962,-78.8734835
46.2949264,-78.8772867
46.2943131,-78.8770667
46.2931441,-78.875739
46.2923421,-78.8767708
46.2931546,-78.8770515
46.2929921,-78.8778026
46.293532,-78.8795702
46.2940929,-78.8808826
46.2941296,-78.8818082
46.2932333,-78.8815654
46.2935949,-78.8827337
43.9085361,-77.2656116
49.4682534,-91.5481314
49.4655268,-91.5558475
49.4658998,-91.5539914
49.4664391,-91.5551868
49.4670801,-91.5533661
49.4646493,-91.5583731
45.6234175,-80.417009
45.6238264,-80.4150134
43.6950126,-79.3808066
43.6975481,-79.4006686
43.4877716,-80.5771712
43.8738675,-79.8605874
43.7236769,-79.4016072
43.4877486,-80.5724364
43.4863717,-80.5802679
44.5405775,-79.1721007
43.6913366,-79.3537482
44.0257247,-79.0548985
43.2523454,-81.8516073
45.4208173,-75.6901148
43.7030379,-79.5465882
43.6787696,-79.3495085
44.593812,-79.8747226
43.6574472,-79.4040447
43.6534618,-79.4027292
43.6687289,-79.3852257
43.667021,-79.3844245
43.666737,-79.3806607
43.7856295,-79.4415322
43.68493,-79.3410216
43.6664157,-79.371811
42.6474405,-80.813624
42.647058,-80.8155083
42.6530423,-80.8159815
42.6524124,-80.8161285
42.6517669,-80.8167509
42.648637,-80.8169734
42.6492425,-80.812048
44.6661476,-76.5817839
42.957955,-81.3105047
42.9729064,-81.2888964
43.6396151,-79.5357063
43.2472768,-79.873461
43.2460405,-79.9079805
43.4723034,-80.5453125
43.4716023,-80.5455786
43.6590586,-79.4183731
43.6622274,-79.3580578
43.659294,-79.3508934
43.6611096,-79.3462398
43.6603584,-79.3437908
43.6695788,-79.3628387
43.6678463,-79.3869129
43.6812019,-79.3884501
43.6716274,-79.4091332
43.6631263,-79.327833
43.6621347,-79.3673103
43.6775474,-79.3363149
43.6645922,-79.3106972
43.6574958,-79.3678736
43.669655,-79.3291709
43.6545528,-79.360467
46.5615447,-80.8620322
43.703538,-79.343406
43.6654488,-79.3198479
43.6644291,-79.3200682
43.6776188,-79.3972183
43.6864273,-79.3033483
43.7296612,-79.4782423
43.6539184,-79.4491574
43.651052,-79.4460211
43.6798129,-79.4242604
43.680159,-79.423077
43.6573836,-79.455755
43.6760104,-79.3405308
45.423282,-75.6963887
45.4226519,-75.6978564
45.4218251,-75.6997785
43.6538829,-79.4900414
43.6368691,-79.4476277
43.6304306,-79.4308259
43.6419876,-79.4655044
43.7214845,-79.4018292
45.3877776,-75.6943357
43.5651686,-79.6723658
43.4709786,-79.9501609
43.5046205,-79.9486088
43.6344035,-79.4006566
45.2322067,-81.5215151
45.2321139,-81.5218136
45.2311016,-81.5228155
45.2299035,-81.5235173
45.2300401,-81.5237001
45.2300036,-81.5206803
43.6312454,-79.3572094
43.6202395,-79.3904414
43.6490363,-79.4149464
43.649037,-79.4149228
43.6030666,-80.2500783
43.6038458,-80.2475607
43.6043141,-80.2466487
43.6024321,-80.2454968
43.6028742,-80.2449716
43.6013812,-80.2431849
43.6015082,-80.2428561
43.6020603,-80.2407901
44.221608,-76.5017974
44.3401775,-76.1408654
45.3638178,-75.8017034
44.00604,-77.8897444
43.6906239,-79.3946319
43.6920451,-79.3948576
43.73258,-79.361162
43.5881851,-79.7510708
43.6070894,-79.7611374
43.5881827,-79.643519
43.6381333,-79.5925618
43.6743943,-79.6820135
43.617506,-79.3754929
43.6187523,-79.3737096
43.6216257,-79.378084
43.617418,-79.3757223
43.6177406,-79.3727101
43.6837249,-80.4306947
43.6784733,-80.444036
43.6789321,-80.4431205
43.6786642,-80.4435979
43.6795424,-80.4415863
43.679337,-80.4424479
43.6729704,-80.4441118
43.6412488,-79.3417165
43.6515647,-79.3223594
43.5117595,-79.6302101
43.6026608,-80.2523522
43.5978033,-80.2449138
43.597367,-80.2425402
43.6649629,-79.4330816
42.9596197,-81.3287058
45.5776632,-78.5193296
43.7401788,-81.7265027
44.0731786,-81.757138
44.4965923,-80.321377
43.6408591,-79.4756559
43.6588485,-79.3277063
43.6628648,-79.4263241
43.6497346,-79.4009876
43.6355529,-79.4650852
43.9111448,-79.4752017
44.1588722,-79.9005029
44.1556344,-79.8765321
43.6445235,-79.4738365
43.6450889,-79.4740907
43.6975375,-79.5177233
45.3512771,-75.8268012
45.3511731,-75.8268027
45.2252693,-76.1908771
45.2251195,-76.1907245
43.7052105,-79.3943202
43.7050526,-79.422831
43.7049119,-79.420396
43.6331847,-79.3995124
43.6282177,-79.4776819
43.6377328,-79.3874876
43.4656837,-80.5337799
43.6909918,-79.3275128
43.8199533,-79.1813139
43.9374711,-79.2229564
43.8403321,-79.5411774
43.0042864,-81.3052966
43.0092552,-81.3303226
45.4286949,-75.6688257
42.2585879,-81.915946
43.7593455,-79.2547148
43.6665901,-79.4549386
43.6665863,-79.4556959
43.2751103,-81.8176364
43.2772777,-81.8152901
43.6246408,-79.887926
43.8171331,-79.0320345
45.4292076,-75.6961444
42.9808244,-81.2151313
45.4105165,-75.7090052
42.9455731,-81.2767448
43.6605503,-79.3966603
43.7207299,-79.5916368
45.8666929,-77.7561718
42.9579824,-81.3104745
43.6664135,-79.3842173
43.6468651,-79.4429698
43.649093,-79.4430269
43.6481212,-79.4432159
43.6533818,-79.4413668
43.3803737,-80.287543
43.3241462,-79.7958845
43.6823061,-79.3027686
46.4337006,-81.0054016
42.0305971,-82.6051389
43.820442,-79.1808355
43.4792551,-79.7346621
44.1513515,-79.8903858
44.1516894,-79.8901098
43.8641316,-78.8305647
43.3793336,-79.7980829
43.3790337,-79.7977701
43.6648105,-79.3378232
43.9716659,-79.3372906
43.67064,-79.4152895
43.039558,-81.2481086
43.6926961,-79.2854201
45.4442295,-75.6863392
45.4439285,-75.6910504
45.4438474,-75.6883174
43.6680568,-79.2977981
43.6650691,-79.4330742
43.6590077,-79.4461991
43.7180788,-79.2793429
43.672451,-79.3567889
44.1311013,-79.3146604
43.664849,-79.3120611
42.2642091,-83.0165952
43.6667406,-79.4701322
43.6653655,-79.4606263
43.6666962,-79.4528087
42.9375568,-80.2899182
43.6296746,-79.4101408
44.3436639,-78.7264325
43.6178065,-79.3761253
43.6167995,-79.3763538
43.6169573,-79.3723702
43.6174632,-79.3732305
43.6235905,-79.3638038
43.663256,-79.396423
43.6615866,-79.3616734
43.7736929,-79.5033114
43.7727819,-79.5086704
43.7724043,-79.5085865
43.7423193,-79.2709002
43.7336411,-79.29716
43.8629095,-78.8288479
43.864442,-78.8259171
43.6555216,-79.3707291
43.6511694,-79.3724934
43.6702705,-79.4360081
43.6589344,-79.4625589
43.7742452,-79.5074806
43.6669215,-79.2962487
43.651366,-79.4665478
43.6846411,-79.7594836
43.6461414,-79.4218621
43.6375227,-79.4923569
43.6696265,-79.4491275
43.6221177,-79.4910583
43.6209169,-79.520699
43.6430783,-79.4645448
43.6042959,-79.5568241
43.6548375,-79.4156192
43.636364,-79.4305928
43.6971847,-79.3995865
43.6506909,-79.4038459
43.6713905,-79.4809394
43.666494,-79.4805476
45.4265206,-75.6909808
43.724617,-79.8006428
43.7495653,-79.5450642
43.7408174,-79.3408463
43.6521472,-79.4201589
43.6504038,-79.4250072
43.6906945,-79.4136208
43.7613726,-79.3999959
43.5932525,-79.6445536
43.5875056,-79.6434956
43.6605143,-79.4530552
43.7754323,-79.4258318
43.5950595,-79.502123
43.6632966,-79.4487528
43.6637776,-79.4518606
43.6761808,-79.3911112
43.6766191,-79.3899643
43.6192098,-79.4783292
43.6893913,-79.4351405
43.6721468,-79.4571567
43.6725052,-79.4568812
43.5957585,-79.5336377
43.6427093,-79.4668018
43.643337,-79.457712
43.6709711,-79.4926935
44.2941275,-77.8000456
43.6874034,-79.4507525
43.6805818,-79.3947015
43.7066415,-79.5160996
43.6920392,-79.4297191
43.6883655,-79.4539837
43.6914246,-79.3954378
43.6961659,-79.383765
42.2956068,-83.0219117
43.7061014,-79.3673648
43.6464088,-79.3990403
43.6595244,-79.4398197
43.726549,-79.3856287
43.1680123,-79.4790659
43.6582589,-79.3074398
43.6683119,-79.2923837
43.3617606,-79.8463985
43.6685603,-79.298123
43.6997513,-79.4979073
45.2275082,-81.4809665
43.7359887,-79.2464283
43.7003177,-79.3893792
43.7003922,-79.3882687
43.6591661,-79.47194
43.6725089,-79.5137431
43.7459132,-79.3521772
43.7469327,-79.3558188
43.5410289,-79.7438178
43.6936917,-79.3821334
43.6866436,-79.4972266
43.2545539,-79.0717077
43.6192277,-79.3911523
44.2168527,-80.161908
44.2170029,-80.1621688
44.2148749,-80.1637617
44.2153191,-80.1650257
44.6668241,-76.5820797
43.6991219,-79.5545508
43.9493221,-78.2937894
43.707181,-79.4377419
43.7076524,-79.4372415
43.7171377,-79.433689
43.6982502,-79.4718469
43.6654388,-79.3592587
43.6840359,-79.3881632
43.6868228,-79.3876532
45.3458146,-80.0446086
43.3133842,-81.7609939
43.6767585,-79.3925068
43.6000039,-79.499058
43.7751637,-79.3931491
43.6055602,-79.5442412
45.3998275,-75.6863319
45.431705,-75.688495
45.6196367,-79.4121938
42.8798836,-79.255373
49.7610312,-94.5273455
44.5073751,-80.2041252
44.5044349,-76.5549951
43.5524418,-80.2653732
43.5470095,-80.2466908
43.5487588,-80.2523268
43.5434718,-80.2484707
43.5112321,-80.2264189
43.5487588,-80.2523267
43.4913851,-80.191599
43.6648392,-79.404455
43.6409734,-79.3796523
43.4654155,-80.5359642
43.6409824,-79.3796421
43.6759419,-79.4250278
45.2267187,-81.5301714
45.2280895,-81.5302406
45.2281919,-81.5274236
45.2290084,-81.5276286
45.2281259,-81.5247749
45.2329662,-81.521069
45.2355487,-81.523471
44.9461007,-75.0681681
43.7632359,-79.404037
43.6820571,-79.4861829
43.6898704,-79.4647784
43.4555401,-80.4932777
43.1144065,-79.2448495
43.7061166,-79.367213
43.6843889,-79.4085125
43.7750934,-79.3264664
43.7741679,-79.3320875
43.7834711,-79.3294168
43.6858343,-79.5022573
43.6989138,-79.5057476
43.5746446,-79.8294727
43.8197471,-79.3997164
43.6826554,-79.4167077
43.706954,-79.4807858
43.7069596,-79.4827782
43.768736,-79.4107671
43.6940632,-79.511533
43.696788,-79.4985541
43.676808,-79.6123874
43.6769677,-79.6124445
45.409164,-75.7221163
43.675984,-79.4775209
43.6755117,-79.4628998
43.3929722,-79.818569
43.6999353,-79.446394
44.2833744,-76.6573203
43.6341364,-79.4046288
43.7135739,-79.5190135
43.6583564,-79.538272
42.0078403,-82.5692949
43.7341224,-79.477522
43.6488754,-79.5249989
43.8734297,-79.2877685
43.3732706,-79.8013419
43.6400515,-79.4131422
43.6878226,-79.5184473
43.6859284,-79.5186235
43.6850351,-79.4385561
43.3085475,-79.799855
43.6706375,-79.4385892
43.6819169,-79.5444446
43.6121139,-79.3888062
43.6191337,-79.3910375
43.7473872,-79.5675539
43.6391445,-79.3964789
42.3251562,-83.0073025
45.4220241,-75.6118106
43.7172353,-79.3873979
43.7208344,-79.3999016
43.655901,-79.5271802
43.774348,-79.3289989
43.6982178,-79.4356078
45.4289811,-75.6995342
43.7061754,-79.5304994
43.7106934,-79.3072677
43.7098105,-79.3071243
43.733786,-79.3592492
43.6847917,-79.2979552
43.644991,-79.3481625
43.6576111,-79.5205177
43.6336291,-79.5148503
43.646004,-79.3496857
43.645319,-79.3505744
43.6639881,-79.385584
45.5539969,-77.4153963
43.6662918,-79.3883547
43.6520559,-79.590205
43.6180718,-79.5335377
43.6832067,-79.3791249
43.6687349,-79.410073
43.6666449,-79.4069775
43.6659425,-79.4103396
43.6983485,-79.3151212
43.6782397,-79.3493895
43.6382547,-79.382148
45.0217765,-74.6894569
45.0080689,-74.7842173
43.6337458,-79.3980026
43.2706193,-81.0651579
43.2700333,-81.0648181
43.2702689,-81.0649216
43.269786,-81.0646431
43.6510704,-79.3797612
43.7116377,-79.3806249
43.6134887,-79.3810639
43.7829681,-79.3476294
43.7914639,-79.3405257
43.7695617,-79.3160384
45.3928917,-79.2084069
45.3930763,-79.2081601
45.3923907,-79.2066635
45.3924434,-79.2046411
45.391626,-79.2046679
45.3932345,-79.204979
45.3965026,-79.2075721
45.3955955,-79.2106583
45.3970021,-79.2104884
45.3944406,-79.2133996
43.6611354,-79.3735779
43.3362621,-79.7914375
43.9561501,-78.1674301
43.4698596,-79.9175431
43.4005969,-80.4387613
43.6465258,-79.3489333
43.3595316,-80.3181392
43.3895774,-80.3819841
43.2584068,-81.847652
43.3257582,-79.798619
43.6562754,-79.3259363
43.6583674,-79.3516214
43.6370148,-79.4041139
43.6346498,-79.3987873
43.6581603,-79.3589815
43.6495268,-79.5883438
44.2166031,-80.164654
43.5323158,-80.2260552
43.532203,-80.2259023
43.7392955,-79.5587927
45.5782895,-78.5049863
45.5784626,-78.5049601
43.6956436,-79.4291412
45.5773069,-78.5030021
43.7642267,-79.3975284
43.7908128,-79.4215547
43.6831994,-79.3793143
43.8101359,-79.2290506
45.388141,-79.2004063
46.1834661,-79.1190975
43.7230792,-79.3627855
44.489246,-75.8574235
44.709833,-79.9627795
43.7315531,-79.6157625
43.7114039,-79.3905122
43.6403541,-79.4286189
43.6529172,-79.356451
43.7383468,-79.2324697
43.7142343,-79.2555369
43.4290646,-80.2989275
43.4291107,-80.2986493
43.429159,-80.2983098
43.4291926,-80.2981132
43.4292175,-80.2979552
43.4292441,-80.2977232
43.4292745,-80.2975846
43.4293299,-80.2972032
44.0407518,-79.4523354
43.7763055,-79.1346134
43.2239451,-79.8942605
43.7053698,-79.3674502
43.2454007,-79.930551
45.2214309,-76.1974297
43.6643378,-79.4125239
45.3518081,-75.7196151
43.6346124,-79.4181088
43.6569154,-79.4334666
43.2467327,-79.8737991
43.2467945,-79.873665
43.6757344,-79.3473285
44.7838607,-76.2214387
44.7849915,-76.2212616
44.7839825,-76.2224203
44.783068,-76.2227745
44.7825585,-76.2228012
44.7815481,-76.2216999
44.7815457,-76.2202263
44.7821739,-76.2203604
44.7826765,-76.220398
44.7834875,-76.2194163
44.7838987,-76.2184238
44.7856491,-76.2173349
44.7864383,-76.2173885
44.7860004,-76.2177533
44.7855685,-76.2192125
44.7846241,-76.2191011
43.6556553,-80.1497158
43.1526288,-79.2782703
44.4451054,-79.7726869
43.1477619,-79.2559091
43.5969766,-79.6237968
43.619938,-79.3758768
48.5924505,-85.2768448
48.5928146,-85.2766913
48.5931002,-85.276464
43.6512311,-79.5930945
43.6580284,-79.3984807
42.9743456,-81.1603575
43.0321512,-81.1900549
43.0165511,-81.2457054
42.9997076,-81.3319095
42.9526506,-81.3067863
43.5350811,-80.2196065
43.7809525,-79.4212318
43.7830031,-79.5235268
43.7830146,-79.5235392
43.8002455,-79.1967099
43.6232074,-79.373715
43.622876,-79.3752677
43.6224255,-79.3765956
43.7454023,-79.5219009
43.7388101,-79.5206834
43.6869303,-79.4924432
43.7053354,-79.3849993
43.7037835,-79.3965922
43.7296455,-79.5323295
43.7470226,-79.548623
43.7518693,-79.5209908
43.7780164,-79.4134533
43.6440395,-79.3559952
43.6431907,-79.3563501
43.7562607,-79.4307141
43.7800519,-79.4659183
43.7607727,-79.442013
43.7793361,-79.4675376
43.7725668,-79.4536181
46.8351098,-79.1928106
44.7788933,-76.2270536
43.7623159,-79.512483
43.0748731,-79.0789228
43.4641332,-80.5222662
43.7556153,-79.577113
42.2766647,-82.4013388
43.6702649,-79.4338814
43.7204317,-79.483704
43.0249614,-79.2463227
43.0245163,-79.246039
44.2221401,-76.4890232
43.5305231,-80.2264226
43.5321491,-80.227366
43.5302433,-80.226241
43.6629223,-79.4064694
45.3238963,-75.2409438
43.5149604,-80.2377405
43.5195728,-80.2363289
43.3088545,-79.7998321
43.3088518,-79.799836
42.9967943,-79.2592355
43.6664434,-80.4498784
43.6813948,-80.4293177
43.6756492,-80.4485219
43.6660425,-80.453467
43.6655887,-80.449846
43.6698971,-80.4497642
43.6692337,-80.4500638
51.0836489,-115.0996673
51.0836094,-115.1007551
51.0827303,-115.1023764
51.0820111,-115.1033204
51.0773885,-115.1130836
51.0858232,-115.0911655
51.0477364,-114.8598577
52.5571009,-117.6799958
52.5555052,-117.6798832
51.0356284,-113.9453735
50.3189393,-122.8003665
50.3170039,-122.7998634
49.1949331,-123.1798654
50.6784641,-120.3364338
50.6787109,-120.338179
50.678754,-120.3369515
49.2628789,-123.105027
49.2037342,-122.9046039
49.2036215,-122.9048659
49.2281361,-123.0203309
49.2265213,-123.012928
49.3606951,-123.0280795
49.1452176,-122.5157056
49.2666975,-122.7794725
48.4123842,-123.3628848
48.4133371,-123.3627982
48.4124819,-123.3668968
48.4189166,-123.3425361
48.672127,-123.4270236
48.6731157,-123.4273253
48.6732069,-123.4261276
48.6743188,-123.4277166
48.674522,-123.4259651
48.4630706,-123.569788
48.4632423,-123.5643202
48.4635402,-123.5664986
48.4639966,-123.5639777
50.5038731,-117.7896395
50.5039242,-117.7885755
48.6052658,-123.521397
48.6056282,-123.5278802
48.6056931,-123.5214939
48.6057712,-123.5225436
48.6060739,-123.5299033
48.6061341,-123.5266308
48.6066002,-123.5311275
48.6066874,-123.5277908
48.6068769,-123.529508
48.6072111,-123.5306366
52.05809,-120.1557923
49.2737429,-123.0698794
48.51672,-123.3685057
49.2899855,-122.8462253
49.1147079,-118.9879072
49.1122863,-118.9817004
49.1099884,-118.9797227
49.1100417,-118.9803555
54.0609844,-124.6183714
49.3271507,-122.4631443
50.6615053,-120.259625
50.1825086,-119.3451994
50.1831799,-119.3414311
50.1818619,-119.3437868
48.635209,-123.3290486
48.6359806,-123.329538
48.6407987,-123.3298763
49.553148,-123.2359088
49.5571977,-123.2366284
49.556437,-123.2364297
49.5519713,-123.236856
49.1211487,-123.1705648
49.1235691,-123.1807405
49.3338832,-124.8691229
49.2768278,-123.1517731
49.2742718,-123.1539148
49.3360234,-124.9225857
49.7769099,-123.1199281
49.7804515,-123.1218754
49.7820881,-123.1184932
49.7825531,-123.1196748
49.2792964,-122.9749525
49.229244,-122.6868592
49.2720912,-123.1057162
49.2824504,-123.000935
49.2528817,-122.970051
49.2533807,-122.9699092
49.235398,-122.9652306
49.2660172,-123.2052995
49.2669317,-123.2051059
49.2678922,-123.180104
49.2879882,-123.020379
49.0885144,-121.4579472
49.0895662,-121.4538088
49.0876021,-121.4540233
49.1696889,-122.910069
49.1697277,-122.909879
48.7738178,-123.3719836
49.2910752,-123.0439865
49.2830627,-123.0430375
49.2823319,-123.0574384
49.2904152,-123.050484
49.1163793,-122.9040849
51.4446321,-116.3328256
52.9742928,-122.4971504
49.1643207,-123.1412488
49.2582405,-123.0497552
49.2829071,-123.0345026
49.2816563,-123.034352
49.2837027,-123.0333997
49.2789305,-123.1379746
49.2718228,-123.1298496
49.1888442,-123.1460445
49.2520413,-122.9047333
49.2921802,-123.1469499
49.2936446,-123.1486689
49.2855498,-123.1424097
49.2874204,-123.1426026
49.2867456,-123.1365579
49.289803,-123.1412672
49.2533634,-122.9712406
49.2490395,-122.965874
49.2477222,-122.9165924
50.7478514,-128.3053863
50.7823237,-128.3678246
50.7691553,-128.4022721
50.7022573,-128.2677644
50.6780926,-128.2941414
50.6777637,-128.2881652
49.0588256,-120.8408897
49.3357491,-123.1093872
49.279292,-123.1291515
49.2845712,-123.1395915
49.3170291,-124.2641533
49.3193949,-124.2646276
49.3182562,-124.2644407
49.3158753,-124.26386
49.2819502,-123.1360374
49.2443655,-124.3497909
49.2624374,-123.0695483
49.3187335,-123.029384
49.2839179,-122.9980556
49.2850875,-122.9994737
49.2838618,-122.9993887
49.2835714,-122.9978411
49.2858092,-122.9973663
49.2839214,-122.9979215
49.2846789,-122.9981763
49.0583084,-125.7238173
49.2722403,-123.1094001
48.4398203,-123.476878
48.4597353,-123.457555
48.4370413,-123.5075297
48.4065144,-123.7042029
48.4292357,-123.5309045
48.4759727,-123.3597274
48.6439364,-123.4021436
49.3316217,-123.0350244
49.0572798,-125.7224372
48.4619629,-123.7385135
48.59388,-123.3974164
48.4451369,-123.470049
49.0557186,-125.721043
49.0588082,-125.7252244
49.0540161,-125.719277
49.056553,-125.7230627
49.0574144,-125.7244088
49.0556532,-125.7220048
49.3412857,-119.5810559
49.2628219,-123.0138208
49.0598755,-125.7244387
49.2730648,-123.0122672
49.2718519,-123.0124952
49.2726472,-122.9538479
49.2850644,-123.0010037
49.2749702,-123.0931295
49.060417,-120.8402344
49.2079745,-122.6180054
49.2742623,-124.8561287
50.8319867,-118.0807848
50.8326834,-118.0825966
50.8317814,-118.082828
51.2978226,-116.9470634
51.2977866,-116.9471013
51.2967175,-116.947044
51.2966389,-116.9478074
51.2972263,-116.947701
51.297098,-116.9483115
49.3709976,-115.842777
49.3712826,-115.8435035
49.3716647,-115.8429913
49.3714615,-115.8415522
49.3703607,-115.8441509
49.3689291,-115.8386112
49.3688609,-115.842708
49.3691301,-115.8414261
49.370142,-115.8415883
49.3699717,-115.8404791
49.5091131,-116.785987
50.1558687,-117.65395
50.1569032,-117.6537302
50.1560349,-117.6533043
50.1551047,-117.6529374
50.7488781,-120.111228
50.7489919,-120.1134331
50.7502256,-120.11261
50.7497308,-120.1148114
50.7488345,-120.1178949
50.7497364,-120.1174289
50.7496051,-120.1163755
50.7486987,-120.1162042
50.7479675,-120.1151337
49.3588565,-123.1077013
49.6726223,-123.1644726
49.6733303,-123.1617678
49.6724596,-123.1616235
50.0365312,-125.2976896
50.0361213,-125.2969103
50.0350115,-125.2957302
50.0340793,-125.2968256
50.0322854,-125.2973715
50.0330502,-125.2981253
50.0332846,-125.2986103
50.0308482,-125.3021584
50.0316655,-125.300625
49.0623443,-120.8405612
49.0615744,-120.8417467
49.062045,-120.8430935
49.0617587,-120.8424493
49.0606044,-120.8431252
49.0598714,-120.8416798
49.0605357,-120.8408659
49.0623378,-120.8341558
49.0616755,-120.8399139
49.0615011,-120.8392472
49.0625867,-120.8369492
49.0621258,-120.8366281
49.6900285,-119.7283701
49.6895881,-119.7276488
49.6900831,-119.7314908
49.689322,-119.7312535
49.6883647,-119.7295783
49.6891081,-119.7302627
49.6901094,-119.7306437
49.6908948,-119.7316791
49.690713,-119.7307093
49.6902454,-119.7300566
49.6892857,-119.7291072
49.6898036,-119.7287888
49.690624,-119.7300589
49.6912509,-119.7305773
49.690888,-119.7293704
50.8319258,-118.0810425
51.1709854,-116.1595649
49.3601532,-123.1038592
49.2365351,-123.0848457
49.2372019,-123.0971172
49.1944036,-122.7284411
49.1949046,-122.728004
49.1855431,-122.7577047
49.1738101,-122.5822748
49.1981155,-122.5947866
49.2082415,-122.6147878
48.4454098,-123.3553782
49.5043741,-123.7486855
49.0894788,-120.6831506
49.0900766,-120.6811269
49.0886004,-120.6847237
49.0889272,-120.6847732
49.0889958,-120.6830502
49.0900684,-120.6806193
49.0798019,-122.4341129
49.2715259,-123.0667305
49.2610443,-123.1848327
49.2045654,-123.9725687
49.1773292,-123.9666996
49.2293485,-123.1279572
49.1409676,-123.1945438
49.6833735,-119.7211988
49.6838092,-119.7206725
49.6822923,-119.7200527
49.6827133,-119.7190619
49.043106,-122.3178221
49.2678382,-123.069436
50.8008793,-128.292133
50.8440362,-128.1212977
50.8673551,-128.0513564
50.8640642,-127.9746989
50.8105037,-128.2362142
59.4040436,-133.5754352
49.0244387,-122.8176681
54.3848957,-128.533149
54.385662,-128.5302761
54.386075,-128.5309436
54.3868569,-128.5324063
54.387053,-128.5307753
54.3873863,-128.5329793
54.387578,-128.5338466
54.3876939,-128.530761
54.3881844,-128.5312663
54.3885925,-128.5352104
54.388622,-128.5319511
54.3891962,-128.5340287
54.3898964,-128.5334026
49.281541,-123.1199359
49.0760353,-121.9802862
49.2978643,-123.1349756
49.2165767,-123.129149
49.2166136,-123.1274076
49.2168587,-123.128169
49.2309885,-122.8078225
49.2117697,-122.9279143
49.1944025,-122.9230323
49.1879722,-122.9942481
49.1917764,-122.9989134
49.1937754,-122.999742
49.2751748,-123.1397889
49.0657195,-122.3165544
49.1205696,-122.3033506
49.0894697,-122.1373561
49.0388932,-122.2400984
51.3619065,-116.3434511
49.8270728,-124.5264265
48.4331181,-123.3780433
49.2935294,-123.138385
49.195541,-123.1764264
49.1940042,-123.1806166
49.2299787,-123.0985545
48.4609542,-123.5582402
48.4617029,-123.5582297
49.1207624,-122.3027773
49.1202741,-122.3037361
48.4606385,-123.7388294
48.4612981,-123.7391813
48.4615151,-123.7391742
48.4628656,-123.7392319
48.4608223,-123.7383389
48.4600237,-123.7383101
48.4333825,-124.0768919
48.4338293,-124.0786253
48.4342259,-124.0801736
48.4349079,-124.0794779
48.4358564,-124.0790977
48.4346895,-124.0777999
49.2789061,-122.9083935
49.2295162,-122.9060142
49.7301277,-122.3270488
49.1866777,-122.8494686
49.189445,-122.802435
49.1966515,-123.1776246
48.5091538,-123.39089
49.2473151,-123.0745658
49.2856559,-123.1331966
49.781057,-123.1270284
49.2425579,-123.1049238
49.2079245,-122.6186762
49.2637619,-123.0998815
49.3236601,-123.1010442
49.32431,-123.09376
49.0980357,-121.9678963
49.5333182,-119.562444
49.1596901,-122.6286856
49.3945141,-123.2022175
49.2887914,-123.1397215
49.3018459,-123.1331913
49.007635,-123.0903157
49.2354904,-122.8914812
49.1956327,-123.173761
49.1870207,-122.9428522
50.5605749,-122.6644721
50.5620682,-122.6635053
48.5645278,-123.4672774
48.4226857,-123.3685832
50.5617369,-122.6689684
50.5623298,-122.6667268
50.5608753,-122.6671772
48.4277632,-123.3833328
49.2903201,-124.9257181
49.2905354,-124.9264623
49.8298968,-123.1504977
49.8290852,-123.1492576
49.8289914,-123.1501661
49.828089,-123.1497028
49.8281065,-123.1499344
49.3720876,-123.098771
49.2809357,-122.8493216
49.2535989,-122.9048482
49.273525,-123.0707939
49.1044483,-121.9197263
49.2597234,-123.0445481
49.2835553,-123.120123
49.2433457,-123.1085882
54.3827036,-128.5345164
54.3830668,-128.5317492
54.3860779,-128.530944
54.3868583,-128.5324083
54.3881871,-128.531271
54.3891977,-128.5340297
54.3885923,-128.5352111
54.3835574,-128.5344784
54.3876942,-128.5307609
54.3873889,-128.5329802
54.3886081,-128.531945
54.3857102,-128.5302667
54.3840413,-128.5330377
54.3842545,-128.5314418
54.3826114,-128.5314827
54.3870548,-128.5307765
54.3875794,-128.5338528
54.3898943,-128.5333987
49.2827832,-123.1300629
49.2803516,-123.0406273
48.4232994,-123.3065902
49.2124259,-122.5263113
49.6307152,-125.5248393
49.6319128,-125.5297495
49.6336528,-125.5268069
49.2559,-123.1124537
48.6207861,-123.4051777
48.6206847,-123.4064939
49.2298099,-123.0987406
48.6552243,-123.4395762
49.2385228,-123.135748
49.239051,-123.1339382
49.2391371,-123.1297266
48.6547504,-123.4023867
49.0841576,-122.6009059
49.2551847,-123.0500603
49.3799617,-121.4249457
49.3802446,-121.4256609
49.3795317,-121.4242305
49.2784262,-123.0732907
49.2815576,-123.1336049
49.2391573,-123.1115517
49.2892578,-123.1385774
49.2610439,-123.100812
48.4799232,-123.5480236
49.2220674,-122.9948819
50.5180019,-126.696824
50.5412396,-126.784981
49.0986749,-121.9865174
49.7760551,-123.120328
49.3503968,-123.0146369
49.2812974,-123.0419459
49.1475468,-122.7819626
49.2990203,-123.134143
50.1144814,-122.9585367
48.4282215,-123.3888387
49.2113715,-122.8977925
49.3514215,-124.7410333
49.0919293,-121.4567827
49.0881026,-121.4543555
49.0884691,-121.4531316
49.0889813,-121.4532323
49.091216,-121.4570878
49.3652569,-123.2774494
50.6776262,-120.342114
50.6776406,-120.3421271
50.6776598,-120.3421138
50.677673,-120.3421287
50.6776927,-120.3421143
50.677708,-120.3421284
50.6777381,-120.3421289
50.6777266,-120.3422861
50.677741,-120.3422958
50.6777089,-120.3422955
50.6776951,-120.3422864
50.6776745,-120.3422935
50.6776577,-120.3422844
50.6776293,-120.3422867
50.6777587,-120.3423142
50.6777937,-120.3423216
50.6777574,-120.3422227
50.6777961,-120.3422157
50.677795,-120.3421261
50.6778517,-120.3422147
50.6778135,-120.3422251
50.6778143,-120.3423139
50.6778517,-120.3423246
50.67785,-120.3421285
50.6779061,-120.3422147
50.6778672,-120.3422261
50.6778683,-120.3423129
50.6779059,-120.3423236
50.6779626,-120.3422267
50.6779223,-120.3422183
50.6779218,-120.3423166
50.677963,-120.3423246
50.6779048,-120.3421288
50.6779622,-120.3421288
49.2626494,-123.0892135
50.1595114,-115.8330014
49.1949375,-122.9231947
49.2417601,-123.0116096
49.1755533,-122.630655
49.2603018,-123.0981437
49.1554858,-123.1700602
48.7569054,-123.7916482
49.0933074,-122.5580444
49.1256412,-123.1032334
48.4057094,-123.3494513
49.2587169,-123.1214193
49.3241058,-122.4530295
49.325407,-122.4513639
49.3259261,-122.4552559
49.326683,-122.4511269
49.3246318,-122.453833
49.3260333,-122.454305
49.327335,-122.4562494
49.3253187,-122.454486
49.3247068,-122.454663
49.3246826,-122.452372
49.3263059,-122.4559088
49.3261573,-122.4525377
49.327006,-122.4532323
49.3262072,-122.4501997
49.326607,-122.4499692
49.3207832,-122.4578118
49.1085543,-122.8169119
49.6773383,-123.1541323
49.2066793,-122.96139
49.2424661,-123.0133552
49.2823432,-122.978841
49.2056102,-123.000704
49.2717515,-123.1358171
49.5881975,-120.7751987
49.5875953,-120.7717766
49.5871424,-120.7723767
49.5881351,-120.7741032
49.2334548,-122.8908095
49.2396563,-122.9658928
49.2400023,-122.9673414
49.3725742,-123.2909121
49.1604741,-122.6870491
49.2447544,-122.9965227
49.224272,-123.0076656
49.2345205,-122.9121761
49.2022064,-123.0478689
49.2790658,-123.0029749
49.2346211,-123.0247591
49.2207101,-122.965127
49.2901085,-122.4903844
49.2695046,-122.9781913
49.267795,-122.9428235
49.2681102,-122.9423612
49.2641008,-122.9030958
49.2543159,-122.900277
49.257978,-122.9043823
49.2591987,-122.9080177
49.2478135,-122.8996739
49.2645419,-122.9417254
49.2242491,-122.9317798
49.219553,-122.9386321
49.2144198,-122.9458892
49.2138861,-122.9451572
49.2754002,-123.0029466
49.272762,-123.0030107
49.2772887,-123.0029904
49.2714581,-122.9961976
49.2464214,-122.9762923
49.2524227,-122.9864451
49.2521231,-122.9882862
49.2735711,-122.9880167
49.272839,-122.9881109
50.120157,-122.9480509
50.1075573,-122.9793138
49.1682244,-122.5847197
50.1433978,-122.9638018
49.2032731,-122.9546497
49.2362961,-122.9957958
49.230258,-122.9885165
49.2320949,-122.9852386
49.2403198,-122.969242
49.2270738,-122.9795946
49.2463416,-122.9348237
49.2443086,-122.936002
49.2462104,-122.93474
49.2461949,-122.9337012
49.2666315,-122.9895426
49.2496135,-122.9620045
49.245631,-123.1069755
49.2765265,-122.9748884
49.2345001,-122.890787
49.2333483,-122.8897055
49.2654232,-122.922631
49.231997,-123.0162814
49.2527772,-122.9679693
49.2538867,-122.9649472
49.2527944,-122.9690527
49.2517691,-122.9413552
49.2177823,-122.9265412
49.0614457,-122.4732213
49.2142423,-122.9562355
52.1376062,-120.1909488
52.1399809,-120.1906693
52.1381651,-120.1906873
49.2211106,-122.913231
49.2165535,-122.935211
49.2887856,-123.0107028
49.2889092,-123.0107418
48.4447819,-123.3788609
48.4453192,-123.3794905
49.2021004,-122.9438898
49.264981,-123.1144447
49.2518816,-122.8648296
49.252131,-123.0181624
49.2520961,-123.0194464
49.1983883,-122.9503997
49.274178,-123.1303423
49.2733061,-123.1315286
49.2904526,-122.9223926
49.2541353,-122.8348193
49.4904083,-123.2240227
49.4966119,-123.2120372
49.1701954,-122.3824438
49.2564045,-123.0178406
49.2992768,-122.8277825
49.2452831,-122.5349484
49.2459498,-122.5342202
48.5669225,-123.4698685
48.4212481,-123.3719165
49.2674543,-122.943259
49.1730616,-122.6442296
49.2852221,-122.7902907
49.0435212,-122.867049
49.0433703,-122.866899
49.0430972,-122.867032
49.0428214,-122.866996
49.0437121,-122.867086
49.1977062,-123.1745146
53.0345417,-119.2455533
48.478065,-123.330927
49.2284724,-122.9501519
49.2277866,-122.8946009
49.2396292,-122.8871178
49.292547,-123.1446863
48.4141546,-123.3631312
49.271709,-123.16784
48.4192471,-123.3694606
49.2906602,-123.1426973
49.2054333,-123.0310653
49.2781946,-122.9124389
49.277447,-123.0580537
48.4592902,-123.2946444
49.2365335,-123.0840552
48.4270145,-123.3393645
48.4273393,-123.3393975
49.2475059,-123.0660281
49.2474452,-123.0664
48.4339116,-123.3053542
48.4341785,-123.3036677
48.433515,-123.3039151
48.9992193,-123.8438871
49.2683997,-123.1345986
49.2058004,-123.0424579
49.2083149,-123.0456947
49.212418,-123.0935605
49.2057325,-123.050971
49.2053944,-123.1328412
49.2270534,-123.0418824
49.229191,-123.0453404
49.215515,-123.0561031
49.2185415,-123.0549537
49.2283593,-123.0568969
49.2379251,-123.0513051
49.2294707,-123.0703042
49.254842,-123.029994
49.2579369,-123.0413987
49.2364178,-123.0291041
49.2607713,-123.0768058
49.2364884,-123.031419
49.2442846,-123.0483838
49.2520925,-123.0421031
49.2605278,-123.0501505
49.2639487,-123.0451655
49.2668933,-123.0356851
49.2683872,-123.0584482
49.2701675,-123.0306103
49.2711176,-123.033098
49.271279,-123.0517026
49.2759107,-123.0855883
49.2748213,-123.0866821
49.2894299,-123.0387173
49.2803575,-123.0382336
49.2829108,-123.0940862
49.2730604,-123.0989159
49.2825232,-123.0342757
49.2642155,-123.095595
49.2577859,-123.091948
49.2609716,-123.0963364
49.2573524,-123.0985994
49.2457767,-123.1010481
49.2312419,-123.0867459
49.2167994,-123.0824335
49.2169314,-123.0826089
49.2153426,-123.0872213
49.4810253,-123.7572327
49.3000259,-122.7619458
49.3034135,-122.7595627
49.310999,-123.0345526
49.2463112,-123.1227112
49.2900418,-122.9243768
49.2342637,-123.0243205
49.6190094,-125.02733
49.2212768,-122.8917199
49.2174136,-122.8928499
49.081228,-116.0942158
49.6818028,-120.6048833
49.6807005,-120.6040048
49.6817813,-120.602111
49.1224382,-122.6573226
48.4373266,-123.4184717
49.056837,-122.1784337
50.8289852,-126.665444
50.8357081,-126.772468
50.8794603,-126.5387968
50.8015564,-127.63226
49.4614484,-123.6616827
49.2555407,-123.0159104
49.2790543,-122.8456612
49.264162,-123.1075327
49.2552864,-123.0111917
49.4743577,-123.762441
49.4712543,-123.7627239
49.2779775,-123.1037386
48.8998126,-123.4047207
48.8979228,-123.4019411
53.0805186,-129.381945
49.2274762,-123.0058484
49.1844118,-121.7426487
49.3642026,-121.6867724
49.3451764,-121.7076152
49.3464958,-121.7077848
49.3466976,-121.7090589
49.3466408,-121.7084299
49.3462502,-121.706956
49.3456535,-121.705521
49.3461847,-121.7049967
49.3642297,-121.6821429
49.3685353,-121.6809896
49.3645782,-121.6871721
49.3634672,-121.6862145
49.3645851,-121.6834626
49.1980209,-125.0855062
49.1303316,-122.6709051
49.131699,-122.6414834
49.1297206,-122.6445698
49.1347852,-122.6777837
48.5746973,-123.3678308
48.7573137,-123.7936123
50.2520393,-121.5135319
50.2513329,-121.5111472
50.2504076,-121.5118529
50.2518232,-121.5106852
50.253555,-121.5127401
48.8984908,-123.4028128
51.0183712,-118.2041814
49.3793367,-123.334004
49.1955836,-122.9256373
49.6749868,-123.157406
49.2367846,-124.0489446
49.2887754,-122.489981
49.3759638,-123.2712913
50.2602129,-121.5353721
50.260501,-121.5356437
49.8461122,-125.0935185
49.8474739,-125.0966877
49.8486322,-125.0982756
49.8469637,-125.1005509
49.843477,-125.0954616
49.8459339,-125.1004114
49.8478787,-125.0993686
49.8436636,-125.0936519
49.2329419,-123.9653199
49.2456165,-123.1753768
49.8878377,-119.4975932
49.2735851,-123.1527465
48.6488898,-123.3940943
48.4465207,-123.4049411
49.2518917,-123.1011123
49.9055682,-124.5200183
49.9052185,-124.5192213
49.9063693,-124.5196312
49.9061171,-124.5194964
49.9047107,-124.519485
49.9043117,-124.5201018
49.9044191,-124.5207007
49.9050839,-124.5206595
49.2122212,-123.1167186
49.2439072,-122.9757554
49.1577309,-122.9058953
49.1807248,-123.9604031
49.017722,-122.6543448
49.017484,-122.6537463
49.0181762,-122.6567619
48.4241803,-123.3441845
48.4348797,-123.4057074
48.4280238,-123.37327
49.2816479,-123.104509
49.2730557,-123.1144774
49.2791698,-122.8410912
48.4089304,-123.533212
49.2789781,-122.8473287
48.4220846,-123.38301
49.0324342,-122.0098634
49.0318758,-122.0077588
49.0325561,-122.0053717
49.0324504,-122.0064217
49.0323993,-122.0087134
49.032957,-122.0073991
49.033705,-122.0059732
49.0335383,-122.0073587
49.0437855,-121.9752444
49.0446609,-121.9777461
49.0473994,-121.9780462
49.0478056,-121.9777932
49.0472815,-121.9793861
49.0460009,-121.9807994
49.0552763,-121.9691511
49.0553993,-121.967213
49.0548875,-121.9669394
49.0560361,-121.9678783
49.2035533,-122.917312
48.7849776,-123.6856956
48.7853242,-123.686398
49.3184012,-122.4679575
49.3159463,-122.4685662
49.3150846,-122.4676311
49.3157084,-122.4647458
49.3173507,-122.4644174
49.3187206,-122.4629948
49.3198293,-122.4623262
49.3206034,-122.4613869
49.3205227,-122.463556
49.3188491,-122.4638195
49.3159858,-122.4676441
49.323977,-122.4667917
48.7849776,-123.6856956
48.7853242,-123.686398
55.1952854,-129.1137694
49.3807262,-123.3402959
50.4981883,-120.8013388
50.4981188,-120.8032313
49.2215272,-122.9079871
49.206574,-122.9065533
49.0433424,-122.3006017
49.211481,-122.9227103
49.2716723,-123.1051279
49.2104871,-122.6795193
49.2412946,-122.4944809
49.2412901,-122.4944559
49.043244,-118.2184598
49.3243352,-117.6524472
49.224363,-122.992012
49.6767482,-123.1552427
49.6763724,-123.1556725
49.3396841,-122.8554347
48.4550279,-123.3444371
49.5025369,-119.5972248
49.3295722,-122.9990888
49.1656263,-123.145122
49.1685495,-123.143115
49.1691659,-123.1335733
49.1629595,-123.1204188
49.1754006,-123.1518859
49.1798765,-123.1428674
49.2002911,-123.1137578
49.1527893,-123.1288819
49.1580665,-123.1335583
49.1340605,-123.1035597
49.1391868,-123.1516211
49.1735598,-123.1988943
49.1656603,-123.1840703
49.1556911,-123.1958474
49.1631291,-123.1670043
49.1633169,-123.165546
49.1460871,-123.1778807
49.1264848,-123.1945035
49.1230518,-123.1744227
49.1162124,-123.157015
49.1230068,-123.1015798
49.1832391,-123.0893403
49.1838402,-123.0821224
49.1334224,-123.1700557
49.1707762,-123.0937706
49.1714186,-123.1398592
49.1636066,-123.1454218
49.271047,-123.1462486
49.0094103,-123.0848365
49.2899898,-123.1217425
54.0246028,-124.0102767
49.3227874,-123.0664905
49.2547789,-122.6906034
49.2549196,-122.6924066
49.2543902,-122.6921573
49.2548274,-122.6919657
49.8296781,-125.6266459
54.3150219,-129.3530096
54.5292808,-128.592774
51.010872,-121.7778488
49.2643042,-123.0928899
51.8562855,-121.6377282
49.2124868,-122.9196387
49.1828725,-123.9650479
48.4603683,-123.438778
48.4446287,-123.3622505
48.4316729,-123.383189
48.4484559,-123.5130954
48.434143,-123.5096081
48.4455422,-123.4589327
48.4466583,-123.4988142
56.2533627,-120.8731944
48.429054,-123.3334124
48.4381236,-123.3365889
48.4411029,-123.3507939
48.4422648,-123.3637908
48.4322889,-123.3815274
48.4379114,-123.3892352
48.4415761,-123.380418
49.3231952,-122.8863804
53.9076126,-122.7345088
53.9060095,-122.7347665
49.2658111,-124.3357499
49.2136582,-122.919267
49.2013578,-122.9080579
49.1544368,-122.6523669
49.1539429,-122.6523634
49.2605343,-121.9634464
49.2446035,-123.059252
54.2926282,-130.445647
49.0245487,-123.0726282
49.3034351,-121.7763328
49.2113051,-122.8493514
49.2858674,-123.1271518
49.2642711,-123.166658
49.2082223,-122.9523805
49.2165159,-122.9854502
49.2168696,-122.985427
49.2164106,-122.9855105
49.07577,-121.9806481
49.0747828,-121.9798333
49.1045971,-122.7249441
49.2100166,-122.6800005
50.4976982,-120.8009098
50.499203,-120.7994306
49.2054573,-123.0310625
49.2403043,-122.9582898
49.1449993,-122.6520299
49.2155551,-123.066908
49.2588708,-123.1385847
49.2583423,-123.1010644
49.2810077,-123.0547797
49.2619357,-123.0788522
49.2281038,-123.0062619
49.3242602,-123.072099
49.3240178,-123.0721493
49.1017712,-121.9512937
49.1021172,-121.9252743
49.1094893,-121.9204599
49.1094015,-121.9196861
49.1119323,-121.9186467
49.0812288,-122.0541153
49.1283616,-121.9542134
49.1678731,-121.955678
49.1686181,-121.9671545
49.169914,-121.9667196
49.1697835,-121.9712377
49.1695387,-121.9740157
49.1349214,-121.9571102
49.3246861,-123.0833873
48.4628283,-123.5658659
48.4628253,-123.5658497
48.4622632,-123.5614853
48.4622617,-123.5614988
49.0512935,-122.1815547
49.0132692,-122.46637
49.0105216,-122.4669768
49.0111209,-122.4666825
49.0819145,-122.0539822
49.0813922,-122.0546235
53.91096,-122.7475006
45.5064127,-73.7636486
45.4325194,-73.4839657
45.61044,-73.5149297
45.5480488,-73.6532597
45.546859,-73.6509281
45.5473889,-73.6494002
45.5479716,-73.6501017
45.5467683,-73.6497474
45.5460801,-73.6480199
45.6019222,-73.5110896
45.539847,-73.649159
45.5488286,-73.6558545
45.5496531,-73.6566524
45.4744404,-73.4569651
45.4759929,-73.4499753
46.8622489,-71.3301119
45.5506754,-73.6772048
45.5570746,-73.6727777
45.5550068,-73.6656237
45.5567098,-73.6628665
45.465664,-73.4498716
45.4831367,-75.8478676
46.8725911,-71.6154653
45.4423461,-73.4691617
45.5285618,-73.6060673
45.5485588,-73.5605674
45.5457001,-73.5618995
48.8105425,-79.2009397
49.4494672,-78.1227775
49.7725893,-77.5759019
48.2272124,-78.3899986
46.8960798,-71.5272277
45.6300596,-75.9327297
45.8682298,-74.0819052
45.8520312,-74.071627
45.8042452,-74.0251085
46.8170383,-71.2967649
45.5489426,-73.5493821
45.5250038,-73.5719548
45.5263736,-73.5677621
45.5210508,-73.552369
45.5623156,-73.5577727
45.3833472,-74.0102605
45.6705098,-73.5423284
45.6636607,-73.5517974
45.6522218,-73.5792295
45.5130698,-73.6386818
45.4547052,-73.6040799
45.4561246,-73.6043279
45.5399284,-73.5961537
45.5325153,-73.5966658
45.3949933,-74.0227556
45.420748,-74.055155
45.5223717,-73.9763806
45.8294528,-74.1995436
45.8273795,-74.1998865
45.8278004,-74.2015993
45.8282533,-74.2038191
45.8289023,-74.1990254
45.8280273,-74.2068491
45.4983397,-73.5989528
45.5178318,-73.6352943
45.5227162,-73.6302524
45.5124531,-73.634349
45.5215625,-73.6518706
45.1683313,-72.0388112
45.9393784,-74.1194545
45.9079067,-74.1366401
45.8727836,-74.075434
45.506422,-73.6416908
46.1301761,-74.1813832
46.3052174,-74.2019596
45.9395256,-74.11978
45.7769364,-74.0003086
45.5164711,-73.8999259
45.4806083,-73.8703822
46.2807215,-74.7392874
46.4149352,-74.8718193
46.1924495,-74.4369649
45.5802497,-73.6490199
46.0753885,-74.6727092
46.1273749,-74.4735863
45.4714169,-73.5896327
45.5349101,-73.6242553
45.403823,-73.953211
46.8005311,-71.2412435
45.2424041,-71.8261062
45.3915258,-74.0168141
45.3228321,-72.6485595
46.1495911,-74.2518488
45.9418524,-74.5464968
45.5485646,-73.5489262
45.5473512,-73.5436662
46.3490897,-74.1032633
45.2914344,-74.0461007
46.0118821,-74.7606243
45.9750829,-74.6335428
46.251808,-74.4944219
45.688204,-73.8865726
45.5240721,-73.5857105
46.5502969,-74.8284231
45.664625,-73.4345082
48.0065688,-69.3456916
45.4070314,-74.0245202
45.6628701,-73.5624908
45.6602224,-73.5720196
45.6470449,-73.5931466
45.6078039,-73.6395433
45.5931909,-73.6490588
45.579196,-73.6570973
45.4831199,-73.8677887
45.5787857,-73.6574454
45.5186703,-73.6160955
45.4454315,-73.2670209
45.4355785,-72.8819557
45.5226511,-73.2847627
45.5160725,-73.2944546
45.4023944,-72.7318684
47.7979363,-69.468868
45.5269948,-73.0083592
47.7934852,-69.4083236
46.6643824,-72.9955625
45.3564355,-73.978806
45.3933617,-73.952508
45.5336025,-73.5933312
45.5337771,-73.591946
45.5388488,-73.5860725
46.194023,-74.6243427
46.071452,-74.6723836
46.1187383,-74.5932804
47.8565463,-70.4314662
45.5321148,-73.6316392
45.5153499,-73.6437866
46.7674708,-71.3526566
45.9663499,-74.6153387
46.8013296,-71.2452932
45.257377,-74.1347477
45.5588695,-73.5650601
46.0806131,-71.9598166
46.3714686,-71.620244
46.6646448,-71.3295113
46.7659808,-71.3255395
46.7656933,-71.3267143
46.7124225,-71.2851545
45.5100186,-73.726538
46.0090621,-74.1666872
46.7901087,-71.3295615
46.7876249,-71.3329156
45.2824038,-72.96757
45.5831176,-73.6541016
45.5817163,-73.654377
45.5382077,-73.6104311
45.4566773,-73.2978318
45.449032,-73.2753741
46.7336565,-73.0401409
46.7323466,-73.0402308
46.7664313,-72.920449
45.5223966,-73.5775004
45.5028538,-73.5531374
45.314689,-73.348155
45.4529495,-73.3088756
46.8218868,-71.2381506
48.6206098,-72.3599557
45.3980422,-75.8600727
46.0309936,-73.6935599
46.0308804,-73.6930999
46.0307343,-73.6927714
46.0305471,-73.6924186
46.0304093,-73.6893743
46.0303125,-73.6900127
46.0306551,-73.6903399
46.0253923,-73.6966699
46.0261428,-73.6950928
46.2513668,-73.9721497
45.3232035,-72.6434759
45.3958233,-75.8577206
45.499179,-73.6492634
46.8657025,-71.3875232
45.396005,-72.7131989
45.5367177,-73.6262373
45.5232971,-73.5212181
45.5268502,-73.5207231
45.514087,-73.4975304
45.5096705,-73.4678248
45.6364621,-73.877471
45.6256367,-73.8526996
45.6132103,-73.8418195
45.6225701,-73.8559492
45.614137,-73.859005
45.5888539,-73.8390327
45.6293803,-73.8304221
45.6119008,-73.8487828
45.6376258,-73.8201794
45.6198967,-73.8632571
45.7735321,-73.9996861
46.1181911,-74.592683
45.4898297,-73.574207
45.5289379,-73.5700936
45.084387,-74.1708297
45.5291634,-73.5677332
45.527816,-73.5709096
45.5274919,-73.5676752
45.5278047,-73.5703398
45.5281157,-73.5673283
45.5250331,-73.5709626
45.1466957,-71.80668
45.1418402,-71.7977656
45.5682602,-73.5490642
45.3016937,-72.3172855
45.5057756,-73.2537398
45.5665654,-73.2022222
45.5125633,-73.4325809
45.5478151,-73.2123316
45.4792427,-73.500453
46.1299589,-74.1801289
46.3739945,-70.9259444
46.1939194,-74.631624
45.6049031,-73.583603
45.5009958,-73.6155123
45.5010025,-73.6155088
45.5010086,-73.6155058
45.6218543,-73.8451263
45.6448964,-73.8449223
45.5685512,-73.6348754
45.5630785,-73.6401984
45.5579707,-73.6283078
45.5542543,-73.5551207
45.5496423,-73.6404725
45.5430322,-73.6127766
45.480346,-73.5558957
45.2041682,-71.6820819
45.5704331,-73.8852976
45.4024754,-72.7499306
46.8245604,-71.1184155
46.7807977,-71.2026307
46.7590349,-71.2284086
46.7588014,-71.224375
46.7535349,-71.2487053
46.7470529,-71.2637333
46.7433231,-71.2765147
46.7150531,-71.2868584
46.7168467,-71.2564599
46.7262065,-71.2135857
46.7706646,-71.2493054
45.3235033,-72.6430977
45.5611049,-73.5567387
45.5611945,-73.5570003
45.3702489,-73.9922355
45.5621789,-73.5878215
45.5912202,-73.5884705
45.5096221,-73.5736494
45.560847,-73.5445653
45.5605335,-73.5436503
45.5422518,-73.5520157
45.5363159,-73.6033873
45.531911,-73.445432
45.5402516,-73.6118964
46.0479735,-73.1122945
45.5590341,-73.5614467
45.5565272,-73.558764
46.0564819,-73.063826
46.5138321,-72.7427032
45.5235794,-73.5584764
45.5922469,-73.5899757
45.5783873,-73.6036525
45.4842954,-73.4095584
45.5549487,-73.5396792
45.5491548,-73.5915921
46.9070009,-71.3780065
45.5112371,-73.57987
45.5883312,-73.4786629
45.5369094,-73.5679075
45.537358,-73.567479
45.5830732,-73.3270555
45.5811123,-73.3482781
45.5019121,-73.5128524
45.586246,-73.5942567
45.5842857,-73.5994125
45.4769233,-73.6214419
45.5166257,-73.5750032
45.5555972,-73.6357711
45.5059567,-73.5147946
45.4733044,-73.640862
45.4720767,-73.6066868
45.6414565,-72.9954782
45.4669913,-73.6326211
45.4718703,-73.6401681
45.5893056,-73.6071102
45.5837075,-73.6332582
45.582517,-73.6434617
45.5821992,-73.6427301
45.524379,-73.5623198
45.5339871,-73.6336076
45.53328,-73.5565196
45.5103386,-73.5664965
45.5559496,-73.2174669
45.4479778,-73.605623
45.5678825,-73.5721088
45.5810794,-73.6229607
45.5807104,-73.6218798
45.6718847,-73.542837
45.6918221,-73.4900957
45.5011181,-73.6802912
45.6404509,-73.6008138
45.5776444,-73.5542372
45.573727,-73.5941715
45.4814401,-73.6472545
45.5628623,-73.6014199
45.5302234,-73.4407183
45.5078313,-73.5602497
45.5441467,-73.5745054
45.5823434,-73.5809296
45.6078964,-73.5184904
45.5204636,-73.5581836
45.4759499,-71.9401187
45.6600322,-72.1425441
45.9444185,-71.9879154
45.9528367,-71.9901262
46.0493218,-71.9621045
45.2649395,-71.511687
46.2258087,-71.7823891
45.5685617,-73.6353142
45.4922755,-73.422343
45.5522254,-73.5687295
45.5514793,-73.567995
45.531126,-73.2945641
45.4428414,-73.2975632
45.6030516,-73.4494208
45.6030338,-73.4494528
45.6425081,-72.5624154
45.8366697,-72.5698309
45.6425743,-72.5628038
45.6099302,-73.4542373
45.5930188,-73.6422814
45.5096673,-73.5484353
45.4171611,-73.6442847
45.6596482,-73.4998717
45.6274697,-73.5929024
45.6107231,-73.5554672
45.8961951,-73.6688639
45.9000007,-73.6644692
45.4756672,-73.5827672
45.4180744,-73.626509
45.5134176,-73.6849548
45.4730711,-73.614681
45.4983472,-73.6539397
45.4996888,-73.6554464
45.4911453,-73.6333366
45.6635501,-73.5049497
45.6916352,-73.4876584
45.6399984,-73.4982384
45.6061174,-73.5260711
45.8484583,-73.4201562
45.8494847,-73.4211584
46.252908,-72.9448068
46.2525655,-72.9452563
46.2530141,-72.9445241
46.2531345,-72.9448401
46.8444078,-71.2637624
45.5414609,-73.4498312
45.5874745,-73.5889459
45.4498462,-73.5889992
45.479603,-73.5626961
46.3175804,-73.6512302
45.569408,-73.6159177
45.5752446,-73.6258572
46.7531404,-72.8066155
46.7526778,-72.8069423
46.7530763,-72.8075456
46.7537072,-72.8075515
46.7539171,-72.8064408
45.5103697,-73.5565429
45.5089823,-73.5560179
45.4443506,-73.605227
45.5547048,-73.5405078
45.2760528,-72.1502887
45.4925502,-73.7856664
45.9505102,-74.1394143
45.813238,-71.1691435
47.7477329,-70.5578299
45.8132034,-71.168367
45.4480709,-73.4805361
45.5294896,-73.6121465
45.7436575,-73.6209642
45.757417,-73.6270418
45.4969889,-73.4948216
45.5351071,-73.6157974
45.4761782,-73.5706601
45.5157952,-73.5854709
47.2886456,-70.6128515
45.3617354,-73.9930623
45.5961025,-73.4737485
45.4979081,-75.738955
45.7554363,-73.4784665
46.2875642,-72.6725899
46.2883405,-72.6712264
45.5612141,-73.4935152
45.547389,-73.489153
45.5462329,-73.4734528
45.5513469,-73.4699001
45.550791,-73.46129
45.595045,-73.0881957
45.2759108,-72.1503876
45.5693521,-73.6434666
51.5961681,-68.2042024
51.584473,-68.2042483
51.5841418,-68.2043531
45.4928238,-73.8457827
45.5104285,-73.8413188
45.5176995,-73.7298385
45.664044,-73.7769952
45.6864069,-73.5939089
45.677054,-73.5550676
45.6730774,-73.7888651
47.8315287,-69.5364596
45.5067292,-73.7158917
45.4098018,-73.9293817
46.0370713,-73.1080497
45.6280323,-73.5019114
45.5662543,-73.3289942
45.5145118,-73.292728
45.5131545,-73.2925348
46.8912381,-71.1445423
45.4914516,-73.8450656
48.3076775,-71.1059545
45.4743474,-73.6351859
45.5900087,-73.4294062
45.603014,-76.0201864
45.6048008,-76.0133705
45.5853384,-73.6534253
45.4971794,-73.5977101
45.4989689,-73.5993592
45.6824997,-73.4954817
45.6945076,-73.5157496
45.5271763,-73.5661515
45.4158971,-73.6152995
45.516925,-73.7100215
45.6026153,-73.6290755
45.6155982,-73.6229819
45.6064363,-73.6299028
45.607844,-73.6389307
45.5938457,-73.6423041
45.5869198,-73.6400483
45.5819445,-73.6478993
45.5132006,-73.7137303
45.5171552,-73.7127633
45.5052216,-73.6735589
45.5115789,-73.7128423
45.5119951,-73.7025357
45.5081857,-73.7250557
45.5151157,-73.7268951
45.5171437,-73.7283263
45.5219727,-73.701851
45.5214613,-73.6714297
45.5206502,-73.6720724
45.5274222,-73.6874894
45.5262012,-73.6890791
45.5275578,-73.6884437
45.525127,-73.6754382
45.5191059,-73.6850865
45.5217772,-73.6916625
45.5188993,-73.6917872
45.5169512,-73.6909986
45.5162362,-73.6906899
45.5085669,-73.7035143
45.5082522,-73.6996833
45.5090668,-73.6935821
45.4981396,-73.696489
45.5056073,-73.698253
45.5096016,-73.676536
45.5084214,-73.6813101
45.5075322,-73.681659
45.5075889,-73.6815085
45.5083135,-73.6807127
45.5008693,-73.6860142
45.5276236,-73.6682481
45.4912426,-73.8459489
45.4933487,-73.5672749
45.4954781,-73.5538587
45.5233739,-73.559153
45.5925912,-73.5519161
45.6082645,-73.5497612
45.6073486,-73.5593776
45.5957052,-73.5592932
45.5942005,-73.5553432
45.6148687,-73.555594
45.6079816,-73.53356
45.6086887,-73.5364903
45.5488297,-73.540974
45.582266,-73.5632421
45.582714,-73.5615331
45.583568,-73.561941
45.582107,-73.536094
45.5830407,-73.5362135
45.5833721,-73.5370879
45.575805,-73.540118
45.575595,-73.539362
45.6139962,-73.5360762
45.6135432,-73.5335436
45.595681,-73.5380061
45.595353,-73.5265451
45.5944441,-73.5199281
45.5997253,-73.5237931
45.581205,-73.553465
45.582253,-73.553881
45.5951562,-73.5090366
45.600314,-73.5095791
45.5088149,-73.6219973
45.5098124,-73.6275413
45.5039957,-73.6330681
45.5030207,-73.6321741
45.4988598,-73.6548792
45.4901754,-73.6490588
45.4911432,-73.6394407
45.4895286,-73.6330458
45.4685148,-73.6077332
45.4654605,-73.6274896
45.4603582,-73.631968
45.461004,-73.6307552
45.4551777,-73.6397131
45.4658634,-73.6504491
45.4608245,-73.64696
45.4607969,-73.6459492
45.4579845,-73.6491558
45.5271417,-73.6236094
45.5262678,-73.6229069
45.5244568,-73.6242121
45.5267007,-73.6268299
45.5303568,-73.6333003
45.5305234,-73.6432181
45.532519,-73.6415563
45.53358,-73.6426438
45.5416564,-73.6331623
45.5431324,-73.6212444
45.54596,-73.6111431
45.5481748,-73.6199588
45.5575126,-73.6016395
45.5773854,-73.610333
45.5313834,-73.6169742
45.5747436,-73.5698572
45.6250173,-73.5962849
45.6623547,-73.5627801
45.6620236,-73.5627734
45.6501685,-73.4998655
45.6490084,-73.4941548
45.6475185,-73.5008703
45.6386772,-73.5851956
45.6549744,-73.5811789
45.627543,-73.6036104
45.6502261,-73.5848537
45.6361577,-73.5759409
45.6354063,-73.6056299
45.6468694,-73.5757097
45.6314267,-73.616154
45.6559032,-73.5652925
45.6316711,-73.5839669
45.6343567,-73.5982027
45.6407184,-73.5960813
45.6372035,-73.5897625
45.520124,-73.5721136
45.5159981,-73.5759372
45.516926,-73.5719824
45.5232831,-73.5919296
45.5196905,-73.5755047
45.5193507,-73.5794593
45.5132601,-73.6006672
45.4205576,-73.613941
45.4260586,-73.6547754
45.4189804,-73.6332774
45.4584243,-73.6017353
45.4777429,-73.5548174
45.4790223,-73.5642528
45.472418,-73.58441
45.4848762,-73.5726343
45.482647,-73.582324
45.556686,-73.6308591
45.5294556,-73.7067627
45.5732536,-73.6588687
45.5273791,-73.7225483
45.5562684,-73.6344499
45.5483718,-73.6518824
45.5758118,-73.6398879
45.5321925,-73.6807159
45.5417949,-73.6997411
45.5295044,-73.6959212
45.5812495,-73.5837114
45.572264,-73.5919261
45.6984087,-73.4809063
45.4752043,-73.5897681
46.5753507,-73.2785327
46.5757772,-73.2780616
46.5761229,-73.2776131
46.5717151,-73.2746759
46.5716715,-73.2748616
46.5713384,-73.2741867
45.4748304,-73.5924498
45.5037101,-73.5605109
45.472065,-73.5831196
45.3990638,-72.0077574
45.4743972,-73.3801753
45.5094694,-73.5652147
45.5094616,-73.5652198
45.6439645,-73.5972294
45.5223829,-73.5017315
47.6518763,-70.1486669
47.6519229,-70.1485703
45.5720508,-73.8048642
45.5702461,-73.7999839
45.5971452,-73.7781636
45.7512262,-73.6181218
45.8173875,-73.428457
45.9641151,-73.4721105
45.7627251,-73.4463671
45.2257124,-72.5038188
48.2390991,-79.0198967
46.0198611,-73.4304015
45.86853,-74.0820483
45.4488376,-73.3232254
46.6196404,-71.739632
45.0973254,-71.5546642
48.8647433,-72.0832503
45.8514721,-73.48318
45.5334465,-73.5002866
46.8130375,-71.2286406
46.8548091,-71.2723871
46.8557708,-71.2720124
48.8417077,-72.5139727
45.5380433,-73.2144619
45.3850156,-71.9740923
45.4031277,-73.9511908
45.5047347,-73.5763386
45.8589488,-73.5936883
45.4647392,-73.8383626
45.3508882,-73.2998844
45.4646993,-73.8388769
45.5278924,-73.4857802
45.5340187,-73.4836891
45.533865,-73.4830883
45.4789422,-73.4320215
45.5920628,-73.5890992
45.4553214,-73.2937036
45.5352977,-73.6773301
45.519787,-73.4668654
45.406365,-73.9210567
45.4038339,-73.9240724
45.6464398,-75.7920978
45.6040344,-73.5835014
45.5780623,-73.6107216
46.6725439,-73.0058093
45.4842413,-73.4771017
45.4320221,-73.288878
45.4833865,-73.566918
45.4045166,-73.955664
46.2574681,-72.9424083
45.4221821,-73.4711132
45.4975633,-73.5792153
55.2625899,-105.3691268
55.2628992,-105.368736
55.2629281,-105.3672088
55.2633941,-105.3681135
55.2635344,-105.3684537
49.6578344,-109.5119273
49.6591833,-109.5138383
49.658956,-109.5131297
49.6587232,-109.5140852
49.6534051,-109.509674
49.6522821,-109.5084217
49.6700236,-109.5066797
49.6701278,-109.5054915
49.6701286,-109.5059488
19.005103,-99.0792957
27.6677455,-105.2096302
19.3721135,-99.1340551
24.8463827,-105.9047543
21.1613709,-86.8724535
19.4032406,-102.0538773
28.6396838,-106.0697419
19.4083052,-102.0499685
32.5265146,-117.0465135
18.9410146,-99.2295679
19.3470872,-99.1726494
32.5198597,-116.9884656
19.4688225,-99.1385385
25.5394685,-100.9483237
22.2868455,-81.2049406
19.3413549,-99.1631122
19.3793182,-99.1621431
19.4352085,-99.1459551
19.3313028,-99.1830457
19.4292267,-99.1275352
19.4239576,-99.1845598
19.4643789,-99.1083613
19.5332246,-99.1369792
19.3347572,-99.0458751
19.3347675,-99.0458873
19.5039664,-99.1468902
19.4637192,-99.0748307
19.4144267,-99.1993861
19.3236695,-99.1756226
19.4236456,-99.1890937
19.4397406,-99.1646735
19.3946248,-99.0840664
19.3941984,-99.0841167
19.3966404,-99.1929085
19.3990001,-99.1928411
19.4545113,-99.1712024
19.4025904,-99.1360665
19.4025907,-99.1360419
19.3319454,-99.1798401
19.442944,-99.1570766
19.2920047,-99.1205713
19.3247358,-99.1794615
19.3248128,-99.1794711
19.3234898,-99.1798014
19.3247533,-99.1806663
19.3239181,-99.1794775
19.4006654,-99.149921
19.4000561,-99.1547006
19.3562349,-99.1691526
19.3258293,-99.1824422
19.3326724,-99.1802644
19.3338998,-99.1868045
19.3117579,-99.1810926
19.3315672,-99.1814965
19.3316656,-99.1815007
19.3317673,-99.1815123
19.3089146,-99.1658762
19.4717478,-99.1186912
19.3345702,-99.186715
19.3471166,-99.1852798
19.3050244,-99.154883
19.4488028,-99.1569217
19.2198657,-99.1027354
19.4094847,-99.0506665
19.2970033,-99.1407758
19.218908,-99.0979145
19.3703779,-99.1647807
19.3596945,-99.1407744
19.3480362,-99.1826244
19.4319694,-99.1337323
19.3236705,-99.1791988
19.3237437,-99.17883
19.2781292,-103.7293691
19.2593257,-103.7259482
19.2862063,-103.733628
20.0938678,-98.7133788
19.6006013,-98.6510489
20.1241192,-98.7303628
19.9278026,-99.3763017
20.0522042,-99.3335122
20.0516776,-99.3321442
20.0519069,-99.3322542
20.0519245,-99.3319672
20.0522722,-99.3337482
20.0523478,-99.3321362
23.6220799,-103.9221166
20.2051245,-77.3600388
25.5641181,-103.5028331
23.754823,-105.6836142
25.5632702,-103.5027957
25.5681675,-103.4994313
22.0941106,-102.5216752
21.8068052,-102.2953803
21.8061877,-102.2953328
21.9110979,-102.3132435
21.9130021,-102.3152658
21.9128887,-102.3151224
21.9142069,-102.3148949
21.8848684,-102.2830041
21.5137215,-76.9919242
21.3819504,-77.9229811
21.8261854,-77.9529655
21.3566392,-77.9152564
21.3863859,-77.9225411
21.3869442,-77.927307
19.3091885,-69.8883796
19.2194593,-70.5475532
21.846239,-78.7757166
22.2889609,-83.8126716
22.5534067,-83.9110873
18.7142507,-68.4510308
25.649536,-100.2945424
25.732512,-100.1944239
25.7375965,-100.1890143
25.6565186,-100.3920308
25.6623526,-100.418305
25.6519221,-100.389537
25.6001448,-100.3444407
25.6075139,-100.3556933
25.8598028,-100.1478473
25.0759595,-100.0091458
25.6801269,-100.2860091
25.6727052,-100.2940951
25.598614,-100.3352991
25.608633,-100.3523344
25.8004494,-100.307372
24.1044315,-99.8781813
25.7339016,-100.1958731
25.5968525,-100.3364629
25.6068928,-100.3538767
25.6015622,-100.3445827
25.5429966,-100.9499352
25.7715892,-103.2716636
25.7709664,-103.2709187
25.7709527,-103.2717685
25.7715747,-103.2709154
25.7710007,-103.2715957
25.7642665,-103.2748861
25.7642254,-103.2745783
25.7643721,-103.2742054
25.7808992,-103.2728866
25.7763983,-103.2723012
25.7824881,-103.274353
25.7827734,-103.2745189
22.1547547,-80.4303418
22.1549615,-80.4304801
22.1486479,-80.2043316
22.1398513,-80.4309268
27.3270456,-112.2617551
26.2043924,-112.0414267
26.0124115,-111.342856
26.0180352,-111.3514948
24.5672411,-110.7494498
24.9109916,-110.7080352
19.1459348,-102.2200736
19.6728501,-101.2252057
19.6755531,-101.2299105
19.6493319,-101.2379158
19.6468372,-101.2370565
19.6438332,-101.2358372
19.5072751,-101.6204423
19.507235,-101.6204645
19.5072135,-101.6204685
22.0739765,-79.980045
22.4075299,-79.9559287
22.197612,-80.0970838
22.4052712,-79.9805675
22.3756801,-80.1507661
19.0327813,-70.9364699
19.4804759,-70.7183104
19.4871504,-70.7181763
19.3396977,-70.9440663
20.9249082,-101.4336982
20.1432903,-101.1821623
20.4486771,-101.5371395
21.0150451,-101.2500606
21.0153614,-101.2526247
21.1726671,-101.7607455
21.1717452,-101.7609024
21.2921943,-100.5243612
20.6115455,-100.407517
20.6057186,-100.399475
20.614108,-100.4155835
20.6140892,-100.4155611
20.5874652,-100.4077068
20.6304227,-100.4098936
20.5389919,-100.401608
20.6382251,-100.4164014
20.3194897,-100.2528634
20.6062543,-100.3996701
20.6488384,-100.4106456
20.6324912,-100.2619656
20.5905053,-100.336614
20.62756,-100.3984222
20.6024788,-100.3897582
20.6176961,-100.3983383
20.6174024,-100.3967994
20.6131258,-100.4085128
20.6123326,-100.4075455
20.6139943,-100.4059284
20.6134403,-100.4084012
20.6133013,-100.4074337
20.6139389,-100.4038042
20.6126961,-100.4063038
20.6134716,-100.4040722
20.6142077,-100.4035127
20.6004821,-100.3915189
20.6128812,-100.4051126
20.6133419,-100.4033401
20.6060083,-100.3332367
20.6074377,-100.3316073
21.1867478,-99.6117059
22.1874683,-100.7435867
22.1422077,-101.0324207
22.1190454,-100.8415604
21.0352492,-86.7812327
20.6568128,-87.0416113
20.6391174,-87.0662971
20.5041743,-86.9377736
20.5084317,-86.9433131
20.649018,-87.0611995
20.5014419,-86.9491541
20.4956489,-86.9550685
20.490364,-86.9597649
20.9603757,-76.9539845
21.1840456,-76.6041129
20.7486529,-77.7562136
20.9213685,-76.7735307
20.9069051,-76.7809604
19.5246763,-96.9170637
19.514256,-96.9155654
19.5079239,-96.887764
19.5084294,-96.8897092
19.5086082,-96.8900152
19.5154837,-96.9183081
19.5172964,-96.9178777
19.5159032,-96.918374
19.5187035,-96.9183356
19.5189331,-96.9203454
19.5189775,-96.9199573
19.5188578,-96.9197361
19.5186561,-96.9198225
19.5185686,-96.9199919
19.5080089,-96.8883066
19.508303,-96.8895392
19.5082048,-96.8888388
19.5090303,-96.9001506
18.8774923,-97.1110271
19.2010001,-96.2013224
20.6677461,-75.2782858
20.8847845,-76.2598603
20.8996479,-76.2412677
20.8871423,-76.2505726
20.8984998,-76.2451891
20.8972108,-76.2433902
20.8918891,-76.2703614
20.621015,-75.9092431
20.6052561,-75.9098487
20.6438663,-75.936884
20.8853477,-76.2542433
20.8837795,-76.2553748
20.8834956,-76.253289
20.8998676,-76.2392798
20.8808981,-76.261285
20.8966274,-76.2782244
20.8904604,-76.2634084
20.914225,-76.153626
20.8883285,-76.2648771
20.8842403,-76.2584095
20.8878273,-76.2337487
20.8995303,-76.2418912
20.8998553,-76.2407649
20.8956792,-76.2454526
20.8609558,-76.6359241
20.8623049,-76.6352009
20.8828913,-76.2603087
20.8819459,-76.2596386
20.8695026,-76.2686023
20.8993744,-76.2426468
20.8861244,-76.2785822
20.660575,-75.8893717
20.9962525,-76.1843477
20.8828722,-76.253972
19.0035065,-98.2041116
18.9916983,-98.3727196
18.7699571,-97.916542
18.9346651,-98.1559642
18.9337385,-98.1560199
19.0039715,-98.2029651
18.9956065,-98.2015103
19.0010381,-98.1972194
18.9981726,-98.1949567
19.0028513,-98.1996541
19.0023078,-98.2017152
19.0021615,-98.2028792
18.9809114,-97.8342836
18.9808208,-97.8339707
18.9817739,-97.8370044
19.3567886,-98.4833192
19.2282372,-98.3629008
19.1286213,-98.2433721
19.1980185,-98.3327922
19.0968038,-98.2037506
19.0538736,-98.0651316
19.0539459,-98.0657063
19.0774436,-98.1578108
19.0221853,-97.9586755
19.0162464,-97.9443218
18.9908083,-97.8730202
19.077844,-98.1583495
19.0777778,-98.1582865
19.0740419,-98.1486323
18.9784609,-97.8266378
18.9461171,-97.7275025
18.9460293,-97.7273912
18.9439372,-97.724565
19.1991634,-98.3341017
18.9874265,-97.8605534
18.9907432,-97.8728565
19.0046961,-97.9126426
19.0047504,-97.9125427
19.0047755,-97.9125498
18.9907583,-97.8729033
18.9808436,-97.8340515
18.980801,-97.8339331
19.7972759,-70.6977605
28.7981113,-106.465477
27.0341409,-105.203259
28.1864276,-105.4790117
28.6123197,-106.1217436
27.2215751,-107.628223
27.8121273,-105.1685681
27.7620454,-105.161437
28.6587743,-106.0843489
28.6574554,-106.0829932
28.6580414,-106.0854145
28.6584294,-106.0835313
30.623043,-106.5123728
31.5922967,-106.4150613
31.7074734,-106.5130007
27.081889,-104.841398
28.7466161,-105.9683785
27.2726558,-107.9344916
27.7523456,-107.6351231
28.1864359,-105.4790229
27.1353675,-104.923753
19.2951549,-99.351646
19.7969162,-99.8727004
19.798679,-99.8699923
19.7793521,-99.8156911
19.2894364,-99.510853
19.4855328,-99.2472467
19.2535614,-99.6410399
19.2865861,-99.6248132
19.2946794,-99.6536344
18.9146767,-100.304045
18.912755,-100.29687
18.92192,-100.2501717
18.91549,-100.3026117
18.9161467,-100.3018817
18.9166967,-100.3066883
18.858765,-100.4584583
18.879625,-100.2973447
18.9281167,-100.2982967
18.9985317,-100.3604017
19.6209226,-99.0950443
19.427705,-99.2551458
19.4922693,-99.2531786
19.7487745,-99.1921714
19.3986845,-99.4701198
19.3986701,-99.4701019
19.767396,-99.8217345
19.7573579,-99.8265159
19.3568407,-99.2727092
19.3590399,-99.267943
19.5723871,-99.2421752
19.571891,-99.764704
19.4859322,-99.2475618
19.4836902,-99.2468961
19.4832988,-99.2460999
19.4828475,-99.2461578
19.4821222,-99.2457902
19.482772,-99.2452261
19.4835263,-99.2455437
19.4836697,-99.2451469
19.4855817,-99.2467407
19.4821755,-99.2462869
19.4858536,-99.2481213
19.4848959,-99.2484744
19.4822313,-99.246994
19.4845502,-99.2474815
19.6430154,-98.9213824
19.6590114,-98.8776622
19.7164916,-98.7393803
19.6913795,-98.7794806
19.7061484,-99.0854595
19.7062441,-99.0860776
19.7333466,-99.1205544
19.6596436,-99.0792238
19.7984233,-99.1920425
19.6624912,-99.0967305
19.1317104,-98.7681006
24.7880152,-107.4324746
24.8136777,-107.1496228
25.5493047,-108.3569482
25.8091168,-107.9146386
51.1785114,-115.5704111
51.4172344,-116.2168879
51.0649912,-114.1534078
49.1982239,-122.9222246
49.2212851,-122.9111641
48.4432121,-123.3634887
49.1995994,-122.3230687
49.5032586,-117.2830794
49.0553022,-125.7188879
45.6168422,-73.7334808
46.7562613,-72.8117162
45.5885011,-73.4552354
45.5599157,-73.5775726
45.5238717,-73.552647
45.402635,-74.0388847
45.461256,-73.484365
45.8618935,-73.5923563
45.5420303,-73.5534363
45.5633289,-73.6178367
44.9602171,-75.0187695
45.5688241,-73.5267333
51.5695859,-114.100046
49.5588943,-113.8740171
49.0483451,-113.9104164
49.0479273,-113.9125207
48.4292148,-123.3246559
49.2004282,-124.0360946
49.3772526,-123.3361
49.1682192,-122.5838346
49.2450731,-123.1162977
49.2154987,-122.9260764
49.2693914,-123.1343553
49.2104942,-123.1419142
49.3393891,-122.8573739
49.3391153,-122.8579758
49.3397754,-122.8579441
49.2736097,-123.0704751
48.8230504,-124.0581162
48.4214034,-124.0535419
49.2318338,-123.0163318
45.5121312,-73.5774856
45.5056482,-73.5794123
45.5040322,-73.5750716
45.5039764,-73.5784044
45.4196208,-73.6039467
45.479941,-73.5785537
45.4826537,-73.5884143
45.4490622,-73.606092
45.4764717,-73.5720962
45.4798876,-73.5859627
45.5386951,-73.6068535
46.8011949,-71.2220412
43.7256303,-79.7219613
43.5924342,-79.6439165
53.566761,-113.4332978
49.1345665,-122.3283754
49.2379278,-122.5670409
48.5973235,-123.3949
53.4718994,-128.8373122
48.8168492,-123.6143698
49.2908611,-122.9251482
48.6432464,-123.3999198
48.4614949,-123.3581275
49.6313314,-124.0223441
49.2833701,-122.8796637
49.1904086,-122.1630778
45.5201723,-73.5612863
45.5197565,-73.554594
45.5429562,-73.5726373
45.5205221,-73.5649957
45.4895652,-73.5809155
45.4893974,-73.5834651
45.5014257,-73.7036015
45.5839114,-73.6100967
45.5890759,-73.6072895
53.6977975,-128.7891329
45.4987272,-73.5233772
45.4983335,-73.5234925
45.5119467,-73.5363119
45.433709,-73.6018775
43.6974011,-79.3988192
49.2528288,-122.9088479
45.596711,-73.5270622
45.4020956,-74.0493415
49.6567773,-109.5111961
49.6575844,-109.5129268
49.6585667,-109.513939
43.6721822,-79.4242416
53.5396886,-113.5268233
53.5393201,-113.5249926
53.4190485,-131.9160437
49.2449183,-122.3830333
49.2457171,-122.3813988
49.2466582,-122.3792687
49.2211275,-123.1163759
49.2360784,-124.049857
49.2366696,-124.0521
45.5073164,-73.5186325
46.6632444,-70.1389762
45.8572144,-73.2297323
45.6532396,-73.583078
45.5364807,-73.4512646
46.4327708,-74.4080176
46.4335181,-74.4081682
45.5400334,-73.4506569
45.5603141,-73.549667
46.5737246,-73.2764691
46.5715428,-73.2758038
45.3006262,-73.6810829
45.3751533,-73.5845518
45.6237005,-72.9630198
45.5282553,-73.5496981
45.517483,-73.5566506
45.5091129,-73.5643764
45.582133,-73.5527997
45.5816923,-73.5548978
45.5768443,-73.5405366
45.5966598,-73.5967324
49.4001096,-124.6113839
49.4004359,-124.6116761
49.4008208,-124.6119433
49.4014606,-124.6131177
45.7265222,-73.4908059
45.580643,-73.5198385
43.684062,-79.4515289
43.6785727,-79.4410244
43.374385,-80.9765379
49.8449327,-125.0989875
49.8461105,-125.0935126
49.8454033,-125.0945728
54.7052039,-127.0368776
50.7209736,-127.4965923
49.2675955,-122.9426926
48.4265797,-123.3075929
49.2076154,-122.910583
48.4741649,-123.361289
49.2370912,-124.0438798
45.5436303,-73.5612448
45.4580846,-73.5915763
45.5146281,-73.5762679
45.4472013,-73.2809869
45.4455042,-73.2626482
45.4176336,-71.9313123
45.5336116,-73.4543502
45.5514121,-73.5690798
45.5046564,-73.5572977
45.5083515,-73.5546277
45.5275294,-73.6862942
49.1509208,-107.5113908
49.3074562,-123.0402573
53.2511044,-132.1192539
45.5598912,-73.533263
45.4528246,-73.7936435
45.4530364,-73.7941325
43.6834294,-79.4967338
51.4160763,-116.2138193
51.2459463,-115.8401034
51.1771319,-115.571031
51.175489,-115.5711408
49.1242854,-123.1844096
48.4325945,-123.357331
49.226836,-122.6353527
49.2175702,-122.9968259
50.1200765,-122.9843424
49.3802848,-121.4415835
49.2894054,-123.1325131
51.3013926,-117.5211684
45.6009966,-73.6357468
45.5268579,-73.5726973
45.525332,-73.5716993
45.6002047,-73.6225537
45.4417677,-73.2667833
45.2066723,-73.2322126
45.5203434,-73.6951144
49.3086563,-123.0707042
45.5103125,-73.5281092
45.2907516,-74.1728785
45.448612,-73.5797102
45.4276311,-73.6325865
45.4169977,-73.879215
43.6897467,-79.5634052
43.7235251,-79.4282909
43.7260134,-79.4180927
51.1915589,-115.5182917
48.4634359,-123.3098929
48.4586684,-123.3649645
49.7800491,-123.123245
50.678735,-120.3384084
49.2645541,-124.8156546
48.4225698,-123.3823421
49.0788115,-125.783195
48.356627,-123.7260577
45.569868,-73.6527172
45.4714171,-73.5896339
45.3889004,-73.9970772
45.559991,-73.5583739
45.5576555,-73.5616602
45.3749729,-73.9924344
45.503846,-73.5040146
45.5049447,-73.5045826
46.0513604,-71.9438638
45.5674222,-73.5736447
45.5436907,-73.44621
45.5261942,-73.429816
46.0622238,-71.9379416
49.5741783,-109.8756139
49.2458622,-107.7321303
45.6043315,-73.8310357
45.4628925,-73.5608007
45.5144551,-73.537134
45.7458286,-73.4495401
45.6107553,-73.6489869
45.448647,-73.8105986
45.4528669,-73.565014
45.4451473,-73.8045869
48.4452698,-123.36368
49.2677426,-124.7816385
49.4005408,-123.5079088
49.1988335,-123.1823758
49.1631168,-123.9980111
49.2561197,-124.8084777
45.4830408,-73.5762571
45.4161792,-73.6234137
45.8281617,-73.4173589
48.4288539,-72.0637733
45.5747489,-73.6405353
45.5991367,-73.6355076
49.1715472,-123.9391206
45.4593171,-73.7553467
45.4591104,-73.756058
45.4591588,-73.7572443
45.4589625,-73.7537091
45.4593626,-73.5757175
45.4524928,-73.5785738
45.4385653,-73.5919073
45.4276206,-73.6245294
45.4321299,-73.6399041
45.4377746,-73.6346876
45.4338027,-73.652746
45.4338938,-73.6531501
45.4334056,-73.6534435
45.4294846,-73.658912
45.4460172,-73.6495078
45.883571,-73.2746768
48.3880666,-89.2637584
42.6433675,-80.8055755
48.4341214,-124.076458
48.4358965,-124.0794757
48.4363284,-124.0790933
49.4923634,-123.7863591
49.4923623,-123.7863719
50.1262612,-122.9347769
45.590452,-73.545022
45.5117295,-73.5510295
45.4531405,-73.5927742
45.5072015,-73.7333675
45.4421597,-73.2595981
45.5031691,-72.2495483
45.6035034,-73.5695011
45.6056634,-73.5847418
45.604123,-73.5841903
46.3874654,-72.6599167
46.3450823,-72.5714124
45.5713068,-73.5620046
45.4020309,-72.7207081
45.4007897,-72.7288381
45.5617839,-73.4501112
45.5612893,-73.6533149
45.5675435,-73.8144149
45.4707568,-73.586318
49.6625507,-109.5143031
46.9630859,-71.0312674
45.4572032,-73.804418
45.4599561,-73.7977461
46.4411211,-72.3420945
46.4426103,-72.3177592
46.5925168,-72.0426065
45.4661248,-73.5611045
45.466387,-73.5614356
47.0216614,-70.9285876
43.5491524,-80.2619793
43.6534973,-79.3245188
53.3041271,-113.5792662
53.3041817,-113.579418
51.0784209,-114.1315082
51.0787553,-114.0601774
51.0787568,-114.0601623
51.0782862,-114.1331756
51.0772245,-114.1336261
51.0778846,-114.129283
49.2544799,-124.7918231
49.1424045,-122.6524137
49.1522523,-122.662159
49.2323606,-122.7801136
49.2295237,-123.0129752
49.4709044,-123.2347463
48.4505097,-123.4114547
48.4092623,-123.3442405
48.4100186,-123.3366546
49.2176719,-122.9670782
48.5343962,-123.3766123
46.2530842,-72.9469967
45.9090276,-72.4947361
46.0675027,-72.8123261
46.9796264,-70.5675415
45.884215,-73.2807832
48.5659716,-67.6877538
48.6114921,-68.2297842
45.4621073,-75.7572478
45.4659752,-75.7464504
45.3987291,-75.8436744
45.5225429,-73.5770209
45.6019071,-73.735244
45.5994375,-73.6292425
45.5387384,-73.2103098
49.4471463,-123.7290446
45.5826617,-73.669084
45.6752537,-73.5802607
43.7023902,-79.3501024
51.078552,-114.1304615
51.0782776,-114.131835
51.0528901,-115.1142701
48.4520066,-123.4314733
48.4259453,-123.3763872
48.4376488,-123.383125
48.4647359,-123.4683655
49.2360894,-123.0683273
49.2274563,-123.0058414
49.469694,-123.7647518
49.0183258,-125.6729781
49.6786714,-123.1543684
48.444696,-123.3637293
49.2785588,-123.0582386
49.2185365,-124.0278196
48.4318439,-123.3795021
45.5413678,-73.5527555
45.6273924,-73.7402486
45.6286286,-73.7386902
45.5801685,-73.5500354
45.1230126,-72.9871745
45.4861499,-73.5774563
45.560561,-73.5802816
48.5717717,-78.1110888
48.5647034,-78.1080451
48.5751261,-78.1388257
45.5038253,-73.5682989
45.570458,-73.7087393
45.7851594,-73.9817035
45.785965,-73.9834938
45.5597603,-73.5812267
45.4896019,-73.5693892
45.5734025,-73.2130032
45.5939269,-73.2560498
64.0551012,-139.4383138
45.5596526,-73.7010816
45.5624281,-73.6927499
45.4948616,-73.8887645
49.1286883,-125.9009918
49.1272814,-125.8943083
49.1486074,-125.907848
51.0436525,-114.04036
49.2052349,-123.0368693
49.2791856,-122.8429905
45.5038356,-73.5877422
46.5765712,-72.9040164
46.5768924,-72.9020845
46.5754388,-72.9063175
46.574593,-72.9089154
46.574322,-72.909286
46.5770545,-72.9101341
45.6224981,-73.6812375
45.6046808,-73.628999
45.5279931,-73.6019878
45.484291,-73.409593
52.1247511,-106.658411
52.1224011,-106.6672463
52.1430411,-106.6435225
50.448128,-104.6161298
45.6038237,-73.6481498
45.6112459,-73.6435096
45.6295021,-73.6398057
45.4302363,-73.6271768
49.315497,-122.4661177
49.3157369,-122.4666338
49.3167926,-122.4659063
49.3191538,-122.464411
49.319271,-122.4653335
49.3182974,-122.4670031
49.3167643,-122.4668383
70.9034506,-81.7828354
45.4613133,-73.6331994
45.6795493,-73.5036553
45.685571,-73.4925332
45.6991771,-73.491328
45.6730552,-73.493749
45.6672189,-73.5016269
45.4034648,-71.8956747
46.6986942,-71.2894145
45.2813232,-73.6190812
49.7858844,-77.8247799
45.4556484,-73.4671858
45.5348184,-73.5542834
45.5725789,-73.5405181
45.502888,-73.4998692
45.5712373,-73.5418227
45.5716835,-73.5415648
49.1661078,-123.940165
45.4348112,-73.6118156
46.3668604,-72.4995451
46.3685114,-72.5017663
46.3965729,-72.448821
49.219038,-123.213898
45.4425232,-73.7749098
43.6844671,-79.3650136
52.994558,-66.917527
50.3814551,-114.653269
50.9935182,-114.1464463
49.194399,-122.7284516
49.2081236,-122.9049813
48.461499,-123.3581284
49.4134307,-120.2613156
45.5487706,-73.2412888
46.0934644,-73.3529735
46.0948166,-73.353318
46.7562806,-72.8123948
46.7561587,-72.8075004
46.7551654,-72.8067752
46.7554868,-72.8062474
46.7552927,-72.8079121
46.7565689,-72.8070314
46.7558601,-72.8091761
46.7561072,-72.8083536
46.7544292,-72.806925
46.7546411,-72.8062366
49.6855608,-123.1643091
49.3102255,-123.0822981
49.3093992,-123.0839937
46.367896,-72.4968669
49.1519908,-125.9057523
49.1619182,-123.8919648
43.6716325,-79.3730023
49.2141412,-122.9042962
49.1402332,-123.1277151
49.1632635,-123.9972258
49.2088383,-122.4482744
49.2517113,-124.3551542
49.2995457,-123.1339653
49.257355,-122.8873948
49.2583505,-122.8883166
49.1693461,-123.1444511
45.4589004,-73.5954705
47.8256182,-69.5135567
45.7509785,-73.6391268
46.3611656,-72.5761944
45.5369586,-73.6026819
46.8628064,-72.3908002
45.5525366,-73.2305502
45.5072771,-75.7927086
46.0080286,-72.9003747
45.7898266,-72.8596461
45.4407128,-73.2508115
45.5646345,-73.5840972
46.6260006,-72.6660915
46.6094174,-72.6271508
45.4974556,-73.5566822
45.5118934,-73.5552925
45.6002107,-73.6212273
43.1087964,-79.0633231
43.1084679,-79.0632446
45.4130823,-73.9212595
45.4141606,-73.9211678
45.5495007,-73.7393428
43.7663524,-79.2891884
51.023102,-114.1049682
51.0550785,-114.0732744
52.87636,-118.0795073
52.8735227,-118.0815646
49.1636619,-123.143533
49.2260699,-124.017982
49.2200343,-122.5150342
50.8843854,-119.8861058
49.2846579,-123.1018425
49.2813967,-123.0972408
49.2813726,-123.0709421
49.2823739,-123.1097388
49.3035523,-122.8570513
46.2517032,-72.6394027
45.4444441,-73.6060421
45.5176575,-73.6054014
48.4373881,-68.5158571
45.453785,-73.6421358
52.2242333,-106.5964463
49.2234007,-123.9476253
45.438473,-73.6016969
45.4390353,-73.6019719
45.5526167,-73.5311656
46.8042082,-71.2127125
46.8150537,-71.2009931
46.1927578,-77.8485154
54.0607376,-124.6183544
54.0614316,-124.6171718
54.0619945,-124.6167132
54.0150053,-123.9923102
48.5645415,-123.467206
49.2588284,-122.793807
48.7669384,-123.2736793
49.1350411,-121.8332707
49.1337609,-122.6632839
47.1228747,-70.742282
45.4669367,-73.5912636
45.4774314,-73.4606611
45.4759834,-73.4605698
45.5436712,-73.4725187
48.1020246,-77.7867535
48.1019306,-77.7853299
46.3951655,-72.8804562
45.3564686,-73.3092635
45.520778,-73.5523251
45.5198834,-73.5531056
45.3581833,-73.3078117
45.4790915,-73.5804619
46.3961186,-74.989226
49.6707972,-124.9279666
48.4326573,-123.4525339
45.5440053,-73.8913228
45.4376565,-73.6716468
45.4168628,-73.9633848
45.4450443,-73.6799718
43.6202554,-79.5218982
43.6452869,-79.3506753
43.6468309,-79.3472368
54.5193084,-128.5878237
54.4130282,-128.5226162
54.4112645,-128.5229569
54.4135689,-128.5234404
51.9390463,-120.0513763
49.2603517,-122.8781443
49.9722238,-125.2179565
45.5620629,-73.4762059
46.4832664,-72.7074088
45.2130231,-72.7373147
45.5547331,-73.6122632
46.2420545,-76.0213967
46.2414485,-76.0208457
45.6847144,-73.4948522
45.6027795,-72.9719107
45.6134186,-72.9490352
64.5026442,-138.2197874
46.8106547,-71.2116051
46.8107287,-71.2116513
45.659321,-73.773684
45.6505167,-73.6090128
45.6524938,-73.6068811
45.6017192,-73.6624591
46.6976783,-71.5903474
43.6344833,-79.3976867
43.6339905,-79.4039379
52.382525,-114.9248752
51.426155,-116.1791413
50.9824052,-114.1016556
50.6678025,-121.9764434
50.6681628,-121.9747357
50.0368969,-125.2970331
48.4283382,-123.3987298
48.7921965,-123.1814007
49.5246717,-124.8554547
49.0211658,-122.8054727
49.0211596,-122.80547
49.0135453,-125.3617741
49.013432,-125.3613922
49.3054886,-117.6585022
49.1501394,-123.9622062
49.0854093,-116.4313646
49.2173238,-123.1396927
45.5250477,-73.5517524
45.6608856,-73.5608223
45.4402381,-73.4934167
45.4196749,-73.6127538
45.4407973,-73.899158
45.8147665,-71.1662172
46.0513286,-73.4218594
45.8154589,-71.1664771
45.6214113,-73.7225012
45.5286705,-73.7073477
45.8136942,-71.1666749
45.8145824,-71.1676331
45.8147035,-71.1677185
45.5088113,-73.5515642
45.5368366,-73.6301915
45.6499133,-74.9423145
45.4913923,-73.8447378
50.40609,-104.6509445
50.4359102,-104.6086461
49.1323833,-125.9011474
53.0115111,-118.0925576
51.1301195,-113.9992694
49.091533,-116.5091147
49.2371172,-123.0363496
54.0716717,-131.810365
54.0709313,-131.8128306
54.2225788,-125.760478
53.5757519,-131.9382324
53.578846,-131.9316711
48.8372328,-124.1968348
49.0456271,-123.1033725
49.0459605,-123.1050035
53.2376561,-131.8636367
49.8307301,-125.6236289
45.4818287,-73.5976715
45.4806924,-73.59925
45.4814599,-73.5986038
45.4826497,-73.5980973
45.4028083,-74.1384488
45.5818073,-73.5668916
45.5784559,-73.6040235
45.4582158,-73.6741532
46.7508713,-71.4427263
46.7508474,-71.4426884
46.7508389,-71.4427146
46.8400272,-71.6242746
45.4845823,-73.6051143
45.6063292,-73.4468121
46.8276675,-71.3397264
46.5614193,-71.4319879
54.0069534,-132.1371078
49.2132819,-123.1686395
48.4294395,-123.4122281
48.4308806,-123.4131718
49.6177176,-125.0321222
48.4134952,-123.3349957
48.4193621,-123.3274678
48.4082954,-123.3582449
48.4117248,-123.3579134
48.410472,-123.3749978
48.4167082,-123.3736979
48.4178747,-123.3816222
48.4229427,-123.3539766
48.4285811,-123.3659986
46.332105,-73.2763739
45.4739319,-73.6696989
45.475559,-73.6714167
45.7011392,-73.4790658
45.5119975,-73.7561048
45.5506007,-73.2296603
45.5188554,-73.4404677
45.5117069,-73.5127318
45.6469517,-74.3701104
46.8116827,-71.1837355
52.1267281,-106.6580268
52.1343099,-106.6413044
52.1217233,-106.6732681
42.9987605,-82.4186182
49.3117405,-123.0807855
49.13649,-123.0605401
46.7883901,-71.2403977
46.7868229,-71.2384446
46.7956738,-71.2295307
47.0538855,-70.8176772
43.7052015,-79.394819
45.3880336,-79.2013625
51.0231166,-114.1169645
50.9982698,-114.0730455
49.2814938,-123.0995039
49.1389924,-122.6406052
49.1390322,-122.6417135
49.1390483,-122.6429114
49.2422084,-122.8912667
48.4434205,-123.5405401
49.1528591,-122.6514823
45.5791818,-73.5560808
45.4726626,-71.961121
45.2688656,-72.1373146
45.5145993,-73.6625711
45.5331386,-73.5154351
47.591606,-69.7326699
45.5183421,-73.3423912
47.6955008,-70.2230921
46.3953314,-70.5052662
45.5485303,-73.5681028
45.6791923,-73.1966842
45.5771759,-73.2843299
45.430079,-73.2848135
45.3025457,-73.6750126
45.3341952,-71.9926185
46.2768947,-74.7340236
49.3284665,-123.1713276
49.3258067,-123.1545677
49.1978917,-123.141572
49.3232749,-123.1188685
49.1463314,-125.9132639
43.653444,-79.3405963
53.5414392,-113.5002349
50.2037725,-114.1938499
49.2082217,-122.9523659
49.2082155,-122.952381
49.2082149,-122.9523664
49.2082327,-122.9516285
49.2289687,-122.6869577
49.2158872,-122.9849393
49.2161429,-122.9850748
49.2161519,-122.9857639
49.2159006,-122.9857372
49.2152116,-122.9856876
49.2161544,-122.9857535
46.0095716,-74.1959079
45.6163504,-73.6320077
45.461301,-73.584844
45.2949832,-74.0345494
45.2605456,-74.1507405
45.261987,-74.1505908
45.6017749,-73.4321204
45.7699077,-73.3556119
45.7754914,-73.3574684
45.9672646,-66.7414756
53.4833619,-106.2129707
44.1042398,-78.9409538
50.573089,-113.8644342
50.5725232,-113.8646495
53.5420301,-113.5054098
49.2250877,-122.9993911
49.2156487,-122.9849527
49.271158,-123.1697902
50.498908,-120.7992783
49.3124474,-123.0350441
49.1579259,-122.9095546
49.2715814,-123.1065003
49.2550479,-123.1156961
49.2258112,-122.997561
53.9041442,-122.7757713
46.4571415,-70.8059738
46.3741711,-70.9258149
45.3106617,-72.1657988
45.7993069,-73.996623
48.4302644,-71.0597802
46.4608064,-73.1494029
45.4838861,-73.6363108
45.491723,-73.5731029
46.056203,-73.0539064
45.5784623,-73.597048
45.4167276,-73.6229483
45.6050257,-73.524724
45.6062385,-73.5262564
45.6059,-73.5249496
45.475343,-73.5839035
45.5007698,-73.5672004
45.4426452,-73.883399
52.1276032,-106.6730031
52.1242079,-106.6715606
52.0975949,-106.6841949
52.1679905,-106.6335951
52.1286881,-106.7469029
52.120294,-106.6677853
52.1308465,-106.660198
52.1047228,-106.5854879
52.1345959,-106.7218533
52.1765932,-106.6231783
48.9235044,-123.7172419
48.4666254,-123.3532006
48.5086723,-123.3644889
48.5086665,-123.3644913
48.4808251,-123.3164426
49.2142666,-122.9221564
54.0175255,-124.0123021
45.5008296,-75.7978972
45.467374,-73.5954437
45.5044417,-73.7188354
46.0163029,-73.3508117
45.4789879,-73.5868639
45.6803045,-73.5077651
45.4783577,-73.5853136
52.1125815,-106.677489
49.3247913,-123.1508488
45.4634835,-73.9445868
46.3157884,-72.568231
46.3147423,-72.5694332
45.4394744,-73.6062249
45.569552,-73.5278901
45.5925302,-73.5101116
45.4245611,-73.6132346
45.4291416,-73.6563801
45.4376188,-73.617545
45.4639798,-73.5619567
45.4438508,-73.6527685
45.4498375,-73.6525688
45.4323943,-73.6089455
45.4638507,-73.5443387
45.4467156,-73.5712426
45.4562913,-73.5576732
45.4551328,-73.5575303
45.4416423,-73.6848265
45.4363968,-73.7067516
45.4488619,-73.5507369
43.6559679,-79.4314055
51.1479661,-115.5553215
51.0524298,-114.0647062
51.1291083,-114.0085317
51.1287828,-114.008625
49.22994,-123.116817
49.2282309,-123.0061057
48.6409212,-123.430497
49.0038271,-121.064652
49.0054119,-121.06248
49.1691078,-122.898982
45.5706591,-73.6532884
45.5385345,-73.6939565
45.5357791,-73.7096329
45.5351755,-73.7051789
45.5344464,-73.7046396
45.5406997,-73.666259
45.5461634,-73.6706663
45.5638053,-73.6640177
43.1080871,-79.0636775
48.9234869,-123.7172471
42.9616281,-81.1978293
42.9014084,-81.241388
42.9012363,-81.1672213
51.0409573,-114.0277597
48.8048926,-124.6775069
48.8031522,-124.6706848
49.2948799,-123.1500418
49.2791039,-122.9156205
49.0570264,-121.9706304
49.2267374,-122.9993976
48.4228828,-123.368933
45.5095238,-73.5651671
45.5223615,-73.5027478
45.5672044,-74.0970391
45.6255932,-72.9466305
45.5460236,-73.6019187
45.3039656,-73.6959657
45.2427144,-72.5484942
46.0898558,-73.2035743
60.7341284,-135.0788191
60.7179872,-135.0493277
50.8047373,-106.1533367
45.5136026,-73.5349136
45.5113749,-73.5358651
45.5129665,-73.5381294
45.514317,-73.5360543
45.5131995,-73.5357932
45.5428021,-73.8782687
45.4375033,-73.7141104
49.0884816,-123.147269
45.0749861,-78.7142231
50.2042064,-114.1923103
53.0637741,-114.1641353
53.0640998,-114.1637861
53.0642369,-114.1679675
53.0621277,-114.1691919
53.0633317,-114.1689014
53.0641323,-114.169916
53.064326,-114.1688956
53.0621739,-114.1661558
53.062684,-114.1664323
53.0629522,-114.167999
53.0621556,-114.1673117
53.0626798,-114.1696418
49.0679652,-122.3330892
49.065876,-122.316338
49.2255002,-122.9978453
54.510011,-126.3146014
48.4348996,-124.0799717
49.3893807,-121.3901672
49.3891432,-121.3916053
49.1806491,-123.1705478
49.1807825,-123.1702238
49.102547,-121.9922286
49.1019441,-121.9914711
49.100338,-121.9332943
45.4796211,-73.4945993
45.5557365,-73.6651769
45.5713283,-73.7351523
45.1166816,-72.6212512
45.5150104,-73.5847211
46.6075586,-72.6970203
46.6069823,-72.6979091
46.6485607,-71.9288774
45.7180899,-73.4997424
43.6433944,-79.3571624
43.7223745,-79.4358655
43.6806605,-79.6134803
43.6544923,-79.3913199
43.64323,-79.3720561
43.7511999,-79.4202583
43.7114147,-79.4873222
43.6741059,-79.4514959
51.1289554,-114.2692806
52.4131702,-113.8061037
49.2679024,-123.1502802
49.0824753,-122.6531277
49.2834741,-123.1044575
49.2022129,-122.9073014
49.1380044,-121.9563164
45.3630774,-72.2347801
45.2679649,-72.1603018
45.4789362,-73.4057131
45.5139047,-73.5807963
45.5167708,-73.5856961
45.5148402,-73.5832839
45.4788542,-73.4056165
48.8398109,-67.5293688
45.5814552,-73.6239879
48.4959113,-71.7755304
45.4647514,-73.5618984
45.4659501,-73.5619165
46.810871,-71.1878714
46.8117924,-71.1866726
45.6054065,-73.6596815
43.6704152,-79.4284989
45.4078387,-75.7229662
51.0629617,-114.1553414
51.0580818,-114.0913949
51.0581116,-114.0914025
51.0580712,-114.0914253
49.3264341,-123.0462161
49.2730039,-123.1575931
49.1164407,-122.7515853
49.1156732,-122.7530494
48.4197536,-123.3703724
48.4341997,-123.3036722
49.0843101,-123.0637029
49.0112224,-122.4671504
45.4729776,-73.8451362
45.5326902,-73.5568163
45.4667689,-73.8443848
45.511328,-73.6053724
45.5134433,-73.7131426
45.6500433,-73.5016022
45.6406442,-73.5094469
45.5493355,-73.4770434
46.8865214,-71.8394694
45.5304761,-73.5599997
45.5978284,-73.5106047
48.4084132,-123.3195138
45.4348873,-73.5953412
48.3417191,-69.3989575
48.2681007,-69.4940485
48.2679201,-69.4941697
42.0278816,-82.6004904
43.6764201,-79.3956222
43.6759221,-79.3962172
43.2474196,-79.7503924
49.2751521,-123.2063609
56.3296493,-120.955991
56.3288547,-120.9572834
56.3294884,-120.9578275
54.765276,-121.2049159
54.7638516,-121.2031823
49.2409116,-123.1182033
49.2123886,-122.599283
49.202398,-122.9068188
49.3244652,-123.0834812
49.3243017,-123.0843406
45.874937,-72.4988348
46.5718212,-72.2048462
45.5332565,-73.5883489
46.2010324,-73.5845642
45.480815,-73.8665146
45.4807669,-73.551738
45.5395168,-73.5935997
45.4216364,-73.4689846
45.4191267,-73.4708816
45.4177646,-73.4796016
45.4175469,-73.4636538
45.4265327,-73.4851343
45.4095245,-73.476221
45.3988916,-73.467258
45.3959352,-73.4841363
45.3934718,-73.4884467
45.5435489,-73.6122847
45.4123477,-73.3124721
45.5129942,-73.7178453
49.192562,-123.9541325
46.440658,-72.3397693
45.4315294,-73.6118741
45.4334929,-73.6213913
48.8442174,-123.3233661
49.747476,-95.2179108
49.2426472,-100.9423095
49.7830798,-99.7201433
49.2105767,-99.1110422
49.2766683,-98.0191567
51.1902155,-96.6390609
51.1903715,-96.6370959
51.1900731,-96.6371105
49.900353,-97.1412806
49.6884198,-95.3194297
50.6584302,-99.9767909
50.0148017,-96.9141587
56.7453357,-101.2052203
50.6571013,-99.9569247
49.8890132,-97.1285369
50.7012394,-96.5592635
50.8748448,-100.0549013
50.6540169,-99.963458
50.6543978,-99.9629618
50.6551125,-99.9596629
50.6550646,-99.9600033
50.6553403,-99.9645313
50.6548301,-99.9578176
50.6546711,-99.9586344
50.6552472,-99.9576218
50.6553462,-99.9580637
50.6550325,-99.9590783
50.6545342,-99.9592607
50.6543004,-99.9579236
50.6540878,-99.9589951
50.6540674,-99.9599004
50.6555504,-99.9565952
50.657235,-99.9573237
50.6566912,-99.9571062
50.6568613,-99.9563196
50.6564616,-99.9562214
50.6562864,-99.9572182
50.6560169,-99.9564217
50.6554553,-99.9558086
50.656244,-99.9554261
50.6565993,-99.9553187
50.6578812,-99.9557764
50.6582409,-99.9559632
50.6587775,-99.9551582
50.6594162,-99.9546683
50.6602102,-99.9548023
43.7798793,-79.4640417
49.2814502,-122.850464
45.4055324,-73.5047812
46.0108828,-72.9141366
50.65976,-99.9556619
50.6596623,-99.9562828
50.5048363,-99.9122909
49.8746795,-97.1717736
49.8616063,-99.9566388
49.657229,-99.2604091
49.6561281,-99.2622812
49.6572602,-99.2615517
49.657545,-99.2619862
49.8412296,-100.7245214
49.8096396,-99.9852242
49.8702601,-97.2211719
49.8704261,-97.2224137
49.8765558,-97.196354
49.8727628,-97.1613909
49.8913127,-97.1447295
55.4936809,-98.0146343
55.4951256,-98.0141068
55.4925928,-98.0149215
49.8876157,-97.1316927
49.8895201,-97.1314281
50.6210928,-99.9652135
49.8783068,-97.0208538
49.8800936,-97.1469065
49.6601003,-99.2488222
49.6506039,-99.259132
50.0158557,-96.8582282
50.0127464,-96.8573446
49.8080241,-95.2171721
49.8079117,-95.2178637
49.8064342,-95.2168101
49.8734633,-97.2321856
49.8868106,-97.1310688
49.8335618,-97.1347255
49.8870545,-97.1312801
49.8743156,-97.2217854
49.8771468,-97.1731464
49.8193303,-97.1360523
49.8710726,-97.227663
50.0010831,-96.8750533
50.0005633,-96.8743251
49.8868648,-97.1311781
49.887015,-97.1313129
50.2286748,-98.9579057
50.6592377,-99.9568961
49.80649,-95.2175118
50.0243356,-96.8848953
50.0017451,-96.8745706
50.0013778,-96.8737943
49.9575636,-95.9799178
49.8973246,-97.1333141
49.3210094,-96.92668
49.319603,-96.9367891
49.6503218,-99.2531438
49.90285,-97.132641
49.8928161,-97.1600767
49.8848319,-97.155443
49.9097914,-97.133413
49.8898271,-97.1575696
49.9044962,-97.1375372
49.9153423,-97.1437967
49.8960274,-97.1490178
51.1338419,-99.8131748
49.8977312,-97.1804776
49.0918069,-100.8015813
49.5571912,-100.9444759
51.1308623,-99.8066019
49.9014973,-97.1897413
49.9015489,-97.1903263
50.0816021,-95.3698397
49.893313,-97.1460624
43.6939428,-79.2927236
43.697136,-79.2996998
43.7308518,-79.312996
43.6714156,-79.5145591
43.7024164,-79.5257772
43.7283111,-79.5527632
43.7280519,-79.5813705
43.6558745,-79.3804929
43.636949,-79.3926382
43.6367675,-79.3950256
43.637035,-79.3942494
43.6831202,-79.324132
43.6909302,-79.309865
43.6506807,-79.386537
43.7591558,-79.3264183
43.7577448,-79.3331759
43.7456907,-79.3215364
43.2449527,-79.9967041
43.7619567,-79.4557969
43.7214431,-79.4020581
44.2294677,-76.4801854
45.3802796,-75.6967444
44.2324997,-76.6113346
43.7012952,-79.4147023
43.6777134,-79.3364057
43.6958318,-79.394909
43.6220551,-79.379049
43.6183576,-79.3717106
43.7396433,-79.4038072
43.6928077,-79.4324268
43.7394459,-79.2213445
43.6521918,-79.3828332
43.7812843,-79.369756
43.8027136,-79.3837085
43.7292119,-79.3920188
43.6737406,-79.3840696
43.7724229,-79.3888464
43.6738122,-79.3464113
43.6759278,-79.3475258
43.6760368,-79.3481893
43.6802744,-79.3297555
43.6788328,-79.3265528
44.32897,-79.3189944
44.3302991,-79.3174989
44.3285769,-79.3200197
44.3299854,-79.3226857
44.3294441,-79.3175895
44.3305868,-79.3186318
44.3290105,-79.3218154
44.3299018,-79.3147076
44.3288889,-79.3172723
44.3308056,-79.3157258
44.3300154,-79.321821
44.3300762,-79.3164849
44.3284432,-79.3215548
45.4163783,-75.7172769
43.7893374,-79.3496769
43.7883843,-79.3583885
43.7422386,-79.4042873
42.8432062,-79.5451642
42.8445404,-79.5490958
42.8468429,-79.55366
42.8423322,-79.5472614
42.8454973,-79.5491302
42.8467199,-79.5514475
42.8450631,-79.5507895
42.8472563,-79.5527926
42.8427041,-79.5456108
42.842798,-79.5495321
42.8501853,-79.5602081
42.8460097,-79.5515111
43.6842201,-79.315512
44.899703,-77.2509488
44.8971034,-77.2569354
44.896384,-77.2554943
44.8946639,-77.254539
44.9011439,-77.252915
44.9007433,-77.2546172
44.9001884,-77.2530278
44.8980301,-77.2502031
44.8968781,-77.257888
44.8989546,-77.251885
44.8955657,-77.2560466
44.8960734,-77.2573527
44.900609,-77.2577425
43.6774944,-79.3980377
43.6478644,-79.3754666
43.6632793,-79.3955562
43.6759555,-79.3889256
43.6832328,-79.3856887
43.2610664,-79.8834544
43.6586629,-79.3804438
44.4057263,-81.4804589
44.4142029,-81.4702923
44.4078352,-81.4811278
44.410565,-81.4831533
44.4157493,-81.4669573
44.4084304,-81.4812036
44.4091509,-81.4815828
44.4107859,-81.482411
44.4169238,-81.4657201
44.4082571,-81.4800867
44.410576,-81.4776587
44.4114708,-81.4802564
44.4149614,-81.4688078
44.4096978,-81.4807997
44.4081353,-81.4822302
44.4151344,-81.4698697
44.4096978,-81.4830527
43.6708605,-79.3181735
43.3746806,-80.9638666
43.637786,-79.389944
43.9920781,-77.7133241
43.9905164,-77.7263023
43.99009,-77.7155895
43.9899672,-77.7249784
43.9899827,-77.71452
43.9908612,-77.7262662
43.9913235,-77.7118354
43.9906467,-77.7136743
43.9904043,-77.727699
43.9912768,-77.7187063
43.692793,-79.403581
43.6618703,-79.419303
45.7407568,-80.0861625
43.5878012,-79.6470753
43.6752449,-79.3158332
43.6608853,-79.3987064
43.6609715,-79.3982319
43.4101005,-79.7670972
43.3262525,-79.7989008
43.4069836,-79.7858516
43.4313752,-79.740832
50.679191,-120.3234417
48.4611753,-123.5578787
48.4613057,-123.56245
48.4614132,-123.5590834
48.4616556,-123.5606735
48.4619402,-123.5647746
48.462109,-123.5614863
48.4623361,-123.5638393
48.4624038,-123.5669414
48.4627685,-123.5601431
48.4628305,-123.5621144
48.4629554,-123.5677663
48.4629769,-123.5616321
46.8079458,-71.3649709
46.806754,-71.3588851
48.488631,-78.2034506
45.3858965,-74.0300339
45.3991606,-73.5287124
46.7423274,-71.5421059
46.8208003,-72.5060529
46.068992,-71.9773021
45.4725753,-73.5700537
46.8253752,-71.2396732
46.0107874,-74.1730176
45.445926,-73.599181
45.442015,-73.6088586
46.8109795,-71.2176703
46.7661478,-71.2607659
46.7661857,-71.2606981
45.4393499,-73.6002656
51.0763165,-115.1078291
51.0854064,-115.0924394
51.0858662,-115.091115
51.0877102,-115.0886338
51.0870277,-115.0904176
51.086194,-115.0921589
51.0855893,-115.0935887
51.0855782,-115.0944416
51.0853981,-115.0958078
51.0851669,-115.0964271
51.0849957,-115.0972801
51.0847499,-115.0985178
51.0842504,-115.0979084
51.0844264,-115.098945
49.25393,-123.0620011
49.2620899,-123.0656793
49.28591,-123.14297
49.29012,-123.13629
49.2955343,-123.1520033
49.3031298,-123.1563459
50.1351836,-115.5768801
50.6716055,-120.313218
49.69343,-124.9968
49.0637578,-120.7860243
48.76805,-123.2902284
49.093349,-122.4880181
49.0906245,-122.4848231
46.815367,-71.2388404
46.8164578,-71.2327833
46.1302959,-74.5901794
46.1233682,-74.5934405
46.1945321,-74.6313101
45.5635316,-73.6773496
46.8980484,-71.5321622
46.883055,-71.520975
45.599372,-73.676907
45.5646288,-73.6759418
45.5498924,-73.6992199
45.5583403,-73.6885455
45.5332701,-73.7352716
45.4777015,-73.5672797
45.5575041,-73.673487
49.299655,-123.1261483
45.5835261,-73.668715
45.59011,-73.6687486
45.601502,-73.6552087
45.5901627,-73.6778943
45.591323,-73.6775288
45.5851334,-73.6848416
45.5796765,-73.6871195
45.5812252,-73.6876107
45.5807136,-73.6858386
45.6047187,-73.6588092
45.6146869,-73.6472553
43.6974711,-79.3876658
43.6312905,-79.4305282
42.9813973,-81.2556033
43.76626,-79.407532
43.76626,-79.405939
43.4152924,-79.7773053
43.4162978,-79.7694673
43.4143602,-79.77604
43.8158813,-79.4118086
43.7841952,-79.3616542
43.6850877,-79.3708022
43.8947687,-78.8652678
45.3784173,-75.7784785
44.2220571,-76.5288515
44.2232527,-76.5276767
44.2235872,-76.5270973
44.2235602,-76.5275372
44.2221609,-76.5297742
43.6605147,-79.3819096
43.7243315,-79.7217665
44.9125349,-76.0239066
43.4498021,-79.6691549
43.4491591,-79.6692629
43.7247042,-79.4536778
42.310787,-82.89741
43.642403,-79.40054
43.642544,-79.46644
43.645557,-79.4133529
43.646908,-79.41458
43.647945,-79.41415
43.6493508,-79.4151501
43.6560405,-79.402048
43.6593552,-79.4130688
43.66891,-79.29001
43.6702188,-79.2847889
43.6743277,-79.3683006
43.6804726,-79.3414408
43.69653,-79.299835
46.4755573,-81.0165469
43.8220825,-79.1817502
43.6571261,-79.4322442
43.6717706,-79.292563
43.2716397,-81.8269551
43.2696867,-81.8302113
43.2820928,-81.8094565
43.232975,-79.77027
43.2949114,-79.7928015
43.2949017,-79.7928637
43.3020219,-79.8458036
43.642975,-79.46383
43.65066,-79.46246
43.6677069,-79.3536091
43.302605,-79.845856
43.5249988,-79.6027358
43.4940477,-79.6152594
45.3712846,-75.6961233
43.6430357,-79.3671734
43.2415676,-80.0016348
43.6016038,-79.547796
49.6701252,-109.5062854
49.6615072,-109.5212483
49.6620844,-109.5198045
49.6615188,-109.5197978
49.6600129,-109.5201189
49.6605749,-109.5205005
49.6595982,-109.5192428
49.660137,-109.5213958
49.6610071,-109.5189181
49.6615478,-109.5183188
49.6559418,-109.5154235
49.655741,-109.5164493
49.6544029,-109.5140344
49.6551757,-109.51361
49.6662173,-109.5195644
49.6657006,-109.519466
49.6654214,-109.5199374
49.6655411,-109.5214101
49.6649308,-109.5210558
49.6648451,-109.5187851
49.6651761,-109.5185386
49.6654792,-109.5183476
49.6657026,-109.5176667
49.6653197,-109.5159875
49.6645639,-109.5165051
49.6651901,-109.5172322
49.6645001,-109.5174448
53.8017356,-105.3326665
53.8017029,-105.3338589
53.8018939,-105.3311968
53.8004546,-105.3355473
53.8005947,-105.3348879
53.8000943,-105.336296
53.7996212,-105.3353778
53.799552,-105.3347893
53.7988423,-105.3339266
53.7978287,-105.335424
53.7980526,-105.3342378
53.7973556,-105.3341731
53.7978797,-105.3337633
53.7993919,-105.3326079
53.7996412,-105.333523
53.8007912,-105.3322475
53.7997595,-105.3317391
53.8000233,-105.3300907
53.8001544,-105.3294098
53.8015384,-105.3357089
53.8019268,-105.33758
