46.658333,14.05787
46.6221141,13.6676693
46.6226394,13.8320302
46.591789,13.8238936
46.5812538,13.8178957
46.6171196,13.8428632
46.6025077,13.8778276
46.6079705,13.8442865
46.6088153,13.857808
46.6154712,13.9332716
46.6154875,13.8315006
46.6204013,13.8419769
46.6184491,13.8266957
46.6955374,14.0003853
46.5495429,13.7099334
46.6487173,15.0091233
46.6214545,14.2580632
46.6235217,14.3005428
46.6237939,14.3071147
46.6197107,14.2551997
46.6246137,14.2470862
46.5507806,13.6992702
46.6030378,14.6029712
46.6396229,13.4422391
46.6146971,13.8497908
46.6339987,13.4471833
46.5244054,14.5807324
46.5490661,13.7078034
42.7413223,13.5901462
42.6466256,13.640476
46.6494987,13.7848004
46.6176913,14.254725
42.8504667,13.6282522
46.5847608,14.1718995
46.606163,14.0022937
46.5016274,14.1036149
46.5372245,14.3070454
46.420061,14.545414
46.4209508,14.5394744
46.5107059,14.1389996
46.5452852,14.2515311
46.6374642,14.3047317
46.5459389,14.2969044
46.6904597,14.3463473
46.5724845,13.9324546
46.5910693,14.0198874
46.5422059,14.4222367
46.5020702,14.4373919
46.6339161,14.3154206
46.5783791,13.6597403
46.5890827,13.6288786
46.6445123,13.5918232
46.6235643,13.6980621
46.6556253,15.0811407
46.64857,14.275508
46.5201626,13.9548628
46.6794962,14.2654443
46.6305861,14.292231
46.6664153,13.8807108
46.616726,13.6442695
46.5813666,13.8122324
46.6274735,14.3788302
46.516362,14.2687741
46.5797432,13.9673554
46.61462,14.2731728
46.6437341,13.5932535
46.559196,13.979956
46.5858755,13.9337632
46.4482303,14.194897
46.6048098,14.2816934
46.6208846,13.3117496
46.5287937,13.8029154
46.5248628,13.7941024
46.6778595,13.3841605
46.6210991,14.2023026
46.5069489,14.6947189
46.5854959,13.9380303
46.5737435,13.9338762
46.6568053,13.7656078
46.6646293,13.7670812
46.6727261,13.8107129
46.5513192,13.5354453
46.5836657,13.4272558
46.6194801,14.5478566
46.4697937,14.3747032
46.4560815,14.3892956
46.4888739,14.2801354
46.4693571,14.3817322
46.5516736,13.8719101
46.6148931,13.8454935
46.6465537,14.9047877
46.6989208,14.3858529
46.6745738,13.9117863
46.5173172,14.1353495
46.5189089,13.9924913
46.5154578,14.20602
46.5670969,14.447341
46.6577425,13.7575382
46.5357948,13.9434827
46.5505769,13.7024884
46.5164092,14.0467443
46.6823441,13.7286882
46.6274529,14.3322292
46.5516473,14.2072731
46.5839689,13.4264901
46.522112,13.772311
46.5307579,13.7603331
46.5309198,13.7743256
46.5439848,14.3894115
46.5433903,14.3888233
46.5440112,14.3881679
46.5447889,14.3887105
46.571619,13.5868502
46.4837818,14.2616663
46.5513473,13.7449367
46.5310154,13.9806993
46.5208355,14.0302384
46.4868867,14.0165562
46.5182704,14.0769167
46.5577689,14.0966175
46.5448898,14.3858255
46.6136063,14.0420895
46.6259772,14.2215892
46.6787479,13.9696291
46.69455,14.0106623
46.6123248,13.8435834
46.4786342,14.1290102
42.2089184,14.5952324
46.6860111,15.9821156
46.6572538,13.7639274
46.5414722,13.7319675
46.6752521,13.7072943
46.6723926,13.7106905
42.5333901,13.8842057
42.5457703,13.6481114
42.5563462,13.6236381
42.2178691,14.1418494
46.4502947,14.5694395
46.5194281,13.9926951
46.5272515,13.9818446
46.5085903,13.8030908
42.3437043,14.4121421
46.6159551,13.8800132
46.6071645,13.906956
46.6274522,13.3686187
46.6175841,13.8482834
46.6691139,13.3064643
46.6610693,13.3187167
46.5973586,13.5831799
46.6025209,14.0984895
42.5439401,13.8847081
46.6101143,13.8434731
46.6196551,14.2595053
46.6994779,13.7735859
42.5315399,13.5807577
42.5325116,13.5681387
42.5201988,13.5702086
42.5204962,13.5595685
42.2542976,14.4208511
46.6276556,14.3036199
46.5943933,13.8239647
42.2626886,14.3665844
46.5047054,14.6863815
46.62593,14.1803461
46.6488778,14.6265342
46.5858377,14.5682497
46.6232195,14.3086237
46.3845205,14.5722967
46.5323846,14.1802644
46.4814952,14.1519195
46.5285465,14.1946525
46.681415,14.3486023
46.6192448,14.5466965
46.6389378,14.822914
46.652651,14.8036868
46.6184242,14.2594922
46.5591948,14.4833636
46.5445747,14.2865181
46.6606018,13.3208709
46.5656208,13.7829693
46.5449584,14.3341768
46.6327748,13.8460619
46.6632314,14.3281147
46.6103189,13.6393453
46.6340244,13.8376331
46.5632883,13.7139362
46.568129,13.7567697
46.6794638,13.6578593
46.5456656,13.6631465
46.5456459,13.659484
46.5587805,13.6599207
46.6300422,13.751697
46.5781724,13.6108421
46.5923433,14.0055387
46.6100748,13.9127694
46.6010354,13.8294839
46.6344865,13.8863108
46.6102324,14.0446439
46.5861705,14.579178
46.5860863,14.5788962
46.5856771,14.5806416
46.5036063,14.0470801
46.5896488,13.826967
46.6100606,13.8476403
46.4468687,14.1829032
46.569032,14.2516997
46.5595368,13.9787072
46.5909735,13.938732
46.6683055,14.0915099
46.4796085,14.1417021
46.4817217,14.1360318
46.5463109,13.7508782
46.6076908,14.5979857
45.8335136,14.6359492
46.6406432,15.3985545
45.4842404,14.0839051
46.5599044,15.4575069
46.4533522,15.3323118
46.4953705,15.5105547
46.4490991,15.4191817
46.3800033,14.6322775
46.3781964,14.6336686
46.2729987,13.6148914
46.1284199,14.9769723
45.9589535,13.7202564
46.4892152,15.2918836
46.4571334,15.257967
46.4594928,15.2482975
46.4165188,13.783809
46.4048951,13.8013436
46.3098061,13.8276719
46.335256,13.8902579
46.2774045,13.8858328
46.2761398,13.8837016
46.2950132,13.9147272
46.5231427,15.219336
46.5084917,15.2728914
46.3910483,13.9162173
46.5804354,15.5654489
46.5246712,15.6245584
46.5012901,15.5154132
46.5305944,15.4991537
46.5057728,15.502541
46.5179688,15.4685891
46.3919128,14.4756706
46.3914595,14.4687853
46.399484,14.4311097
46.6105178,15.4965523
46.5929189,15.4663145
46.4849098,13.7941161
46.5685572,15.2061046
45.7872242,14.5136067
46.0433965,14.5291568
46.5094391,15.6028799
46.4906422,15.6094287
45.7869926,14.0887773
46.5303487,15.137538
46.5191491,15.1378973
46.02287,13.9747
46.02619,13.96195
45.7597506,14.007586
45.6133396,14.0277438
46.6436069,15.3662214
46.5275912,15.3187469
45.5990397,13.8937295
45.5901638,13.90881
46.5717257,15.3761536
46.4524961,15.3350802
46.436962,15.3438849
46.4156702,15.4714265
46.3715172,14.590223
45.9713816,14.5442526
45.7983895,13.7473483
46.2555614,13.6175597
46.012015,13.7917889
46.0030607,13.6418398
46.3474892,14.6683036
46.353385,15.2345668
46.4816121,15.2300881
46.4668338,15.2970022
46.3807158,13.7514617
46.4075216,13.7547469
46.3579279,13.8550177
46.3312084,13.8660324
45.9968422,13.5250526
46.502547,15.29525
46.08084,13.8578849
45.9661544,14.388067
45.9533269,14.3025706
46.47888,15.5525352
45.5255631,13.5986422
46.6293482,15.2386746
46.6391712,15.2490392
46.6061372,15.2691159
46.1947904,15.3694377
45.8371788,14.407566
46.5413777,15.1629729
45.7981668,14.1194674
45.7667911,15.2972361
46.5016758,15.172661
45.5615067,13.8350448
45.9467198,13.8699059
46.2143892,14.5651939
45.9098899,14.6873946
45.5486716,14.0286705
45.6364024,13.9245363
45.7385162,13.9330744
46.490299,15.5044717
45.8120637,13.8848477
46.363987,14.1457588
46.3809623,14.2169989
46.3401148,13.5553291
46.3392913,13.5545481
46.2827368,13.9556547
46.3241161,13.9054405
46.3011904,13.9044982
45.8897072,14.7714415
45.9757497,14.7529679
45.5548029,14.4450233
46.3884453,14.0918217
46.3958026,14.1071326
46.347951,14.0618221
46.3992548,14.4698465
46.4762087,14.835832
46.4940901,14.8375655
46.0195635,15.3095808
46.3913831,13.8352986
46.5110238,13.8517698
46.0688364,14.5300163
46.0490552,14.5087856
46.0559585,14.8272084
46.4999653,15.1562753
45.5010245,13.911161
45.5014822,13.9121924
45.5270246,13.9532462
46.2203449,14.6122089
46.2136897,14.6080647
46.234473,14.6143411
45.6349253,15.2166396
46.6856736,15.7770601
45.9049073,13.9134641
46.5074942,13.9064681
46.414918,14.5120304
46.6478354,15.0945609
45.7071538,13.8684345
46.3921618,15.5725979
46.2667958,13.5151399
46.2470733,13.5311384
45.6389919,14.228191
46.3044518,13.4813366
46.3078969,13.4719297
46.2972606,13.4370073
46.3334023,13.596832
46.2726094,13.9573601
46.3021115,13.8797877
46.2693423,13.9491904
46.271481,13.951671
46.2725534,13.9528135
46.355784,13.8614175
46.0629681,13.567897
46.1371222,13.6580663
45.8867172,14.7682784
46.179729,13.7555377
45.9938079,14.1701457
45.9981544,14.1676654
46.5564982,15.6484158
46.5578301,15.6511876
46.5602196,15.6504204
46.5615548,15.6410704
45.9172251,14.366087
45.5254743,13.6111068
46.5884371,15.2659598
46.072623,14.5341886
46.513442,14.9858795
45.7564053,14.2083634
45.7585265,14.2102047
45.7665103,15.2089775
46.4836404,14.9859186
45.4993691,13.7556085
46.2958362,14.6538297
46.2718081,14.62916
46.2945211,14.6147505
46.2463524,14.9406257
46.1425577,14.5370697
45.6737245,14.479788
45.6145571,13.8880504
46.1919264,14.0184315
46.2584353,14.2039728
46.2887258,13.6960358
46.2367665,13.5855156
45.8877673,13.7018117
45.9720126,13.6682734
46.398072,13.8002723
46.4118388,13.7240753
46.3134648,13.8174562
46.3053821,13.8579012
46.5751072,16.3900031
46.0953769,13.609601
45.8458978,13.6778916
46.0922314,14.3399919
46.0923655,14.3407017
46.0924327,14.3398128
45.501874,15.209594
46.0318727,13.5128586
46.5013261,15.7508771
46.2067102,13.8893435
46.212697,13.99108
46.215303,13.9404492
46.1467123,13.7591668
46.0707294,13.8150535
46.3849731,13.9073451
46.3623355,14.0900692
46.5618182,15.639771
46.5632442,15.6417598
46.5634969,15.6405341
46.5354799,15.6852538
46.559931,15.6481737
46.4069685,14.5127
46.4702982,14.8498108
46.4859574,14.9480794
46.3901868,13.851048
46.4121396,13.8900063
45.8516435,14.3592097
45.7844357,14.5124397
46.0502267,14.5042999
46.0666352,14.4704902
46.0509957,14.507735
46.0918866,14.4461537
46.5216418,16.2820051
45.478575,13.6984137
46.5620813,16.455864
45.7491941,14.0239894
45.8966135,14.6958514
45.7702735,13.7523986
45.8020367,13.7123044
45.8235288,13.845214
46.2250508,15.6998874
46.2402114,13.5335046
46.0485884,13.7927433
46.2701964,15.52712
46.2366654,14.3558584
46.2732253,14.2061539
46.3362811,13.5194705
46.319202,13.5461595
46.3236544,13.908233
46.1128213,14.3435394
46.1025776,14.352827
46.2651062,15.5944965
46.2104983,13.742229
45.575988,14.4720639
46.3505472,13.994413
46.5490276,15.4941619
46.4432554,13.7768611
46.4463435,13.7129843
46.2771298,15.4111932
45.7180181,14.4182301
45.7278954,14.3925693
46.0931825,14.4483509
46.1349319,14.4956763
46.0676349,14.4884688
46.0468673,14.4666776
45.5475594,13.7336673
46.2169847,14.6997284
46.2754269,14.7031866
46.462692,14.0214137
46.4381511,14.0696618
45.9332133,13.8767546
46.1452798,14.5368623
45.9065456,15.290766
45.7729748,13.8241493
46.3762911,15.614418
46.4365368,14.7291001
45.8422067,13.7330361
46.6174014,15.9611074
46.2157789,14.1506507
45.9450458,15.1405343
46.3213914,13.7200082
46.0648665,13.5710924
45.9358351,14.7389703
45.8635448,15.4656596
46.1822919,13.7330407
46.1846375,13.7319097
46.5640385,15.6492968
45.781557,13.9986212
45.8310847,13.9128297
46.436818,14.7643647
46.4469698,14.8303124
45.9515777,14.5723961
46.48489,13.7857195
46.4836006,13.7832562
46.0725379,14.9084897
45.8005102,14.4684853
46.0932803,14.4536416
46.0513839,14.5081409
46.0543435,14.5151363
46.0239562,14.8545385
45.5053243,13.8777738
45.5390033,13.7382097
45.587616,14.9294844
45.5438501,15.0276592
46.2250283,14.6124564
45.8497189,13.8482008
45.8491055,13.8501856
45.522067,15.3106346
45.5198253,13.5813382
46.4298529,14.2200514
46.428589,15.6336577
46.1641247,14.0720495
46.237985,13.6056939
45.9666203,13.6715153
46.3805202,14.7272237
46.3400612,14.1755834
46.4603624,15.3039669
46.4320446,14.2922546
46.1584653,14.7159052
46.2909307,13.4985086
46.2896869,13.8901257
46.4198156,15.8741126
45.9671682,14.7434278
46.164772,15.5946157
46.1844627,13.738823
46.1915007,13.6693506
46.381583,14.0788996
46.5461295,15.6653022
45.951441,14.2953288
46.4608981,14.7028066
46.4713881,14.7125322
46.4821913,14.8988429
46.0052612,15.3094623
45.8867843,15.610105
46.3290736,14.4395039
46.1102586,14.0133322
45.7773445,14.4050918
46.0461156,14.508653
46.0453692,14.5096002
45.7917358,14.0693508
46.0458575,14.1090411
46.5134999,13.8344003
46.2374928,15.1510438
45.6283596,13.9759667
46.5757333,15.8737102
46.2562261,13.4864349
46.3408234,14.175227
46.095095,14.1028139
46.3394448,13.5513844
46.285605,13.8187617
46.2959374,13.871062
46.3078618,13.7782717
46.2717708,13.9567445
46.1020536,13.6778069
45.8428919,13.5834173
45.8518559,13.5876537
46.0281827,13.5487083
46.0055057,13.5559422
46.0100423,13.5617684
46.4320512,15.8312754
46.2351622,13.7750117
46.2586879,13.7239705
46.3538772,14.149822
46.356141,14.148556
46.4089285,13.8436462
46.4723988,13.9069134
46.4767229,13.7798601
46.4776871,13.9631636
46.056882,14.5167926
45.7657056,14.1963873
45.7799096,14.1801256
45.5480934,13.7254374
45.5462055,13.7260458
45.5461816,13.7261005
45.6027741,15.0311494
45.528069,13.5671491
46.1506336,15.5973692
46.0640537,14.3455928
46.1697841,14.6063735
46.1461913,14.6283093
45.8304565,14.928879
46.6306659,15.1587281
45.9479715,14.6607943
46.2875851,14.8188335
46.5736445,15.8227539
45.781341,13.8348991
46.4499757,15.4375505
45.6885123,14.2711122
46.0017106,13.6298731
46.3753355,14.1985932
46.2414821,14.3099085
46.3619278,14.2837553
46.291708,13.5095884
46.3684076,13.8656102
46.1578285,15.5944137
46.153403,13.7398972
46.534819,15.4931982
45.9639245,14.2976177
46.4636329,13.8266843
46.0635926,14.5451122
46.0603551,14.6317021
45.7662196,14.1944379
45.7409579,14.1290621
45.7671253,14.1325104
45.4500815,13.8501471
45.549913,13.856623
45.5449106,13.7298801
46.2983065,14.6503128
46.1525491,14.5086611
46.1469615,14.4989987
46.1592043,14.5171407
45.9043505,13.9120697
46.2574342,13.6136894
45.9565289,13.6511042
46.292182,14.698438
46.3172019,14.1940084
46.3418839,14.1692324
46.4444131,15.1832645
46.2433641,14.3055117
46.3527244,14.2981411
46.3567522,14.3901707
46.415597,13.6097778
46.4218262,13.6575869
46.3737468,13.5280773
46.3512081,13.5800232
46.29699,13.92715
46.3087842,13.7693533
46.2786234,13.8912712
46.1380569,14.4125371
46.2389881,15.6357934
46.2381846,15.6421588
46.2422506,13.7563077
46.2415468,13.7634275
46.1993834,13.7416041
46.6471166,16.1946207
46.6621849,16.1639056
46.6628923,16.1601499
46.3596024,14.0981902
46.4410754,13.7249004
45.7448573,14.4455735
45.7373294,14.417595
46.0438352,14.5295781
46.0675189,14.4891221
45.9092686,13.6303881
46.5872143,15.0249218
46.5894067,15.0216433
46.1582215,14.5572606
45.5478768,13.6969482
46.4935513,13.975079
45.5137566,13.5936726
46.2777351,13.6281783
46.2154002,13.4148101
46.2349588,13.4332276
46.2711396,13.609388
45.6439652,14.1941154
45.9516852,13.7397969
46.6497249,16.0507196
46.6485066,16.0361062
46.650444,16.0451679
46.3442336,14.3899282
46.4235568,15.8656355
46.1656269,13.899419
46.1796045,13.9195873
46.2089913,13.9665592
46.1504514,13.7443227
46.3683395,14.1090336
46.3498848,14.0671176
46.6035378,15.6048503
46.3445268,14.4132639
46.3140428,14.5452104
45.5227735,13.5888086
45.7285854,14.385611
45.73142,14.3691717
45.7344576,14.36416
46.1296559,14.463613
45.9303977,13.6399749
46.5639443,15.075518
45.7993388,15.2111995
45.7979494,15.2217388
45.7976474,15.2134563
45.7975314,15.21289
46.3278963,14.59014
46.6405506,15.2454132
46.0615791,14.4327777
46.4433934,15.2745364
46.0011407,14.026012
46.2767226,13.6746563
46.2648068,13.6431429
45.9992961,13.6555581
46.0313625,13.6703293
46.320771,14.1595035
45.7831889,15.3337591
46.3780758,14.3435419
46.3811414,14.2722623
46.3394993,13.7105019
46.379406,13.7208718
46.4151342,14.9732856
46.4031362,14.9369135
46.1406379,14.3965276
45.5029219,15.1888454
45.5409288,15.1636211
45.5052772,15.1934242
45.507983,15.1926288
45.9600748,15.4924526
46.163968,13.7373948
46.1632649,13.8117483
46.1595321,13.8137017
46.1989391,13.7413406
46.0668996,13.8270265
46.3684382,14.0967332
46.1239491,14.7483944
46.0569746,15.208451
45.8383648,15.611313
45.5312506,13.6010532
45.8098805,14.3216163
46.0516079,14.5096551
46.5395423,14.9600811
46.4711676,14.9650913
45.5498437,13.7261833
45.5417047,13.7291681
45.541981,13.7269309
45.5296171,13.9520687
45.543665,13.6768125
45.5012103,13.9311798
46.3229812,14.6573701
46.1419244,14.4834021
46.4347316,14.1338661
45.8879493,13.9067357
45.5457937,13.6814854
46.2708148,14.4645086
46.0657183,14.3913388
45.7926057,14.8418262
45.9283519,13.7417298
46.039484,13.6620136
45.8872372,13.6761807
46.4193954,14.8643786
46.4433413,15.1891538
46.3485791,14.3728517
46.3792181,14.3509332
46.3677224,14.3223709
46.3808823,13.7515221
46.4028937,13.7443501
46.050912,13.5854352
46.4209752,15.8721491
45.7874744,14.6434859
45.7829352,14.6467095
46.1087611,14.3901278
46.1331604,14.4314512
45.9546379,15.4719914
45.9252678,14.4500241
45.963664,15.1971721
45.9758964,15.2068272
45.9682336,15.1800479
46.3115699,14.4484405
46.3195368,14.4291085
46.311475,14.4872363
46.3133996,14.4246089
45.821061,14.7039974
45.8191043,14.7053039
46.4695983,13.9619424
46.1096665,15.4395083
45.8602275,14.4553114
45.8608493,14.4540223
46.0512244,14.4887247
46.0587069,14.4441133
46.0947925,14.4407451
46.0432981,14.5044641
45.6198881,15.2592376
46.3655552,14.8989201
45.5044821,13.8780861
45.5446389,13.725465
46.1057513,14.2627027
45.6765125,15.3636499
45.5958281,15.2825563
45.6655655,15.3740815
45.7047772,15.3461617
45.7324479,14.0106925
45.7848946,13.9273056
45.7812576,13.9453861
46.2414305,14.0096934
46.1474825,14.9166665
45.8855739,13.7043255
45.8900508,13.6712674
45.9733289,13.6441705
45.9412174,15.1822941
46.4402617,13.637857
46.3391287,13.5560453
46.276706,14.3133501
45.9652328,15.4853535
45.9593079,15.4858605
45.9723707,15.4847017
46.3812086,14.0587964
46.3770271,14.0897171
45.9530629,14.3005051
46.3697589,14.5359101
46.3028163,14.473454
45.4920968,13.680936
46.5440831,15.4823888
46.1060213,14.9975901
46.0464499,14.958446
45.7281461,14.3823776
45.7646466,14.3521628
46.4686244,15.1301107
46.4920072,15.1052812
45.6203236,14.8469154
45.4905552,14.8832966
45.4882725,14.8839264
46.1361743,14.5893814
46.1343369,14.5891363
46.3813501,15.2954313
46.0633814,15.1882729
45.9585913,14.5273841
46.2693018,13.9490571
45.8412778,13.5833226
45.8497221,13.6053639
45.9723895,15.4590276
45.8473393,13.96138
45.9571395,14.2906861
45.9947932,14.5837442
45.9860461,14.571794
46.0430521,15.2665381
46.0694308,14.5308445
46.0700477,14.5318101
46.0706069,14.532592
46.071127,14.5329903
46.4861285,15.5512832
45.6041125,14.6413816
45.6643614,13.9936501
45.9847247,14.6136168
45.6413172,13.9287976
45.7027484,13.887619
46.2567594,13.6144239
45.6627067,14.2197096
46.1046911,14.1337012
46.1075114,14.1183309
46.3550052,13.9053494
46.1688389,14.4335679
46.2253863,13.7214467
46.0133311,14.1935362
45.9013443,15.5931441
45.8907838,15.6020726
45.873191,15.6514274
46.3146432,14.4676757
45.8401252,14.6863662
46.0239279,14.9371268
46.06937,14.9607668
46.0727285,14.5281285
46.073285,14.5281164
46.5450866,14.9631744
45.7661809,15.2080066
45.804901,15.1659362
45.5498187,13.8532448
45.5184042,13.7782962
45.4817799,13.8367993
45.6836302,14.9927894
45.6981797,14.9644384
46.1617712,14.2951324
46.1832145,14.3077809
46.1972521,14.3021425
46.1630521,14.2779079
45.8747292,13.9504145
45.8726763,13.9494432
45.8746808,13.948682
45.8760865,13.9461825
45.8753215,13.9566824
45.8976161,13.9058887
46.2838916,14.9393503
46.0401541,13.9055973
45.6640837,13.9903583
45.7559071,13.8331267
46.2277037,13.613245
45.6431533,14.2395356
45.9475176,13.71054
45.8881511,13.7471503
45.983214,13.6562166
46.3077827,14.1886389
46.3050455,14.1844496
46.291657,14.2472111
46.085173,14.0383497
45.9742424,14.9564995
46.342037,13.6666679
46.341343,13.6531149
46.3538891,13.8565179
46.2759672,13.9478006
46.2736703,13.9465482
46.2756701,13.9489707
46.3198862,13.9064142
46.1027407,13.6832496
46.0824369,13.6303987
46.0824849,13.6305606
46.1050269,15.1254117
46.1402921,14.4132186
46.1408773,14.4128189
46.1293979,14.3965291
46.2388221,15.6428583
46.156076,13.747111
46.1532568,13.7468833
46.1385287,13.7794867
46.268702,13.7374317
46.3867323,14.0917983
46.3764032,14.0913972
46.3472773,14.0615219
46.4421617,14.8819524
46.1275339,14.0028254
46.1454415,14.0262503
45.8199535,14.396222
46.0511769,14.509777
46.0421065,14.4881396
45.9337188,13.6403525
45.9029314,15.2397482
45.5717296,13.743779
46.1272944,15.1888898
45.8887643,13.9025781
45.8479757,13.8514265
45.5286817,13.56874
45.5288822,13.5676195
46.0379804,14.2499942
46.3940812,14.172526
45.8148232,14.9199894
46.6439959,15.0958286
45.9895812,14.0305717
45.5911869,13.9139495
46.3415916,15.7047425
46.4342298,14.6505312
46.2483654,14.1906204
46.2471622,13.5787755
46.2483497,13.5794581
45.9727662,13.6489156
45.9521649,15.0595716
45.9247472,15.1399503
46.349523,13.6710762
46.3128812,13.7097955
46.2969698,13.9255579
45.5072765,15.2028987
45.7270608,15.0537783
46.1717883,13.7882777
46.5500761,15.6369681
46.5788752,15.6689072
45.8904392,14.4397713
45.9591009,14.2890943
46.0142934,15.1690835
46.0280796,15.1676425
45.9003919,15.5983941
46.3052754,14.4400085
46.0402248,15.0300739
45.7938712,14.3612253
46.0502627,14.515435
46.0524112,14.5125866
46.0626484,14.5128585
45.7734919,14.2119126
46.3949632,14.9466258
45.4787301,13.6936741
45.4434941,13.878901
45.5073651,13.7993385
45.6354848,15.0827614
45.626532,15.2310661
45.8877725,13.9048098
45.8811837,13.8613322
45.8804513,13.8620745
45.9094567,13.8181635
46.1431219,14.5999108
45.9261365,14.0437901
46.0577119,15.6627685
45.6060563,13.9345902
46.2968707,14.8059925
46.5399136,15.9247166
46.4308666,14.6310556
46.2460109,13.6595495
46.2500531,13.6581528
45.6839975,14.2263122
46.3356715,14.2102073
46.3103007,14.2310536
46.1739006,14.1874439
46.408092,13.6038602
46.4327828,13.7443506
46.2966642,13.9233095
46.1281564,13.6498867
46.3086672,14.2954152
46.3156538,14.2929825
45.9876744,15.4698353
46.0327581,15.4788479
46.1693798,13.8381884
46.2124545,13.6442644
46.4025419,14.506424
46.4663649,14.8042499
46.0070756,15.6359672
46.0045809,15.6472947
46.3060336,14.4991705
46.0686634,13.9128997
46.0809629,13.9129901
46.4628329,13.784753
45.8176441,14.3828637
46.0517793,14.5071913
45.8046186,14.2041067
46.0544849,14.8355227
45.5479151,13.7309365
45.5464942,13.7249076
45.6655593,14.8696747
46.1835246,14.1931025
46.0358115,14.1080232
46.4410371,14.0281906
45.6787021,14.4913951
45.6629856,13.9887012
46.2600476,15.1214545
46.3105392,15.2170689
46.367487,15.1065821
45.7559597,13.832176
46.4950041,15.5082479
46.4251406,14.6240708
45.9636047,14.4864158
45.8230861,13.8435022
46.2551413,13.4740243
46.3344507,14.2112044
46.3814862,14.2173849
46.192791,14.776525
46.3223055,13.5532557
46.3669573,13.8693739
46.3405187,15.0537224
46.0521822,13.6016228
46.2811167,14.2816229
45.7381873,14.7260146
46.3775296,15.0451401
46.134908,14.4099679
46.1717928,13.7881272
46.1602147,13.8176747
46.1757374,13.9074844
45.6272567,14.246028
46.3607808,14.1331931
46.552461,15.6464123
46.3704929,14.5495485
46.4419602,14.7522569
45.9195259,14.3654377
46.3945344,13.8300226
45.7930665,14.3633164
46.0475846,14.495874
46.2506949,14.4206546
46.2408729,14.4190475
46.5142752,15.0662015
45.5448072,13.7239268
45.5459216,13.7266156
45.6510161,14.833686
45.6235241,14.8687782
45.8368,15.0445356
46.2928967,15.2918698
45.8757035,13.9437285
45.4810067,14.9055663
46.2704126,15.0507112
45.8238222,13.8462
46.2422965,13.5507702
46.2395123,13.566232
46.0031943,13.6672234
46.3303792,13.6439547
46.3304764,13.643079
46.4071883,13.603524
46.2672399,13.8949087
46.2876319,13.8943014
46.4207002,15.86818
46.1554181,15.1067537
46.1634856,15.1126025
45.8441055,13.6416318
45.5124022,15.2004065
45.9851046,13.5208156
45.9979011,13.5061452
45.6559634,15.0392893
46.2592913,13.7244663
45.499205,14.2734122
45.7619393,14.6360631
46.3599841,14.08501
46.370003,14.1057854
46.5653727,15.6186633
46.5148216,15.7183042
45.8002197,13.9963827
45.9637852,14.2756885
46.393567,14.4997255
46.3890121,14.4788257
46.4822925,14.8983583
46.4910719,14.9010149
46.310196,14.4792617
46.3401365,14.4151371
46.3579863,14.4949539
46.2979075,14.4458011
46.3053982,14.4335178
46.4737811,13.7855046
46.4654256,13.9327472
46.064694,15.4298145
45.7874641,14.3473137
46.0193919,14.2680979
45.8034301,15.1631011
46.5288792,15.0516739
45.5501273,13.8784562
46.2299681,14.6124078
46.2972264,14.6507465
46.2443198,14.9438806
46.2443701,14.9434551
46.0399447,14.1125616
45.8531695,13.8593561
45.8668811,13.8801485
46.1518186,14.5798694
45.7848043,13.8334272
45.9620349,14.521251
46.2629957,13.6246213
46.153989,14.928872
46.3428424,14.1735581
46.3382524,13.5496283
46.276078,13.9485698
46.2743668,13.9465311
46.0968013,14.3763594
46.3163344,15.4812065
46.2308032,13.9314428
46.372758,14.1131284
46.3616712,14.0778308
46.3960612,14.4979813
45.9829331,15.1871952
45.9896502,15.2402286
46.4175378,13.8198665
46.4799651,13.9856357
45.7728433,14.3576063
46.0132034,14.6159284
46.2781042,14.438738
45.5789537,13.7874676
45.5436364,13.7230313
46.2981064,14.6511306
45.8555293,13.8595823
45.8846964,13.8418211
45.8971131,15.6641632
46.2765029,15.2583864
45.7629603,14.8968912
45.9146834,14.6465403
45.7754597,13.7402267
45.8197775,13.8516807
46.2620853,13.4261192
45.8850472,13.7279433
45.8881733,13.7444181
46.3442157,14.1743354
46.2887718,14.2581781
46.3359927,14.178701
46.2617197,14.2746855
45.9307535,14.9701342
46.3593797,14.3002205
46.3538538,14.2740956
46.4059647,13.6030267
46.2915687,13.4993394
46.3103651,13.882337
46.2763029,13.8881733
46.3046102,13.9806908
46.3013275,14.2762227
45.8838474,13.603358
46.135505,14.4092483
45.5703723,15.1926157
45.9723113,13.5373528
46.0212914,13.5245861
46.2155735,13.9994025
46.3686653,14.1160889
46.3615641,14.0827252
45.7830332,13.9967275
45.9915713,15.3813263
46.005272,15.31082
46.1507946,13.9752098
46.4753966,13.7831355
46.0894198,14.8016171
46.1313492,14.5188636
46.0548089,14.510581
46.6469652,15.8431837
46.5115107,15.6919932
45.5429944,13.7203115
45.5018529,13.9320694
45.4689478,13.9701299
45.5919697,14.8903012
46.092261,15.5696386
46.0384635,15.5892815
46.5626811,16.4552477
46.1741603,14.3358265
46.1626929,14.3502975
46.0343265,14.108426
46.4300823,14.0998901
46.4352514,14.0608811
45.9104811,13.8416125
45.8649415,13.9085014
46.4383499,14.4157954
45.9821946,14.5963906
46.3956083,15.171022
46.3815988,15.1463332
45.7601291,13.9130272
45.741391,13.86516
46.2485453,13.6794501
46.3301141,13.5744639
46.3303993,13.5743477
46.1461701,14.4069587
46.3964413,15.9171148
45.915551,14.2306509
46.4778071,13.9441482
45.8450588,14.489902
45.8468581,14.4844678
45.829345,14.4994372
46.0515879,14.5089383
46.0510319,14.5057861
46.4993265,15.6487001
45.5484841,13.7720876
45.5684815,13.7909169
45.5378781,13.7378504
46.2160169,14.7346481
45.899795,13.8567574
45.8832878,13.9865571
45.900264,13.8574653
45.8996852,13.8569941
45.9003224,13.8573923
46.3543394,15.7611587
46.4878017,13.9673103
45.5292947,13.5660543
46.3978926,14.1518299
45.5865706,14.0435581
46.2762613,15.0027795
46.5167714,16.1534676
46.2561704,13.4836263
46.2417924,13.5514755
45.8898623,13.6686487
46.414286,15.1742106
46.3184397,13.5400657
46.574468,16.3438713
46.574194,16.3447428
46.085541,13.6319044
46.0510537,13.6173264
46.1532539,15.0479963
46.1469479,13.7575914
46.6787908,16.0493424
45.603438,14.1770709
46.5589178,15.6466009
46.0368518,15.2668447
46.3183274,14.4981918
45.8370848,14.4078987
45.5284338,14.9240769
46.2822981,14.9625529
46.3873818,14.1476401
45.7017472,14.5906147
46.0032007,14.0236702
45.9737059,14.6122675
45.9736233,14.6114313
46.3694246,16.0204821
45.7665763,13.8824743
45.9593825,14.5275073
46.2498191,13.5871254
46.0687362,14.1777136
46.4209733,15.1803539
46.242556,14.3555119
46.329392,13.5726324
46.2967684,13.8673156
46.086796,13.6346934
46.4204893,15.8718294
46.1497983,15.044942
46.3226553,15.482067
46.1904102,13.7309573
46.1107421,13.8477421
45.9112529,14.218769
46.3935857,14.0855139
46.5572602,15.646814
46.5375793,15.6368864
46.6715088,16.3334069
46.0091844,14.3711654
45.9761755,14.3035689
45.9219711,14.3666274
45.5039039,13.6063749
46.131816,13.9688091
46.1320288,13.9693516
46.0623854,14.6166263
46.0886317,14.5230673
46.0460614,14.8165764
46.5068299,15.0863925
46.3050804,14.6111636
46.2980845,14.6518013
46.2980678,14.6524252
46.5648476,16.4514291
46.5643693,16.4521121
45.8817486,14.0015584
45.9349751,13.8786394
45.9018625,13.8814541
45.5372339,13.6599388
45.9596851,13.958475
45.674781,13.9505976
45.8849327,14.6330902
46.541242,15.4260858
45.7695276,13.957888
46.683039,15.988345
46.2411837,14.0097816
46.2696398,13.5932869
45.9615618,13.6370997
45.9497457,13.6517449
46.2526332,14.3689879
46.4355458,14.3565814
46.3368145,13.5824047
46.3310448,13.5736606
46.331444,13.5741828
46.2843525,13.4671803
46.3126292,13.8860708
45.8813306,14.7771505
45.8870143,13.5926585
46.0465042,13.5215734
46.3796563,15.9632969
46.6367762,16.1701074
46.6377831,16.1666024
46.3732832,14.0997024
45.7976787,13.9704504
46.4491649,15.6381212
46.456889,15.627509
46.0064094,15.3162187
45.4866051,13.597991
46.4864058,13.7852362
46.5951267,15.2357815
45.7596724,14.4699984
45.8111542,14.47936
45.9082657,13.6315065
46.5476573,15.0494714
46.5621494,15.0387114
46.3760946,15.7662442
46.2119092,14.3965892
45.7717073,14.0736913
45.8039118,15.1695958
45.5448287,13.728968
45.5539836,13.8700077
46.2964702,14.6531666
46.1703667,14.309792
46.1853986,14.2218268
45.8840814,13.8429346
45.5263311,13.5740244
46.4144958,14.4529365
46.3541229,13.6048479
46.2715681,13.9801373
46.3907303,14.0120623
45.90731,14.3992914
46.4319127,13.9583007
45.8253367,14.399594
46.4795323,15.1222468
46.1444111,14.4766652
46.1454902,14.4753522
45.9809249,14.0240556
45.8169137,13.7462921
45.9683755,13.6876999
46.3379887,15.4188553
46.1940437,13.7145449
46.3174974,14.472391
45.531098,13.6078062
46.5083916,15.0754214
45.5074427,13.7904379
46.0551397,14.0991237
45.8919267,13.8456489
46.2735466,15.7377343
46.1392707,14.5928209
45.5923918,14.6826176
46.0425801,14.0538261
45.664924,13.9934777
45.664892,13.9936022
45.9571244,14.646029
45.5635018,14.0353332
46.3631825,15.1043883
45.7419679,13.8628542
45.7217337,13.8681534
45.9159467,14.5619545
45.9135809,14.5611629
45.8159918,13.7597774
46.2409202,14.009726
46.1017696,14.9205942
45.6431681,14.2252167
46.3055849,14.2190658
46.3042971,14.2217352
45.9600945,15.1670962
46.2740994,13.9534561
46.1253671,13.6391197
45.8696088,13.6154684
45.9900952,13.6055969
46.3416238,14.1136787
46.5621386,15.6481939
46.0178334,14.3848465
45.9551847,14.3065858
45.955217,14.3046414
46.4595176,15.6091056
46.3353602,15.8794699
46.0128683,14.5715789
46.0665864,14.4931167
46.051778,14.51387
46.0522097,14.5503089
46.5042855,15.5719011
46.2381588,14.416149
45.7807222,14.2032222
45.9898687,14.9488167
46.0167922,14.8872965
46.0087575,14.8399783
45.5134848,13.9089861
46.2152084,14.8329918
46.1559874,14.3109514
46.104122,15.3584006
46.4368122,14.0547122
45.8925918,13.8500945
45.8814271,13.9198117
45.8761848,13.8730128
45.5389804,13.6574439
46.430027,14.2181166
45.9572939,14.0936839
45.6276477,14.0320176
45.6615784,14.0200895
46.2374679,15.1511949
45.9773439,14.6972339
45.7840008,13.7190823
45.9096658,14.5518413
46.2481429,13.5783013
46.2453477,13.5663159
46.1579857,14.924818
45.6680351,14.1877645
45.9583844,13.6511506
45.9723794,13.7408228
46.3564797,14.7439653
46.3474998,14.1713659
46.1126805,14.1118478
46.2911056,14.1395347
46.2876669,13.868168
46.2672294,13.8948749
46.2740654,13.9588027
46.0989772,13.5942593
46.0867902,13.6347064
45.8927775,13.6054496
46.012206,13.5148514
46.1745003,13.740053
45.9207247,14.197096
46.3240901,14.1148291
46.5351052,15.6052174
46.5631709,15.6255576
46.0275955,14.4182996
46.0232125,14.4252983
45.9590895,14.2891634
46.0100209,14.2179543
46.469743,13.8313242
45.8470098,14.4178674
46.0957213,14.4426809
46.600985,15.1052582
45.8262576,14.2099436
46.3113702,14.9104231
46.3114644,14.9100804
46.3116101,14.9106341
45.4699682,13.7017387
46.330283,15.3152693
45.8449758,13.8616715
45.8561644,13.9070674
45.5282624,13.5691579
46.5479853,15.3892693
46.4064039,16.0171301
46.4082051,16.0125316
46.3963671,16.2587105
45.9614674,13.6464857
46.3708433,14.1179684
46.176836,14.4794284
46.1675005,15.3502888
46.1406725,14.6036597
46.418493,14.1629955
46.4150446,14.1939646
45.808691,14.9641518
46.0324781,14.0257221
45.735085,14.0680513
45.6230075,13.977975
46.4164211,15.1220565
45.6532523,13.8809283
46.3940251,14.6039803
46.3937603,14.603913
45.8128527,13.8308457
45.8129756,13.8138424
45.9550081,13.6349351
45.9826652,13.697411
45.8876625,13.7225114
46.3185142,13.4972118
46.3195956,13.9108165
46.1399393,15.1170972
46.1409293,15.1145241
46.1438701,15.0830655
45.880937,14.7777657
45.8352408,13.6172614
46.3159283,15.4001797
46.2350192,13.7197202
45.9079479,14.2299366
45.9128514,14.2138621
46.3566301,14.093355
45.9488795,14.4262449
46.1376694,14.7408951
45.7869472,14.5154296
46.0190577,14.7155507
46.0626317,14.4785199
46.2278648,14.4197376
45.7972103,14.1761042
45.4999806,13.7177268
45.5491736,13.7283898
46.2506725,14.7435968
46.2598889,14.6205308
45.6815488,15.1495557
46.0732197,15.5535079
46.0717822,15.5557731
46.0785854,15.5208402
45.8760593,13.8566467
46.1682653,14.5726617
45.4543107,13.6620157
46.0489874,14.2135711
46.1351548,14.6011983
46.1353623,14.6019476
46.1350158,14.6021269
46.1347825,14.6017105
46.1335651,14.6020275
46.3836054,14.1761718
46.2133378,14.5400775
45.6596746,14.0349524
45.6825443,13.9738986
45.6399105,14.0528567
45.6151428,14.0757207
46.2944556,15.1379599
46.2583374,15.7915306
46.3365964,15.199886
45.7074375,13.8689112
46.4232695,14.7434506
45.946827,14.5495252
45.94627,14.5474825
45.9589055,13.636006
45.9563245,13.6350423
46.3619426,14.7608517
46.3153598,14.1937878
46.2375597,14.3648507
46.1860658,14.7540645
46.1010431,13.6828288
46.1719788,15.0555043
46.1806897,15.0671027
46.4096144,15.8334496
45.7597305,15.0553579
46.186948,13.7417663
45.5480986,14.2592567
45.6200155,14.1896223
45.5210488,14.1474665
45.9732485,14.4220253
46.1194265,14.7052158
45.9701077,14.5704423
45.9698897,14.569835
46.4602741,13.9386632
46.4601929,13.9391087
46.0580874,14.4984964
46.107099,14.4470882
46.0232178,14.2940752
45.8418475,14.2545401
46.3707889,14.9234589
45.5783943,13.742563
46.2253151,14.6076677
46.2332176,14.7089644
46.1638489,14.5710451
46.208639,14.5386396
46.0620819,13.8947313
46.2901167,15.1329133
45.6133561,13.9880659
46.3736752,15.1068017
46.374336,15.1026586
46.494585,15.4929113
46.0666473,15.1854447
45.8199128,13.8515753
46.2646496,14.1207051
45.6543622,14.2199179
46.3513561,14.1591178
46.3529595,14.1643724
46.377704,14.2044788
46.4133461,14.9000022
46.108606,14.714882
46.0879669,14.6083754
45.9036238,15.1415724
46.3671251,14.3319974
46.1615708,14.6761024
46.3252172,13.9192509
46.2741968,13.9461323
46.4199968,15.8657531
46.4168872,15.8714173
45.9878083,14.8756937
46.2342709,15.0148379
46.1760505,15.0225536
45.4622835,15.2519248
45.7797781,15.0197305
46.2133924,13.9249246
46.2001729,13.7007425
45.5428397,14.255931
45.5466702,14.2611948
45.9366145,14.1567301
45.9173448,14.2237907
46.3889107,14.1070664
46.366113,14.1111222
46.3634408,14.1025378
46.5594172,15.6455908
45.8318087,13.9710574
45.8641828,13.9377774
46.4038796,14.5153496
46.393157,14.5017043
46.445222,15.6363175
46.2527792,15.4429943
46.0543898,14.4722437
46.5787019,15.7272485
46.058042,14.8379263
46.360256,14.979173
45.5736339,13.8033578
46.1358289,14.3337692
46.1548375,15.2328074
45.8630128,14.0303979
45.9100765,13.8940865
45.8661033,14.5109139
45.8857636,14.5968994
45.8924547,14.6130946
45.8603392,14.5860862
45.8828163,14.5057082
45.852448,14.5096645
45.8772639,14.6133972
45.8480212,14.5714044
45.8645051,14.5145909
46.2000256,15.2674323
46.221431,15.2690568
46.229911,15.2652543
46.2297509,15.2637472
46.2018363,15.2597432
46.2278899,15.2645496
46.229689,15.2645512
46.2280293,15.2615395
46.2518523,14.4877267
46.2513709,15.1630547
46.2421659,15.0558176
45.7862191,13.7163994
46.2131801,14.1409543
46.2072101,14.120018
46.2303881,15.5155394
46.2308454,15.5187235
46.2767509,14.3928608
46.3376005,13.551799
46.2726133,14.3195405
45.953959,14.8373404
45.5691414,15.1923123
46.1084712,13.8465984
45.5466585,14.2590837
45.5674666,14.2512586
45.5531859,14.237617
45.8585426,14.2641024
45.8450559,13.9617734
46.1583393,13.904945
46.1518063,13.94909
46.5949139,15.228573
46.0549076,14.4719943
46.0548432,14.4703038
46.3382273,14.9644273
46.3398355,14.9620543
46.1690422,14.5155878
46.4376007,14.045448
45.9085309,13.7771611
46.3561041,15.6845843
46.2859046,14.4650821
46.2899309,14.5018901
46.290322,14.5142376
46.2868108,14.4835831
46.2934446,14.4741627
46.2929724,14.5299161
46.2764288,14.5067837
46.2647705,14.4933445
46.2577537,14.54378
46.2531312,14.4869953
46.2604465,14.5631555
46.0903517,14.3294715
46.0773858,14.2944939
46.0688106,14.2724627
46.0654321,14.3154959
46.050809,14.4103983
46.0463149,14.4058556
46.0422435,14.2507463
46.0642592,14.3117143
46.0675619,14.3137572
46.1392282,14.6031906
46.1878714,14.6139124
46.1868784,14.61036
46.1757372,14.6045322
46.104171,14.6167278
46.1380238,14.6055726
46.1492129,14.6020976
46.1574928,14.600635
46.1551592,14.6004378
46.1390536,14.5939987
46.1566285,14.5994281
46.0982277,14.6011614
46.1605802,14.6004409
46.123612,14.6685376
46.1483096,14.6618252
46.4074955,14.1479043
46.3838721,14.1731865
46.4229846,14.199291
46.3982175,14.1481402
46.1774327,14.5289098
46.207297,14.5394246
46.4242614,15.3245147
45.6982593,14.492839
45.6980457,14.4915354
45.6984129,14.4928712
45.698072,14.4917983
45.5834061,14.4779324
45.6462618,14.5495914
45.7677749,14.885935
45.810065,14.8986036
45.7621846,14.8985922
45.7698978,14.8888208
46.6061046,15.124518
46.0424307,13.9343972
45.9871637,14.0314888
46.0114868,14.0154712
46.0062737,14.0319797
46.0013165,14.0278094
45.9573082,14.0931691
46.042603,14.0538113
45.6555388,14.0260483
46.0564143,15.6627096
46.2403916,15.1522807
46.2537993,15.1680393
46.2518419,15.1679936
46.2519313,15.1634485
45.9568054,14.6605081
45.8837586,14.6327242
45.9880342,14.7227011
45.9681497,14.6612388
46.6196783,15.4353558
45.6421573,13.9270325
45.5931556,13.9074007
45.6340449,13.923673
45.6145737,13.8890854
45.6093704,13.9338486
45.60331,13.9498384
45.6260094,13.9794104
45.6066967,13.9297478
45.6351509,13.9102498
46.3413671,15.1734844
46.1321522,14.5474983
45.7727143,13.7814479
45.7693584,13.8035406
45.7665114,13.9780036
45.7952993,13.9055105
45.7563247,13.9436909
45.7667859,13.9762735
46.4917785,15.5322994
46.4153354,15.5028411
46.4286515,15.5102814
46.4322476,14.6416371
46.4193101,14.6943619
46.4363175,14.6815498
46.397686,14.7101437
46.3983985,14.6302983
46.0632307,15.1884329
46.070835,15.1815078
46.0853916,15.1706191
45.9714581,14.5261146
45.9781401,14.4719926
45.9748478,14.5115477
45.8138088,13.6253771
45.8182995,13.8868915
45.8127994,13.8800008
46.6168243,15.9599671
46.6235,15.9817673
46.6443426,15.9312605
46.6086252,15.9766886
46.2003999,13.5887283
46.2081191,13.5991183
46.220886,13.5902504
46.1994366,13.5881582
46.2108715,13.5600983
46.2865131,13.6264829
46.2877197,13.6233152
46.2020752,13.6002466
46.202474,13.5992658
46.2443849,13.5150731
46.2518467,13.5891082
46.2586389,13.5106293
46.2354093,13.6139235
46.2465254,13.4559021
46.2463067,13.5819132
46.271179,13.4259049
46.2546636,13.4395502
46.279609,13.4169016
46.2658442,13.4359827
46.278479,13.6765423
46.2508744,13.6229515
46.2784944,13.3916925
45.6431814,14.2398527
45.6432868,14.2398388
45.6431943,14.2398516
45.6429288,14.2405377
45.9573652,13.6470402
45.9562395,13.6468511
46.0319761,13.6712002
46.0992225,13.8015451
45.8735891,13.6655708
45.9696309,13.6891555
45.9371558,13.7732861
45.943808,13.6279056
45.9432726,13.6276992
45.9529257,13.6340002
46.2624109,15.5286096
46.3324916,14.1592208
46.3479757,14.2059762
46.3284557,14.165054
46.38529,14.2012777
46.3482384,14.1703674
46.4154021,14.229239
46.315825,14.1339174
46.3058195,14.218377
46.3274295,14.2353858
46.4862485,15.230032
46.4982092,15.1960715
46.4649152,15.3186728
46.4816118,15.2300838
46.504952,15.1937954
46.1093364,14.7149047
46.3402406,14.2821306
46.1761449,14.8038478
46.2853747,13.5123797
46.336691,13.5494347
46.3399982,13.556338
46.335513,13.5884856
46.3350972,13.510439
46.3356456,13.5884627
46.3381118,13.552646
46.3190778,13.5383656
46.3890884,13.6516133
46.3707344,13.6311927
46.4169773,13.6092043
46.290717,13.4986674
46.3414295,13.4838407
46.3357927,13.5490923
46.338534,13.5538588
46.3407261,13.6536123
46.4094911,13.7253691
46.3381026,13.5785155
46.4058551,13.7372392
46.3831009,13.7668947
46.3328713,13.5395841
46.4094571,13.7253586
46.3981726,13.8001049
46.3858222,13.780632
46.3681694,13.7478465
46.332744,13.4668995
46.3673529,13.7924034
46.3742441,13.654663
46.4007974,13.5970839
46.4025262,13.7429884
46.4047104,13.5964641
46.410206,13.6778991
46.3349286,13.435046
46.293512,13.8878519
46.3019759,13.8822633
46.314319,13.851198
46.3124477,13.8780354
46.3575668,13.8870217
46.3375562,13.8384926
46.3188706,13.778875
46.2897254,13.7992901
46.3028785,13.9328167
46.316408,14.0115906
46.2924218,14.0043241
46.2775985,13.8874056
46.2754308,13.9280976
46.6120504,13.8457366
46.5728209,13.9326811
45.9533875,15.1876235
45.9907322,15.3882784
46.3238605,14.4619801
46.3148689,14.4680505
46.4010548,13.8868884
46.3910814,13.8351053
46.4486925,13.7071635
46.4476083,13.730262
46.4980586,13.7164847
46.0432748,15.0473775
46.0693955,14.9610749
46.0436768,14.965345
45.7298267,14.3750752
45.7209729,14.4161546
45.7192313,14.4172302
45.7177163,14.4175896
45.7885477,14.3024992
45.7688423,14.340473
45.8482687,14.482027
45.8475195,14.4807556
45.8439041,14.4870481
45.8433903,14.4858035
45.8284365,14.3987081
45.8621231,14.3429553
46.0502081,14.506856
46.0466831,14.5068595
46.0357876,14.4667479
46.0659334,14.4746949
46.0555221,14.4768586
46.0519524,14.504552
46.0368558,14.6495003
46.0362249,14.6248475
46.066885,14.4829778
46.0511309,14.5094037
46.0479647,14.5061349
46.0678242,14.4674204
46.053937,14.5044666
46.0737753,14.4685144
46.0460125,14.5039659
46.0624174,14.5129625
46.0626636,14.5128794
46.0908848,14.4394663
46.0482148,14.5093275
46.0503183,14.5099208
46.0452626,14.5640053
46.0408378,14.5106493
46.0670522,14.560782
46.0322175,14.4908527
46.0261226,14.5142302
46.0510241,14.5027828
46.0528082,14.4948555
46.0739845,14.5311704
46.0620853,14.5141199
46.053864,14.7147454
46.103,14.5336
46.0496145,14.5063483
46.0719113,14.533622
46.0732371,14.5346727
46.07396,14.5352662
46.0442174,14.4665996
46.0508137,14.6917433
46.0695977,14.5287401
46.0818488,14.5447906
46.0367675,14.46314
46.1291189,14.4689704
46.0523937,14.508565
46.0543665,14.5061577
46.0350531,14.6001382
46.0482793,14.7108615
46.0823302,14.4979659
46.0618178,14.5123489
46.0225435,14.6860778
46.0010413,14.6529025
46.052021,14.5501031
46.0513218,14.5149809
46.055493,14.5127569
46.0258337,14.4665623
46.0536087,14.5234014
46.0522499,14.5615614
46.0484661,14.6015166
46.0884932,14.5100839
46.0592843,14.4968771
46.0571289,14.4735578
46.0626757,14.4794842
46.0465731,14.5039482
46.0517466,14.51511
46.0519886,14.5155357
46.0679363,14.5412007
46.0683129,14.5211112
45.9420886,13.6281031
45.9383806,13.6266851
46.3760804,15.7662521
45.7121555,14.1777893
45.7499706,14.1948524
45.7501832,14.1952453
45.7579912,14.0620166
45.7980408,14.1194537
46.5168105,15.1557232
46.311645,14.9107547
46.3117308,14.9093525
46.3124208,14.9132451
46.3122661,14.9125076
46.3125736,14.913003
46.3111885,14.9110888
46.3110592,14.9097286
46.3110472,14.9082191
46.3118601,14.9097064
45.4679569,13.8390608
45.5434336,13.8391995
45.578419,13.7428553
45.5785419,13.7432482
45.4576857,13.9327992
45.5071573,13.8002738
45.5488086,13.8123624
45.6054484,14.8866735
45.5882185,14.9384491
46.2064154,14.6039193
46.2953995,14.6511412
46.3274816,14.5890379
46.2961894,14.6529354
46.1602892,14.2915584
46.1605329,14.3494387
46.1606383,14.2776327
46.0555627,14.0957034
46.0551685,14.0992893
46.0522303,14.1003097
46.4701569,14.0860928
46.4389188,14.0496846
46.4401298,14.0461593
45.8758845,13.9436661
45.8699881,13.8949075
45.8690624,13.8490466
45.8792314,13.8577124
45.9682418,13.6148119
46.2532001,13.3983855
45.9739008,13.4551515
45.8916932,13.5013992
46.5606512,13.5066052
45.7988872,13.585712
45.9015197,13.414708
45.9373336,13.6146883
45.87725,13.4859011
45.941554,13.5141879
45.8221856,13.4315227
45.9175842,13.4818807
45.9401963,13.5152275
45.8945745,13.4953563
45.7243205,13.4793674
45.876783,13.488877
45.9458162,13.6200386
45.6857861,13.4051112
45.879078,13.5382772
45.8792344,13.5387151
45.9405019,13.6225732
45.8892769,13.5767712
45.6844694,13.4050536
45.8649929,13.4322735
45.8772214,13.4833463
45.8202254,13.4455745
45.9779575,13.489011
45.9464151,13.6167063
45.8016587,13.5452884
45.808827,13.5332745
45.9347073,13.547499
42.6040246,13.3725385
46.2733298,14.2895815
46.3769731,15.0480998
46.1439591,15.0555769
46.1711056,14.4482752
46.1688176,14.433384
45.9666749,15.4853225
45.9498879,15.4876747
46.2349033,15.6378449
46.0642698,13.8291433
46.2084845,13.7606581
46.19969,13.7546147
46.218456,13.6498646
46.2137179,13.637484
46.1996314,13.7820885
46.1981251,13.740284
46.1784461,13.7171053
46.1802182,13.7026556
46.1889794,13.6776854
46.2221417,13.8050299
46.1557401,13.7485604
46.1684894,13.8028534
46.264474,13.7386026
46.1944467,13.9232953
46.1436057,13.7281435
46.1512826,13.7366326
46.1440941,13.7301162
46.2131141,13.8317703
46.1948156,13.8049
46.2138982,13.9851852
46.2423194,13.7248191
46.2127403,13.9230328
46.1369585,13.7256059
46.1686622,13.772752
46.1979881,13.7399198
46.1455834,13.7671586
46.1217748,13.7581384
46.1441685,13.7394387
46.1797918,13.6601562
45.5625161,14.2433031
45.917449,14.1669073
45.9207361,14.1641288
45.9170274,14.2284279
45.9105008,14.203977
45.9128172,14.2138892
46.3676367,14.0853049
46.3883281,14.0918275
46.4221418,13.9750697
46.3493402,14.1350474
46.3845073,14.0267349
46.5587692,15.6508944
45.8689064,14.425216
46.5057292,15.5137414
46.5177114,15.5398601
45.9499819,14.2959362
45.9656558,14.2469486
45.9539688,14.292289
45.9539346,14.2994756
45.9516273,14.2979443
45.9524824,14.2994483
45.9632854,14.2957544
45.9680808,14.2942183
45.9680918,14.2930667
45.9670678,14.2982574
45.9740663,14.3010135
46.4586479,14.8307546
45.9514362,15.1898578
45.9508526,15.1858905
45.6800996,13.3853908
45.6787412,13.3855336
45.8889514,13.5006585
45.8521515,13.4934997
45.876321,13.5343646
45.9899589,13.4680238
45.9666797,13.4735009
45.9667575,13.4736059
45.6828673,13.3843576
45.9565682,13.4847685
45.9608702,13.47315
45.942589,13.6253779
45.9445918,13.6252688
45.9851134,13.4850416
45.6968748,13.4567927
45.8904101,13.4999953
45.9464899,13.511768
45.9456535,13.5455219
45.9081758,13.5181266
45.9454125,13.6158408
45.7475226,13.4490675
45.9777463,13.4887119
45.6788449,13.3987617
45.9286518,13.6185538
45.8076423,13.4447879
45.677774,13.4322962
45.8416996,13.5479846
45.8331427,13.5541711
45.8014095,13.584066
45.9451386,13.6199964
45.9651251,13.4684612
45.703648,13.422953
45.7975729,13.4642167
45.9388158,13.5482492
45.9651794,13.5772831
45.6778727,13.3989219
45.8361502,13.5594934
45.7555425,13.5000409
45.8761038,13.4861465
45.6777956,13.3996113
45.6776448,13.3986388
45.9361544,13.5738214
45.9562127,13.6124166
45.9547496,13.6094024
45.9209754,13.4566232
45.9183769,13.4147441
45.9821024,13.5873453
45.8051764,13.538512
45.9546935,13.4718054
45.9335569,13.6064082
45.9325461,13.6074947
45.9460527,13.5112143
45.9294061,13.5993477
45.9633971,13.4939442
45.8856037,13.5409135
45.9346708,13.6054015
45.6824919,13.3850851
45.6809743,13.378343
45.680421,13.3796528
45.6801999,13.3801272
45.8871558,13.5043807
45.8202722,13.586658
45.6826868,13.4123028
45.6800787,13.4127135
45.6787928,13.3885948
45.6788391,13.4133564
45.6825464,13.4092194
45.8010205,13.5294638
45.6773681,13.403521
45.677486,13.4047427
45.677252,13.4022743
45.6768616,13.3984458
45.6770834,13.400423
45.6775333,13.4053754
45.6774296,13.4041412
45.676756,13.3975812
45.6771388,13.4010491
45.6770167,13.3998089
45.6773093,13.4029028
45.6777377,13.4058398
45.6771946,13.4016627
45.6769501,13.399207
45.6766164,13.3962768
45.6764262,13.3945562
45.6763477,13.3939009
45.6765513,13.3957222
45.6764814,13.3951022
45.676678,13.3968326
45.680943,13.3808534
45.684961,13.4190086
45.6780185,13.408636
45.676018,13.3911714
45.9592792,13.5677099
45.681278,13.3923142
45.6761626,13.3925111
45.67617,13.393083
45.675905,13.3906722
45.6816673,13.385517
45.6837936,13.4060608
45.903928,13.5739207
45.9043522,13.573716
45.8891406,13.5028157
45.6801722,13.3857097
45.6787918,13.3859253
45.9453117,13.6246859
45.9226874,13.6031001
45.6793946,13.4092556
45.6783154,13.4129629
45.6783203,13.4130876
45.6783214,13.4131142
45.6783163,13.4129854
45.8058012,13.500715
45.7742655,13.5286245
45.869651,13.4499738
45.7201427,13.4737351
45.7161552,13.5114459
45.7281946,13.5359232
45.7275736,13.5414554
45.8811359,13.4875657
45.834814,13.4685799
45.8246156,13.5034084
45.6758423,13.3896037
45.6780184,13.408551
46.0050581,13.4733397
45.9665212,13.4758135
45.7524476,13.4769912
45.8866546,13.5150155
45.845795,13.5375944
45.8194237,13.5801892
45.9411611,13.6266973
45.8064167,13.4897222
45.9564722,13.4847222
45.8856667,13.541
45.8858759,13.4953865
45.8950928,13.5394518
45.94575,13.6158056
45.9404615,13.6226273
45.9074868,13.5178264
45.7959599,13.5850718
42.2290917,14.3916614
42.2958604,14.46523
42.3587167,14.4079109
42.3555538,14.4036197
42.3538684,14.4041363
42.3567538,14.4048282
42.3570863,14.4056605
42.3581723,14.4056705
42.3582199,14.4054302
42.3058777,14.1833426
42.3165305,14.2452895
42.2901043,14.4752345
42.2901475,14.4752277
42.3447516,14.4111518
42.3547002,14.4026403
42.2073611,14.5948889
42.2778967,14.4922014
42.3577422,14.4056283
42.2279314,14.3966787
42.2134363,14.4426125
42.212775,14.4452076
42.2308165,14.3900585
42.3524056,14.403625
42.2794199,14.43779
42.2862101,14.4405899
42.3462576,14.1667531
42.3689684,14.1459504
42.3683838,14.1466585
42.3441465,14.1646584
42.3474433,14.1635563
42.346778,14.1640794
42.3458154,14.1635001
42.3567963,14.1399563
42.232845,14.3849833
42.2302696,14.3857102
42.2327885,14.3935444
42.2189448,14.3847817
42.2179397,14.3876087
42.2316218,14.3898884
42.2247528,14.389277
42.2933063,14.2997857
42.2929172,14.3050498
42.2956156,14.3007187
42.3566109,14.1390772
42.3684467,14.1511716
42.3520342,14.1412019
42.3588056,14.1954217
42.3437959,14.1640565
42.3515631,14.1838022
42.3526808,14.1677392
42.3441113,14.162769
42.3437345,14.1664571
42.436127,14.266545
42.2321765,14.3881057
42.2312369,14.3883486
42.2968728,14.3263832
42.3512933,14.1664302
42.28056,14.2022005
42.3599275,14.2913611
42.409233,14.1817291
42.2202326,14.1443848
42.2965114,14.3262928
42.2989363,14.3271574
42.3088164,14.4453203
42.3096151,14.4451545
42.2267635,14.3939139
42.2250551,14.3844039
42.2285986,14.3921571
42.2114409,14.132696
42.3533553,14.14127
42.3534009,14.1412915
42.248178,14.1994365
42.4147008,14.2956466
42.3009447,14.3058901
42.2817506,14.2995844
42.3497625,14.1608339
42.2339017,14.3911716
42.2055162,14.1148058
42.4237306,14.186721
42.4237024,14.1866354
42.2179991,14.3875044
42.4101481,14.1950085
42.2022443,14.355156
42.3502461,14.1778105
42.3528899,14.1733139
42.3511492,14.1763142
42.3517745,14.1689135
42.3516305,14.1702839
42.4201976,14.1911778
42.419314,14.1914484
42.2909376,14.2601774
42.2513307,14.4657274
42.253045,14.4675379
42.2504574,14.465546
42.2195682,14.2180474
42.2150229,14.1923131
42.2146263,14.1886016
42.200094,14.1266246
42.2978925,14.2244735
42.2404555,14.1846912
42.2229993,14.2151679
42.2274601,14.2130888
42.2121516,14.1890405
42.2308583,14.5492244
42.2507931,14.5102063
42.3041442,14.2291311
42.2484516,14.1998773
42.2298254,14.5507799
42.2294326,14.5514469
42.349414,14.4062458
42.2439383,14.1273343
42.2955092,14.1242829
42.2193658,14.1401373
42.3505481,14.4011027
42.3415983,14.3150651
42.3411776,14.3153674
42.4173149,14.2975178
42.413037,14.3044774
42.4263735,14.1889598
42.2487407,14.1866432
42.3555083,14.2898752
42.3325621,14.2360562
42.2946662,14.2295542
42.2968739,14.2314064
42.3459135,14.3233402
42.2273013,14.2448932
42.2162018,14.1422666
42.2891249,14.2578392
42.2915168,14.3243562
42.265134,14.2077097
42.3039714,14.0885663
42.4350352,14.2672023
42.3022576,14.3220055
42.3600414,14.2918615
42.2488043,14.1208077
42.2818961,14.2625906
42.2243353,14.2606957
42.2261961,14.4046263
42.2425312,14.1828133
42.2078565,14.1309223
42.3578091,14.2333443
42.3016522,14.1813037
42.3117834,14.1883144
42.3391442,14.1586125
42.2956623,14.1371486
42.2447932,14.1274189
42.4224916,14.2855906
42.2070218,14.1878285
42.358843,14.2917241
42.269138,14.3037872
42.2677251,14.3036462
42.2905731,14.2599192
42.3333177,14.2370467
42.2165657,14.1407088
42.4419113,14.2566479
42.2146952,14.5825996
42.35062,14.16106
42.4183755,14.2900424
42.355049,14.4010013
42.3066726,14.3349764
42.2979852,14.326715
42.4169985,14.2902631
42.4265761,14.2669179
42.4342716,14.2666928
42.3494247,14.1390057
42.3365934,14.1611841
42.303399,14.1802849
42.3042971,14.1809297
42.3047795,14.1796636
42.2542645,14.4986379
42.3106534,14.2283199
42.4094998,14.2255461
42.2334938,14.3921742
42.2616639,14.3692584
42.3033974,14.4459634
42.3015206,14.4453402
42.2990536,14.3726618
42.2114147,14.4016958
42.2400194,14.3948624
42.2044596,14.3765011
42.3528967,14.1679195
42.3585606,14.236032
42.2294503,14.3926351
42.3574118,14.233305
42.3863636,14.2725099
42.4077122,14.2544534
42.4077437,14.2544485
42.3982523,14.2217066
42.3786989,14.2231856
42.3811122,14.2086272
42.4259097,14.2725543
42.431803,14.2707327
42.4035306,14.3170463
42.4217968,14.2881181
42.4229949,14.2839018
42.3913097,14.1980629
42.2156973,14.1400688
42.3219299,14.0971696
42.4077169,14.2544154
42.3456997,14.1781589
42.3170915,14.3426721
42.4222622,14.1872045
42.4212715,14.2883948
42.215208,14.1884606
42.2104103,14.1874232
42.2102464,14.1867627
42.3492652,14.4003555
42.2009841,14.2072695
42.360405,14.376525
42.2262833,14.5574933
42.3038303,14.4528409
42.4117486,14.1779132
42.4104799,14.1786269
42.2537137,14.506513
42.2519208,14.5090231
42.3033701,14.0880262
42.2501266,14.3702962
42.2691926,14.3860201
42.2920047,14.2763136
42.2414912,14.1255686
42.3490596,14.1653357
42.4221693,14.1870925
42.2489753,14.1859807
42.2328031,14.1762418
42.4243807,14.191422
42.3851929,14.189119
42.4086227,14.1721182
42.2195425,14.2181955
42.312361,14.2390973
42.4215896,14.1870554
42.3724664,14.1434183
42.2012714,14.3554502
42.2858822,14.2552922
42.2605799,14.308534
42.2743954,14.301002
42.2179688,14.2841886
42.2175541,14.2745353
42.2171718,14.2700426
42.2219137,14.2817987
42.2307812,14.5492908
42.4094531,14.2019261
42.2007802,14.2310862
42.3986181,14.1726778
42.3832002,14.2094596
42.2298685,14.3901249
42.3562867,14.2332393
42.2287893,14.3894876
42.2298644,14.3889383
42.2327824,14.3886714
42.2276139,14.3962966
42.2295224,14.3874885
42.2326582,14.3922411
42.2337031,14.3874689
42.2302298,14.4129403
42.2253368,14.4052505
42.2576754,14.4212431
42.2950606,14.3026522
42.2625218,14.3701792
42.2609799,14.3710949
42.2685285,14.3832412
42.2682183,14.3823253
42.2642256,14.3671994
42.3583427,14.2343461
42.2146171,14.1832182
42.3607057,14.2931385
42.2549312,14.3221239
42.3338567,14.239158
42.2486459,14.5137123
42.3076434,14.4441736
42.2505195,14.4651068
42.6696332,14.0236125
42.6813245,14.0133501
42.6789634,14.0145183
42.6663646,14.0219546
42.6566912,13.6551545
42.6585391,13.702491
42.658253,13.6970313
42.823057,13.9356665
42.6589149,13.7039513
42.6601749,13.6981705
42.6598891,13.7137951
42.6667816,13.7183776
42.8302246,13.9240911
42.7917899,13.5504982
42.8010612,13.5704913
42.6756788,14.0165404
42.6742715,13.5290347
42.6768184,13.5298256
42.6539202,13.6049359
42.6516753,13.6509139
42.6512717,13.6455014
42.6583034,13.6562741
42.6646103,13.5116221
42.6619495,13.6892932
42.6660301,13.524002
42.669767,13.5503814
42.6521256,13.6446256
42.6607363,13.7071176
42.755581,13.6321864
42.7553779,13.6360718
42.6610598,13.3549011
42.6366863,13.8805587
42.6137354,14.0650651
42.6953003,13.7897163
42.6957458,13.7930767
42.7247553,13.9429752
42.7068568,13.8762377
42.6761459,13.8171184
42.6770893,13.8180913
42.6625882,13.6954436
42.7201424,13.9894856
42.8654219,13.7890567
42.6617684,13.7219119
42.657916,13.7159039
42.6565008,13.6974407
42.6578224,13.6900861
42.6623603,13.6645504
42.6994562,13.8365023
42.6519024,13.6469345
42.6486671,13.6459367
42.6564351,13.587252
42.6106682,13.4395499
42.6872831,13.5003448
42.7062698,13.4955251
42.7350123,13.4977391
42.7335293,13.5604492
42.7439166,13.5739761
42.7749125,13.5641501
42.7548845,13.5770884
42.7600382,13.5574896
42.7774418,13.5430904
42.6712297,13.4652793
42.7277152,13.4503887
42.6708279,13.7142026
42.6509456,13.6378617
42.65307,13.6847823
42.6864574,13.5275185
42.7010844,13.4963584
42.8046726,13.5349653
42.6549026,13.4369157
42.6360902,13.4481075
42.7495012,13.8885129
42.7493695,13.8874615
42.677584,13.9884962
42.7271925,13.6099549
42.8585662,13.7473072
42.6573958,13.7014605
42.657206,13.7050686
42.6570463,13.7039094
42.6592634,13.7010972
42.6606392,13.7012673
42.6604332,13.7154403
42.6597666,13.7116821
42.8826898,13.9101109
42.6819108,13.995564
42.7542248,13.9663629
42.6462293,14.0405423
42.6018399,14.070959
42.7250415,13.9811074
42.8139267,13.9387207
42.7596773,13.5981415
42.7779187,13.9559294
42.8704796,13.9232006
42.6538602,13.7135833
42.6586437,13.7169763
42.6853793,13.6419576
42.6967912,13.7069433
42.7886671,13.8161188
42.7441574,13.9767195
42.6659617,14.0211169
42.6262339,13.6374013
42.6336929,13.6613836
42.6215895,13.617103
42.7522978,13.6638463
42.8367221,13.9319199
42.7557591,13.9737597
42.7414199,13.5900801
42.7545499,13.6274085
42.6127846,14.0659819
42.6429336,14.0451113
42.6495898,14.0373596
42.6916717,14.0062674
42.8614773,13.7162253
42.8740683,13.9224257
42.8036688,13.9433167
42.7969185,13.9463463
42.8062089,13.9420674
42.8930761,13.9194515
42.7397122,13.8932671
42.7490889,13.8879873
42.6640133,13.919992
42.6644159,13.9183323
42.6644613,13.9174098
42.663834,13.9174014
42.856204,13.8184994
42.855531,13.8193616
42.8561619,13.8202286
42.8555425,13.8194188
42.8536152,13.8172142
42.8535455,13.8178984
42.8535349,13.8179113
42.7384496,13.9805875
42.7379193,13.9808059
42.7490073,13.9729281
42.6089319,14.063999
42.7614878,13.5386698
42.8088605,13.5420098
42.6527618,13.4472694
42.6548077,13.439847
42.8023464,13.6224586
42.6668824,13.4654309
42.6064405,14.0586457
42.8037665,13.9135152
42.8872118,13.9136995
42.7853077,13.9524734
42.768861,13.9605109
42.7552329,13.9685335
42.7591104,13.5241127
42.6311376,13.5389071
42.7508697,13.9562168
42.6389261,13.4326409
42.6224614,13.4509669
42.7567683,13.9531665
42.7350308,13.9610283
42.8181516,13.8531992
42.8258805,13.8361951
42.815067,13.8565155
42.6148311,13.4335242
42.7144723,13.8331141
42.6087515,13.4933054
42.6096203,13.4737887
42.6882733,13.5929468
42.6832338,13.6049538
42.658749,13.5965796
42.6558389,13.6133371
42.663602,13.6305413
42.7508648,13.9562238
42.6611574,13.7785974
42.6468567,13.8026956
42.6465381,13.8058696
42.6460759,13.8081341
42.6670214,13.7776532
42.7831816,13.6290494
42.7755782,13.6197312
42.804586,13.5359558
42.804137,13.5362584
42.7244729,13.9450887
42.7243719,13.9449149
42.7450209,13.9146722
42.6378463,13.4404926
42.6370508,13.4279006
42.6405457,13.4843964
42.6266282,13.5816674
42.6218943,13.5692752
42.6397953,13.5508309
42.6452191,13.5375806
42.6508524,13.5474164
42.8908727,13.9194399
42.7700767,13.5058266
42.7752514,13.5157173
42.7947046,13.6436689
42.6561866,13.5825404
42.8813103,13.9154825
42.6308162,13.8875774
42.6308685,13.8879926
42.7555993,13.6645453
42.6473883,13.5529227
42.6476386,13.5499436
42.6127385,13.4823106
42.6383739,13.4444158
42.7205716,13.6764046
42.7261818,13.6870934
42.7278793,13.6885694
42.5749802,13.9661294
42.5358401,14.1371479
42.5026906,13.4520929
42.4748626,13.7244359
42.5024724,13.7845009
42.4841492,13.6673129
42.4866342,13.6549109
42.4915029,13.6513171
42.4720712,13.5955953
42.5709377,14.0206602
42.5594786,14.1118555
42.5508474,14.121001
42.5555761,14.1129107
42.457747,13.7538349
42.4829729,13.6015831
42.4790147,13.5951219
42.4995238,13.5109829
42.5097452,13.5942033
42.5362085,14.1337874
42.4911312,13.6522915
42.4916855,13.6525142
42.4920138,13.6520529
42.4926452,13.6518477
42.5451886,13.6252566
42.4886995,13.6418223
42.528942,13.6276154
42.5410669,13.6224238
42.4598097,13.6707483
42.4998619,13.5600516
42.4771694,13.6322844
42.4658448,13.7247991
42.4386765,13.7693024
42.4827715,13.5431653
42.5298507,13.478234
42.5379159,13.4734573
42.4825946,13.5427095
42.5092511,13.6023007
42.5988254,13.4129903
42.4876948,13.712576
42.572493,13.5789099
42.4925453,13.463275
42.531845,13.8821754
42.5805943,13.9789627
42.4974515,13.4973516
42.558797,14.1098576
42.5875571,13.3882764
42.5521074,13.9447482
42.5802833,13.9816142
42.5810273,13.9860189
42.5830576,13.9769831
42.5826762,13.9764752
42.5700859,13.5871464
42.5220443,13.5956274
42.4793195,13.5912155
42.5808864,13.6213959
42.5818702,13.6231162
42.5818558,13.6267231
42.5989,14.07322
42.5802224,13.9720423
42.5873524,14.0334742
42.5556761,14.0851514
42.5883944,14.0388925
42.5878735,14.0360127
42.587758,14.0308441
42.5830116,13.9770944
42.579442,13.9791655
42.5501278,14.1197004
42.5646601,14.0927613
42.5641733,14.0914323
42.5993279,14.073415
42.5826448,13.3944449
42.5026067,13.7846211
42.5532216,13.7111655
42.5032541,13.6589845
42.5395946,13.6756356
42.5362912,13.6532432
42.5867294,13.8605323
42.5539744,13.9188288
42.5870966,13.4447355
42.5880406,13.4463083
42.586461,13.4587587
42.5507881,13.4647498
42.5774733,13.9682391
42.5790462,13.9751683
42.5012964,13.6623439
42.4907179,13.617702
42.5028052,13.6618926
42.5457714,14.1261936
42.5052103,13.6262095
42.5020503,13.6589576
42.5434377,13.631596
42.5350928,13.5914093
42.5505084,14.0462512
42.5266289,13.8916909
42.5448839,13.8848332
42.5580592,14.0982217
42.4657986,13.6675025
42.5558209,13.632773
42.5843996,13.3984561
42.5424598,13.5803332
42.5400908,13.5640518
42.5576997,13.5746891
42.5691766,13.601714
42.5053741,13.5439391
42.5125051,13.5352435
42.5150898,13.5297663
42.5086984,13.5131652
42.5048441,13.5261566
42.4876339,13.5088873
42.5423021,13.6318643
42.5333944,14.1331884
42.5966502,13.5145736
42.5169305,13.9121022
42.5712758,13.5329902
42.5777934,13.5487525
42.5816334,13.4988463
42.576056,13.55087
42.5573565,13.507089
42.5576019,13.4524549
42.5806926,13.6307243
42.5446363,14.1277569
42.5475179,13.4774102
42.5177355,13.6226375
42.5179194,13.6245717
42.5783168,13.9916522
42.5074835,13.8665155
42.5019877,13.8685194
42.5954458,13.4758986
42.5967082,13.4753263
42.5183954,13.6284437
42.6518817,13.6454569
42.6948619,13.7895381
42.6588066,13.7066949
42.6577,13.7017194
42.7526705,13.6631718
42.7510404,13.6538531
42.7548567,13.668298
42.647694,14.0390341
42.6347378,13.5580049
42.6070183,14.0658694
42.6101385,14.0628037
42.6707217,13.6176517
42.7070802,13.6012921
42.7530636,13.9562121
42.7522915,13.9552566
42.7523247,13.9564877
42.751589,13.9565242
42.7362846,13.9613063
42.7347246,13.9611655
42.7591764,13.9592322
42.7435087,13.9696541
42.7434919,13.9696636
42.7957927,13.6171327
42.644882,13.4916258
42.6504009,13.4809595
42.6574029,13.4806569
42.6502836,13.4652563
42.6500987,13.4591471
42.6528585,13.4589332
42.6268493,13.4785879
42.623725,13.4588815
42.6595333,13.4916798
42.6654438,13.4977113
42.6580247,13.5024273
42.6532669,13.4930202
42.6518454,13.5071624
42.6454304,13.5062876
42.6466793,13.4992099
42.6546281,13.513212
42.6621511,13.6972432
42.6055059,13.4322436
42.6212583,13.493747
42.6172904,13.5012057
42.6162976,13.5063568
42.6185315,13.5138067
42.6104294,13.516349
42.6065307,13.5094001
42.601953,13.5141572
42.6339309,13.5663027
42.6480645,13.5444648
42.6537509,13.5525728
42.6483056,13.5627453
42.6403837,13.5779218
42.6396356,13.5908847
42.6462962,13.5870721
42.6499341,13.602762
42.6560163,13.5917571
42.6631247,13.5815926
42.6582369,13.5787947
42.6623273,13.5622426
42.6606026,13.5562307
42.6635092,13.5481705
42.6604712,13.5363142
42.6069548,13.9442497
42.6117441,13.5026426
42.6186717,13.4952764
42.7392479,13.6320764
42.7430732,13.5697862
42.6447417,13.9604345
42.6435511,14.044666
42.5023328,13.5727499
42.574044,13.4232291
42.5419344,13.4796717
42.5413607,13.4773144
42.5142219,13.5552258
42.5020983,13.5324311
42.5170749,13.4855134
42.5874101,13.4353134
42.5664515,13.5994001
42.5676874,13.6129507
42.5631028,13.6116305
42.5702655,13.6154476
42.5500781,13.5864379
42.5527472,13.6088503
42.5497931,13.6111975
42.552578,13.6144168
42.5507316,13.6179071
42.5393834,13.6286735
42.5400611,13.6231917
42.5347912,13.6321404
42.5357684,13.6259979
42.5332188,13.6228247
42.494349,13.5606962
42.4980443,13.5602543
42.5084118,13.5650294
42.5140297,13.5727389
42.5167942,13.4975302
42.5239407,13.526089
42.5271111,13.5355262
42.5331531,13.5093409
42.5386166,13.4951567
42.5282437,13.4698072
42.5026238,13.4854083
42.5177765,13.4617055
42.5184931,13.4558017
42.5212889,13.464893
42.5339262,13.6165615
42.524873,13.6199354
42.5240485,13.6258885
42.5229832,13.6156859
42.5179521,13.6177341
42.5148978,13.6124489
42.5181572,13.6030001
42.5194666,13.6197825
42.55974,13.5029127
42.5651704,13.501459
42.5612123,13.5150904
42.5649741,13.5192624
42.5970003,13.476952
42.5917763,13.4697397
42.5940941,13.4920932
42.591325,13.4879855
42.5871575,13.4936722
42.5848289,13.4868545
42.5825154,13.5050288
42.5815691,13.4939299
42.5827692,13.5109692
42.4556264,13.9282679
42.4554669,13.9258746
42.4767405,14.1864532
42.4856889,14.1930807
42.4534801,14.2357734
42.4869717,14.1899892
42.481113,14.1895249
42.2195245,13.8924353
42.2185935,13.9610297
42.2265182,13.9042787
42.2179917,13.9605852
42.430456,14.1626743
42.3079421,14.0621818
42.302066,14.0626543
42.2124424,13.8262238
42.5183111,14.0608354
42.3433732,14.1110764
42.3498843,14.1120078
42.2495234,13.8386975
42.2058935,13.9105571
42.2115618,13.9007696
42.2139874,13.8628009
42.2217447,13.8648252
42.2229939,13.8819359
42.2145849,13.8640988
42.2330201,13.9880487
42.4546611,14.2101222
42.2268561,13.9856534
42.229154,13.9844925
42.2332349,13.9861154
42.2337201,13.9864851
42.4641114,13.9195143
42.2300471,14.0812255
42.4544149,14.2400659
42.238217,14.0395274
42.2407588,14.0944543
42.2506332,14.0622778
42.3839398,14.1249256
42.5277561,14.1490617
42.2150644,14.0575719
42.3884612,13.8358326
42.43422,13.9861692
42.4345169,13.984092
42.4331782,13.9881651
42.4494093,13.9503894
42.4557113,13.9315216
42.4578486,13.9270305
42.456101,13.9271341
42.4668888,13.8968944
42.4639573,13.8385667
42.4339177,13.7783468
42.4205301,13.7792963
42.3609348,13.8357364
42.3139802,13.8404522
42.3032816,14.0318293
42.4567078,14.132859
42.4390845,14.1413839
42.4529443,14.1406657
42.4548885,14.135365
42.454464,14.1355478
42.4534689,14.138861
42.4549986,14.1343761
42.454273,14.1324204
42.4549476,14.1381959
42.4477519,14.1103965
42.2226446,14.0756544
42.3977047,14.0499604
42.2138835,14.0247568
42.5055771,14.173413
42.2175429,13.9610493
42.212752,13.9606408
42.4701901,14.2060574
42.4705018,14.2065079
42.4705404,14.2065662
42.2352405,14.0998206
42.2461115,14.0924433
42.209209,14.0567114
42.2251307,14.0114076
42.2665481,13.9996027
42.2350526,13.9872278
42.2695398,14.006767
42.2140202,13.8216462
42.4441336,13.956179
42.4583671,13.9237035
42.4360761,13.9848922
42.4499692,13.8238367
42.4675162,14.2219064
42.4623004,14.2141051
42.4656337,14.2028803
42.4792224,14.1766262
42.4855273,14.1425798
42.4914772,14.1831199
42.2123009,14.0258993
42.4771448,14.2011011
42.4683439,14.2198223
42.4340944,13.986351
42.3856434,13.8643919
42.3439809,14.1108283
42.3642189,14.0716363
42.4921647,14.1805227
42.2427046,14.0197384
42.2135391,13.9124998
42.2128526,13.9120317
42.2498397,14.0933777
42.2505058,14.0935962
42.2484396,14.0935533
42.4729989,14.2119207
42.4767981,13.987842
42.5268857,14.1503046
42.3965048,14.1088493
42.3963508,14.0467618
42.4272131,13.9875668
42.4327031,13.9871647
42.4331647,13.9852624
42.2561474,14.0597763
42.2578744,14.0590314
42.3512045,14.1085266
42.3959691,14.0458624
42.4501902,14.2257015
42.4542108,14.2210537
42.3527764,13.8153922
42.3378288,13.8321533
42.363615,13.8841463
42.2665571,14.0154295
42.2410486,13.8748857
42.2419497,13.8743797
42.454833,14.2224963
42.4510501,14.2394213
42.2617712,14.0252843
42.2619826,14.0258583
42.4565589,14.1361522
42.4476303,14.1099315
42.4923975,14.1405377
42.4353736,14.2367701
42.2401545,14.0382579
42.2398593,14.0388273
42.2255647,14.0107186
42.3465817,13.9516042
42.2420318,13.8734426
42.2418274,13.8736072
42.3248264,13.8990819
42.3254198,13.9015972
42.2477275,14.0936431
42.2946038,13.9711667
42.2214134,14.0061831
42.4312706,14.2047083
42.4737386,13.9911372
42.4842551,13.9909144
42.4755372,13.989668
42.4080932,13.8244483
42.4650628,14.1897241
42.3394744,13.9989531
42.5077259,14.167536
42.3300145,13.8781035
42.3078636,13.8485804
42.4517728,14.2024862
42.449481,14.2458893
42.2129136,13.9128042
42.2162959,13.9132103
42.4309513,13.785318
42.4625874,14.018151
42.4530294,13.8284437
42.456421,14.1874775
42.5094807,14.161157
42.4581367,14.2240253
42.4608724,14.2232655
42.4456231,14.176349
42.4713168,14.2101281
42.5007724,14.1354078
42.2414594,14.09275
42.4616015,14.2199262
42.5192272,14.0823141
42.458337,13.9235891
42.4978965,14.1710188
42.4975203,14.1716579
42.5070229,13.9631756
42.214495,14.0287156
42.4686803,14.1807998
42.4962254,14.1702765
42.4678137,14.2153874
42.4554048,14.1960298
42.4287653,13.8099648
42.4834938,14.1967885
42.460207,14.2223221
42.4637064,14.1936701
42.343997,14.0789456
42.3333888,13.8557909
42.519008,14.0604531
42.5201409,14.0633409
42.454215,14.2257478
42.4772702,14.2060454
42.45592,14.2320482
42.4496005,14.2441348
42.5135032,14.1554739
42.2124088,13.9121572
42.5207585,14.0763697
42.520476,14.1135889
42.4470849,14.2196956
42.5180068,14.0575106
42.5172954,14.0561925
42.4163209,13.869038
42.4181202,13.8019271
42.4144808,13.8034448
42.2351687,14.0387802
42.2171412,13.8247862
42.2104363,13.8256914
42.4909918,14.1390905
42.4723837,14.0833023
42.4171696,14.0142995
42.2038948,13.8268759
42.3754359,14.130333
42.4700317,14.1922063
42.2348192,13.9865023
42.4349939,14.2369786
42.2193768,13.9618286
42.2179426,13.9606706
42.2173882,13.9611927
42.2392733,13.816265
42.4773002,13.9883062
42.3620481,13.8797153
42.3091386,13.9345011
42.4600488,13.9230198
42.4588034,13.9267331
42.4722928,14.1957201
42.5124339,14.1613177
42.5197375,14.1588729
42.5191643,14.1595133
42.5167939,14.1620454
42.5131598,14.1659436
42.5120052,14.1671801
42.5103819,14.1688157
42.4755598,14.191489
42.4690079,14.1887178
42.5148645,14.1517238
42.5124062,14.1477554
42.232223,13.9610233
42.247612,13.9521412
42.2434252,13.9349332
42.506077,14.1717267
42.5086281,14.1705594
42.2146579,13.9126211
42.5039361,14.1748709
42.5179969,14.1607075
42.5156696,14.1631925
42.5047535,14.1703381
42.4812579,14.1928193
42.4966558,14.1820735
42.5022839,14.1765106
42.5094343,14.1697473
42.5112874,14.1679472
42.4725982,14.2088379
42.4781106,14.2004239
42.4561447,13.9298678
42.2004338,14.0414718
42.4522777,14.1404929
42.4648197,14.1035832
42.5217178,14.1567607
42.4617342,14.2302896
42.2339047,14.0424834
42.2452455,14.092435
42.3970887,14.0462423
42.4174546,13.8714503
42.380775,13.8591806
42.364795,13.8849179
42.3827542,13.8589553
42.3849618,13.8599697
42.2381454,14.0372704
42.39158,13.8809228
42.2557036,14.0594752
42.2543648,14.0592861
42.3651556,13.8874758
42.457219,13.9256258
42.4705629,14.1914789
42.4637865,14.1013243
42.5132823,14.1484052
42.4614057,14.2261005
42.4581428,14.206593
42.2659996,14.0067397
42.4555696,13.9280947
42.4547655,13.9265618
42.2579137,14.0597765
42.2580295,14.0602283
42.4621866,14.1305088
42.4673721,14.1984071
42.3339355,13.9842229
42.2075383,13.9887851
42.466805,14.001097
42.3909115,14.1015847
42.4326639,13.974073
42.4410386,14.209982
42.4660256,14.1843908
42.2490162,14.0925992
42.2567075,14.0905815
42.4654539,14.1955215
42.6346451,13.3241654
42.6268963,13.3240359
42.6299294,13.3244302
42.6310895,13.3348596
42.6473217,13.3453975
42.6580801,13.3287151
42.6588812,13.3458481
42.6287113,13.3711548
42.6224505,13.3403448
42.6239335,13.3473397
42.6765598,13.3203002
42.650325,13.338266
42.6230346,13.3429344
42.6209754,13.3502519
42.6224437,13.318408
42.623385,13.3027242
42.5921544,13.3204347
42.5976613,13.3519828
42.7025125,13.3086276
42.6131607,13.3500704
42.3632231,13.7265453
42.3663222,13.7218565
42.3662789,13.7229705
42.3013377,13.7705739
42.2693399,13.78271
42.2824097,13.792659
42.23621,13.5412774
42.3586486,13.5179667
42.3977812,13.6841215
42.3740959,13.6770043
42.417039,13.4162295
42.5116445,13.3625429
42.2074048,13.6470801
42.3847484,13.3981099
42.3653744,13.7821768
42.3501517,13.7986843
42.3647623,13.7889328
42.2369776,13.6245061
42.3214142,13.5438635
42.325584,13.3227609
42.2843798,13.301155
42.2927239,13.3000503
42.4426373,13.5592426
42.5217435,13.4196682
42.3511103,13.402726
42.3498175,13.4026474
42.360493,13.3818091
42.2340505,13.5354078
42.2343629,13.5319633
42.2020427,13.5215172
42.211275,13.5225519
42.3795118,13.7627649
42.3950366,13.4927921
42.414259,13.5041818
42.4138154,13.5051407
42.4134842,13.5052778
42.3668843,13.3433319
42.4237014,13.7316292
42.4229302,13.3230113
42.4238169,13.3229125
42.3763339,13.3832499
42.2297287,13.6059444
42.294348,13.6260375
42.3279401,13.7025638
42.245044,13.704987
42.3282697,13.758197
42.4318591,13.3117189
42.4277658,13.3219348
42.293835,13.6296832
42.3004125,13.6813094
42.2061857,13.6555852
42.4707527,13.3480732
42.3819601,13.5168847
42.291298,13.5770919
42.442939,13.5578875
42.5650027,13.3276355
42.55971,13.3269875
42.3688009,13.3502728
42.3668752,13.3370453
42.3678976,13.3404063
42.5801664,13.3918105
42.3639237,13.7270392
42.2517454,13.4946834
42.3435019,13.6467867
42.2676276,13.7691643
42.5605736,13.3723185
42.5471879,13.3861773
42.5490015,13.382876
42.3649019,13.7261906
42.3656946,13.722821
42.2389073,13.7282686
42.3046064,13.7348065
42.3208117,13.4657375
42.322607,13.4763463
42.2364975,13.7306521
42.2364625,13.7306467
42.2686947,13.6760091
42.2435592,13.6594726
42.2653268,13.6399837
42.2696751,13.6191348
42.2834378,13.6102648
42.2674586,13.7682382
42.2887834,13.5601558
42.4169655,13.6252794
42.4802776,13.4558308
42.5317346,13.4102578
42.4072542,13.7452795
42.2518679,13.4419009
42.238017,13.7298957
42.3608325,13.3870675
42.3004009,13.6854981
42.2717555,13.4195929
42.303392,13.411716
42.2761039,13.3328463
42.2598998,13.3945595
42.2581024,13.3371916
42.365017,13.726585
42.4455727,13.4416461
42.3441707,13.6402559
42.3534351,13.3989115
42.2585038,13.510103
42.2700398,13.537751
42.3576277,13.5109811
42.497808,13.328275
42.5286899,13.3484375
42.5289867,13.3513209
42.5503512,13.3453499
42.5606576,13.3273119
42.5617432,13.3681114
42.5600738,13.367811
42.3077302,13.7335699
42.5602686,13.3261342
42.3636886,13.4157017
42.2532484,13.5744038
42.3295282,13.4789881
42.3371942,13.3779579
42.2041899,13.6355546
42.2076679,13.5190466
42.2054124,13.5195914
42.204395,13.5179368
42.2092183,13.5207155
42.2912863,13.5771044
42.3562165,13.572091
42.3380049,13.5831816
42.3583557,13.5811993
42.3736325,13.6067236
42.425664,13.7413223
42.4774188,13.4591761
42.4783261,13.4587152
42.4762445,13.4597231
42.4727621,13.3608196
42.479385,13.3779033
42.4190288,13.3704887
42.559366,13.3283047
42.2581617,13.4074279
42.3428083,13.4031773
42.3431597,13.4019315
42.3439205,13.3989101
42.3448389,13.3973471
42.3455319,13.3974155
42.3487625,13.3981221
42.3490016,13.398255
42.3499807,13.3904609
42.5598196,13.327671
42.5637857,13.328283
42.5613091,13.3295018
42.2900797,13.3494699
42.2880012,13.3498146
42.2924775,13.3477064
42.2915945,13.3397805
42.291164,13.3383536
42.2926699,13.3397322
42.2962888,13.3280753
42.2956142,13.3304679
42.2992527,13.3360442
42.3015282,13.3353254
42.3000126,13.3399173
42.3022857,13.3176859
42.3044797,13.3192496
42.3084599,13.3214973
42.3104048,13.3208723
42.3127592,13.3192523
42.3158037,13.3168473
42.3147892,13.3174954
42.3108013,13.3311502
42.3096766,13.3307576
42.3079251,13.3345288
42.3069333,13.3344027
42.259466,13.3915815
42.2367461,13.4892198
42.234934,13.489952
42.2349052,13.5344968
42.2355199,13.5362604
42.2344177,13.5361397
42.5360532,13.3229265
42.5317369,13.3355906
42.2118342,13.5128356
42.2009129,13.5199279
42.389473,13.4938558
42.4759152,13.3601976
42.3261658,13.6988204
42.3254797,13.6970341
42.411508,13.675955
42.229707,13.33257
42.3558991,13.4065941
42.3400751,13.3756796
42.2897287,13.3011428
42.3528444,13.401049
42.3541178,13.3968633
42.4232315,13.7457294
42.4044679,13.7412894
42.3999303,13.7337148
42.3716158,13.7225246
42.3536432,13.7198196
42.355303,13.3895795
42.5660921,13.3745129
42.3486187,13.4008199
42.3469144,13.4010836
42.3468753,13.392845
42.3275672,13.7676671
42.3210282,13.5438875
42.3538901,13.4020477
42.3531864,13.4039503
42.3522679,13.4036018
42.3725976,13.4588188
42.3582631,13.3846931
42.3382236,13.4540877
42.362982,13.3715362
42.3518781,13.3964847
42.4416619,13.5385667
42.4257082,13.5280719
42.3422374,13.4028893
42.4356824,13.4639377
42.431283,13.4444626
42.401383,13.4153955
42.3956602,13.4582356
42.3705275,13.391878
42.3544805,13.4012097
42.3264481,13.6999585
42.3146913,13.4331639
42.415957,13.5074785
42.4139476,13.5045543
42.4145084,13.5048842
42.4136889,13.5043531
42.4132748,13.5040862
42.3591957,13.4743797
42.3596385,13.4712647
42.3598974,13.4751448
42.3587882,13.4750414
42.3582858,13.4763944
42.3569538,13.4744766
42.3582186,13.4733444
42.2593519,13.4690411
42.3433811,13.6444693
42.4264807,13.5278931
42.4591185,13.3696444
42.4171314,13.3423575
42.4523459,13.3421967
42.4376118,13.3732635
42.4585798,13.3573311
42.4576614,13.4028556
42.4340691,13.3065571
42.4777749,13.3068977
42.420076,13.3040696
42.4358292,13.3022733
42.4354204,13.3239218
42.4361125,13.3072722
42.4359781,13.3004725
42.4421754,13.4520486
42.3791091,13.5194526
42.4029177,13.5660439
42.4498204,13.4345325
42.3937195,13.4972707
42.3906954,13.4940256
42.3912728,13.4936266
42.3911168,13.4929321
42.3921895,13.4941902
42.3923898,13.4950988
42.3932513,13.494216
42.3554485,13.4727473
42.4505727,13.3847246
42.331053,13.3543389
42.4526878,13.3420807
42.3494654,13.4016897
42.2415306,13.4343413
42.2855726,13.6585012
42.283101,13.5927424
42.4029184,13.4891527
42.2219495,13.781737
42.2598027,13.5838087
42.2988451,13.4954087
42.2939506,13.5570988
42.4697905,13.5040685
42.4574028,13.4256525
42.4616339,13.3945663
42.4620071,13.3835359
42.4632675,13.3809238
42.4129671,13.5591097
42.2388851,13.7303813
42.2728142,13.4754026
42.2911605,13.6933954
42.4970335,13.4435732
42.5087185,13.4359001
42.5057067,13.4377261
42.4794348,13.4620871
42.4670818,13.4391771
42.4746875,13.4170673
42.4839407,13.3838648
42.4795286,13.3769574
42.5021599,13.3936436
42.2961255,13.4870629
42.3325704,13.4169292
42.302354,13.39018
42.2955121,13.4097987
42.2895761,13.3233189
42.2645781,13.6424742
42.3210855,13.4102316
42.3685527,13.3510695
42.4126905,13.3500272
42.4980167,13.3285449
42.2018129,13.3244477
42.3950333,13.4931333
42.2533408,13.5741726
42.3270633,13.4762822
42.3275896,13.4783014
42.3323814,13.5223256
42.3332913,13.5286516
42.5217709,13.3231226
42.3222093,13.4638299
42.3216528,13.4647739
42.3203405,13.4663733
42.2710968,13.4734904
42.3288879,13.560909
42.3512092,13.4164482
42.3507745,13.4158699
42.3508387,13.4160187
42.3505316,13.4152682
42.3505067,13.4153769
42.3532774,13.407027
43.2669867,13.756328
42.9447361,13.3017565
42.9609869,13.3059497
42.9294187,13.308558
43.1099191,13.7732212
43.109615,13.7721729
43.1104085,13.7730213
42.9429278,13.3453378
42.9654351,13.3181342
42.9717541,13.3234971
42.9764294,13.3220691
43.1417475,13.8119734
43.1412018,13.8098226
43.1645844,13.7233581
43.2054941,13.6700711
43.160325,13.7150271
43.1605492,13.7161145
43.1617309,13.7177465
42.9796737,13.355754
43.166012,13.6611081
43.189421,13.7517136
43.0619876,13.586445
42.9804576,13.3601265
42.9807032,13.3587005
42.9800281,13.3579569
43.0846012,13.7179567
43.0838434,13.7188961
43.2613629,13.7593055
43.2331393,13.7771579
43.2622005,13.7568464
43.2580649,13.7462457
43.1625221,13.7175462
43.1630505,13.7214662
43.1590885,13.7222707
43.0673866,13.6543108
43.0675321,13.6562118
43.0678335,13.6570873
43.2586537,13.7567266
43.2632112,13.7540386
43.2716529,13.7548039
43.2719066,13.7193623
43.2588478,13.7590689
43.0814313,13.4909811
42.9792271,13.3561423
43.2019836,13.6808827
43.2054042,13.6717672
43.1945084,13.6672922
43.2100377,13.6776419
43.1633207,13.7203507
43.2603924,13.7562145
43.0737362,13.6502451
43.0682567,13.661224
43.1896813,13.7622658
43.0837035,13.6564957
43.2302612,13.7789596
43.1055419,13.4705351
43.1012056,13.8427358
42.9810393,13.3581217
43.2396514,13.7569909
43.1445362,13.8119762
42.9529156,13.3127713
42.9532557,13.3119115
43.0685466,13.6590119
43.0486536,13.6768748
43.0164156,13.5385491
43.0446428,13.5616608
43.0180868,13.5351875
43.16297,13.7023389
43.0205641,13.3706984
43.01982,13.3624133
43.1771209,13.6699226
43.2568021,13.6846524
43.0648429,13.5558574
43.16225,13.7234167
43.1290356,13.6263393
43.0421065,13.5638019
43.1889757,13.7611398
42.9438644,13.344887
43.0003567,13.4441868
42.9327701,13.3257539
43.1211063,13.4871794
43.1596247,13.7157171
43.159506,13.7139859
43.175575,13.7493479
43.1628358,13.7153672
42.9807181,13.3564655
43.2328959,13.775521
43.099069,13.8431695
43.0190899,13.497543
43.2721248,13.7521599
43.2870331,13.7409531
42.9021788,13.3896874
43.1766364,13.6685989
43.1917655,13.7879165
43.2049691,13.7842191
43.159687,13.7091828
43.1754324,13.801264
43.1872228,13.7930643
43.1681097,13.8043597
43.1742103,13.7997235
43.1935474,13.7898354
43.1720724,13.7995732
43.1918055,13.7899889
43.190915,13.7903842
42.9571341,13.3814335
42.9958129,13.3395213
43.2371656,13.7707331
42.9486213,13.3479077
42.9828412,13.3671428
43.0078545,13.4022124
43.6167749,13.516243
43.604502,13.5074185
43.5523856,13.5853724
43.5635466,13.5763703
43.612987,13.5203811
43.6127137,13.516187
43.6191687,13.5091989
43.5757189,13.5231641
43.6123031,13.5053449
43.6114064,13.5198004
43.4806723,13.6368433
43.5217986,13.6218439
43.5258628,13.6168047
43.6110132,13.5190445
43.555702,13.575304
43.530549,13.552296
43.6127874,13.5121024
43.6112234,13.5123916
43.6102472,13.5176088
43.5907049,13.5124309
43.5090072,13.6228476
43.5246148,13.6150309
43.4870339,13.4807041
43.5135316,13.621265
43.4871145,13.4841692
43.4874356,13.4892063
43.606911,13.3324373
43.5146216,13.6198953
43.5141747,13.6231332
43.6185805,13.5143812
43.6156812,13.5325971
43.5263138,13.6069782
43.5781811,13.5082193
43.4394145,13.6071217
43.6028105,13.5429604
43.5958281,13.3120323
43.6193992,13.5116386
43.4942907,13.3150695
43.489811,13.3222443
43.4876804,13.3204904
43.6071905,13.3268933
43.5231993,13.6225156
43.5231955,13.6225457
43.5251333,13.3939394
43.5256138,13.3931313
43.5251515,13.3947887
43.5251545,13.3987228
43.4402216,13.6082536
43.4394386,13.6065083
43.6383238,13.3132846
43.633417,13.3223162
43.6389359,13.3120221
43.5688118,13.5750991
43.5237141,13.3986819
43.5623282,13.5921929
43.486006,13.4911183
43.5928873,13.3204431
43.4980241,13.6091294
43.602134,13.3256543
43.6141745,13.530403
43.4402519,13.606247
43.6002159,13.3258719
43.6484825,13.3428544
43.6289859,13.3987072
43.6240184,13.3943228
43.6492675,13.3452223
43.6107979,13.5160241
43.577117,13.5153345
43.5754692,13.5132152
43.6509141,13.3456987
43.6146108,13.5072204
43.5008284,13.623455
43.5237064,13.3987368
43.4642142,13.541272
43.6217339,13.4158822
43.6199971,13.5144565
43.4600129,13.4959542
43.6180813,13.5168573
43.6056341,13.365844
43.6179791,13.5082194
43.6170633,13.5231937
43.6206648,13.5092521
43.6192663,13.5158627
43.6205324,13.5148063
43.6211801,13.5186819
43.6096766,13.4540256
43.6030263,13.5128674
43.5357284,13.5924134
43.5965133,13.5146532
43.464089,13.5492706
43.5953387,13.5164638
43.5264609,13.6167798
43.6251911,13.5107721
43.5485629,13.5473918
43.6155032,13.5289189
43.6119147,13.5109438
43.5033592,13.6223501
43.4937297,13.6271409
43.4914355,13.6286779
43.5115873,13.6233087
43.4927631,13.6239807
43.6229556,13.5153127
43.4409321,13.6087325
43.5476398,13.6141289
43.5230318,13.6194985
43.5696932,13.5462102
43.4852117,13.4796862
43.4385879,13.6064239
43.4965156,13.3115868
43.6176227,13.5192524
43.4965317,13.5469972
43.6170725,13.4287775
43.6176443,13.4264173
43.5807483,13.5596848
43.6127587,13.5192919
43.6106092,13.5216625
43.5828638,13.5123553
43.5818677,13.5141497
43.5688094,13.517525
43.6146148,13.5333608
43.6116203,13.536767
43.6130409,13.5364658
43.4424826,13.6127284
43.6191471,13.5178872
43.606018,13.3650623
43.6068238,13.3651815
43.6026794,13.3260103
43.6389696,13.3099242
43.4644726,13.4623925
43.4861791,13.4824807
43.6111735,13.5055973
43.6091958,13.5084612
43.6089248,13.509533
43.6161881,13.5153384
43.6153774,13.5253441
43.6010357,13.4875346
43.616755,13.5082649
43.6016157,13.5157233
43.6007561,13.5170322
43.5962939,13.5059058
43.5945039,13.5041092
43.6206675,13.5090294
43.6197974,13.5090118
43.6125486,13.4992842
43.611831,13.5057154
43.625046,13.5033916
43.6074728,13.4508645
43.608168,13.4503863
43.6116001,13.4341171
43.6007098,13.4881465
43.6051434,13.5013363
43.6030212,13.5029425
43.5434581,13.386524
43.2822949,13.3253606
43.2893653,13.5319428
43.2912014,13.4186752
43.2762553,13.503227
43.3095149,13.3131027
43.283751,13.5161663
43.2921918,13.435847
43.2949546,13.4563901
43.2745635,13.4853412
43.300639,13.4479423
43.2989895,13.4538361
43.2729474,13.5902373
43.1858535,13.4780202
43.3075313,13.7332722
43.0670653,13.3382475
43.0677277,13.3394021
43.2999339,13.4470937
43.2945601,13.4646441
43.3078367,13.4351758
43.2967827,13.449216
43.2481545,13.5094092
43.3429742,13.5709745
43.3438916,13.5698204
43.3441959,13.5737526
43.3451322,13.5673796
43.3454748,13.568231
43.2489936,13.5063563
43.2513623,13.5279919
43.2491818,13.5119582
43.275455,13.5043079
43.3175333,13.635371
43.2487997,13.5078132
43.3047909,13.4335357
43.3075223,13.437143
43.0362497,13.3007315
43.231293,13.3553352
43.3019468,13.4554801
43.2955215,13.4352629
43.2990489,13.4368395
43.3164843,13.4677027
43.2202095,13.4630545
43.0285455,13.3013272
43.406186,13.5414451
43.4069441,13.5413931
43.4058011,13.542007
43.3014666,13.450035
43.3035117,13.4526361
43.3107818,13.4625234
43.2741284,13.4664778
43.317706,13.460737
43.2216461,13.4043149
43.3019397,13.4576146
43.2974135,13.4810466
43.2913191,13.462882
43.2944477,13.4644092
43.3031326,13.450503
43.3629473,13.4360832
43.4061466,13.5420238
43.3046508,13.4614621
43.3226419,13.4272983
43.2994745,13.4389708
43.3984937,13.5526229
43.316864,13.6777466
43.3183137,13.6775773
43.3087584,13.7175543
43.4321545,13.6644154
43.0351033,13.3054181
43.4329571,13.6561061
43.3160481,13.6834336
43.2938929,13.4343099
43.4368157,13.658993
43.3011392,13.4575746
43.2830572,13.6391664
43.294179,13.6751021
43.293289,13.4716117
43.0347457,13.3012786
43.2869066,13.3925893
43.3625833,13.4357573
43.3179533,13.6887169
43.2830439,13.6462298
43.1665394,13.4157152
43.1651546,13.4164633
43.2725688,13.5880216
43.3290273,13.4241761
43.325494,13.4256654
43.3221738,13.4228359
43.3215493,13.4229511
43.3207031,13.4234246
43.3042478,13.4380809
43.0564527,13.4217546
43.3625679,13.5492022
43.3638076,13.5495613
43.3979208,13.5517678
43.3325404,13.4740803
43.3970512,13.5525818
43.2728637,13.5893073
43.0350496,13.3020128
43.3183633,13.6779095
43.3082048,13.7289636
43.3088819,13.7275217
43.3077645,13.3157553
43.3100783,13.3133885
43.3162694,13.6356632
43.4039722,13.5508611
43.3644749,13.4372821
43.3075521,13.7301828
43.1062481,13.3161362
43.2048456,13.395621
43.3676884,13.6948679
43.3575179,13.6991502
43.3345016,13.7091113
43.3281894,13.7105533
43.329014,13.7144512
43.3029362,13.7372506
43.3170529,13.6801389
43.3168911,13.6807944
43.3074087,13.7295977
43.3070421,13.7297981
43.1670262,13.4153096
43.3198718,13.6760624
43.3617775,13.6194662
43.3077478,13.7332497
43.3136494,13.3110358
43.2999768,13.4562936
43.0359538,13.3015746
43.1431033,13.3669436
43.1860635,13.4807534
43.186824,13.4804683
43.1434725,13.3675635
43.2918456,13.4166531
43.2959063,13.4252147
43.299293,13.4359351
43.301613,13.4389458
43.2963737,13.4506502
43.3222371,13.4266802
43.3105465,13.4086825
43.3073797,13.4632848
43.2657393,13.3488055
43.4083398,13.4357395
43.3053177,13.4550313
43.2756823,13.4698635
43.3326414,13.4164742
43.327871,13.4208298
43.2917795,13.4501899
43.279534,13.4325879
43.270374,13.4299426
43.2633278,13.4307056
43.3030623,13.4332806
43.3024358,13.4501182
43.302344,13.4496528
43.2971741,13.4442785
43.2922257,13.7004229
43.2921192,13.7005485
43.3823609,13.6462482
43.366688,13.6229118
43.3656514,13.6197354
43.3648836,13.6193621
43.2989217,13.4506058
43.3012835,13.4522373
43.3651297,13.4386341
43.363645,13.5494374
43.4064856,13.5445973
43.2889092,13.4352418
43.2941629,13.4519267
43.3627485,13.6204571
43.2550478,13.4170938
43.2203517,13.4055471
43.409904,13.5522723
43.3158342,13.5866288
43.3144078,13.5826124
43.3159779,13.586183
45.6779632,13.7581119
45.7743061,13.6041192
45.6626704,13.786039
45.7643836,13.706251
45.7868501,13.591695
45.7877649,13.5911424
45.7882294,13.5910543
45.7289603,13.6916208
45.7914244,13.587685
45.5954135,13.8211161
45.5876949,13.7826013
45.7243624,13.7910558
45.7224418,13.7916657
45.6630907,13.774611
45.6434015,13.8629999
45.6555317,13.7989194
45.6507654,13.7956553
45.6454192,13.8098229
45.6544226,13.7989725
45.6585825,13.7962042
45.7501884,13.6732618
45.7514736,13.6711007
45.7513303,13.6710326
45.7519866,13.6715762
45.6049991,13.7672807
45.6978301,13.7418501
45.6756408,13.7669005
45.6760949,13.7563355
45.6703931,13.7617882
45.7014312,13.7335396
45.7083793,13.7305864
45.6605358,13.7927529
45.7498823,13.6557136
45.6687684,13.7686108
45.5991966,13.859576
45.6147649,13.8592306
45.6559997,13.7946488
45.7247864,13.6967467
45.6331909,13.7890642
45.6323569,13.7875495
45.6301484,13.7930655
45.6289345,13.7944267
45.7260835,13.6910107
45.6253598,13.8098432
45.7027862,13.7325653
45.7049245,13.7291891
45.7057237,13.7266586
45.6431439,13.785635
45.6432972,13.7855545
45.6431955,13.7854834
45.7047097,13.7236527
45.7048936,13.719937
45.6074774,13.8603637
45.6012144,13.8592514
45.7338249,13.6930601
45.7343473,13.6946749
45.7329806,13.6929314
45.7189526,13.8060478
45.6671778,13.7863769
45.6652087,13.7852316
45.6455409,13.8113153
45.6228562,13.8059486
45.6333074,13.8044978
45.5987722,13.7666938
45.7025053,13.7129454
45.7045827,13.7146152
45.6158504,13.8304196
45.6265289,13.8414923
45.6438935,13.7786673
45.7231001,13.6954969
45.6011699,13.858229
45.7249647,13.696869
45.6722753,13.7807772
45.6655812,13.7708192
45.6713855,13.7643985
45.6699026,13.7675425
45.7094339,13.7348484
45.6446367,13.851618
45.6652285,13.7752045
45.6777032,13.8022256
45.6386145,13.7875834
45.6811851,13.7528531
45.6206771,13.8894815
45.6146639,13.8841494
45.673505,13.7748946
45.7887265,13.5915408
45.6355697,13.7889168
45.6833342,13.7533776
45.7980517,13.6049852
45.6492867,13.7806098
45.6655812,13.772539
45.6390956,13.7864632
45.6157057,13.8730825
45.6612281,13.7782924
45.6595631,13.7856551
45.6636139,13.7933839
45.6528017,13.7887586
45.6543348,13.789186
45.764424,13.706238
45.717757,13.8051548
45.7199063,13.8031564
45.6424371,13.7791305
45.6423268,13.7797037
45.6446557,13.7979747
45.6761764,13.7810117
45.636005,13.796292
45.6427087,13.761846
45.6795632,13.7624826
45.647408,13.7745905
45.6498238,13.7655164
45.646175,13.773094
45.6462008,13.7570064
45.702253,13.716688
45.6192041,13.8240945
45.6198471,13.8238075
45.6201468,13.8237613
45.6477171,13.7670348
45.6575252,13.8393357
45.6992603,13.7258054
45.6982645,13.7285112
45.7637975,13.6857044
45.6465954,13.768759
45.6814742,13.7520209
45.6371466,13.7689113
45.6568969,13.7769353
45.651938,13.7904782
45.6674116,13.7949082
45.6501805,13.8149861
45.6411861,13.7757603
45.6738403,13.7798555
45.7261685,13.7626979
45.653973,13.7831604
45.7682877,13.6321798
45.7732803,13.5995157
45.7729713,13.5992808
45.6476131,13.7679739
45.6872578,13.7489755
45.6866894,13.7496073
45.6938607,13.7371075
45.6968076,13.7321145
45.6954502,13.7348737
45.6468644,13.7624927
45.6293612,13.7981067
45.656953,13.7995729
45.6379053,13.7716039
45.6203738,13.7953594
45.6519687,13.7716432
45.670869,13.7732844
45.7033028,13.7331127
45.7853959,13.6596577
45.6518083,13.7738189
45.6554176,13.8142107
45.6186189,13.8213701
45.6175047,13.8245966
45.6378432,13.7891234
45.5998641,13.7523381
45.6252934,13.7837163
45.6268568,13.7827254
45.707896,13.7138709
45.7358965,13.6819969
45.6748638,13.788225
45.6688434,13.7787559
45.6570301,13.7725971
45.6857741,13.7479378
45.6586895,13.8053565
45.6241724,13.8583769
45.6246421,13.8587645
45.6226378,13.861638
45.7235189,13.6932075
45.7238737,13.6929635
45.7237024,13.6930708
45.7838988,13.5960303
45.606919,13.7611216
45.6063419,13.7635081
45.6555606,13.7971625
45.6683699,13.7713355
45.6544303,13.7854466
45.6395726,13.8317029
45.6039211,13.7660087
45.7468391,13.7308408
45.6548518,13.7846741
45.5894096,13.8375059
45.6414261,13.8107341
45.6700554,13.7943426
45.6719077,13.7942233
45.6630246,13.8011601
45.6613719,13.8073799
45.6737133,13.8233403
45.6642735,13.8488126
45.644021,13.8144795
45.6431732,13.8157005
45.6898517,13.7894155
45.6912629,13.788548
45.7168693,13.8108062
45.6892662,13.7430678
45.708064,13.7139339
45.7080528,13.713885
45.7080481,13.713836
45.6862243,13.7878229
45.7409541,13.6695613
45.7511422,13.6753679
45.6931593,13.7488917
45.6576593,13.7829873
45.6591539,13.773374
45.6872769,13.7457034
45.6393563,13.7812842
45.6352675,13.8309326
45.6653859,13.8484972
45.6636352,13.7826432
45.6670293,13.779617
45.6871123,13.7524045
45.6864601,13.7469682
45.6831123,13.7506737
45.641595,13.7540502
45.6411619,13.755386
45.625419,13.7895997
45.6248284,13.7926352
45.6382642,13.8329958
45.704269,13.7164024
45.6261072,13.7895916
45.6293866,13.7848121
45.6508377,13.79181
45.6259544,13.7857383
45.6439884,13.7796485
45.6268594,13.7825524
45.7324902,13.694531
45.6478276,13.7765129
45.7707096,13.6650035
45.620544,13.8711681
45.6485761,13.7707371
45.6440803,13.7716665
45.7042959,13.7292042
45.7605879,13.7164524
45.5877357,13.7771394
45.5984986,13.7828145
45.640757,13.7861214
45.6427604,13.8658917
45.7272347,13.7297551
45.6299771,13.8102453
45.6314711,13.8117745
45.6408012,13.8163898
45.6218033,13.8008837
45.7540478,13.6873932
45.6244714,13.8057617
45.6567768,13.7911189
45.65665,13.7900426
45.6861765,13.7866334
45.6771236,13.7760635
45.6559459,13.8108669
45.671586,13.773485
45.6414158,13.7834514
45.6417708,13.7831287
45.6432208,13.8621599
45.7435992,13.6661898
45.6693172,13.7630208
45.6692174,13.7628781
45.6077455,13.7305089
45.5999475,13.7525161
45.605988,13.7274203
45.6064801,13.728724
45.6071519,13.7297764
45.6488559,13.7713709
45.6651659,13.7689894
45.7659828,13.6858673
45.5864698,13.8494427
45.5881386,13.8492471
45.6641805,13.7648417
45.652587,13.7837629
45.6005533,13.8595419
45.6205984,13.8887311
45.5930701,13.7600813
45.6443991,13.8103425
45.6879685,13.7448982
45.6664802,13.7723035
45.6663822,13.771586
45.6258065,13.7839041
45.6608546,13.7713893
45.6614121,13.7710975
45.6034541,13.768116
45.6693401,13.7788454
45.6128151,13.8595221
45.6250759,13.8031505
45.6473031,13.8212933
45.6265541,13.8709614
45.6240974,13.7852333
45.679575,13.7811038
45.6599545,13.7835365
45.6592138,13.7830363
45.6309544,13.841626
45.6026089,13.7330156
45.6037187,13.7346872
45.7876247,13.5917303
45.6549414,13.8042792
45.6513076,13.8171977
45.6432475,13.7857054
45.7320875,13.6924838
45.6301466,13.7866967
45.6060314,13.765314
45.6046389,13.765838
45.602441,13.8060529
45.5970379,13.8045745
45.6397151,13.7946565
45.650066,13.791862
45.6682,13.774031
45.65256,13.7689905
45.648537,13.77086
45.6479166,13.7882276
45.6522554,13.7820332
45.6445157,13.816733
45.6460461,13.7689673
45.6418358,13.8029537
45.6439325,13.7602871
45.642434,13.7744226
45.650264,13.7940686
45.649179,13.7933189
45.6488609,13.7725045
45.6484683,13.7716066
45.6184808,13.8242021
45.6695111,13.7632865
45.664964,13.7983413
45.6512198,13.7929683
45.6431073,13.814803
45.6722031,13.8252898
45.6583929,13.8394229
45.6477294,13.7671902
45.6474881,13.7684775
45.6604963,13.7801723
45.6484329,13.7676578
45.6471291,13.7648475
45.6424113,13.7830977
42.9339059,13.6880306
42.8539275,13.5751007
42.8597573,13.5685875
42.8485042,13.6359413
43.0257051,13.8608336
42.9352363,13.6912124
42.9200324,13.8369231
42.8231821,13.5514527
43.0236728,13.6153276
42.82377,13.425046
42.9333232,13.8934645
42.8898843,13.3194553
42.916405,13.8958135
42.9112507,13.8945261
42.9100566,13.8925131
42.90837,13.9016032
42.7375097,13.407336
42.7411885,13.4150242
42.7456392,13.4283817
42.7769189,13.4154756
42.85041,13.6299424
42.8513596,13.6263149
42.8488534,13.6300406
42.8098863,13.3009049
42.8317669,13.5820921
42.8580203,13.5735268
42.8523582,13.5917654
42.9912306,13.8679396
42.8789999,13.3081328
42.9206562,13.8348697
42.9211602,13.8339701
42.8351082,13.5569612
42.8350399,13.556931
42.8524045,13.5924071
42.8532887,13.5848834
42.8585283,13.5803164
42.8582128,13.5834268
42.8381949,13.5765119
42.8543344,13.5676255
42.8524125,13.589363
42.8284589,13.5795296
42.8180569,13.6060596
42.8522993,13.5550067
42.8328464,13.5124226
42.8648432,13.4721364
42.798536,13.4606814
42.836676,13.415364
42.7110599,13.3901608
42.8549742,13.5470728
42.8908144,13.5420478
42.7359721,13.450145
42.732804,13.4453931
42.7240944,13.4375558
42.9104848,13.4234477
42.8422593,13.3326558
42.8492404,13.6280736
42.7212431,13.4203148
42.9549516,13.8909155
42.9170865,13.9023182
42.9669189,13.8792904
42.9445263,13.8147819
42.9365583,13.6929741
42.9364984,13.6929996
42.9492145,13.8860489
42.8606989,13.7109158
42.9088755,13.8839131
42.9141052,13.8925438
42.9118678,13.902065
42.9578781,13.4807342
42.9594926,13.4148377
42.8416214,13.6349438
42.9189448,13.8924128
42.8750945,13.487226
42.8799815,13.5106076
42.8300395,13.5832074
42.9063281,13.5191065
42.8729413,13.4868584
42.8996518,13.4941609
42.9545061,13.5592106
42.8911274,13.303202
42.8796036,13.3077466
42.7989124,13.3848006
42.820881,13.3930829
42.8211068,13.3942744
42.8137489,13.3790989
42.7979722,13.3835234
42.8063583,13.3789112
42.9705963,13.5861345
42.8616088,13.7108688
42.9699867,13.8049568
43.0259944,13.6184707
42.9905204,13.870077
42.9716891,13.877877
42.8533215,13.6515347
43.0142111,13.8638208
43.0376874,13.8578443
43.0384979,13.8576382
42.9309557,13.8952955
42.92498,13.8990359
42.9982127,13.8702046
42.9375403,13.6201614
42.9387852,13.6216458
42.7949419,13.3487375
42.7925061,13.3482302
42.812301,13.3077967
42.8360989,13.3010365
42.8526999,13.659455
42.8311701,13.5781805
42.9201796,13.8351801
42.8289408,13.5391806
42.8017592,13.5107552
42.9340413,13.6919916
42.9341278,13.690784
42.8168478,13.6389404
42.8205414,13.6334874
42.8258518,13.3349797
42.8145417,13.4714379
42.9519145,13.8772212
42.9481242,13.4068064
42.8357904,13.5748594
42.8526297,13.5721924
42.8438957,13.3053671
42.849665,13.3011202
42.8387344,13.5462591
42.8178445,13.3269694
42.8423183,13.3493013
42.8466026,13.3510352
42.8612405,13.3838186
42.8627456,13.420639
42.7058772,13.4290552
42.7013161,13.4041723
42.8632161,13.5093453
42.9948807,13.8658709
42.8298215,13.4566491
42.9278574,13.6441772
42.9081031,13.3071757
42.8910398,13.314533
42.8307733,13.304461
42.9505799,13.8848944
42.9491833,13.8823426
42.9440879,13.8809501
42.750044,13.3166383
43.0244324,13.8608133
42.8310033,13.3077177
42.8365727,13.3109786
42.751096,13.3996994
42.8434077,13.3474787
42.842874,13.3491551
42.8368261,13.3142253
42.8436357,13.3119305
42.791997,13.4375031
42.7669582,13.311066
42.7731299,13.3142874
42.7694366,13.3035358
42.7694761,13.3068789
42.8508304,13.6169589
42.7622569,13.4754007
42.7895241,13.5105381
42.8665121,13.4606956
42.8606153,13.4554519
42.8534462,13.441296
42.8666458,13.4572777
42.8476037,13.430051
42.8417476,13.4321878
42.8512141,13.3884184
42.8526799,13.3892285
42.8451978,13.3235156
42.9693846,13.5818057
42.8272277,13.5790838
42.7565337,13.4731332
42.7292389,13.4000089
42.7991936,13.3015378
42.849458,13.5731975
42.9648155,13.4905199
42.9621942,13.4899394
42.9542592,13.5592155
42.9537371,13.5596579
42.9356503,13.5694515
42.9376151,13.6220645
42.7738742,13.3127768
42.7743603,13.3090667
42.8401491,13.3980741
43.0222077,13.8578543
43.047468,13.8103508
43.0474718,13.8118787
43.0486943,13.8046734
42.820788,13.4802814
42.8839647,13.4909954
42.9508635,13.880683
42.8555526,13.5754022
42.9067493,13.5020857
42.9058296,13.4951965
42.8825525,13.506604
42.8829408,13.4525915
42.8969776,13.5437015
42.9336841,13.6900063
42.9375855,13.6943383
42.9381844,13.6937534
42.9371711,13.6994193
42.8244492,13.3321861
42.9377304,13.6954343
42.8975514,13.6677509
42.8988838,13.6656645
42.8990088,13.6579434
42.8901759,13.3171252
42.8991387,13.3281039
42.8437883,13.3066858
42.8869563,13.3392064
42.9117003,13.3197168
42.8359645,13.3007548
42.7129435,13.3322558
42.821633,13.4743494
42.7695668,13.3899945
42.9284946,13.5571639
46.385036,13.5061233
46.3916068,13.4357247
46.4014126,13.4246363
46.400851,13.4193153
46.4029905,13.3761675
45.8733479,13.3655443
45.7640436,13.3679711
46.4474019,13.6546749
45.8391795,13.3291821
45.8633073,13.3231513
45.7758332,13.364776
46.4570953,13.4707492
46.5205443,13.6149379
46.1007387,13.4846942
46.1297576,13.4867054
46.1424401,13.4851439
46.1987149,13.4951903
46.0942329,13.519965
46.1481937,13.49119
46.1395559,13.4917078
45.9074543,13.3153691
45.8238614,13.3433808
45.8236669,13.343296
45.8237459,13.3433384
46.5064977,13.306295
45.9117317,13.3459954
46.511168,13.6876117
46.5161294,13.7006174
46.0931857,13.5183575
45.9786569,13.446333
46.0162836,13.3036844
46.094737,13.4263813
46.4044755,13.3612315
46.0861133,13.4331715
45.837778,13.4013898
46.0163602,13.3931942
46.4592877,13.6844604
46.5053653,13.5767647
46.1256176,13.4877145
46.0904384,13.376493
46.0930668,13.3676497
46.0932147,13.4297298
46.1288981,13.3266376
46.1660037,13.3596172
46.4403565,13.5713804
46.2048191,13.355374
46.2069943,13.3443636
46.1339957,13.5570383
46.4756224,13.5336361
46.4593458,13.6714112
46.5179753,13.6060381
46.5301621,13.5455205
46.4085357,13.310266
46.4116724,13.3085936
45.8222986,13.336899
45.7293646,13.3924208
46.1148203,13.395519
45.8755387,13.3463508
45.8595597,13.3213119
46.0929801,13.4265565
46.0376559,13.3824212
46.4248191,13.3168441
46.5050432,13.5807692
46.4050314,13.3697747
46.0261397,13.4566549
46.1730783,13.4292465
46.1772245,13.4305773
46.1990704,13.4191702
46.2721562,13.3413232
46.4733102,13.6714919
46.1976491,13.4416667
46.1011933,13.4734322
46.5049784,13.4414518
45.9913566,13.3802171
46.119892,13.5510875
46.1371141,13.6196331
46.5330227,13.306755
46.129084,13.486362
45.9053132,13.3107069
45.9058393,13.3095959
45.9049098,13.3095066
45.9053794,13.3091632
45.9058031,13.3103633
45.9048687,13.3102951
46.1413191,13.6183991
46.1211708,13.5218805
46.4237476,13.5308271
46.1425606,13.4244759
46.4227345,13.5317634
45.9897795,13.3848933
46.0931792,13.4312988
45.9967056,13.4403291
45.9894048,13.4389741
45.7748709,13.4143846
45.7759447,13.4153083
45.7682809,13.3719077
46.4805225,13.4926124
46.1702835,13.557469
46.1139623,13.5346136
46.1649294,13.4829665
46.1157938,13.4918462
46.1171604,13.4922611
46.1611392,13.5185344
46.1775978,13.6028147
46.0984768,13.4591273
46.0944439,13.4341782
46.1460685,13.482305
46.1342311,13.5701966
46.1323547,13.5685914
46.1727628,13.545742
46.1114596,13.5995573
46.1095535,13.5988198
46.1066529,13.5944433
45.7666763,13.3644032
45.8379086,13.3289289
46.0946597,13.4312087
46.3648496,13.3898394
46.3604621,13.3565759
46.361508,13.3540393
46.3623657,13.3526149
46.1425025,13.5997032
46.2482014,13.3406827
46.247721,13.3410383
45.7329011,13.3669919
45.906293,13.3094951
46.1324158,13.5208524
46.4031482,13.4201445
46.4041572,13.4216773
46.234605,13.3080011
46.2340408,13.3033893
46.2338202,13.3008402
46.2326628,13.3000125
46.504963,13.4409404
46.5070381,13.4375711
46.4311941,13.3025665
46.4296429,13.3069342
46.4937803,13.6662717
46.3910638,13.4750186
45.7688692,13.3712439
46.4669184,13.6617433
46.1828649,13.6267148
46.5457397,13.517472
46.5443388,13.5186951
46.5040558,13.5821358
46.1657985,13.6424739
46.4663659,13.6878411
46.1229344,13.47651
45.8213536,13.367928
46.120446,13.5241767
46.1978036,13.4006873
46.0946002,13.4286819
46.1738306,13.3592748
46.0786588,13.4321895
46.4598052,13.508082
46.1607081,13.5185024
45.8696816,13.3650623
45.8704832,13.3624815
46.308111,13.3780445
46.0705859,13.4649983
46.4855167,13.3360022
46.4403559,13.5713768
46.4705276,13.5688705
46.4267157,13.5671019
46.5005944,13.3787197
46.4611088,13.3907649
46.1859981,13.4585957
46.1617155,13.3921524
46.1563445,13.3715207
46.5090388,13.534569
46.3587234,13.3857815
46.3344325,13.4160613
46.3526067,13.3790675
46.539001,13.4962651
46.1568206,13.3928693
46.4124664,13.4323152
46.4841587,13.4655577
46.4589302,13.5953484
46.4525897,13.3233127
46.5190551,13.7062707
46.4065551,13.3496592
46.4070424,13.3497409
46.1528177,13.3444946
46.4078996,13.3152275
46.13151,13.5785845
46.1949584,13.5305575
46.1829822,13.3483997
46.1820187,13.3485837
46.1580685,13.3930241
46.171724,13.5446673
46.1304228,13.3626781
45.8227761,13.3322143
46.1461191,13.4823538
46.1717373,13.5446374
46.0868862,13.3230491
46.0847568,13.3153013
46.0850304,13.3142964
46.3063566,13.4006052
45.8228381,13.335067
46.1828752,13.5523864
46.1879419,13.5567641
46.120239,13.6138598
46.1497875,13.4532056
46.130825,13.4364241
46.2199506,13.3169203
46.1792373,13.4771105
45.8190949,13.336342
45.8257692,13.3050261
46.1764511,13.6033572
46.1648937,13.6426153
46.1311311,13.4336067
46.5090158,13.5332523
46.0193253,13.3401714
45.8326735,13.4019411
45.8163336,13.3973558
46.1747746,13.4304851
45.9015268,13.3095315
46.0959931,13.4213729
46.0108977,13.4310922
46.3895298,13.4735942
46.012906,13.3302566
45.8089439,13.3586913
46.304292,13.322551
46.0900995,13.5488487
46.1323484,13.4315724
45.907625,13.3042777
45.7766015,13.3613624
45.7772187,13.3610163
45.838495,13.3303414
45.8251598,13.333555
46.0847648,13.4311691
46.0807763,13.492331
46.1805584,13.3481185
46.2022554,13.3441514
46.2258924,13.4054026
45.8439906,13.325968
46.2472889,13.3393065
46.44905,13.3154291
46.133191,13.5105778
46.2783384,13.3831826
46.4079362,13.3087847
46.4213624,13.5709102
46.2746007,13.3026563
46.4178552,13.4655887
46.5035816,13.5926547
45.7742509,13.4092366
46.1412843,13.6197191
46.1230687,13.6027001
46.4447258,13.5380374
46.0411286,13.4871289
46.5470581,13.4108326
46.107986,13.418911
45.7299229,13.3917831
45.7855783,13.3590122
45.8007538,13.3462445
46.4852926,13.4667774
46.5109663,13.5328752
46.1259522,13.6243393
45.9268615,13.3839043
46.5061246,13.5777182
46.4402871,13.5096717
46.0847865,13.324678
45.8921965,13.3478163
46.4967123,13.649362
46.182112,13.3679039
46.0993701,13.4738306
46.0685594,13.3981008
46.5177323,13.6103687
46.4965778,13.6482725
46.1732301,13.4844609
46.4362248,13.5677158
46.3630542,13.350801
46.3294833,13.4275544
45.7920507,13.3297826
45.9001285,13.3036759
45.7976343,13.3488142
45.7987153,13.3478886
45.8220522,13.3660101
46.020861,13.4889874
45.8002831,13.3427652
45.8213628,13.3318137
46.1256389,13.48775
46.1832222,13.3056667
46.4805,13.4925833
45.8175,13.3935833
45.9893611,13.4389444
45.9118611,13.3172778
46.3048611,13.3218333
46.52956,13.4193208
46.142298,13.4338509
46.1585536,13.4783027
46.0956233,13.3955819
46.5033838,13.5817663
46.1472542,13.3012482
46.0535652,13.4853426
46.3068977,13.4021407
46.1787606,13.3862455
46.3863228,13.4392495
46.1524128,13.3457672
45.8174834,13.3963434
46.3722521,13.3151039
45.7791805,13.3725716
45.7694485,13.3713833
46.3784537,13.4675901
46.2272895,13.4071026
46.4133877,13.4653967
46.3676219,13.3034288
46.5065954,13.3081566
46.1162518,13.555763
46.0324508,13.306773
46.1433025,13.6152901
46.5098614,13.4740243
46.5019021,13.3829785
46.5010848,13.5015555
46.4096835,13.31102
46.1256799,13.5619099
46.0902238,13.434024
46.0912518,13.4317935
46.1698951,13.4848754
45.7764854,13.360303
46.1311405,13.4981683
46.2671495,13.3702522
46.2723229,13.3183081
46.2722043,13.3148348
46.2744846,13.3172473
46.3736941,13.30691
46.3898833,13.3044837
46.4506278,13.367917
46.450674,13.3694107
46.4914279,13.4917875
45.7695371,13.3697597
46.2739636,13.3101316
46.0328171,13.3065697
45.9459164,13.3388283
46.5047922,13.5797544
46.2143152,13.3632813
46.1947253,13.3342914
46.1794266,13.3844762
46.2563781,13.3704408
46.0802565,13.4817233
46.0670053,13.3433184
46.1795361,13.3831236
45.8922192,13.3438556
46.5029572,13.3048606
46.3741998,13.3031514
46.0952292,13.4250208
45.9286023,13.3329524
45.9286023,13.3329524
46.3485794,13.4192996
46.2722113,13.3382475
46.1269688,13.5778783
45.8670634,13.3970615
45.8720389,13.3652207
46.1564666,13.6434095
42.2472352,14.0927179
42.2301519,14.0492562
42.285084,14.0299289
42.3977903,14.0483525
42.4262639,13.8046375
42.5032091,14.1692913
42.4958791,14.1277205
42.4954671,14.1277768
42.4677521,14.1820075
42.4460925,14.212631
42.2470601,14.0345891
42.2701978,14.0881292
42.2435705,14.0645024
42.4946213,13.9912076
42.2629942,14.0285811
42.2622884,14.0886524
42.5076878,14.0052012
42.4684037,14.1943833
42.3315416,13.9843315
42.4248028,14.1576369
42.3834444,14.1230353
42.4343496,14.1094358
42.4297933,14.0640757
42.454048,14.1820882
42.32094,13.95779
42.23162,14.0849
42.473976,14.1233203
42.2171552,13.9600072
42.4519544,14.2385062
42.3339508,13.8605092
42.3622866,14.0683566
42.363267,14.0697334
42.3676186,14.0740988
42.3847605,14.1241093
42.4730452,14.2118998
42.2351048,14.0380943
42.391044,14.073508
42.3913568,14.1017834
42.3964224,14.1082864
42.3387011,14.0679621
42.3370287,14.0665372
42.342681,14.0676155
42.3837413,14.1243913
42.3811869,13.8251807
42.393527,13.8284827
42.3800449,13.8591747
42.4017829,13.9626715
42.4629763,14.2250675
42.4517537,14.2365042
42.3212237,14.0436887
42.4848377,13.989502
42.4416765,13.8218413
42.4406633,13.8227117
42.4413061,13.8230081
42.4766414,13.8250723
42.4637851,14.0148439
42.2757396,13.9099421
42.2853274,13.958275
42.2766776,13.9109727
42.3374563,14.0222375
42.2997155,13.9236414
42.5022897,14.1670255
42.2361222,13.8952341
42.2121482,13.9085516
42.4613616,14.0158698
42.4723806,14.2051862
42.2457538,13.9856956
42.4329083,14.2045273
42.5161264,14.125898
42.4568078,13.9255082
42.5185704,13.9686364
42.5004363,14.0002542
42.5213855,13.969776
42.5179873,13.9684417
42.5189741,13.9688678
42.5295459,13.9628177
42.4400869,13.8313868
42.4834856,13.990638
42.3825371,13.8686893
42.4672747,14.2222941
42.4419879,13.8225328
42.2123858,13.834756
42.4760544,14.1767554
42.4578127,14.1136949
42.4434513,14.0450086
42.4584529,14.208964
42.4429748,14.0443173
46.6031494,13.8114751
46.5492118,13.7102909
46.6192212,14.2637815
46.6742971,13.7113338
46.5895534,13.8486803
46.6464114,13.8705941
46.5742642,14.6338458
46.5717698,13.550173
46.4457804,14.6407713
46.6346445,14.5401726
46.5070379,14.1359605
46.6996408,14.9000912
46.615396,13.8474298
46.6153384,13.8668834
46.639428,14.2976129
46.636508,14.2999055
46.6252892,14.308021
46.6342381,13.8579113
46.6277037,14.3123181
46.5166894,13.7737562
46.5187137,13.7880396
46.6645357,13.9032477
46.6229316,14.2534712
46.5387387,13.9051328
46.5919083,14.6401583
46.5907192,14.6408535
46.6534381,13.7393313
46.6323962,14.1070021
46.6194155,14.4029866
46.5069527,14.2885612
46.6161556,13.8478495
46.5898806,14.3284297
46.6163741,14.265057
46.6573943,14.633562
46.6170945,13.8440146
46.6046186,14.2954123
46.6007985,14.3152801
46.6516624,13.6979696
46.6581033,13.6076887
46.6905542,13.502502
46.6199228,14.2655665
46.617724,13.7488122
46.686309,13.8344025
46.6187846,13.84294
46.5570884,13.7055878
46.615261,14.2510367
46.5606943,13.623537
46.6288097,13.6449816
46.6234592,14.3064621
46.6182383,14.268634
46.623034,14.3059548
46.6066686,14.1821037
46.6265332,14.3036181
46.6127536,14.3094518
46.6876449,15.9880336
46.5447377,13.8037527
46.6249572,13.6850928
46.4533506,14.4911385
46.4685876,14.5083596
46.5829619,13.3144644
46.6319664,13.3567673
46.6606587,13.3087827
46.5533319,14.6647109
46.44133,14.3132969
46.5891896,14.7985759
46.5372174,13.8865223
46.5294967,13.7042756
46.633393,13.4612603
46.6207135,13.8637793
46.4242731,14.5740665
46.6285977,13.9005657
46.6158592,14.9880056
46.6519899,14.2563055
46.4037951,14.5657032
46.5455354,14.3329906
46.6307783,13.6575514
46.6188049,13.3072644
46.5855367,13.3777805
46.6804641,14.3162164
46.4865624,14.5931771
46.6223356,14.2166917
46.6297361,14.1441731
46.6889804,15.9834606
46.6871817,15.9876186
46.5859399,13.9350137
46.6045587,13.8520403
46.6238656,14.7642407
46.6745161,13.7013792
46.6294869,13.6961643
46.6774165,13.5958231
46.6603776,14.1700217
46.6108192,14.3506859
46.5025953,14.0478176
46.6579989,13.9007287
46.6129147,13.9376461
46.4374883,14.4886475
46.6862244,13.6646001
46.6912576,13.6571067
46.5903758,14.7983386
46.4636416,14.6992533
46.5750432,13.9338501
46.5751102,13.9335031
46.5746414,13.9342974
46.5747782,13.9348138
46.5744729,13.9349102
46.5865072,14.7990911
46.5163917,13.9628594
46.6695581,13.305159
46.6289463,13.6525721
46.6316028,14.3329137
46.6268639,14.3079876
46.6078235,14.0308809
46.6368891,14.1355391
46.6577078,14.2766496
46.5835987,13.9187249
46.6072459,14.5263478
46.5884265,14.5832831
46.58335,14.567863
46.5288415,14.1730165
46.6264142,13.6184463
46.6177534,13.5369953
46.5725928,14.4910599
46.608101,14.5869772
46.6123057,14.800572
46.4910682,14.3410514
46.6213149,14.3382137
46.6149306,14.4809837
46.5910332,13.8500952
46.562902,14.2339106
46.5605674,13.4587381
46.6842669,15.5814499
46.6619459,15.1673684
46.641417,15.2407098
46.6457693,15.2670558
46.6587179,15.1920068
46.6774593,15.5468606
46.6430844,15.250889
46.6455569,15.2567424
46.6991139,15.3896876
46.6810473,15.073951
46.6741196,15.1039723
46.6684923,15.1030469
46.6978091,15.3113661
46.6599803,15.3297734
46.5376524,13.887751
46.614121,13.8324648
46.6101995,13.8473581
46.6187396,14.2546162
46.6336888,13.4448034
46.6346061,13.4473359
46.6349237,13.4473741
46.6342623,13.4469587
46.6334548,13.4447885
46.6346924,13.4470934
46.5858409,14.2046298
46.5487581,13.7800129
46.501668,14.4951037
46.5413911,13.961881
46.5838371,13.4282925
46.5756727,13.4175757
46.5440387,14.3901479
46.542982,14.3882687
46.5434038,14.3870617
46.5440728,14.3859026
46.5425851,14.3890729
46.5216959,13.7382629
46.5350791,13.779589
46.5417034,13.7890122
46.5410897,13.6293674
46.4709489,14.384715
46.679334,13.9910451
46.6699857,13.9793013
46.5136328,14.0103508
46.5579326,14.1000414
46.5139047,14.5091831
46.5123136,14.5008146
46.5632486,13.6211744
46.5575869,13.6559646
46.5980363,13.5240391
46.6406487,14.7472807
46.6024409,13.7773274
46.5730644,13.8018993
46.6932213,13.7696953
46.6991137,13.7775663
46.6341357,13.4148826
46.6362661,13.4238218
46.6143871,13.4138822
46.6151517,13.4440148
46.6369217,13.3939487
46.5864528,14.5673907
46.5874631,14.5664707
46.5850928,14.5663122
46.585474,14.5696809
46.585596,14.5669602
46.5856265,14.5665137
46.5823683,14.0196262
46.5436534,13.6527341
46.5684704,13.4461335
46.6390515,14.5801838
46.6158484,13.8490576
46.6648315,13.9203976
46.572796,13.9336105
46.6475383,13.8907973
46.649907,13.9111881
46.6338408,13.8305994
46.6211844,14.2841992
46.6444569,14.2958133
46.6643352,14.0279606
46.6507098,14.3144456
46.6144359,13.88516
46.6217713,14.3042094
46.5582856,13.6616465
46.465755,14.5063183
46.5672526,13.6073263
46.6309277,13.4569538
46.6370064,13.4542233
46.5906315,14.2691696
46.4357395,14.5585569
46.4218634,14.5724401
46.5602339,13.5073702
46.5732997,13.6035653
46.4970438,14.5500358
46.6622585,13.7663523
46.6052768,14.1783525
46.6031233,14.1729114
46.6932596,13.9908849
46.5942466,14.5926393
46.6011093,14.5867857
46.6952302,13.6656656
46.5427424,13.6429638
46.5439018,13.6444853
46.6177158,14.3393662
46.445987,14.5768336
46.5566711,13.5073605
46.545901,13.5968408
46.5348939,14.0879805
46.6269585,14.2090023
46.6535521,13.7497808
46.6827268,13.4625464
46.5508079,13.7004394
46.628682,13.6537234
46.6737953,13.4152776
46.6441582,13.8158914
46.6891668,13.6812539
46.6112506,13.9153287
46.6105939,13.8928408
46.6385295,13.9475635
46.6313285,13.8134057
46.6101231,13.9108812
46.6536692,13.7788373
46.6999215,13.6654256
46.6575411,13.7555142
46.6631983,13.7357342
46.5895628,13.9250344
46.6905778,13.6773131
46.6756446,13.9595354
46.6953455,14.878446
46.5604039,13.5047714
