{"type": "FeatureCollection", "features": [{"type": "Feature", "properties": {"featurecla": "Admin-1 states provinces", "scalerank": 8, "adm1_code": "KOS-5889", "diss_me": 5889, "iso_3166_2": "XK-X02~", "wikipedia": null, "iso_a2": "XK", "adm0_sr": 1, "name": "De\u010dani", "name_alt": null, "name_local": null, "type": "Okrug", "type_en": "District", "code_local": null, "code_hasc": "XK.X02~", "note": null, "hasc_maybe": null, "region": "\u0110akovica", "region_cod": null, "provnum_ne": 4, "gadm_level": 1, "check_me": 20, "datarank": 8, "abbrev": null, "postal": "PE", "area_sqkm": 0, "sameascity": -99, "labelrank": 8, "name_len": 6, "mapcolor9": 3, "mapcolor13": 11, "fips": "AL47", "fips_alt": null, "woe_id": 29389214, "woe_label": "Pech, RS, Serbia", "woe_name": "\u0110akovica", "latitude": 42.527, "longitude": 20.2468, "sov_a3": "KOS", "adm0_a3": "KOS", "adm0_label": 5, "admin": "Kosovo", "geonunit": "Kosovo", "gu_a3": "KOS", "gn_id": 791579, "gn_name": "Komuna e Decanit", "gns_id": -78248, "gns_name": "Decani, Opstina", "gn_level": 1, "gn_region": null, "gn_a1_code": "-101", "region_sub": null, "sub_code": null, "gns_level": 1, "gns_lang": "srp", "gns_adm1": "KV01", "gns_region": null, "min_label": 10, "max_label": 11, "min_zoom": 10, "wikidataid": null, "name_ar": "\u062f\u064a\u0634\u0627\u0646\u064a", "name_bn": "\u09a6\u09c7\u0995\u09be\u09a8\u09bf", "name_de": "De\u00e7an", "name_en": "De\u010dani", "name_es": "De\u010dani", "name_fr": "De\u010dani", "name_el": "\u039d\u03c4\u03b5\u03c4\u03c3\u03ac\u03ba\u03b9", "name_hi": "\u0921\u0947\u0915\u093e\u0928\u0940", "name_hu": "De\u010dani", "name_id": "Decani", "name_it": "De\u00e7an", "name_ja": "\u30c7\u30b5\u30f3", "name_ko": "\ub370\uce74\ub2c8", "name_nl": "De\u00e7an", "name_pl": "De\u010dani", "name_pt": "De\u010dani", "name_ru": "\u0414\u0435\u0447\u0430\u043d\u0438", "name_sv": "De\u010dani", "name_tr": "De\u010dani", "name_vi": "De\u010dani", "name_zh": "\u4ee3\u67e5\u5c3c", "ne_id": 1159317925, "name_he": "\u05d3\u05e6'\u05d0\u05e0\u05d9", "name_uk": "\u0414\u0435\u0447\u0430\u043d\u0456", "name_ur": "\u0688\u06cc\u06a9\u0627\u0646\u06cc", "name_fa": "\u062f\u06a9\u0627\u0646\u06cc", "name_zht": "\u5fb7\u67e5\u5c3c", "FCLASS_ISO": null, "FCLASS_US": null, "FCLASS_FR": null, "FCLASS_RU": "Unrecognized", "FCLASS_ES": null, "FCLASS_CN": "Unrecognized", "FCLASS_TW": null, "FCLASS_IN": "Unrecognized", "FCLASS_NP": null, "FCLASS_PK": null, "FCLASS_DE": null, "FCLASS_GB": null, "FCLASS_BR": null, "FCLASS_IL": null, "FCLASS_PS": null, "FCLASS_SA": null, "FCLASS_EG": null, "FCLASS_MA": null, "FCLASS_PT": null, "FCLASS_AR": null, "FCLASS_JP": null, "FCLASS_KO": null, "FCLASS_VN": null, "FCLASS_TR": null, "FCLASS_ID": null, "FCLASS_PL": null, "FCLASS_GR": "Unrecognized", "FCLASS_IT": null, "FCLASS_NL": null, "FCLASS_SE": null, "FCLASS_BD": null, "FCLASS_UA": null, "FCLASS_TLC": null}, "bbox": [20.064956, 42.437644, 20.439274, 42.653108], "geometry": {"type": "Polygon", "coordinates": [[[20.152392, 42.493712], [20.135546, 42.509629], [20.085626, 42.530015], [20.064956, 42.546758], [20.077048, 42.55991], [20.078185, 42.572906], [20.075394, 42.586962], [20.075704, 42.603085], [20.079218, 42.61125], [20.090587, 42.627348], [20.10392, 42.653108], [20.139264, 42.635086], [20.193112, 42.632522], [20.185419, 42.614572], [20.200805, 42.601751], [20.223882, 42.594059], [20.254652, 42.58893], [20.27773, 42.581238], [20.300808, 42.591495], [20.323885, 42.586366], [20.334142, 42.570981], [20.346963, 42.547904], [20.364912, 42.535083], [20.398247, 42.545339], [20.41876, 42.547904], [20.439274, 42.540211], [20.421324, 42.519698], [20.390554, 42.509441], [20.382862, 42.481235], [20.372605, 42.463286], [20.346963, 42.455593], [20.32645, 42.460721], [20.305936, 42.437644], [20.259781, 42.4479], [20.205933, 42.46585], [20.190548, 42.49662], [20.152702, 42.493402], [20.152599, 42.493609], [20.152599, 42.493712], [20.152392, 42.493712]]]}}, {"type": "Feature", "properties": {"featurecla": "Admin-1 states provinces", "scalerank": 8, "adm1_code": "KOS-5890", "diss_me": 5890, "iso_3166_2": "XK-X01~", "wikipedia": null, "iso_a2": "XK", "adm0_sr": 1, "name": "\u0110akovica", "name_alt": null, "name_local": null, "type": "Okrug", "type_en": "District", "code_local": null, "code_hasc": "XK.X01~", "note": null, "hasc_maybe": null, "region": "\u0110akovica", "region_cod": null, "provnum_ne": 4, "gadm_level": 1, "check_me": 20, "datarank": 8, "abbrev": null, "postal": "PE", "area_sqkm": 0, "sameascity": -99, "labelrank": 8, "name_len": 8, "mapcolor9": 3, "mapcolor13": 11, "fips": "AL47", "fips_alt": null, "woe_id": 29389214, "woe_label": "Pech, RS, Serbia", "woe_name": "\u0110akovica", "latitude": 42.3724, "longitude": 20.4124, "sov_a3": "KOS", "adm0_a3": "KOS", "adm0_label": 5, "admin": "Kosovo", "geonunit": "Kosovo", "gu_a3": "KOS", "gn_id": 791645, "gn_name": "Komuna e Gjakoves", "gns_id": -78082, "gns_name": "Dakovica, Opstina", "gn_level": 1, "gn_region": null, "gn_a1_code": "-105", "region_sub": null, "sub_code": null, "gns_level": 1, "gns_lang": "srp", "gns_adm1": "KV05", "gns_region": null, "min_label": 10, "max_label": 11, "min_zoom": 10, "wikidataid": null, "name_ar": "\u062c\u0627\u0643\u0648\u0641\u0627", "name_bn": "\u09a6\u09be\u0995\u09cb\u09ad\u09bf\u099a\u09be", "name_de": "Gjakova", "name_en": "Gjakova", "name_es": "\u0110akovica", "name_fr": "Gjakov\u00eb", "name_el": "\u039d\u03c4\u03b1\u03ba\u03cc\u03b2\u03b9\u03c4\u03c3\u03b1", "name_hi": "\u0926\u093e\u0915\u094b\u0935\u093f\u0915\u093e", "name_hu": "\u0110akovica", "name_id": "\u0110akovica", "name_it": "Gjakova", "name_ja": "\u30b8\u30e3\u30b3\u30f4\u30a3\u30c4\u30a1", "name_ko": "\ub2e4\ucf54\ube44\uce74", "name_nl": "Gjakov\u00eb", "name_pl": "Djakowica", "name_pt": "\u0110akovica", "name_ru": "\u0414\u0436\u044f\u043a\u043e\u0301\u0432\u0438\u0446\u0430", "name_sv": "Gjakova", "name_tr": "\u0110akovica", "name_vi": "\u0110akovica", "name_zh": "\u8d3e\u79d1\u7ef4\u5bdf", "ne_id": 1159317929, "name_he": "\u05d0\u05d5\u05d1\u05d0\u05e7\u05d5\u05d1\u05d9\u05e7\u05d4", "name_uk": "\u0414\u0436\u0430\u043a\u043e\u0432\u0438\u0446\u044f", "name_ur": "\u0688\u06cc\u06a9\u0648 \u0648\u06cc\u06a9\u0627", "name_fa": "\u062f\u0627\u06a9\u0648\u0648\u06cc\u06a9\u0627", "name_zht": "\u5609\u79d1\u7dad\u67e5", "FCLASS_ISO": null, "FCLASS_US": null, "FCLASS_FR": null, "FCLASS_RU": "Unrecognized", "FCLASS_ES": null, "FCLASS_CN": "Unrecognized", "FCLASS_TW": null, "FCLASS_IN": "Unrecognized", "FCLASS_NP": null, "FCLASS_PK": null, "FCLASS_DE": null, "FCLASS_GB": null, "FCLASS_BR": null, "FCLASS_IL": null, "FCLASS_PS": null, "FCLASS_SA": null, "FCLASS_EG": null, "FCLASS_MA": null, "FCLASS_PT": null, "FCLASS_AR": null, "FCLASS_JP": null, "FCLASS_KO": null, "FCLASS_VN": null, "FCLASS_TR": null, "FCLASS_ID": null, "FCLASS_PL": null, "FCLASS_GR": "Unrecognized", "FCLASS_IT": null, "FCLASS_NL": null, "FCLASS_SE": null, "FCLASS_BD": null, "FCLASS_UA": null, "FCLASS_TLC": null}, "bbox": [20.152702, 42.237123, 20.598051, 42.540211], "geometry": {"type": "Polygon", "coordinates": [[[20.249647, 42.318607], [20.237762, 42.319924], [20.229597, 42.32672], [20.220915, 42.343101], [20.219468, 42.350207], [20.221225, 42.36372], [20.218848, 42.371446], [20.21306, 42.377518], [20.197454, 42.38744], [20.192803, 42.393693], [20.194043, 42.4001], [20.204379, 42.411831], [20.204689, 42.420099], [20.199728, 42.427799], [20.186292, 42.437437], [20.180814, 42.443095], [20.152702, 42.493402], [20.190548, 42.49662], [20.205933, 42.46585], [20.259781, 42.4479], [20.305936, 42.437644], [20.32645, 42.460721], [20.346963, 42.455593], [20.372605, 42.463286], [20.382862, 42.481235], [20.390554, 42.509441], [20.421324, 42.519698], [20.439274, 42.540211], [20.472608, 42.540211], [20.503378, 42.524826], [20.541, 42.502057], [20.516815, 42.490482], [20.506273, 42.468984], [20.510407, 42.441699], [20.509581, 42.409453], [20.509374, 42.37824], [20.532732, 42.353229], [20.564151, 42.336486], [20.580687, 42.328424], [20.598051, 42.317056], [20.580687, 42.297005], [20.535832, 42.281089], [20.514541, 42.268893], [20.473665, 42.237123], [20.456973, 42.250497], [20.333363, 42.317883], [20.317964, 42.319821], [20.249647, 42.318607]]]}}, {"type": "Feature", "properties": {"featurecla": "Admin-1 states provinces", "scalerank": 8, "adm1_code": "KOS-5909", "diss_me": 5909, "iso_3166_2": "XK-X03~", "wikipedia": null, "iso_a2": "XK", "adm0_sr": 1, "name": "Draga\u0161", "name_alt": null, "name_local": null, "type": "Okrug", "type_en": "District", "code_local": null, "code_hasc": "XK.X03~", "note": null, "hasc_maybe": null, "region": "Prizren", "region_cod": null, "provnum_ne": 2, "gadm_level": 1, "check_me": 20, "datarank": 8, "abbrev": null, "postal": "PZ", "area_sqkm": 0, "sameascity": -99, "labelrank": 8, "name_len": 6, "mapcolor9": 3, "mapcolor13": 11, "fips": "MKA6", "fips_alt": null, "woe_id": 29389209, "woe_label": "Prizren, RS, Serbia", "woe_name": "Prizren", "latitude": 41.9926, "longitude": 20.6774, "sov_a3": "KOS", "adm0_a3": "KOS", "adm0_label": 5, "admin": "Kosovo", "geonunit": "Kosovo", "gu_a3": "KOS", "gn_id": 791121, "gn_name": "Komuna e Dragashit", "gns_id": -79559, "gns_name": "Dragas, Opstina", "gn_level": 1, "gn_region": null, "gn_a1_code": "-102", "region_sub": null, "sub_code": null, "gns_level": 1, "gns_lang": "srp", "gns_adm1": "KV02", "gns_region": null, "min_label": 10, "max_label": 11, "min_zoom": 10, "wikidataid": null, "name_ar": "\u062f\u0631\u0627\u063a\u0627\u0633", "name_bn": "\u09a1\u09cd\u09b0\u09be\u0997\u09be\u09b8", "name_de": "Dragash", "name_en": "Draga\u0161", "name_es": "Draga\u0161", "name_fr": "Draga\u0161", "name_el": "\u039d\u03c4\u03c1\u03b1\u03b3\u03ba\u03ac\u03c2", "name_hi": "\u0921\u094d\u0930\u093e\u0917\u093e\u0938", "name_hu": "Draga\u0161", "name_id": "Draga\u0161", "name_it": "Dragash", "name_ja": "\u30c9\u30e9\u30ac\u30b7\u30e5", "name_ko": "\ub4dc\ub77c\uac00\uc2dc", "name_nl": "Dragash", "name_pl": "Draga\u0161", "name_pt": "Draga\u0161", "name_ru": "\u0414\u0440\u0430\u0433\u0430\u0449", "name_sv": "Dragash", "name_tr": "Draga\u0161", "name_vi": "Draga\u0161", "name_zh": "\u5fb7\u62c9\u52a0\u4ec0", "ne_id": 1159317915, "name_he": "\u05d3\u05e8\u05d0\u05d2\u05d0\u05e9", "name_uk": "\u0414\u0440\u0430\u0433\u0430\u0448", "name_ur": "\u0688\u0631\u06cc\u06af\u0627\u0633", "name_fa": "\u062f\u0631\u0627\u06af\u0627\u0633", "name_zht": "\u5fb7\u62c9\u52a0\u4ec0", "FCLASS_ISO": null, "FCLASS_US": null, "FCLASS_FR": null, "FCLASS_RU": "Unrecognized", "FCLASS_ES": null, "FCLASS_CN": "Unrecognized", "FCLASS_TW": null, "FCLASS_IN": "Unrecognized", "FCLASS_NP": null, "FCLASS_PK": null, "FCLASS_DE": null, "FCLASS_GB": null, "FCLASS_BR": null, "FCLASS_IL": null, "FCLASS_PS": null, "FCLASS_SA": null, "FCLASS_EG": null, "FCLASS_MA": null, "FCLASS_PT": null, "FCLASS_AR": null, "FCLASS_JP": null, "FCLASS_KO": null, "FCLASS_VN": null, "FCLASS_TR": null, "FCLASS_ID": null, "FCLASS_PL": null, "FCLASS_GR": "Unrecognized", "FCLASS_IT": null, "FCLASS_NL": null, "FCLASS_SE": null, "FCLASS_BD": null, "FCLASS_UA": null, "FCLASS_TLC": null}, "bbox": [20.552161, 41.84401, 20.784912, 42.13507], "geometry": {"type": "Polygon", "coordinates": [[[20.567147, 41.873182], [20.567767, 41.88052], [20.562703, 41.892845], [20.562496, 41.900105], [20.567251, 41.912172], [20.573348, 41.917675], [20.580583, 41.921732], [20.588748, 41.929586], [20.59929, 41.94788], [20.59929, 41.960567], [20.594329, 41.973718], [20.589678, 41.993639], [20.558259, 42.055109], [20.552161, 42.07379], [20.582868, 42.101736], [20.613638, 42.124813], [20.649537, 42.132506], [20.687999, 42.13507], [20.71877, 42.127378], [20.746976, 42.124813], [20.767489, 42.127378], [20.78031, 42.109428], [20.784912, 42.082032], [20.765378, 42.064333], [20.755353, 42.042784], [20.743054, 41.993484], [20.741814, 41.970773], [20.751439, 41.940338], [20.754423, 41.930904], [20.751052, 41.910218], [20.750495, 41.906797], [20.739953, 41.888039], [20.723313, 41.866619], [20.714398, 41.859163], [20.702953, 41.849591], [20.681456, 41.84401], [20.671844, 41.849307], [20.652827, 41.86928], [20.643422, 41.873647], [20.637014, 41.870365], [20.626162, 41.855198], [20.61872, 41.850522], [20.602391, 41.849876], [20.590298, 41.854733], [20.567147, 41.873182]]]}}, {"type": "Feature", "properties": {"featurecla": "Admin-1 states provinces", "scalerank": 8, "adm1_code": "KOS-5908", "diss_me": 5908, "iso_3166_2": "XK-X21~", "wikipedia": null, "iso_a2": "XK", "adm0_sr": 1, "name": "Prizren", "name_alt": null, "name_local": null, "type": "Okrug", "type_en": "District", "code_local": null, "code_hasc": "XK.X21~", "note": null, "hasc_maybe": null, "region": "Prizren", "region_cod": null, "provnum_ne": 2, "gadm_level": 1, "check_me": 20, "datarank": 8, "abbrev": null, "postal": "PZ", "area_sqkm": 0, "sameascity": -99, "labelrank": 8, "name_len": 7, "mapcolor9": 3, "mapcolor13": 11, "fips": "MKA6", "fips_alt": null, "woe_id": 29389209, "woe_label": "Prizren, RS, Serbia", "woe_name": "Prizren", "latitude": 42.1884, "longitude": 20.7289, "sov_a3": "KOS", "adm0_a3": "KOS", "adm0_label": 5, "admin": "Kosovo", "geonunit": "Kosovo", "gu_a3": "KOS", "gn_id": 786711, "gn_name": "Komuna e Prizrenit", "gns_id": -93280, "gns_name": "Prizren Belediyesi", "gn_level": 1, "gn_region": null, "gn_a1_code": "-121", "region_sub": null, "sub_code": null, "gns_level": 1, "gns_lang": "tur", "gns_adm1": "KV21", "gns_region": null, "min_label": 10, "max_label": 11, "min_zoom": 10, "wikidataid": "Q4864476", "name_ar": "\u0628\u0644\u062f\u064a\u0629 \u0628\u0644\u0648\u0632\u064a\u0646", "name_bn": "\u09aa\u09cd\u09b2\u09c1\u099c\u09be\u0987\u09a8 \u09aa\u09cc\u09b0\u09b8\u09ad\u09be", "name_de": "Gemeinde Plu\u017eine", "name_en": "Plu\u017eine", "name_es": "Municipio de Plu\u017eine", "name_fr": "Plu\u017eine", "name_el": "\u03a0\u03bb\u03bf\u03cd\u03b6\u03b9\u03bd\u03b5", "name_hi": "\u092a\u094d\u0932\u0941\u091c\u093e\u0907\u0928 \u0928\u0917\u0930\u092a\u093e\u0932\u093f\u0915\u093e", "name_hu": "Prizren", "name_id": "Plu\u017eine", "name_it": "Plu\u017eine", "name_ja": "\u30d7\u30eb\u30b8\u30cd", "name_ko": "\ud50c\ub8e8\uc9c0\ub124 \uc9c0\ubc29 \uc790\uce58\uc81c", "name_nl": "Pluzine", "name_pl": "Gmina Plu\u017eine", "name_pt": "Pluzine", "name_ru": "\u041f\u043b\u0443\u0436\u0438\u043d\u0435", "name_sv": "Op\u0161tina Plu\u017eine", "name_tr": "Pluzine Belediyesi", "name_vi": "\u0110\u00f4 th\u1ecb t\u1ef1 tr\u1ecb Pluzine", "name_zh": "\u666e\u76e7\u65e5\u5167\u5340", "ne_id": 1159309481, "name_he": "\u05e4\u05e8\u05d9\u05d6\u05e8\u05df", "name_uk": "\u041c\u0443\u043d\u0456\u0446\u0438\u043f\u0430\u043b\u0456\u0442\u0435\u0442 \u041f\u043b\u0443\u0436\u0438\u043d\u0435", "name_ur": "\u067e\u0644\u0648\u0698\u06cc\u0646\u06d2 \u0628\u0644\u062f\u06cc\u06c1", "name_fa": "\u0634\u0647\u0631\u062f\u0627\u0631\u06cc \u067e\u0644\u0648\u0632\u06cc\u0646", "name_zht": "\u666e\u76e7\u65e5\u5167\u5340", "FCLASS_ISO": null, "FCLASS_US": null, "FCLASS_FR": null, "FCLASS_RU": "Unrecognized", "FCLASS_ES": null, "FCLASS_CN": "Unrecognized", "FCLASS_TW": null, "FCLASS_IN": "Unrecognized", "FCLASS_NP": null, "FCLASS_PK": null, "FCLASS_DE": null, "FCLASS_GB": null, "FCLASS_BR": null, "FCLASS_IL": null, "FCLASS_PS": null, "FCLASS_SA": null, "FCLASS_EG": null, "FCLASS_MA": null, "FCLASS_PT": null, "FCLASS_AR": null, "FCLASS_JP": null, "FCLASS_KO": null, "FCLASS_VN": null, "FCLASS_TR": null, "FCLASS_ID": null, "FCLASS_PL": null, "FCLASS_GR": "Unrecognized", "FCLASS_IT": null, "FCLASS_NL": null, "FCLASS_SE": null, "FCLASS_BD": null, "FCLASS_UA": null, "FCLASS_TLC": null}, "bbox": [20.473665, 42.07379, 20.975145, 42.327384], "geometry": {"type": "Polygon", "coordinates": [[[20.552161, 42.07379], [20.551954, 42.105803], [20.549371, 42.123476], [20.538622, 42.150116], [20.500795, 42.211223], [20.481674, 42.230705], [20.473665, 42.237123], [20.514541, 42.268893], [20.535832, 42.281089], [20.580687, 42.297005], [20.603381, 42.288921], [20.621331, 42.286357], [20.636716, 42.30687], [20.652101, 42.32482], [20.664922, 42.317127], [20.675178, 42.30687], [20.693128, 42.304306], [20.705949, 42.327384], [20.729026, 42.32482], [20.741847, 42.304306], [20.754668, 42.291485], [20.759796, 42.2761], [20.790567, 42.260715], [20.826465, 42.260715], [20.852107, 42.258151], [20.856019, 42.232513], [20.849405, 42.220111], [20.846924, 42.203574], [20.857042, 42.188346], [20.887131, 42.180273], [20.915018, 42.178072], [20.932632, 42.174402], [20.952446, 42.165596], [20.970948, 42.149004], [20.97503, 42.135051], [20.975145, 42.134658], [20.90417, 42.116668], [20.810543, 42.092936], [20.784912, 42.082032], [20.78031, 42.109428], [20.767489, 42.127378], [20.746976, 42.124813], [20.71877, 42.127378], [20.687999, 42.13507], [20.649537, 42.132506], [20.613638, 42.124813], [20.582868, 42.101736], [20.552161, 42.07379]]]}}, {"type": "Feature", "properties": {"featurecla": "Admin-1 states provinces", "scalerank": 8, "adm1_code": "KOS-5904", "diss_me": 5904, "iso_3166_2": "XK-X05~", "wikipedia": null, "iso_a2": "XK", "adm0_sr": 1, "name": "Gnjilane", "name_alt": null, "name_local": null, "type": "Okrug", "type_en": "District", "code_local": null, "code_hasc": "XK.X05~", "note": null, "hasc_maybe": null, "region": "Gnjilane", "region_cod": null, "provnum_ne": 3, "gadm_level": 1, "check_me": 20, "datarank": 8, "abbrev": null, "postal": "KP", "area_sqkm": 0, "sameascity": -99, "labelrank": 8, "name_len": 8, "mapcolor9": 3, "mapcolor13": 11, "fips": "MK20", "fips_alt": null, "woe_id": 29389218, "woe_label": "Kosovsko Pomoravlje, RS, Serbia", "woe_name": "Gnjilane", "latitude": 42.4503, "longitude": 21.449, "sov_a3": "KOS", "adm0_a3": "KOS", "adm0_label": 5, "admin": "Kosovo", "geonunit": "Kosovo", "gu_a3": "KOS", "gn_id": 790673, "gn_name": "Komuna e Gjilanit", "gns_id": -80818, "gns_name": "Gjilanit, Komuna e", "gn_level": 1, "gn_region": null, "gn_a1_code": "-106", "region_sub": null, "sub_code": null, "gns_level": 1, "gns_lang": "sqi", "gns_adm1": "KV06", "gns_region": null, "min_label": 10, "max_label": 11, "min_zoom": 10, "wikidataid": null, "name_ar": "\u062c\u0646\u062c\u064a\u0644\u0627\u0646", "name_bn": "\u0997\u099e\u09cd\u099c\u09bf\u09b2\u09c7\u09a8", "name_de": "Gjilan", "name_en": "Gnjilane", "name_es": "Gnjilane", "name_fr": "Gnjilane", "name_el": "\u0393\u03ba\u03bd\u03c4\u03b6\u03b9\u03bb\u03ac\u03bd\u03b5", "name_hi": "\u0917\u0928\u091c\u093f\u0932\u093e\u0928\u0947", "name_hu": "Gnjilane", "name_id": "Gnjilane", "name_it": "Gjilan", "name_ja": "\u30b8\u30e9\u30f3", "name_ko": "\uc740\uc9c8\ub780", "name_nl": "Gjilan", "name_pl": "Gnjilane", "name_pt": "Gnjilane", "name_ru": "\u0413\u043d\u0438\u043b\u0430\u043d\u0435", "name_sv": "Gjilan", "name_tr": "Gnjilane", "name_vi": "Gnjilane", "name_zh": "\u683c\u5c3c\u62c9\u5167", "ne_id": 1159309479, "name_he": "\u05d2\u05e0\u05d9\u05dc\u05d0\u05e0\u05d4", "name_uk": "\u0413\u043d\u0456\u043b\u0430\u043d\u0435", "name_ur": "\u062c\u06cc\u0644\u0627\u0646\u06cc", "name_fa": "\u062c\u06cc\u0646\u062c\u06cc\u0644\u06cc\u0646", "name_zht": "\u683c\u5c3c\u62c9\u5167", "FCLASS_ISO": null, "FCLASS_US": null, "FCLASS_FR": null, "FCLASS_RU": "Unrecognized", "FCLASS_ES": null, "FCLASS_CN": "Unrecognized", "FCLASS_TW": null, "FCLASS_IN": "Unrecognized", "FCLASS_NP": null, "FCLASS_PK": null, "FCLASS_DE": null, "FCLASS_GB": null, "FCLASS_BR": null, "FCLASS_IL": null, "FCLASS_PS": null, "FCLASS_SA": null, "FCLASS_EG": null, "FCLASS_MA": null, "FCLASS_PT": null, "FCLASS_AR": null, "FCLASS_JP": null, "FCLASS_KO": null, "FCLASS_VN": null, "FCLASS_TR": null, "FCLASS_ID": null, "FCLASS_PL": null, "FCLASS_GR": "Unrecognized", "FCLASS_IT": null, "FCLASS_NL": null, "FCLASS_SE": null, "FCLASS_BD": null, "FCLASS_UA": null, "FCLASS_TLC": null}, "bbox": [21.249555, 42.238663, 21.621863, 42.568417], "geometry": {"type": "Polygon", "coordinates": [[[21.499287, 42.238663], [21.48151, 42.247784], [21.488024, 42.278664], [21.475203, 42.304306], [21.462383, 42.319691], [21.452126, 42.337641], [21.441869, 42.358154], [21.408535, 42.363282], [21.387706, 42.387541], [21.370072, 42.401745], [21.352123, 42.409438], [21.341866, 42.427387], [21.305811, 42.415447], [21.275197, 42.401745], [21.249555, 42.4479], [21.255839, 42.467216], [21.284314, 42.469398], [21.290701, 42.485565], [21.281527, 42.503913], [21.2696, 42.522262], [21.27327, 42.537858], [21.293409, 42.556628], [21.321353, 42.547904], [21.34443, 42.553032], [21.364944, 42.537647], [21.382893, 42.52739], [21.405971, 42.537647], [21.400842, 42.560724], [21.421356, 42.568417], [21.439305, 42.55816], [21.464947, 42.55816], [21.48546, 42.529954], [21.508538, 42.512005], [21.531616, 42.488927], [21.523923, 42.46585], [21.566468, 42.457065], [21.596474, 42.44941], [21.618969, 42.449245], [21.616902, 42.433923], [21.621863, 42.402167], [21.617419, 42.386639], [21.596645, 42.372092], [21.537321, 42.35863], [21.51603, 42.341939], [21.514893, 42.317832], [21.553857, 42.273984], [21.564066, 42.246289], [21.561815, 42.247164], [21.519854, 42.239025], [21.499287, 42.238663]]]}}, {"type": "Feature", "properties": {"featurecla": "Admin-1 states provinces", "scalerank": 8, "adm1_code": "KOS-5905", "diss_me": 5905, "iso_3166_2": "XK-X27~", "wikipedia": null, "iso_a2": "XK", "adm0_sr": 1, "name": "Vitina", "name_alt": null, "name_local": null, "type": "Okrug", "type_en": "District", "code_local": null, "code_hasc": "XK.X27~", "note": null, "hasc_maybe": null, "region": "Gnjilane", "region_cod": null, "provnum_ne": 3, "gadm_level": 1, "check_me": 20, "datarank": 8, "abbrev": null, "postal": "KP", "area_sqkm": 0, "sameascity": -99, "labelrank": 8, "name_len": 6, "mapcolor9": 3, "mapcolor13": 11, "fips": "MK20", "fips_alt": null, "woe_id": 29389218, "woe_label": "Kosovsko Pomoravlje, RS, Serbia", "woe_name": "Gnjilane", "latitude": 42.2996, "longitude": 21.3686, "sov_a3": "KOS", "adm0_a3": "KOS", "adm0_label": 5, "admin": "Kosovo", "geonunit": "Kosovo", "gu_a3": "KOS", "gn_id": 784371, "gn_name": "Komuna e Vitise", "gns_id": -100517, "gns_name": "Vitina, Opstina", "gn_level": 1, "gn_region": null, "gn_a1_code": "-127", "region_sub": null, "sub_code": null, "gns_level": 1, "gns_lang": "srp", "gns_adm1": "KV27", "gns_region": null, "min_label": 10, "max_label": 11, "min_zoom": 10, "wikidataid": null, "name_ar": "\u0641\u064a\u062a\u064a\u0646\u0627", "name_bn": "\u09ad\u09bf\u099f\u09bf\u09a8\u09be", "name_de": "Vitina", "name_en": "Viti/Vitina", "name_es": "Vitina", "name_fr": "Vitina", "name_el": "\u0392\u03b9\u03c4\u03af\u03bd\u03b1", "name_hi": "\u0935\u093f\u091f\u093f\u0928\u093e", "name_hu": "Vitina", "name_id": "Vitina", "name_it": "Vitina", "name_ja": "\u30d3\u30c6\u30a3\u30ca", "name_ko": "\ube44\ud2f0\ub098", "name_nl": "Vitina", "name_pl": "Vitina", "name_pt": "Vitina", "name_ru": "\u0412\u0438\u0442\u0438\u043d\u0430", "name_sv": "Vitina", "name_tr": "Vitina", "name_vi": "Vitina", "name_zh": "\u7ef4\u8482\u7eb3", "ne_id": 1159317907, "name_he": "\u05d5\u05d9\u05d8\u05d9\u05e0\u05d4", "name_uk": "\u0412\u0456\u0442\u0456\u043d\u0430", "name_ur": "\u0648\u0627\u0626\u06cc\u0679\u06cc\u0646\u0627", "name_fa": "\u0648\u06cc\u062a\u06cc\u0646\u0627", "name_zht": "\u7dad\u5e1d\u90a3", "FCLASS_ISO": null, "FCLASS_US": null, "FCLASS_FR": null, "FCLASS_RU": "Unrecognized", "FCLASS_ES": null, "FCLASS_CN": "Unrecognized", "FCLASS_TW": null, "FCLASS_IN": "Unrecognized", "FCLASS_NP": null, "FCLASS_PK": null, "FCLASS_DE": null, "FCLASS_GB": null, "FCLASS_BR": null, "FCLASS_IL": null, "FCLASS_PS": null, "FCLASS_SA": null, "FCLASS_EG": null, "FCLASS_MA": null, "FCLASS_PT": null, "FCLASS_AR": null, "FCLASS_JP": null, "FCLASS_KO": null, "FCLASS_VN": null, "FCLASS_TR": null, "FCLASS_ID": null, "FCLASS_PL": null, "FCLASS_GR": "Unrecognized", "FCLASS_IT": null, "FCLASS_NL": null, "FCLASS_SE": null, "FCLASS_BD": null, "FCLASS_UA": null, "FCLASS_TLC": null}, "bbox": [21.231068, 42.215021, 21.488024, 42.427387], "geometry": {"type": "Polygon", "coordinates": [[[21.48151, 42.247784], [21.471973, 42.23913], [21.467557, 42.235123], [21.457222, 42.237035], [21.44792, 42.244141], [21.436345, 42.24688], [21.419912, 42.240058], [21.421462, 42.231351], [21.428697, 42.222566], [21.429834, 42.215848], [21.419085, 42.215021], [21.384255, 42.224943], [21.366788, 42.223858], [21.360602, 42.220114], [21.360381, 42.220498], [21.332903, 42.238776], [21.306297, 42.240611], [21.271435, 42.249785], [21.245747, 42.275473], [21.248499, 42.291987], [21.265931, 42.314005], [21.262261, 42.32318], [21.244427, 42.317127], [21.231068, 42.329602], [21.231068, 42.349785], [21.287031, 42.354372], [21.275197, 42.401745], [21.305811, 42.415447], [21.341866, 42.427387], [21.352123, 42.409438], [21.370072, 42.401745], [21.387706, 42.387541], [21.408535, 42.363282], [21.441869, 42.358154], [21.452126, 42.337641], [21.462383, 42.319691], [21.475203, 42.304306], [21.488024, 42.278664], [21.48151, 42.247784]]]}}, {"type": "Feature", "properties": {"featurecla": "Admin-1 states provinces", "scalerank": 8, "adm1_code": "KOS-5915", "diss_me": 5915, "iso_3166_2": "XK-X07~", "wikipedia": null, "iso_a2": "XK", "adm0_sr": 1, "name": "Ka\u010danik", "name_alt": null, "name_local": null, "type": "Okrug", "type_en": "District", "code_local": null, "code_hasc": "XK.X07~", "note": null, "hasc_maybe": null, "region": "Uro\u0161evac", "region_cod": null, "provnum_ne": 2, "gadm_level": 1, "check_me": 20, "datarank": 8, "abbrev": null, "postal": "PZ", "area_sqkm": 0, "sameascity": -99, "labelrank": 8, "name_len": 7, "mapcolor9": 3, "mapcolor13": 11, "fips": "MKA6", "fips_alt": null, "woe_id": 29389209, "woe_label": "Prizren, RS, Serbia", "woe_name": "Prizren", "latitude": 42.198, "longitude": 21.2405, "sov_a3": "KOS", "adm0_a3": "KOS", "adm0_label": 5, "admin": "Kosovo", "geonunit": "Kosovo", "gu_a3": "KOS", "gn_id": 789720, "gn_name": "Komuna e Kacanikut", "gns_id": -83868, "gns_name": "Kacanik, Opstina", "gn_level": 1, "gn_region": null, "gn_a1_code": "-109", "region_sub": null, "sub_code": null, "gns_level": 1, "gns_lang": "srp", "gns_adm1": "KV09", "gns_region": null, "min_label": 10, "max_label": 11, "min_zoom": 10, "wikidataid": null, "name_ar": "\u0643\u0627\u062a\u0634\u0627\u0646\u064a\u0643", "name_bn": "\u0995\u09be\u0995\u09be\u09a8\u09bf\u0995", "name_de": "Ka\u00e7anik", "name_en": "Ka\u010danik", "name_es": "Ka\u010danik", "name_fr": "Ka\u010danik", "name_el": "\u039a\u03b1\u03c4\u03c3\u03b1\u03bd\u03af\u03ba", "name_hi": "\u0915\u091c\u093c\u093e\u0928\u093f\u0915", "name_hu": "Ka\u010danik", "name_id": "Kacanik", "name_it": "Ka\u00e7anik", "name_ja": "\u30ab\u30c1\u30e3\u30cb\u30c3\u30af", "name_ko": "\uce74\ucc28\ub2c9", "name_nl": "Ka\u00e7anik", "name_pl": "Ka\u010danik", "name_pt": "Ka\u010danik", "name_ru": "\u041a\u0430\u0447\u0430\u043d\u0438\u043a", "name_sv": "Ka\u010danik", "name_tr": "Ka\u010danik", "name_vi": "Ka\u010danik", "name_zh": "\u5361\u67e5\u5c3c\u514b", "ne_id": 1159317939, "name_he": "\u05e7\u05d0\u05e6'\u05d0\u05e0\u05d9\u05e7", "name_uk": "\u041a\u0430\u0447\u0430\u043d\u0438\u043a", "name_ur": "\u06a9\u06cc\u0633\u0627\u0646\u06a9", "name_fa": "\u06a9\u0627\u0633\u0627\u0646\u06cc\u06a9", "name_zht": "\u5361\u67e5\u5c3c\u514b", "FCLASS_ISO": null, "FCLASS_US": null, "FCLASS_FR": null, "FCLASS_RU": "Unrecognized", "FCLASS_ES": null, "FCLASS_CN": "Unrecognized", "FCLASS_TW": null, "FCLASS_IN": "Unrecognized", "FCLASS_NP": null, "FCLASS_PK": null, "FCLASS_DE": null, "FCLASS_GB": null, "FCLASS_BR": null, "FCLASS_IL": null, "FCLASS_PS": null, "FCLASS_SA": null, "FCLASS_EG": null, "FCLASS_MA": null, "FCLASS_PT": null, "FCLASS_AR": null, "FCLASS_JP": null, "FCLASS_KO": null, "FCLASS_VN": null, "FCLASS_TR": null, "FCLASS_ID": null, "FCLASS_PL": null, "FCLASS_GR": "Unrecognized", "FCLASS_IT": null, "FCLASS_NL": null, "FCLASS_SE": null, "FCLASS_BD": null, "FCLASS_UA": null, "FCLASS_TLC": null}, "bbox": [21.09314, 42.089706, 21.360602, 42.32318], "geometry": {"type": "Polygon", "coordinates": [[[21.360602, 42.220114], [21.353766, 42.215977], [21.294958, 42.148979], [21.293718, 42.140168], [21.295785, 42.134794], [21.298782, 42.129419], [21.300332, 42.120893], [21.301263, 42.10061], [21.300796, 42.098425], [21.299299, 42.091411], [21.28886, 42.089706], [21.245727, 42.096167], [21.237804, 42.097354], [21.229298, 42.103822], [21.225402, 42.106785], [21.216203, 42.121151], [21.199873, 42.14115], [21.164423, 42.16704], [21.12639, 42.188925], [21.112954, 42.194402], [21.106236, 42.195798], [21.098484, 42.195953], [21.09314, 42.217124], [21.09314, 42.232509], [21.108525, 42.237637], [21.12391, 42.247894], [21.12391, 42.255587], [21.11109, 42.2761], [21.136731, 42.2761], [21.149552, 42.270972], [21.170066, 42.278664], [21.188015, 42.278664], [21.195708, 42.301742], [21.216221, 42.311999], [21.244427, 42.317127], [21.262261, 42.32318], [21.265931, 42.314005], [21.248499, 42.291987], [21.245747, 42.275473], [21.271435, 42.249785], [21.306297, 42.240611], [21.332903, 42.238776], [21.360381, 42.220498], [21.360602, 42.220114]]]}}, {"type": "Feature", "properties": {"featurecla": "Admin-1 states provinces", "scalerank": 8, "adm1_code": "KOS-5914", "diss_me": 5914, "iso_3166_2": "XK-X24~", "wikipedia": null, "iso_a2": "XK", "adm0_sr": 1, "name": "\u0160trpce", "name_alt": null, "name_local": null, "type": "Okrug", "type_en": "District", "code_local": null, "code_hasc": "XK.X24~", "note": null, "hasc_maybe": null, "region": "Uro\u0161evac", "region_cod": null, "provnum_ne": 2, "gadm_level": 1, "check_me": 20, "datarank": 8, "abbrev": null, "postal": "PZ", "area_sqkm": 0, "sameascity": -99, "labelrank": 8, "name_len": 6, "mapcolor9": 3, "mapcolor13": 11, "fips": "MKA6", "fips_alt": null, "woe_id": 29389209, "woe_label": "Prizren, RS, Serbia", "woe_name": "Prizren", "latitude": 42.2201, "longitude": 21.0064, "sov_a3": "KOS", "adm0_a3": "KOS", "adm0_label": 5, "admin": "Kosovo", "geonunit": "Kosovo", "gu_a3": "KOS", "gn_id": 831100, "gn_name": "Opstina Strpce", "gns_id": 416037, "gns_name": "Shterpces, Komuna e", "gn_level": 1, "gn_region": null, "gn_a1_code": "-123", "region_sub": null, "sub_code": null, "gns_level": 1, "gns_lang": "sqi", "gns_adm1": "KV23", "gns_region": null, "min_label": 10, "max_label": 11, "min_zoom": 10, "wikidataid": null, "name_ar": "\u0634\u062a\u0631\u0628\u062a\u0633\u0647", "name_bn": "\u09b8\u09cd\u099f\u09cd\u09b0\u09be\u09aa\u09b8", "name_de": "\u0160trpce", "name_en": "\u0160trpce", "name_es": "\u0160trpce", "name_fr": "\u0160trpce", "name_el": "\u03a3\u03c4\u03c1\u03c0\u03c3\u03b5", "name_hi": "\u091f\u094d\u0930\u092a\u0938\u0947", "name_hu": "\u0160trpce", "name_id": "\u0160trpce", "name_it": "\u0160trpce", "name_ja": "\u30b7\u30e5\u30c8\u30eb\u30d7\u30bb", "name_ko": "\uc288\ud2b8\ub974\uccb4", "name_nl": "\u0160trpce", "name_pl": "\u0160trpce", "name_pt": "\u0160trpce", "name_ru": "\u0428\u0442\u0440\u043f\u0446\u0435", "name_sv": "\u0160trpce", "name_tr": "\u0160trpce", "name_vi": "\u0160trpce", "name_zh": "\u4ec0\u7279\u5c14\u666e\u91c7", "ne_id": 1159317937, "name_he": "\u05e9\u05d8\u05e8\u05e4\u05e6\u05d4", "name_uk": "\u0428\u0442\u0440\u043f\u0446\u0435", "name_ur": "\u0633\u062a\u0631\u067e\u06a9\u06d2", "name_fa": "\u0627\u0633\u062a\u0631\u067e\u0633\u06cc", "name_zht": "\u4ec0\u7279\u723e\u666e\u91c7", "FCLASS_ISO": null, "FCLASS_US": null, "FCLASS_FR": null, "FCLASS_RU": "Unrecognized", "FCLASS_ES": null, "FCLASS_CN": "Unrecognized", "FCLASS_TW": null, "FCLASS_IN": "Unrecognized", "FCLASS_NP": null, "FCLASS_PK": null, "FCLASS_DE": null, "FCLASS_GB": null, "FCLASS_BR": null, "FCLASS_IL": null, "FCLASS_PS": null, "FCLASS_SA": null, "FCLASS_EG": null, "FCLASS_MA": null, "FCLASS_PT": null, "FCLASS_AR": null, "FCLASS_JP": null, "FCLASS_KO": null, "FCLASS_VN": null, "FCLASS_TR": null, "FCLASS_ID": null, "FCLASS_PL": null, "FCLASS_GR": "Unrecognized", "FCLASS_IT": null, "FCLASS_NL": null, "FCLASS_SE": null, "FCLASS_BD": null, "FCLASS_UA": null, "FCLASS_TLC": null}, "bbox": [20.846924, 42.134658, 21.12391, 42.317127], "geometry": {"type": "Polygon", "coordinates": [[[21.098484, 42.195953], [21.074403, 42.184455], [21.04094, 42.15997], [21.029238, 42.151408], [21.003916, 42.141951], [20.975145, 42.134658], [20.97503, 42.135051], [20.970948, 42.149004], [20.952446, 42.165596], [20.932632, 42.174402], [20.915018, 42.178072], [20.887131, 42.180273], [20.857042, 42.188346], [20.846924, 42.203574], [20.849405, 42.220111], [20.856019, 42.232513], [20.867595, 42.230859], [20.884958, 42.23334], [20.904802, 42.239128], [20.915551, 42.247396], [20.92878, 42.258144], [20.962679, 42.265586], [20.964188, 42.279347], [20.965656, 42.291823], [20.979216, 42.297005], [21.003394, 42.291485], [21.021343, 42.281229], [21.034164, 42.281229], [21.0316, 42.296614], [21.0316, 42.317127], [21.049549, 42.317127], [21.059806, 42.301742], [21.077755, 42.294049], [21.088012, 42.281229], [21.11109, 42.2761], [21.12391, 42.255587], [21.12391, 42.247894], [21.108525, 42.237637], [21.09314, 42.232509], [21.09314, 42.217124], [21.098484, 42.195953]]]}}, {"type": "Feature", "properties": {"featurecla": "Admin-1 states provinces", "scalerank": 8, "adm1_code": "KOS-5893", "diss_me": 5893, "iso_3166_2": "XK-X12~", "wikipedia": null, "iso_a2": "XK", "adm0_sr": 1, "name": "Leposavi\u0107", "name_alt": null, "name_local": null, "type": "Okrug", "type_en": "District", "code_local": null, "code_hasc": "XK.X12~", "note": null, "hasc_maybe": null, "region": "Kosovska Mitrovica", "region_cod": null, "provnum_ne": 5, "gadm_level": 1, "check_me": 20, "datarank": 8, "abbrev": null, "postal": "KM", "area_sqkm": 0, "sameascity": -99, "labelrank": 8, "name_len": 9, "mapcolor9": 3, "mapcolor13": 11, "fips": "SR01", "fips_alt": null, "woe_id": 29389207, "woe_label": "Kosovska Mitrovica, RS, Serbia", "woe_name": "Kosovska Mitrovica", "latitude": 43.1033, "longitude": 20.7944, "sov_a3": "KOS", "adm0_a3": "KOS", "adm0_label": 5, "admin": "Kosovo", "geonunit": "Kosovo", "gu_a3": "KOS", "gn_id": 788730, "gn_name": "Komuna e Leposaviqit", "gns_id": -86784, "gns_name": "Leposavic, Opstina", "gn_level": 1, "gn_region": null, "gn_a1_code": "-112", "region_sub": null, "sub_code": null, "gns_level": 1, "gns_lang": "srp", "gns_adm1": "KV12", "gns_region": null, "min_label": 10, "max_label": 11, "min_zoom": 10, "wikidataid": null, "name_ar": "\u0644\u064a\u0628\u0648\u0633\u0627\u0641\u064a\u062a\u0634", "name_bn": "\u09b2\u09c7\u09aa\u0993\u09b8\u09be\u09ad\u09bf\u0995", "name_de": "Leposavi\u0107", "name_en": "Leposavi\u0107", "name_es": "Leposavi\u0107", "name_fr": "Leposaviq", "name_el": "\u039b\u03b5\u03c0\u03bf\u03c3\u03ac\u03b2\u03b9\u03c4\u03c2", "name_hi": "\u0932\u0947\u092a\u094b\u0938\u093e\u0935\u093f\u0915", "name_hu": "Leposavi\u0107", "name_id": "Leposavi\u0107", "name_it": "Leposavi\u0107", "name_ja": "\u30a2\u30eb\u30d0\u30cb\u30af", "name_ko": "\ub808\ud3ec\uc0ac\ube44\uce58", "name_nl": "Leposavi\u0107", "name_pl": "Leposavi\u0107", "name_pt": "Leposavi\u0107", "name_ru": "\u041b\u0435\u043f\u043e\u0441\u0430\u0432\u0438\u0447", "name_sv": "Leposaviq", "name_tr": "Leposavi\u0107", "name_vi": "Leposavi\u0107", "name_zh": "\u83b1\u6ce2\u8428\u7ef4\u5947", "ne_id": 1159317885, "name_he": "\u05dc\u05e4\u05d5\u05e1\u05d0\u05d5\u05d5\u05d9\u05e5'", "name_uk": "\u041b\u0435\u043f\u043e\u0441\u0430\u0432\u0456\u043a", "name_ur": "\u0644\u06cc\u067e\u0648\u0633\u0627\u0648\u06a9", "name_fa": "\u0644\u067e\u0648\u0633\u0627\u0648\u06cc\u0686", "name_zht": "\u840a\u6ce2\u85a9\u7dad\u5947", "FCLASS_ISO": null, "FCLASS_US": null, "FCLASS_FR": null, "FCLASS_RU": "Unrecognized", "FCLASS_ES": null, "FCLASS_CN": "Unrecognized", "FCLASS_TW": null, "FCLASS_IN": "Unrecognized", "FCLASS_NP": null, "FCLASS_PK": null, "FCLASS_DE": null, "FCLASS_GB": null, "FCLASS_BR": null, "FCLASS_IL": null, "FCLASS_PS": null, "FCLASS_SA": null, "FCLASS_EG": null, "FCLASS_MA": null, "FCLASS_PT": null, "FCLASS_AR": null, "FCLASS_JP": null, "FCLASS_KO": null, "FCLASS_VN": null, "FCLASS_TR": null, "FCLASS_ID": null, "FCLASS_PL": null, "FCLASS_GR": "Unrecognized", "FCLASS_IT": null, "FCLASS_NL": null, "FCLASS_SE": null, "FCLASS_BD": null, "FCLASS_UA": null, "FCLASS_TLC": null}, "bbox": [20.597533, 42.970994, 20.995752, 43.263071], "geometry": {"type": "Polygon", "coordinates": [[[20.79442, 43.263071], [20.809717, 43.25961], [20.819432, 43.257412], [20.838449, 43.245863], [20.848474, 43.238137], [20.855088, 43.231445], [20.8647, 43.217337], [20.8616, 43.217518], [20.851471, 43.219818], [20.839999, 43.212092], [20.840619, 43.206976], [20.839069, 43.192455], [20.836071, 43.179433], [20.832041, 43.178606], [20.838552, 43.170467], [20.912494, 43.138805], [20.993431, 43.104148], [20.987484, 43.085794], [20.987277, 43.066984], [20.995752, 43.054375], [20.967495, 43.053048], [20.959803, 43.037663], [20.936725, 43.024842], [20.923904, 43.012021], [20.900827, 43.009456], [20.877749, 43.017149], [20.857235, 42.986379], [20.813644, 42.970994], [20.805952, 42.983815], [20.798259, 43.001764], [20.775182, 43.014585], [20.744411, 43.027406], [20.703384, 43.027406], [20.682871, 43.045355], [20.643835, 43.052257], [20.664919, 43.085407], [20.669157, 43.109799], [20.661818, 43.115948], [20.65169, 43.11631], [20.640941, 43.115276], [20.632053, 43.117266], [20.626058, 43.123725], [20.620581, 43.133337], [20.612106, 43.154938], [20.600117, 43.173826], [20.597533, 43.184962], [20.604044, 43.197959], [20.612312, 43.202274], [20.644869, 43.203307], [20.666986, 43.209663], [20.745328, 43.252865], [20.769512, 43.260849], [20.79442, 43.263071]]]}}, {"type": "Feature", "properties": {"featurecla": "Admin-1 states provinces", "scalerank": 8, "adm1_code": "KOS-5901", "diss_me": 5901, "iso_3166_2": "XK-X19~", "wikipedia": null, "iso_a2": "XK", "adm0_sr": 1, "name": "Podujevo", "name_alt": null, "name_local": null, "type": "Okrug", "type_en": "District", "code_local": null, "code_hasc": "XK.X19~", "note": null, "hasc_maybe": null, "region": "Pristina", "region_cod": null, "provnum_ne": 1, "gadm_level": 1, "check_me": 20, "datarank": 8, "abbrev": null, "postal": "KO", "area_sqkm": 0, "sameascity": 7, "labelrank": 7, "name_len": 8, "mapcolor9": 3, "mapcolor13": 11, "fips": "SR01", "fips_alt": null, "woe_id": 29389201, "woe_label": "Kosovo, RS, Serbia", "woe_name": "Pristina", "latitude": 42.867, "longitude": 21.1831, "sov_a3": "KOS", "adm0_a3": "KOS", "adm0_label": 5, "admin": "Kosovo", "geonunit": "Kosovo", "gu_a3": "KOS", "gn_id": 786949, "gn_name": "Opstina Podujevo", "gns_id": -92463, "gns_name": "Podujeves, Komuna e", "gn_level": 1, "gn_region": null, "gn_a1_code": "-119", "region_sub": null, "sub_code": null, "gns_level": 1, "gns_lang": "sqi", "gns_adm1": "KV19", "gns_region": null, "min_label": 10, "max_label": 11, "min_zoom": 10, "wikidataid": null, "name_ar": "\u0628\u0648\u062f\u0648\u064a\u064a\u0641\u0648", "name_bn": "\u09aa\u09a6\u09c1\u099c\u09c7\u09ad\u09cb", "name_de": "Podujeva", "name_en": "Podujevo/Podujeva", "name_es": "Podujevo", "name_fr": "Podujevo", "name_el": "\u03a0\u03bf\u03bd\u03c4\u03bf\u03c5\u03b3\u03b9\u03ad\u03b2\u03bf", "name_hi": "\u092a\u094b\u0926\u0941\u091c\u0947\u0935\u094b", "name_hu": "Podujevo", "name_id": "Podujevo", "name_it": "Podujevo", "name_ja": "\u30dd\u30c7\u30e5\u30a8\u30dc", "name_ko": "\ud3ec\ub450\uc608\ubcf4", "name_nl": "Podujevo", "name_pl": "Podujevo", "name_pt": "Podujevo", "name_ru": "\u041f\u043e\u0434\u0443\u0435\u0432\u043e", "name_sv": "Podujevo", "name_tr": "Podujevo", "name_vi": "Podujevo", "name_zh": "\u6ce2\u675c\u8036\u6c83", "ne_id": 1159317901, "name_he": "\u05e4\u05d5\u05d3\u05d5\u05d9\u05d1\u05d5", "name_uk": "\u041f\u043e\u0434\u0443\u0454\u0432\u043e", "name_ur": "\u067e\u0648\u0688\u0648\u062c\u06cc\u0648", "name_fa": "\u067e\u0648\u062f\u0648\u062c\u0648\u0648", "name_zht": "\u6ce2\u675c\u8036\u6c83", "FCLASS_ISO": null, "FCLASS_US": null, "FCLASS_FR": null, "FCLASS_RU": "Unrecognized", "FCLASS_ES": null, "FCLASS_CN": "Unrecognized", "FCLASS_TW": null, "FCLASS_IN": "Unrecognized", "FCLASS_NP": null, "FCLASS_PK": null, "FCLASS_DE": null, "FCLASS_GB": null, "FCLASS_BR": null, "FCLASS_IL": null, "FCLASS_PS": null, "FCLASS_SA": null, "FCLASS_EG": null, "FCLASS_MA": null, "FCLASS_PT": null, "FCLASS_AR": null, "FCLASS_JP": null, "FCLASS_KO": null, "FCLASS_VN": null, "FCLASS_TR": null, "FCLASS_ID": null, "FCLASS_PL": null, "FCLASS_GR": "Unrecognized", "FCLASS_IT": null, "FCLASS_NL": null, "FCLASS_SE": null, "FCLASS_BD": null, "FCLASS_UA": null, "FCLASS_TLC": null}, "bbox": [20.987277, 42.754962, 21.40844, 43.104148], "geometry": {"type": "Polygon", "coordinates": [[[20.993431, 43.104148], [21.005157, 43.099128], [21.025827, 43.093366], [21.092593, 43.090678], [21.10851, 43.081558], [21.124012, 43.058277], [21.139309, 43.005826], [21.147887, 42.992622], [21.165354, 42.985103], [21.17941, 42.990581], [21.193052, 42.997893], [21.209795, 42.995878], [21.225298, 42.973554], [21.226745, 42.942522], [21.23243, 42.910896], [21.260542, 42.886556], [21.2716, 42.884283], [21.294958, 42.884386], [21.306327, 42.882448], [21.316972, 42.877616], [21.336403, 42.865473], [21.346738, 42.860847], [21.378777, 42.855292], [21.398931, 42.854569], [21.40844, 42.846998], [21.408419, 42.841743], [21.408336, 42.820747], [21.404099, 42.803978], [21.39056, 42.770414], [21.387149, 42.754962], [21.357251, 42.755602], [21.339302, 42.770987], [21.318788, 42.783808], [21.303403, 42.804322], [21.26494, 42.791501], [21.23417, 42.783808], [21.223914, 42.768423], [21.205964, 42.765859], [21.193143, 42.755602], [21.175194, 42.763295], [21.164937, 42.77868], [21.152116, 42.788937], [21.14186, 42.773552], [21.129039, 42.763295], [21.11109, 42.763295], [21.103397, 42.781244], [21.097407, 42.794741], [21.096625, 42.819557], [21.084429, 42.841261], [21.063552, 42.859245], [21.055077, 42.874334], [21.050323, 42.900586], [21.055697, 42.922703], [21.068513, 42.93862], [21.058384, 42.976654], [21.027172, 43.024609], [21.008982, 43.045073], [20.995752, 43.054375], [20.987277, 43.066984], [20.987484, 43.085794], [20.993431, 43.104148]]]}}, {"type": "Feature", "properties": {"featurecla": "Admin-1 states provinces", "scalerank": 8, "adm1_code": "KOS-5897", "diss_me": 5897, "iso_3166_2": "XK-X29~", "wikipedia": null, "iso_a2": "XK", "adm0_sr": 1, "name": "Zubin Potok", "name_alt": null, "name_local": null, "type": "Okrug", "type_en": "District", "code_local": null, "code_hasc": "XK.X29~", "note": null, "hasc_maybe": null, "region": "Kosovska Mitrovica", "region_cod": null, "provnum_ne": 5, "gadm_level": 1, "check_me": 20, "datarank": 8, "abbrev": null, "postal": "KM", "area_sqkm": 0, "sameascity": -99, "labelrank": 8, "name_len": 11, "mapcolor9": 3, "mapcolor13": 11, "fips": "SR01", "fips_alt": null, "woe_id": 29389207, "woe_label": "Kosovska Mitrovica, RS, Serbia", "woe_name": "Kosovska Mitrovica", "latitude": 42.9245, "longitude": 20.662, "sov_a3": "KOS", "adm0_a3": "KOS", "adm0_label": 5, "admin": "Kosovo", "geonunit": "Kosovo", "gu_a3": "KOS", "gn_id": 831105, "gn_name": "Komuna e Zubin Potokut", "gns_id": 416059, "gns_name": "Zubin Potok, Opstina", "gn_level": 1, "gn_region": null, "gn_a1_code": "-129", "region_sub": null, "sub_code": null, "gns_level": 1, "gns_lang": "srp", "gns_adm1": "KV29", "gns_region": null, "min_label": 10, "max_label": 11, "min_zoom": 10, "wikidataid": null, "name_ar": "\u0632\u0648\u0628\u064a\u0646 \u0628\u0648\u062a\u0648\u0643", "name_bn": "\u099c\u09c1\u09ac\u09bf\u09a8 \u09aa\u09cb\u099f\u09cb\u0995", "name_de": "Zubin Potok", "name_en": "Zubin Potok", "name_es": "Zubin Potok", "name_fr": "Zubin Potok", "name_el": "\u0396\u03bf\u03cd\u03bc\u03c0\u03b9\u03bd \u03a0\u03bf\u03c4\u03cc\u03ba", "name_hi": "\u091c\u0941\u092c\u093f\u0928 \u092a\u094b\u091f\u094b\u0915", "name_hu": "Zubin Potok", "name_id": "Zubin Potok", "name_it": "Zubin Potok", "name_ja": "\u30ba\u30d3\u30f3\u30dd\u30c8\u30af", "name_ko": "\uc8fc\ube48 \ud3ec\ud1a0\ud06c", "name_nl": "Zubin Potok", "name_pl": "Zubin Potok", "name_pt": "Zubin Potok", "name_ru": "\u0417\u0443\u0431\u0438\u043d-\u041f\u043e\u0442\u043e\u043a", "name_sv": "Zubin Potok", "name_tr": "Zubin Potok", "name_vi": "Zubin Potok", "name_zh": "\u7956\u5bbe\u6ce2\u6258\u514b", "ne_id": 1159317895, "name_he": "\u05d6\u05d5\u05d1\u05d9\u05df \u05e4\u05d5\u05d8\u05d5\u05e7", "name_uk": "\u041f\u043e\u0442\u043e\u043a \u0417\u0443\u0431\u0456\u043d", "name_ur": "\u0632\u0648\u0628\u0646 \u067e\u0648\u0679\u0648\u06a9", "name_fa": "\u0632\u0648\u0628\u06cc\u0646 \u067e\u0648\u062a\u0648\u06a9", "name_zht": "\u7956\u8cd3\u6ce2\u6258\u514b", "FCLASS_ISO": null, "FCLASS_US": null, "FCLASS_FR": null, "FCLASS_RU": "Unrecognized", "FCLASS_ES": null, "FCLASS_CN": "Unrecognized", "FCLASS_TW": null, "FCLASS_IN": "Unrecognized", "FCLASS_NP": null, "FCLASS_PK": null, "FCLASS_DE": null, "FCLASS_GB": null, "FCLASS_BR": null, "FCLASS_IL": null, "FCLASS_PS": null, "FCLASS_SA": null, "FCLASS_EG": null, "FCLASS_MA": null, "FCLASS_PT": null, "FCLASS_AR": null, "FCLASS_JP": null, "FCLASS_KO": null, "FCLASS_VN": null, "FCLASS_TR": null, "FCLASS_ID": null, "FCLASS_PL": null, "FCLASS_GR": "Unrecognized", "FCLASS_IT": null, "FCLASS_NL": null, "FCLASS_SE": null, "FCLASS_BD": null, "FCLASS_UA": null, "FCLASS_TLC": null}, "bbox": [20.450979, 42.794065, 20.790567, 43.02213], "geometry": {"type": "Polygon", "coordinates": [[[20.584304, 43.006911], [20.596396, 43.007092], [20.617273, 43.02213], [20.667486, 43.014585], [20.708513, 42.994071], [20.729026, 42.978686], [20.721334, 42.963301], [20.741847, 42.945352], [20.770053, 42.912018], [20.790567, 42.896632], [20.764925, 42.865862], [20.744411, 42.863298], [20.723898, 42.853041], [20.744411, 42.829964], [20.741847, 42.794065], [20.726462, 42.796629], [20.708513, 42.817143], [20.687999, 42.842785], [20.664922, 42.845349], [20.649537, 42.842785], [20.63071, 42.823071], [20.61376, 42.849323], [20.592056, 42.86958], [20.564151, 42.882396], [20.50586, 42.88653], [20.494367, 42.887467], [20.488909, 42.899191], [20.466688, 42.909501], [20.450979, 42.922032], [20.459454, 42.950015], [20.476403, 42.966371], [20.493457, 42.970195], [20.51113, 42.970195], [20.530457, 42.975156], [20.538415, 42.980659], [20.543893, 42.987248], [20.553401, 43.002596], [20.562393, 43.009495], [20.572832, 43.00934], [20.584304, 43.006911]]]}}, {"type": "Feature", "properties": {"featurecla": "Admin-1 states provinces", "scalerank": 8, "adm1_code": "KOS-5892", "diss_me": 5892, "iso_3166_2": "XK-X30~", "wikipedia": null, "iso_a2": "XK", "adm0_sr": 1, "name": "Zve\u010dan", "name_alt": null, "name_local": null, "type": "Okrug", "type_en": "District", "code_local": null, "code_hasc": "XK.X30~", "note": null, "hasc_maybe": null, "region": "Kosovska Mitrovica", "region_cod": null, "provnum_ne": 5, "gadm_level": 1, "check_me": 20, "datarank": 8, "abbrev": null, "postal": "KM", "area_sqkm": 0, "sameascity": -99, "labelrank": 8, "name_len": 6, "mapcolor9": 3, "mapcolor13": 11, "fips": "SR01", "fips_alt": null, "woe_id": 29389207, "woe_label": "Kosovska Mitrovica, RS, Serbia", "woe_name": "Kosovska Mitrovica", "latitude": 42.9494, "longitude": 20.7736, "sov_a3": "KOS", "adm0_a3": "KOS", "adm0_label": 5, "admin": "Kosovo", "geonunit": "Kosovo", "gu_a3": "KOS", "gn_id": 831106, "gn_name": "Opstina Zvecan", "gns_id": 416061, "gns_name": "Zvecanit, Komuna e", "gn_level": 1, "gn_region": null, "gn_a1_code": "-130", "region_sub": null, "sub_code": null, "gns_level": 1, "gns_lang": "sqi", "gns_adm1": "KV30", "gns_region": null, "min_label": 10, "max_label": 11, "min_zoom": 10, "wikidataid": null, "name_ar": "\u0632\u0641\u064a\u062a\u0634\u0627\u0646", "name_bn": "\u099c\u09c7\u09ad\u09c7\u0995\u09be\u09a8", "name_de": "Zve\u010dan", "name_en": "Zve\u010dan", "name_es": "Zve\u010dan", "name_fr": "Zve\u010dan", "name_el": "\u0396\u03b2\u03b5\u03c4\u03c3\u03ac\u03bd", "name_hi": "\u095b\u094d\u0935\u0947\u0915\u093e\u0928", "name_hu": "Zve\u010dan", "name_id": "Zvecan", "name_it": "Zve\u010dan", "name_ja": "\u30ba\u30f4\u30a7\u30c4\u30a1\u30f3", "name_ko": "\uc988\ubca0\uce78", "name_nl": "Zve\u010dan", "name_pl": "Zve\u010dan", "name_pt": "Zve\u010dan", "name_ru": "\u0417\u0432\u0435\u0447\u0430\u043d", "name_sv": "Zve\u010dan", "name_tr": "Zve\u010dan", "name_vi": "Zve\u010dan", "name_zh": "\u5179\u97e6\u94b1", "ne_id": 1159309483, "name_he": "\u05d6\u05d5\u05d5\u05e6'\u05d0\u05df", "name_uk": "\u0426\u0432\u0435\u043a\u0430\u043d", "name_ur": "\u0632\u0648\u06cc\u06a9\u0627\u0646", "name_fa": "\u0632\u0648\u0686\u0627\u0646", "name_zht": "\u8332\u97cb\u524d", "FCLASS_ISO": null, "FCLASS_US": null, "FCLASS_FR": null, "FCLASS_RU": "Unrecognized", "FCLASS_ES": null, "FCLASS_CN": "Unrecognized", "FCLASS_TW": null, "FCLASS_IN": "Unrecognized", "FCLASS_NP": null, "FCLASS_PK": null, "FCLASS_DE": null, "FCLASS_GB": null, "FCLASS_BR": null, "FCLASS_IL": null, "FCLASS_PS": null, "FCLASS_SA": null, "FCLASS_EG": null, "FCLASS_MA": null, "FCLASS_PT": null, "FCLASS_AR": null, "FCLASS_JP": null, "FCLASS_KO": null, "FCLASS_VN": null, "FCLASS_TR": null, "FCLASS_ID": null, "FCLASS_PL": null, "FCLASS_GR": "Unrecognized", "FCLASS_IT": null, "FCLASS_NL": null, "FCLASS_SE": null, "FCLASS_BD": null, "FCLASS_UA": null, "FCLASS_TLC": null}, "bbox": [20.617273, 42.88894, 20.870056, 43.052257], "geometry": {"type": "Polygon", "coordinates": [[[20.617273, 43.02213], [20.643835, 43.052257], [20.682871, 43.045355], [20.703384, 43.027406], [20.744411, 43.027406], [20.775182, 43.014585], [20.798259, 43.001764], [20.805952, 42.983815], [20.813644, 42.970994], [20.839286, 42.95048], [20.870056, 42.937659], [20.867492, 42.909453], [20.857235, 42.88894], [20.831594, 42.894068], [20.790567, 42.896632], [20.770053, 42.912018], [20.741847, 42.945352], [20.721334, 42.963301], [20.729026, 42.978686], [20.708513, 42.994071], [20.667486, 43.014585], [20.617273, 43.02213]]]}}, {"type": "Feature", "properties": {"featurecla": "Admin-1 states provinces", "scalerank": 8, "adm1_code": "KOS-5887", "diss_me": 5887, "iso_3166_2": "XK-X06~", "wikipedia": null, "iso_a2": "XK", "adm0_sr": 1, "name": "Istok", "name_alt": null, "name_local": null, "type": "Okrug", "type_en": "District", "code_local": null, "code_hasc": "XK.X06~", "note": null, "hasc_maybe": null, "region": "Pe\u0107", "region_cod": null, "provnum_ne": 4, "gadm_level": 1, "check_me": 20, "datarank": 8, "abbrev": null, "postal": "PE", "area_sqkm": 0, "sameascity": -99, "labelrank": 8, "name_len": 5, "mapcolor9": 3, "mapcolor13": 11, "fips": "AL47", "fips_alt": null, "woe_id": 29389214, "woe_label": "Pech, RS, Serbia", "woe_name": "\u0110akovica", "latitude": 42.7655, "longitude": 20.4919, "sov_a3": "KOS", "adm0_a3": "KOS", "adm0_label": 5, "admin": "Kosovo", "geonunit": "Kosovo", "gu_a3": "KOS", "gn_id": 789995, "gn_name": "Komuna e Istogut", "gns_id": -83000, "gns_name": "Istogut, Komuna e", "gn_level": 1, "gn_region": null, "gn_a1_code": "-108", "region_sub": null, "sub_code": null, "gns_level": 1, "gns_lang": "sqi", "gns_adm1": "KV08", "gns_region": null, "min_label": 10, "max_label": 11, "min_zoom": 10, "wikidataid": null, "name_ar": "\u0622\u064a \u0633\u062a\u0648\u0643", "name_bn": "\u0987\u09b8\u09cd\u09a4\u09cb\u0995", "name_de": "Istok", "name_en": "Istok", "name_es": "Istok", "name_fr": "Istok", "name_el": "\u0399\u03c3\u03c4\u03cc\u03ba", "name_hi": "\u0907\u0938\u094d\u0924\u094b\u0915", "name_hu": "Istok", "name_id": "Istok", "name_it": "Istok", "name_ja": "\u30a4\u30b9\u30c8\u30c3\u30af", "name_ko": "\uc774\uc2a4\ud1a0\ud06c", "name_nl": "Istok", "name_pl": "Istok", "name_pt": "Istok", "name_ru": "\u0418\u0441\u0442\u043e\u043a", "name_sv": "Istok", "name_tr": "Istok", "name_vi": "Istok", "name_zh": "\u4f0a\u65af\u6258\u514b", "ne_id": 1159317921, "name_he": "\u05d0\u05d9\u05e1\u05d8\u05d5\u05e7", "name_uk": "\u0406\u0441\u0442\u043e\u043a", "name_ur": "\u0627\u0633\u0679\u0648\u06a9", "name_fa": "\u0627\u06cc\u0633\u062a\u0648\u06a9", "name_zht": "\u4f0a\u65af\u6258\u514b", "FCLASS_ISO": null, "FCLASS_US": null, "FCLASS_FR": null, "FCLASS_RU": "Unrecognized", "FCLASS_ES": null, "FCLASS_CN": "Unrecognized", "FCLASS_TW": null, "FCLASS_IN": "Unrecognized", "FCLASS_NP": null, "FCLASS_PK": null, "FCLASS_DE": null, "FCLASS_GB": null, "FCLASS_BR": null, "FCLASS_IL": null, "FCLASS_PS": null, "FCLASS_SA": null, "FCLASS_EG": null, "FCLASS_MA": null, "FCLASS_PT": null, "FCLASS_AR": null, "FCLASS_JP": null, "FCLASS_KO": null, "FCLASS_VN": null, "FCLASS_TR": null, "FCLASS_ID": null, "FCLASS_PL": null, "FCLASS_GR": "Unrecognized", "FCLASS_IT": null, "FCLASS_NL": null, "FCLASS_SE": null, "FCLASS_BD": null, "FCLASS_UA": null, "FCLASS_TLC": null}, "bbox": [20.319166, 42.66842, 20.645179, 42.887467], "geometry": {"type": "Polygon", "coordinates": [[[20.345352, 42.827439], [20.428034, 42.840642], [20.4763, 42.855525], [20.498831, 42.877875], [20.494367, 42.887467], [20.50586, 42.88653], [20.564151, 42.882396], [20.592056, 42.86958], [20.61376, 42.849323], [20.63071, 42.823071], [20.645179, 42.788138], [20.640632, 42.763127], [20.633604, 42.746797], [20.621822, 42.721992], [20.623682, 42.697187], [20.598253, 42.696626], [20.570047, 42.688934], [20.554662, 42.673549], [20.521327, 42.66842], [20.487993, 42.676113], [20.457223, 42.66842], [20.436709, 42.676113], [20.403375, 42.676113], [20.370041, 42.688934], [20.344399, 42.706883], [20.331578, 42.722268], [20.331578, 42.74791], [20.331578, 42.776116], [20.331578, 42.801758], [20.319166, 42.824145], [20.345352, 42.827439]]]}}, {"type": "Feature", "properties": {"featurecla": "Admin-1 states provinces", "scalerank": 8, "adm1_code": "KOS-5902", "diss_me": 5902, "iso_3166_2": "XK-X20~", "wikipedia": null, "iso_a2": "XK", "adm0_sr": 1, "name": "Pri\u0161tina", "name_alt": null, "name_local": null, "type": "Okrug", "type_en": "District", "code_local": null, "code_hasc": "XK.X20~", "note": null, "hasc_maybe": null, "region": "Pristina", "region_cod": null, "provnum_ne": 1, "gadm_level": 1, "check_me": 20, "datarank": 8, "abbrev": null, "postal": "KO", "area_sqkm": 0, "sameascity": 7, "labelrank": 7, "name_len": 8, "mapcolor9": 3, "mapcolor13": 11, "fips": "SR01", "fips_alt": null, "woe_id": 29389201, "woe_label": "Kosovo, RS, Serbia", "woe_name": "Pristina", "latitude": 42.6882, "longitude": 21.2515, "sov_a3": "KOS", "adm0_a3": "KOS", "adm0_label": 5, "admin": "Kosovo", "geonunit": "Kosovo", "gu_a3": "KOS", "gn_id": 786713, "gn_name": "Komuna e Prishtines", "gns_id": -93265, "gns_name": "Pristina, Opstina", "gn_level": 1, "gn_region": null, "gn_a1_code": "-120", "region_sub": null, "sub_code": null, "gns_level": 1, "gns_lang": "srp", "gns_adm1": "KV20", "gns_region": null, "min_label": 10, "max_label": 11, "min_zoom": 10, "wikidataid": "Q1255", "name_ar": "\u0645\u0642\u0627\u0637\u0639\u0629 \u0643\u0648\u0633\u0648\u0641\u0648 \u0648\u0645\u064a\u062a\u0648\u0647\u064a\u0627 \u0627\u0644\u0645\u062a\u0645\u062a\u0639\u0629 \u0628\u0627\u0644\u062d\u0643\u0645 \u0627\u0644\u0630\u0627\u062a\u064a", "name_bn": "\u09aa\u09cd\u09b0\u09bf\u09b8\u09cd\u099f\u09bf\u09a8\u09be", "name_de": "Kosovo und Metochien", "name_en": "Kosovo and Metohija", "name_es": "Aut\u00f3noma de Kosovo y Metohija", "name_fr": "Kossovo-et-M\u00e9tochie", "name_el": "\u039a\u03bf\u03c3\u03c3\u03c5\u03c6\u03bf\u03c0\u03ad\u03b4\u03b9\u03bf \u03ba\u03b1\u03b9 \u039c\u03b5\u03c4\u03cc\u03c7\u03b9\u03b1", "name_hi": "\u092a\u094d\u0930\u093f\u0938\u094d\u091f\u0940\u0928\u093e", "name_hu": "Koszov\u00f3 \u00e9s Met\u00f3hia Auton\u00f3m", "name_id": "Kosovo dan Metohija", "name_it": "autonoma del Kosovo", "name_ja": "\u30b3\u30bd\u30dc\u30fb\u30e1\u30c8\u30d2\u30e4\u81ea\u6cbb\u5dde", "name_ko": "\ucf54\uc18c\ubcf4 \uba54\ud1a0\ud788\uc57c \uc790\uce58", "name_nl": "Autonome Provincie Kosovo en Metohija", "name_pl": "Pri\u0161tina", "name_pt": "Aut\u00f4noma de Kosovo e Metohija", "name_ru": "\u041a\u043e\u0441\u043e\u0432\u043e \u0438 \u041c\u0435\u0442\u043e\u0445\u0438\u044f", "name_sv": "Pri\u0161tina", "name_tr": "Kosova ve Metohiya \u00d6zerk B\u00f6lgesi", "name_vi": "Pristina", "name_zh": "\u79d1\u7d22\u6c83\u548c\u6885\u6258\u5e0c\u4e9a\u81ea\u6cbb\u7701\uff081963-1968\uff09", "ne_id": 1159317903, "name_he": "\u05e4\u05e8\u05d9\u05e9\u05d8\u05d9\u05e0\u05d4", "name_uk": "\u0410\u0432\u0442\u043e\u043d\u043e\u043c\u043d\u0438\u0439 \u043a\u0440\u0430\u0439 \u041a\u043e\u0441\u043e\u0432\u043e \u0456 \u041c\u0435\u0442\u043e\u0445\u0456\u044f", "name_ur": "\u067e\u0631\u0633\u0679\u06cc\u0646\u0627", "name_fa": "\u0627\u0633\u062a\u0627\u0646 \u062e\u0648\u062f\u0645\u062e\u062a\u0627\u0631 \u06a9\u0648\u0632\u0648\u0648 \u0648 \u0645\u062a\u0648\u0647\u06cc\u0627", "name_zht": "\u79d1\u7d22\u6c83\u548c\u6885\u6258\u5e0c\u4e9e\u81ea\u6cbb\u7701\uff081963-1968\uff09", "FCLASS_ISO": null, "FCLASS_US": null, "FCLASS_FR": null, "FCLASS_RU": "Unrecognized", "FCLASS_ES": null, "FCLASS_CN": "Unrecognized", "FCLASS_TW": null, "FCLASS_IN": "Unrecognized", "FCLASS_NP": null, "FCLASS_PK": null, "FCLASS_DE": null, "FCLASS_GB": null, "FCLASS_BR": null, "FCLASS_IL": null, "FCLASS_PS": null, "FCLASS_SA": null, "FCLASS_EG": null, "FCLASS_MA": null, "FCLASS_PT": null, "FCLASS_AR": null, "FCLASS_JP": null, "FCLASS_KO": null, "FCLASS_VN": null, "FCLASS_TR": null, "FCLASS_ID": null, "FCLASS_PL": null, "FCLASS_GR": "Unrecognized", "FCLASS_IT": null, "FCLASS_NL": null, "FCLASS_SE": null, "FCLASS_BD": null, "FCLASS_UA": null, "FCLASS_TLC": null}, "bbox": [21.082883, 42.553032, 21.479514, 42.804322], "geometry": {"type": "Polygon", "coordinates": [[[21.387149, 42.754962], [21.383945, 42.749976], [21.379191, 42.747004], [21.378674, 42.744136], [21.388699, 42.739046], [21.405546, 42.7353], [21.4178, 42.73557], [21.441823, 42.736101], [21.479514, 42.73225], [21.455359, 42.69378], [21.433969, 42.69388], [21.399142, 42.692633], [21.407173, 42.674276], [21.437002, 42.658214], [21.449058, 42.641584], [21.438149, 42.627238], [21.42392, 42.617137], [21.386522, 42.615765], [21.365871, 42.615765], [21.346739, 42.600036], [21.326482, 42.581432], [21.295711, 42.594059], [21.267505, 42.604316], [21.23417, 42.609444], [21.218785, 42.604316], [21.218785, 42.581238], [21.218785, 42.560724], [21.193143, 42.553032], [21.159809, 42.55816], [21.14186, 42.565853], [21.113654, 42.555596], [21.098269, 42.568417], [21.082883, 42.573545], [21.100833, 42.594059], [21.113654, 42.612008], [21.105961, 42.624829], [21.100833, 42.653035], [21.105961, 42.678677], [21.098269, 42.696626], [21.085448, 42.719704], [21.088012, 42.742781], [21.11109, 42.763295], [21.129039, 42.763295], [21.14186, 42.773552], [21.152116, 42.788937], [21.164937, 42.77868], [21.175194, 42.763295], [21.193143, 42.755602], [21.205964, 42.765859], [21.223914, 42.768423], [21.23417, 42.783808], [21.26494, 42.791501], [21.303403, 42.804322], [21.318788, 42.783808], [21.339302, 42.770987], [21.357251, 42.755602], [21.387149, 42.754962]]]}}, {"type": "Feature", "properties": {"featurecla": "Admin-1 states provinces", "scalerank": 8, "adm1_code": "KOS-5907", "diss_me": 5907, "iso_3166_2": "XK-X10~", "wikipedia": null, "iso_a2": "XK", "adm0_sr": 1, "name": "Kosovska Kamenica", "name_alt": null, "name_local": null, "type": "Okrug", "type_en": "District", "code_local": null, "code_hasc": "XK.X10~", "note": null, "hasc_maybe": null, "region": "Gnjilane", "region_cod": null, "provnum_ne": 3, "gadm_level": 1, "check_me": 20, "datarank": 8, "abbrev": null, "postal": "KP", "area_sqkm": 0, "sameascity": -99, "labelrank": 8, "name_len": 17, "mapcolor9": 3, "mapcolor13": 11, "fips": "MK20", "fips_alt": null, "woe_id": 29389218, "woe_label": "Kosovsko Pomoravlje, RS, Serbia", "woe_name": "Gnjilane", "latitude": 42.5954, "longitude": 21.5916, "sov_a3": "KOS", "adm0_a3": "KOS", "adm0_label": 5, "admin": "Kosovo", "geonunit": "Kosovo", "gu_a3": "KOS", "gn_id": 789226, "gn_name": "Opstina Kamenica", "gns_id": -85315, "gns_name": "Kamenica, Opstina", "gn_level": 1, "gn_region": null, "gn_a1_code": "-110", "region_sub": null, "sub_code": null, "gns_level": 1, "gns_lang": "srp", "gns_adm1": "KV10", "gns_region": null, "min_label": 10, "max_label": 11, "min_zoom": 10, "wikidataid": "Q124725", "name_ar": "\u0643\u0648\u0632\u0648\u0641\u0633\u0643\u0627 \u0643\u0627\u0645\u064a\u0646\u064a\u0634\u0627", "name_bn": "\u0995\u09b8\u09cb\u09ad\u09b8\u09cd\u0995\u09be \u0995\u09be\u09ae\u09c7\u09a8\u09bf\u0995\u09be", "name_de": "Okrug Kosovo-Pomoravlje", "name_en": "Kosovo-Pomoravlje", "name_es": "Kosovska Kamenica", "name_fr": "Kosovo-Pomoravlje", "name_el": "\u039a\u03cc\u03c3\u03bf\u03b2\u03c3\u03ba\u03b1 \u039a\u03b1\u03bc\u03ad\u03bd\u03b9\u03ba\u03b1", "name_hi": "\u0915\u094b\u0938\u094b\u0935\u094d\u0938\u094d\u0915\u093e \u0915\u093e\u092e\u0947\u0928\u093f\u0915\u093e", "name_hu": "Kosovska Kamenica", "name_id": "Kosovo-Pomoravlje", "name_it": "Kamenic\u00eb", "name_ja": "\u30b3\u30bd\u30d5\u30b9\u30ab\u30fb\u30ab\u30e1\u30cb\u30ab", "name_ko": "\ucf54\uc18c\ubcf4\ud3ec\ubaa8\ub77c\ube14\ub808\uad6c", "name_nl": "Kosovskopomoravski upravni okrug", "name_pl": "Okr\u0119g Kosovo-Pomoravlje", "name_pt": "Kamenica", "name_ru": "\u041a\u043e\u0441\u043e\u0432\u0441\u043a\u043e-\u041f\u043e\u043c\u043e\u0440\u0430\u0432\u0441\u043a\u0438\u0439 \u043e\u043a\u0440\u0443\u0433", "name_sv": "Kosovska Kamenica", "name_tr": "Kosovska Kamenica", "name_vi": "Kosovska Kamenica", "name_zh": "\u79d1\u7d22\u6c83-\u6ce2\u83ab\u62c9\u592b\u5217\u5dde", "ne_id": 1159317913, "name_he": "\u05de\u05d7\u05d5\u05d6 \u05e7\u05d5\u05e1\u05d5\u05d1\u05d5-\u05e4\u05d5\u05de\u05d5\u05e8\u05d0\u05d1\u05d9\u05d9\u05d4", "name_uk": "\u041a\u043e\u0441\u043e\u0432\u0441\u044c\u043a\u0430 \u041a\u0430\u043c\u0435\u043d\u0438\u0446\u044f", "name_ur": "\u06a9\u0648\u0633\u0648\u0648\u06c1 \u067e\u0648\u0645\u0648\u0631\u0627\u0648\u0644\u06cc\u06d2 \u0636\u0644\u0639", "name_fa": "\u0646\u0627\u062d\u06cc\u0647 \u06a9\u0648\u0632\u0648\u0648-\u067e\u0648\u0645\u0648\u0631\u0627\u0648\u0644\u06cc\u0647", "name_zht": "\u79d1\u7d22\u6c83-\u6ce2\u83ab\u62c9\u592b\u5217\u5dde", "FCLASS_ISO": null, "FCLASS_US": null, "FCLASS_FR": null, "FCLASS_RU": "Unrecognized", "FCLASS_ES": null, "FCLASS_CN": "Unrecognized", "FCLASS_TW": null, "FCLASS_IN": "Unrecognized", "FCLASS_NP": null, "FCLASS_PK": null, "FCLASS_DE": null, "FCLASS_GB": null, "FCLASS_BR": null, "FCLASS_IL": null, "FCLASS_PS": null, "FCLASS_SA": null, "FCLASS_EG": null, "FCLASS_MA": null, "FCLASS_PT": null, "FCLASS_AR": null, "FCLASS_JP": null, "FCLASS_KO": null, "FCLASS_VN": null, "FCLASS_TR": null, "FCLASS_ID": null, "FCLASS_PL": null, "FCLASS_GR": "Unrecognized", "FCLASS_IT": null, "FCLASS_NL": null, "FCLASS_SE": null, "FCLASS_BD": null, "FCLASS_UA": null, "FCLASS_TLC": null}, "bbox": [21.399142, 42.449245, 21.772758, 42.73225], "geometry": {"type": "Polygon", "coordinates": [[[21.479514, 42.73225], [21.542488, 42.725817], [21.565226, 42.720184], [21.580522, 42.710211], [21.612665, 42.680393], [21.629408, 42.672203], [21.644084, 42.672306], [21.687389, 42.686827], [21.708886, 42.687189], [21.738652, 42.68215], [21.74425, 42.679425], [21.764387, 42.669619], [21.772758, 42.647501], [21.767074, 42.638716], [21.756532, 42.633626], [21.744543, 42.629647], [21.734725, 42.624247], [21.735551, 42.621276], [21.730074, 42.601018], [21.728833, 42.598305], [21.726973, 42.596393], [21.720152, 42.593887], [21.718291, 42.591019], [21.719738, 42.586678], [21.726766, 42.577945], [21.727697, 42.574147], [21.717671, 42.551151], [21.667855, 42.490095], [21.627858, 42.460381], [21.618969, 42.449245], [21.596474, 42.44941], [21.566468, 42.457065], [21.523923, 42.46585], [21.531616, 42.488927], [21.508538, 42.512005], [21.48546, 42.529954], [21.464947, 42.55816], [21.480332, 42.57611], [21.467511, 42.596623], [21.452126, 42.604316], [21.42392, 42.617137], [21.438149, 42.627238], [21.449058, 42.641584], [21.437002, 42.658214], [21.407173, 42.674276], [21.399142, 42.692633], [21.433969, 42.69388], [21.455359, 42.69378], [21.479514, 42.73225]]]}}, {"type": "Feature", "properties": {"featurecla": "Admin-1 states provinces", "scalerank": 8, "adm1_code": "KOS-5886", "diss_me": 5886, "iso_3166_2": "XK-X18~", "wikipedia": null, "iso_a2": "XK", "adm0_sr": 1, "name": "Pe\u0107", "name_alt": null, "name_local": null, "type": "Okrug", "type_en": "District", "code_local": null, "code_hasc": "XK.X18~", "note": null, "hasc_maybe": null, "region": "Pe\u0107", "region_cod": null, "provnum_ne": 4, "gadm_level": 1, "check_me": 20, "datarank": 8, "abbrev": null, "postal": "PE", "area_sqkm": 0, "sameascity": -99, "labelrank": 8, "name_len": 3, "mapcolor9": 3, "mapcolor13": 11, "fips": "AL47", "fips_alt": null, "woe_id": 29389214, "woe_label": "Pech, RS, Serbia", "woe_name": "\u0110akovica", "latitude": 42.6569, "longitude": 20.3112, "sov_a3": "KOS", "adm0_a3": "KOS", "adm0_label": 5, "admin": "Kosovo", "geonunit": "Kosovo", "gu_a3": "KOS", "gn_id": 787156, "gn_name": "Komuna e Pejes", "gns_id": -91591, "gns_name": "Pejes, Komuna e", "gn_level": 1, "gn_region": null, "gn_a1_code": "-1", "region_sub": null, "sub_code": null, "gns_level": 1, "gns_lang": "sqi", "gns_adm1": "KV18", "gns_region": null, "min_label": 10, "max_label": 11, "min_zoom": 10, "wikidataid": null, "name_ar": "\u0628\u064a\u062e\u0627", "name_bn": "\u09aa\u09c7\u0995", "name_de": "Peja", "name_en": "Peja", "name_es": "Pe\u0107", "name_fr": "Pe\u0107", "name_el": "\u03a0\u03b5\u03ba", "name_hi": "\u092a\u0947\u0915", "name_hu": "Pe\u0107", "name_id": "Pe\u0107", "name_it": "Pe\u0107", "name_ja": "\u30da\u30c3\u30af", "name_ko": "\ud398\uce58", "name_nl": "Pej\u00eb", "name_pl": "Pe\u0107", "name_pt": "Pe\u0107", "name_ru": "\u041f\u0435\u0447", "name_sv": "Peja", "name_tr": "Pe\u0107", "name_vi": "Peja", "name_zh": "\u4f69\u5947", "ne_id": 1159309477, "name_he": "\u05e4\u05e5'", "name_uk": "\u041f\u0435\u043a", "name_ur": "\u067e\u06cc\u06a9", "name_fa": "\u067e\u0686", "name_zht": "\u4f69\u5947", "FCLASS_ISO": null, "FCLASS_US": null, "FCLASS_FR": null, "FCLASS_RU": "Unrecognized", "FCLASS_ES": null, "FCLASS_CN": "Unrecognized", "FCLASS_TW": null, "FCLASS_IN": "Unrecognized", "FCLASS_NP": null, "FCLASS_PK": null, "FCLASS_DE": null, "FCLASS_GB": null, "FCLASS_BR": null, "FCLASS_IL": null, "FCLASS_PS": null, "FCLASS_SA": null, "FCLASS_EG": null, "FCLASS_MA": null, "FCLASS_PT": null, "FCLASS_AR": null, "FCLASS_JP": null, "FCLASS_KO": null, "FCLASS_VN": null, "FCLASS_TR": null, "FCLASS_ID": null, "FCLASS_PL": null, "FCLASS_GR": "Unrecognized", "FCLASS_IT": null, "FCLASS_NL": null, "FCLASS_SE": null, "FCLASS_BD": null, "FCLASS_UA": null, "FCLASS_TLC": null}, "bbox": [20.024751, 42.524826, 20.503378, 42.824145], "geometry": {"type": "Polygon", "coordinates": [[[20.183398, 42.742508], [20.208409, 42.763282], [20.20996, 42.772972], [20.208409, 42.782093], [20.209236, 42.791704], [20.217608, 42.802737], [20.226083, 42.806768], [20.264427, 42.817258], [20.319166, 42.824145], [20.331578, 42.801758], [20.331578, 42.776116], [20.331578, 42.74791], [20.331578, 42.722268], [20.344399, 42.706883], [20.370041, 42.688934], [20.403375, 42.676113], [20.436709, 42.676113], [20.457223, 42.66842], [20.46748, 42.640214], [20.487993, 42.629957], [20.480301, 42.614572], [20.464915, 42.599187], [20.46748, 42.581238], [20.487993, 42.565853], [20.49825, 42.547904], [20.503378, 42.524826], [20.472608, 42.540211], [20.439274, 42.540211], [20.41876, 42.547904], [20.398247, 42.545339], [20.364912, 42.535083], [20.346963, 42.547904], [20.334142, 42.570981], [20.323885, 42.586366], [20.300808, 42.591495], [20.27773, 42.581238], [20.254652, 42.58893], [20.223882, 42.594059], [20.200805, 42.601751], [20.185419, 42.614572], [20.193112, 42.632522], [20.139264, 42.635086], [20.10392, 42.653108], [20.101956, 42.656674], [20.094205, 42.666983], [20.037006, 42.707363], [20.03612, 42.707989], [20.024751, 42.723414], [20.026508, 42.743206], [20.034673, 42.751423], [20.055638, 42.763866], [20.065059, 42.769458], [20.076325, 42.773437], [20.112085, 42.766538], [20.149498, 42.749872], [20.183398, 42.742508]]]}}, {"type": "Feature", "properties": {"featurecla": "Admin-1 states provinces", "scalerank": 8, "adm1_code": "KOS-5891", "diss_me": 5891, "iso_3166_2": "XK-X17~", "wikipedia": null, "iso_a2": "XK", "adm0_sr": 1, "name": "Orahovac", "name_alt": null, "name_local": null, "type": "Okrug", "type_en": "District", "code_local": null, "code_hasc": "XK.X17~", "note": null, "hasc_maybe": null, "region": "\u0110akovica", "region_cod": null, "provnum_ne": 4, "gadm_level": 1, "check_me": 20, "datarank": 8, "abbrev": null, "postal": "PE", "area_sqkm": 0, "sameascity": -99, "labelrank": 8, "name_len": 8, "mapcolor9": 3, "mapcolor13": 11, "fips": "AL47", "fips_alt": null, "woe_id": 29389214, "woe_label": "Pech, RS, Serbia", "woe_name": "\u0110akovica", "latitude": 42.3901, "longitude": 20.609, "sov_a3": "KOS", "adm0_a3": "KOS", "adm0_label": 5, "admin": "Kosovo", "geonunit": "Kosovo", "gu_a3": "KOS", "gn_id": 787455, "gn_name": "Komuna e Rahovecit", "gns_id": -90758, "gns_name": "Rahovecit, Komuna e", "gn_level": 1, "gn_region": null, "gn_a1_code": "-122", "region_sub": null, "sub_code": null, "gns_level": 1, "gns_lang": "sqi", "gns_adm1": "KV22", "gns_region": null, "min_label": 10, "max_label": 11, "min_zoom": 10, "wikidataid": null, "name_ar": "\u0623\u0648\u0631\u0627\u0647\u0648\u0641\u0627\u0643", "name_bn": "\u0993\u09b0\u09be\u09b9\u09cb\u09ad\u09be\u0995", "name_de": "Rahovec", "name_en": "Orahovac", "name_es": "Orahovac", "name_fr": "Orahovac", "name_el": "\u039f\u03c1\u03b1\u03c7\u03cc\u03b2\u03b1\u03c4\u03c2", "name_hi": "\u0913\u0930\u0939\u094b\u0935\u093e\u0915", "name_hu": "Orahovac", "name_id": "Orahovac", "name_it": "Rahovec", "name_ja": "\u30aa\u30e9\u30db\u30f4\u30a1\u30c4", "name_ko": "\uc624\ub77c\ud638\ubc14\ud06c", "name_nl": "Rahovec", "name_pl": "Orahovac", "name_pt": "Orahovac", "name_ru": "\u041e\u0440\u0430\u0445\u043e\u0432\u0430\u0446", "name_sv": "Orahovac", "name_tr": "Orahovac", "name_vi": "Orahovac", "name_zh": "\u5965\u62c9\u970d\u74e6\u8328", "ne_id": 1159317931, "name_he": "\u05d0\u05d5\u05e8\u05d0\u05d4\u05d5\u05d1\u05d0\u05e7", "name_uk": "\u041e\u0440\u0430\u0445\u043e\u0432\u0430\u043a", "name_ur": "\u0627\u0648\u0631\u0627\u06c1\u0648\u06cc\u06a9", "name_fa": "\u0627\u0648\u0631\u0627\u0647\u0648\u0648\u0627\u06a9", "name_zht": "\u5967\u62c9\u970d\u74e6\u8328", "FCLASS_ISO": null, "FCLASS_US": null, "FCLASS_FR": null, "FCLASS_RU": "Unrecognized", "FCLASS_ES": null, "FCLASS_CN": "Unrecognized", "FCLASS_TW": null, "FCLASS_IN": "Unrecognized", "FCLASS_NP": null, "FCLASS_PK": null, "FCLASS_DE": null, "FCLASS_GB": null, "FCLASS_BR": null, "FCLASS_IL": null, "FCLASS_PS": null, "FCLASS_SA": null, "FCLASS_EG": null, "FCLASS_MA": null, "FCLASS_PT": null, "FCLASS_AR": null, "FCLASS_JP": null, "FCLASS_KO": null, "FCLASS_VN": null, "FCLASS_TR": null, "FCLASS_ID": null, "FCLASS_PL": null, "FCLASS_GR": "Unrecognized", "FCLASS_IT": null, "FCLASS_NL": null, "FCLASS_SE": null, "FCLASS_BD": null, "FCLASS_UA": null, "FCLASS_TLC": null}, "bbox": [20.506273, 42.286357, 20.716205, 42.502057], "geometry": {"type": "Polygon", "coordinates": [[[20.580687, 42.297005], [20.598051, 42.317056], [20.580687, 42.328424], [20.564151, 42.336486], [20.532732, 42.353229], [20.509374, 42.37824], [20.509581, 42.409453], [20.510407, 42.441699], [20.506273, 42.468984], [20.516815, 42.490482], [20.541, 42.502057], [20.572611, 42.478671], [20.593125, 42.473542], [20.623895, 42.476106], [20.646972, 42.476106], [20.662358, 42.458157], [20.657229, 42.43508], [20.672614, 42.404309], [20.695692, 42.391488], [20.716205, 42.381232], [20.711077, 42.360718], [20.705949, 42.327384], [20.693128, 42.304306], [20.675178, 42.30687], [20.664922, 42.317127], [20.652101, 42.32482], [20.636716, 42.30687], [20.621331, 42.286357], [20.603381, 42.288921], [20.580687, 42.297005]]]}}, {"type": "Feature", "properties": {"featurecla": "Admin-1 states provinces", "scalerank": 8, "adm1_code": "KOS-5896", "diss_me": 5896, "iso_3166_2": "XK-X22~", "wikipedia": null, "iso_a2": "XK", "adm0_sr": 1, "name": "Srbica", "name_alt": null, "name_local": null, "type": "Okrug", "type_en": "District", "code_local": null, "code_hasc": "XK.X22~", "note": null, "hasc_maybe": null, "region": "Kosovska Mitrovica", "region_cod": null, "provnum_ne": 5, "gadm_level": 1, "check_me": 20, "datarank": 8, "abbrev": null, "postal": "KM", "area_sqkm": 0, "sameascity": -99, "labelrank": 8, "name_len": 6, "mapcolor9": 3, "mapcolor13": 11, "fips": "SR01", "fips_alt": null, "woe_id": 29389207, "woe_label": "Kosovska Mitrovica, RS, Serbia", "woe_name": "Kosovska Mitrovica", "latitude": 42.7169, "longitude": 20.7437, "sov_a3": "KOS", "adm0_a3": "KOS", "adm0_label": 5, "admin": "Kosovo", "geonunit": "Kosovo", "gu_a3": "KOS", "gn_id": 785641, "gn_name": "Komuna e Skenderajt", "gns_id": -96587, "gns_name": "Skenderajit, Komuna e", "gn_level": 1, "gn_region": null, "gn_a1_code": "-125", "region_sub": null, "sub_code": null, "gns_level": 1, "gns_lang": "sqi", "gns_adm1": "KV25", "gns_region": null, "min_label": 10, "max_label": 11, "min_zoom": 10, "wikidataid": null, "name_ar": "\u0633\u0631\u0628\u064a\u0643\u0627", "name_bn": "\u09b6\u09cd\u09b0\u09be\u09ac\u09bf\u0995\u09be", "name_de": "Srbica", "name_en": "Skenderaj/Srbica", "name_es": "Srbica", "name_fr": "Skenderaj", "name_el": "\u03a3\u03bc\u03c0\u03c1\u03af\u03ba\u03b1", "name_hi": "\u0938\u0930\u092c\u093f\u0915\u093e", "name_hu": "Srbica", "name_id": "Srbica", "name_it": "Sk\u00ebnderaj", "name_ja": "\u30b9\u30b1\u30f3\u30c7\u30e9\u30a4", "name_ko": "\uc2a4\ub974\ube44\uce74", "name_nl": "Sk\u00ebnderaj", "name_pl": "Srbica", "name_pt": "Sk\u00ebnderaj", "name_ru": "\u0421\u0440\u0431\u0438\u0446\u0430", "name_sv": "Srbica", "name_tr": "Srbica", "name_vi": "Srbica", "name_zh": "\u65af\u5c14\u6bd4\u5bdf", "ne_id": 1159317893, "name_he": "\u05e1\u05e8\u05d1\u05d9\u05e7\u05d4", "name_uk": "\u0421\u0440\u0431\u0456\u0446\u0430", "name_ur": "\u0633\u0631\u0628\u06cc\u06a9\u0627", "name_fa": "\u0633\u0631\u0628\u06cc\u06a9\u0627", "name_zht": "\u65af\u723e\u6bd4\u5bdf", "FCLASS_ISO": null, "FCLASS_US": null, "FCLASS_FR": null, "FCLASS_RU": "Unrecognized", "FCLASS_ES": null, "FCLASS_CN": "Unrecognized", "FCLASS_TW": null, "FCLASS_IN": "Unrecognized", "FCLASS_NP": null, "FCLASS_PK": null, "FCLASS_DE": null, "FCLASS_GB": null, "FCLASS_BR": null, "FCLASS_IL": null, "FCLASS_PS": null, "FCLASS_SA": null, "FCLASS_EG": null, "FCLASS_MA": null, "FCLASS_PT": null, "FCLASS_AR": null, "FCLASS_JP": null, "FCLASS_KO": null, "FCLASS_VN": null, "FCLASS_TR": null, "FCLASS_ID": null, "FCLASS_PL": null, "FCLASS_GR": "Unrecognized", "FCLASS_IT": null, "FCLASS_NL": null, "FCLASS_SE": null, "FCLASS_BD": null, "FCLASS_UA": null, "FCLASS_TLC": null}, "bbox": [20.621822, 42.609415, 20.925886, 42.845349], "geometry": {"type": "Polygon", "coordinates": [[[20.623682, 42.697187], [20.621822, 42.721992], [20.633604, 42.746797], [20.640632, 42.763127], [20.645179, 42.788138], [20.63071, 42.823071], [20.649537, 42.842785], [20.664922, 42.845349], [20.687999, 42.842785], [20.708513, 42.817143], [20.726462, 42.796629], [20.741847, 42.794065], [20.744411, 42.829964], [20.78031, 42.80945], [20.800823, 42.80945], [20.834158, 42.806886], [20.852107, 42.783808], [20.849543, 42.763295], [20.846979, 42.740217], [20.8598, 42.737653], [20.882877, 42.740217], [20.900827, 42.735089], [20.925886, 42.71083], [20.910401, 42.702958], [20.889712, 42.699668], [20.87669, 42.69388], [20.862215, 42.680013], [20.82212, 42.697187], [20.809924, 42.685198], [20.80889, 42.67569], [20.801449, 42.664114], [20.784086, 42.652539], [20.763415, 42.62236], [20.759178, 42.609415], [20.73613, 42.609544], [20.702644, 42.619879], [20.696442, 42.642617], [20.68404, 42.662874], [20.666677, 42.665768], [20.64704, 42.674656], [20.623682, 42.697187]]]}}, {"type": "Feature", "properties": {"featurecla": "Admin-1 states provinces", "scalerank": 8, "adm1_code": "KOS-5888", "diss_me": 5888, "iso_3166_2": "XK-X08~", "wikipedia": null, "iso_a2": "XK", "adm0_sr": 1, "name": "Klina", "name_alt": null, "name_local": null, "type": "Okrug", "type_en": "District", "code_local": null, "code_hasc": "XK.X08~", "note": null, "hasc_maybe": null, "region": "Pe\u0107", "region_cod": null, "provnum_ne": 4, "gadm_level": 1, "check_me": 20, "datarank": 8, "abbrev": null, "postal": "PE", "area_sqkm": 0, "sameascity": -99, "labelrank": 8, "name_len": 5, "mapcolor9": 3, "mapcolor13": 11, "fips": "AL47", "fips_alt": null, "woe_id": 29389214, "woe_label": "Pech, RS, Serbia", "woe_name": "\u0110akovica", "latitude": 42.5999, "longitude": 20.5913, "sov_a3": "KOS", "adm0_a3": "KOS", "adm0_label": 5, "admin": "Kosovo", "geonunit": "Kosovo", "gu_a3": "KOS", "gn_id": 789453, "gn_name": "Komuna e Klines", "gns_id": -84596, "gns_name": "Klina, Opstina", "gn_level": 1, "gn_region": null, "gn_a1_code": "-111", "region_sub": null, "sub_code": null, "gns_level": 1, "gns_lang": "srp", "gns_adm1": "KV11", "gns_region": null, "min_label": 10, "max_label": 11, "min_zoom": 10, "wikidataid": null, "name_ar": "\u0643\u0644\u064a\u0646\u0627", "name_bn": "\u0995\u09cd\u09b2\u09bf\u09a8\u09be", "name_de": "Klina", "name_en": "Klina", "name_es": "Klina", "name_fr": "Klina", "name_el": "\u039a\u03bb\u03af\u03bd\u03b1", "name_hi": "\u0915\u094d\u0932\u093f\u0928\u093e", "name_hu": "Klina", "name_id": "Klina", "name_it": "Klina", "name_ja": "\u30af\u30e9\u30a4\u30ca", "name_ko": "\ud074\ub9ac\ub098", "name_nl": "Klina", "name_pl": "Klina", "name_pt": "Klina", "name_ru": "\u041a\u043b\u0438\u043d\u0430", "name_sv": "Klina", "name_tr": "Klina", "name_vi": "Klina", "name_zh": "\u514b\u5229\u7eb3", "ne_id": 1159317923, "name_he": "\u05e7\u05dc\u05d9\u05e0\u05d4", "name_uk": "\u041a\u043b\u0456\u043d\u0430", "name_ur": "\u06a9\u0644\u06cc\u0646\u0627", "name_fa": "\u06a9\u0644\u06cc\u0646\u0627", "name_zht": "\u514b\u91cc\u7d0d", "FCLASS_ISO": null, "FCLASS_US": null, "FCLASS_FR": null, "FCLASS_RU": "Unrecognized", "FCLASS_ES": null, "FCLASS_CN": "Unrecognized", "FCLASS_TW": null, "FCLASS_IN": "Unrecognized", "FCLASS_NP": null, "FCLASS_PK": null, "FCLASS_DE": null, "FCLASS_GB": null, "FCLASS_BR": null, "FCLASS_IL": null, "FCLASS_PS": null, "FCLASS_SA": null, "FCLASS_EG": null, "FCLASS_MA": null, "FCLASS_PT": null, "FCLASS_AR": null, "FCLASS_JP": null, "FCLASS_KO": null, "FCLASS_VN": null, "FCLASS_TR": null, "FCLASS_ID": null, "FCLASS_PL": null, "FCLASS_GR": "Unrecognized", "FCLASS_IT": null, "FCLASS_NL": null, "FCLASS_SE": null, "FCLASS_BD": null, "FCLASS_UA": null, "FCLASS_TLC": null}, "bbox": [20.457223, 42.502057, 20.759178, 42.697187], "geometry": {"type": "Polygon", "coordinates": [[[20.623682, 42.697187], [20.64704, 42.674656], [20.666677, 42.665768], [20.68404, 42.662874], [20.696442, 42.642617], [20.702644, 42.619879], [20.73613, 42.609544], [20.759178, 42.609415], [20.716205, 42.560724], [20.682871, 42.560724], [20.617067, 42.523555], [20.567872, 42.510946], [20.541, 42.502057], [20.503378, 42.524826], [20.49825, 42.547904], [20.487993, 42.565853], [20.46748, 42.581238], [20.464915, 42.599187], [20.480301, 42.614572], [20.487993, 42.629957], [20.46748, 42.640214], [20.457223, 42.66842], [20.487993, 42.676113], [20.521327, 42.66842], [20.554662, 42.673549], [20.570047, 42.688934], [20.598253, 42.696626], [20.623682, 42.697187]]]}}, {"type": "Feature", "properties": {"featurecla": "Admin-1 states provinces", "scalerank": 8, "adm1_code": "KOS-5894", "diss_me": 5894, "iso_3166_2": "XK-X11~", "wikipedia": null, "iso_a2": "XK", "adm0_sr": 1, "name": "Kosovska Mitrovica", "name_alt": null, "name_local": null, "type": "Okrug", "type_en": "District", "code_local": null, "code_hasc": "XK.X11~", "note": null, "hasc_maybe": null, "region": "Kosovska Mitrovica", "region_cod": null, "provnum_ne": 5, "gadm_level": 1, "check_me": 20, "datarank": 8, "abbrev": null, "postal": "KM", "area_sqkm": 0, "sameascity": -99, "labelrank": 8, "name_len": 18, "mapcolor9": 3, "mapcolor13": 11, "fips": "SR01", "fips_alt": null, "woe_id": 29389207, "woe_label": "Kosovska Mitrovica, RS, Serbia", "woe_name": "Kosovska Mitrovica", "latitude": 42.9377, "longitude": 20.9247, "sov_a3": "KOS", "adm0_a3": "KOS", "adm0_label": 5, "admin": "Kosovo", "geonunit": "Kosovo", "gu_a3": "KOS", "gn_id": 785059, "gn_name": "Komuna e Mitrovices", "gns_id": -98290, "gns_name": "Mitrovica, Opstina", "gn_level": 1, "gn_region": null, "gn_a1_code": "-115", "region_sub": null, "sub_code": null, "gns_level": 1, "gns_lang": "srp", "gns_adm1": "KV15", "gns_region": null, "min_label": 10, "max_label": 11, "min_zoom": 10, "wikidataid": "Q2017517", "name_ar": "\u0643\u0648\u0632\u0648\u0641\u0633\u0643\u0627 \u0645\u064a\u062a\u0631\u0648\u0641\u064a\u062a\u0634\u0627", "name_bn": "\u0995\u09b8\u09cb\u09ad\u09b8\u09cd\u0995\u09be \u09ae\u09bf\u09a4\u09cd\u09b0\u09cb\u09ad\u09bf\u0995\u09be", "name_de": "Okrug Kosovska Mitrovica", "name_en": "Kosovska Mitrovica", "name_es": "Kosovska Mitrovica", "name_fr": "Kosovska Mitrovica", "name_el": "\u039a\u03cc\u03c3\u03bf\u03b2\u03c3\u03ba\u03b1 \u039c\u03b9\u03c4\u03c1\u03cc\u03b2\u03b9\u03ba\u03b1", "name_hi": "\u0915\u094b\u0938\u094b\u0935\u094d\u0938\u094d\u0915\u093e \u092e\u093f\u0924\u094d\u0930\u094b\u0935\u093f\u0915\u093e", "name_hu": "Kosovska Mitrovica", "name_id": "Kosovska Mitrovica", "name_it": "Mitrovica", "name_ja": "\u30b3\u30bd\u30d5\u30b9\u30ab\u30fb\u30df\u30c8\u30ed\u30f4\u30a3\u30c4\u30a1", "name_ko": "\ucf54\uc18c\ube0c\uc2a4\uce74\ubbf8\ud2b8\ub85c\ube44\ucc28\uad6c", "name_nl": "Kosovskomitrova\u010dki upravni okrug", "name_pl": "Mitrowica", "name_pt": "Mitrovica", "name_ru": "\u041a\u043e\u0301\u0441\u043e\u0432\u0441\u043a\u0430-\u041c\u0438\u0301\u0442\u0440\u043e\u0432\u0438\u0446\u0430", "name_sv": "Kosovska Mitrovica", "name_tr": "Kosovska Mitrovica", "name_vi": "Kosovska Mitrovica", "name_zh": "\u79d1\u7d22\u592b\u65af\u5361\u7c73\u7279\u7f57\u7ef4\u5bdf\u5dde", "ne_id": 1159317887, "name_he": "\u05e7\u05d5\u05e1\u05d5\u05d1\u05e1\u05e7\u05d4 \u05de\u05d9\u05d8\u05e8\u05d5\u05d1\u05d9\u05e6\u05d4", "name_uk": "\u041a\u043e\u0441\u043e\u0432\u0441\u044c\u043a\u0430 \u041c\u0456\u0442\u0440\u043e\u0432\u0438\u0446\u044f", "name_ur": "\u06a9\u0648\u0633\u0648\u0648\u0633\u06a9\u0627 \u0645\u06cc\u062a\u0631\u0648\u0648\u06cc\u062a\u0633\u0627 \u0636\u0644\u0639", "name_fa": "\u0646\u0627\u062d\u06cc\u0647 \u06a9\u0648\u0633\u0648\u0648\u0633\u06a9\u0627 \u0645\u06cc\u062a\u0631\u0648\u06cc\u062a\u0633\u0627 \u0635\u0631\u0628\u0633\u062a\u0627\u0646", "name_zht": "\u79d1\u7d22\u592b\u65af\u5361\u7c73\u7279\u7f57\u7ef4\u5bdf\u5dde", "FCLASS_ISO": null, "FCLASS_US": null, "FCLASS_FR": null, "FCLASS_RU": "Unrecognized", "FCLASS_ES": null, "FCLASS_CN": "Unrecognized", "FCLASS_TW": null, "FCLASS_IN": "Unrecognized", "FCLASS_NP": null, "FCLASS_PK": null, "FCLASS_DE": null, "FCLASS_GB": null, "FCLASS_BR": null, "FCLASS_IL": null, "FCLASS_PS": null, "FCLASS_SA": null, "FCLASS_EG": null, "FCLASS_MA": null, "FCLASS_PT": null, "FCLASS_AR": null, "FCLASS_JP": null, "FCLASS_KO": null, "FCLASS_VN": null, "FCLASS_TR": null, "FCLASS_ID": null, "FCLASS_PL": null, "FCLASS_GR": "Unrecognized", "FCLASS_IT": null, "FCLASS_NL": null, "FCLASS_SE": null, "FCLASS_BD": null, "FCLASS_UA": null, "FCLASS_TLC": null}, "bbox": [20.723898, 42.806886, 21.068513, 43.054375], "geometry": {"type": "Polygon", "coordinates": [[[20.995752, 43.054375], [21.008982, 43.045073], [21.027172, 43.024609], [21.058384, 42.976654], [21.068513, 42.93862], [21.055697, 42.922703], [21.029036, 42.927403], [21.003394, 42.922274], [20.972624, 42.932531], [20.957239, 42.927403], [20.967495, 42.906889], [20.957239, 42.883812], [20.934161, 42.886376], [20.916212, 42.876119], [20.913647, 42.845349], [20.913647, 42.829964], [20.89057, 42.829964], [20.864928, 42.824835], [20.834158, 42.806886], [20.800823, 42.80945], [20.78031, 42.80945], [20.744411, 42.829964], [20.723898, 42.853041], [20.744411, 42.863298], [20.764925, 42.865862], [20.790567, 42.896632], [20.831594, 42.894068], [20.857235, 42.88894], [20.867492, 42.909453], [20.870056, 42.937659], [20.839286, 42.95048], [20.813644, 42.970994], [20.857235, 42.986379], [20.877749, 43.017149], [20.900827, 43.009456], [20.923904, 43.012021], [20.936725, 43.024842], [20.959803, 43.037663], [20.967495, 43.053048], [20.995752, 43.054375]]]}}, {"type": "Feature", "properties": {"featurecla": "Admin-1 states provinces", "scalerank": 8, "adm1_code": "KOS-5899", "diss_me": 5899, "iso_3166_2": "XK-X04~", "wikipedia": null, "iso_a2": "XK", "adm0_sr": 1, "name": "Glogovac", "name_alt": null, "name_local": null, "type": "Okrug", "type_en": "District", "code_local": null, "code_hasc": "XK.X04~", "note": null, "hasc_maybe": null, "region": "Pristina", "region_cod": null, "provnum_ne": 1, "gadm_level": 1, "check_me": 20, "datarank": 8, "abbrev": null, "postal": "KO", "area_sqkm": 0, "sameascity": 7, "labelrank": 7, "name_len": 8, "mapcolor9": 3, "mapcolor13": 11, "fips": "SR01", "fips_alt": null, "woe_id": 29389201, "woe_label": "Kosovo, RS, Serbia", "woe_name": "Pristina", "latitude": 42.6021, "longitude": 20.8784, "sov_a3": "KOS", "adm0_a3": "KOS", "adm0_label": 5, "admin": "Kosovo", "geonunit": "Kosovo", "gu_a3": "KOS", "gn_id": 790697, "gn_name": "Komuna e Drenasit", "gns_id": -80763, "gns_name": "Gllogovcit, Komuna e", "gn_level": 1, "gn_region": null, "gn_a1_code": "-107", "region_sub": null, "sub_code": null, "gns_level": 1, "gns_lang": "sqi", "gns_adm1": "KV07", "gns_region": null, "min_label": 10, "max_label": 11, "min_zoom": 10, "wikidataid": null, "name_ar": "\u062c\u0644\u0648\u062c\u0648\u0641\u0627\u0643", "name_bn": "\u0997\u09cd\u09b2\u09cb\u0997\u09cb\u09ad\u09be\u0995", "name_de": "Glogovac", "name_en": "Glogovac", "name_es": "Glogovac", "name_fr": "Glogovac", "name_el": "\u0393\u03ba\u03bb\u03cc\u03b3\u03ba\u03bf\u03b2\u03b1\u03ba", "name_hi": "\u0917\u094d\u0932\u094b\u0917\u094b\u0935\u093e\u0915", "name_hu": "Glogovac", "name_id": "Glogovac", "name_it": "Glogovac", "name_ja": "\u30b0\u30ed\u30fc\u30ac\u30d0\u30c3\u30af", "name_ko": "\uae00\ub85c\uace0\ubc14\uce20", "name_nl": "Glogovac", "name_pl": "Glogovac", "name_pt": "Glogovac", "name_ru": "\u0413\u043b\u043e\u0433\u043e\u0432\u0430\u0446", "name_sv": "Glogovac", "name_tr": "Glogovac", "name_vi": "Glogovac", "name_zh": "\u683c\u7f57\u54e5\u7ef4\u5947", "ne_id": 1159317897, "name_he": "\u05d2\u05dc\u05d5\u05d2\u05d5\u05d1\u05d0\u05e7", "name_uk": "\u0413\u043b\u043e\u0433\u043e\u0432\u0430\u043a", "name_ur": "\u06af\u0644\u0627\u06af\u0648\u06cc\u06a9", "name_fa": "\u06af\u0644\u0648\u06af\u0648\u0648\u0627\u06a9", "name_zht": "\u683c\u6d1b\u74e6\u514b", "FCLASS_ISO": null, "FCLASS_US": null, "FCLASS_FR": null, "FCLASS_RU": "Unrecognized", "FCLASS_ES": null, "FCLASS_CN": "Unrecognized", "FCLASS_TW": null, "FCLASS_IN": "Unrecognized", "FCLASS_NP": null, "FCLASS_PK": null, "FCLASS_DE": null, "FCLASS_GB": null, "FCLASS_BR": null, "FCLASS_IL": null, "FCLASS_PS": null, "FCLASS_SA": null, "FCLASS_EG": null, "FCLASS_MA": null, "FCLASS_PT": null, "FCLASS_AR": null, "FCLASS_JP": null, "FCLASS_KO": null, "FCLASS_VN": null, "FCLASS_TR": null, "FCLASS_ID": null, "FCLASS_PL": null, "FCLASS_GR": "Unrecognized", "FCLASS_IT": null, "FCLASS_NL": null, "FCLASS_SE": null, "FCLASS_BD": null, "FCLASS_UA": null, "FCLASS_TLC": null}, "bbox": [20.759178, 42.497096, 20.975188, 42.71083], "geometry": {"type": "Polygon", "coordinates": [[[20.785636, 42.522624], [20.79132, 42.53327], [20.792354, 42.564896], [20.787186, 42.583913], [20.785739, 42.597969], [20.775197, 42.609337], [20.759178, 42.609415], [20.763415, 42.62236], [20.784086, 42.652539], [20.801449, 42.664114], [20.80889, 42.67569], [20.809924, 42.685198], [20.82212, 42.697187], [20.862215, 42.680013], [20.87669, 42.69388], [20.889712, 42.699668], [20.910401, 42.702958], [20.925886, 42.71083], [20.947797, 42.69388], [20.970741, 42.684372], [20.941853, 42.673549], [20.941853, 42.658163], [20.949546, 42.63765], [20.970059, 42.624829], [20.959803, 42.604316], [20.944418, 42.591495], [20.964931, 42.578674], [20.975188, 42.565853], [20.949546, 42.547904], [20.944418, 42.529954], [20.923904, 42.519698], [20.900827, 42.519698], [20.882877, 42.504312], [20.860153, 42.497096], [20.85217, 42.517675], [20.84483, 42.529601], [20.827081, 42.508672], [20.795868, 42.518594], [20.785636, 42.522624]]]}}, {"type": "Feature", "properties": {"featurecla": "Admin-1 states provinces", "scalerank": 8, "adm1_code": "KOS-5911", "diss_me": 5911, "iso_3166_2": "XK-X14~", "wikipedia": null, "iso_a2": "XK", "adm0_sr": 1, "name": "Mali\u0161evo", "name_alt": null, "name_local": null, "type": "Okrug", "type_en": "District", "code_local": null, "code_hasc": "XK.X14~", "note": null, "hasc_maybe": null, "region": "Prizren", "region_cod": null, "provnum_ne": 2, "gadm_level": 1, "check_me": 20, "datarank": 8, "abbrev": null, "postal": "PZ", "area_sqkm": 0, "sameascity": -99, "labelrank": 8, "name_len": 8, "mapcolor9": 3, "mapcolor13": 11, "fips": "MKA6", "fips_alt": null, "woe_id": 29389209, "woe_label": "Prizren, RS, Serbia", "woe_name": "Prizren", "latitude": 42.4806, "longitude": 20.7392, "sov_a3": "KOS", "adm0_a3": "KOS", "adm0_label": 5, "admin": "Kosovo", "geonunit": "Kosovo", "gu_a3": "KOS", "gn_id": 831104, "gn_name": "Komuna e Malisheves", "gns_id": 416058, "gns_name": "Malisevo, Opstina", "gn_level": 1, "gn_region": null, "gn_a1_code": "-114", "region_sub": null, "sub_code": null, "gns_level": 1, "gns_lang": "srp", "gns_adm1": "KV14", "gns_region": null, "min_label": 10, "max_label": 11, "min_zoom": 10, "wikidataid": null, "name_ar": "\u0645\u0627\u0644\u064a\u0634\u0641\u064a", "name_bn": "\u09ae\u09be\u09b2\u09bf\u09b8\u09c7\u09ad\u09cb", "name_de": "Mali\u0161evo", "name_en": "Mali\u0161evo", "name_es": "Malisevo", "name_fr": "Mali\u0161evo", "name_el": "\u039c\u03b1\u03bb\u03af\u03c3\u03b5\u03b2\u03bf", "name_hi": "\u092e\u093e\u0932\u093f\u0938\u0947\u0935\u094b", "name_hu": "Mali\u0161evo", "name_id": "Mali\u0161evo", "name_it": "Malishev\u00eb", "name_ja": "\u30de\u30ea\u30b7\u30a7\u30f4\u30a9", "name_ko": "\ub9d0\ub9ac\uc138\ubcf4", "name_nl": "Malishev\u00eb", "name_pl": "Mali\u0161evo", "name_pt": "Mali\u0161evo", "name_ru": "\u041c\u0430\u043b\u0438\u0448\u0435\u0432\u043e", "name_sv": "Mali\u0161evo", "name_tr": "Mali\u0161evo", "name_vi": "Mali\u0161evo", "name_zh": "\u9a6c\u5229\u820d\u6c83", "ne_id": 1159317919, "name_he": "\u05de\u05dc\u05e4\u05d9\u05dc\u05e1", "name_uk": "\u041c\u0430\u043b\u0456\u0448\u0435\u0432\u043e", "name_ur": "\u0645\u0627\u0644\u06cc\u0633\u06cc\u0648\u0648", "name_fa": "\u0645\u0627\u0644\u06cc\u0633\u0648\u0648", "name_zht": "\u99ac\u5229\u820d\u6c83", "FCLASS_ISO": null, "FCLASS_US": null, "FCLASS_FR": null, "FCLASS_RU": "Unrecognized", "FCLASS_ES": null, "FCLASS_CN": "Unrecognized", "FCLASS_TW": null, "FCLASS_IN": "Unrecognized", "FCLASS_NP": null, "FCLASS_PK": null, "FCLASS_DE": null, "FCLASS_GB": null, "FCLASS_BR": null, "FCLASS_IL": null, "FCLASS_PS": null, "FCLASS_SA": null, "FCLASS_EG": null, "FCLASS_MA": null, "FCLASS_PT": null, "FCLASS_AR": null, "FCLASS_JP": null, "FCLASS_KO": null, "FCLASS_VN": null, "FCLASS_TR": null, "FCLASS_ID": null, "FCLASS_PL": null, "FCLASS_GR": "Unrecognized", "FCLASS_IT": null, "FCLASS_NL": null, "FCLASS_SE": null, "FCLASS_BD": null, "FCLASS_UA": null, "FCLASS_TLC": null}, "bbox": [20.541, 42.381232, 20.870056, 42.609415], "geometry": {"type": "Polygon", "coordinates": [[[20.759178, 42.609415], [20.775197, 42.609337], [20.785739, 42.597969], [20.787186, 42.583913], [20.792354, 42.564896], [20.79132, 42.53327], [20.785636, 42.522624], [20.795868, 42.518594], [20.827081, 42.508672], [20.84483, 42.529601], [20.85217, 42.517675], [20.860153, 42.497096], [20.852107, 42.473542], [20.852107, 42.463286], [20.864928, 42.445336], [20.870056, 42.422259], [20.84185, 42.424823], [20.816208, 42.414566], [20.798259, 42.419694], [20.777746, 42.41713], [20.757232, 42.404309], [20.757232, 42.383796], [20.716205, 42.381232], [20.695692, 42.391488], [20.672614, 42.404309], [20.657229, 42.43508], [20.662358, 42.458157], [20.646972, 42.476106], [20.623895, 42.476106], [20.593125, 42.473542], [20.572611, 42.478671], [20.541, 42.502057], [20.567872, 42.510946], [20.617067, 42.523555], [20.682871, 42.560724], [20.716205, 42.560724], [20.759178, 42.609415]]]}}, {"type": "Feature", "properties": {"featurecla": "Admin-1 states provinces", "scalerank": 8, "adm1_code": "KOS-5910", "diss_me": 5910, "iso_3166_2": "XK-X25~", "wikipedia": null, "iso_a2": "XK", "adm0_sr": 1, "name": "Suva Reka", "name_alt": null, "name_local": null, "type": "Okrug", "type_en": "District", "code_local": null, "code_hasc": "XK.X25~", "note": null, "hasc_maybe": null, "region": "Prizren", "region_cod": null, "provnum_ne": 2, "gadm_level": 1, "check_me": 20, "datarank": 8, "abbrev": null, "postal": "PZ", "area_sqkm": 0, "sameascity": -99, "labelrank": 8, "name_len": 9, "mapcolor9": 3, "mapcolor13": 11, "fips": "MKA6", "fips_alt": null, "woe_id": 29389209, "woe_label": "Prizren, RS, Serbia", "woe_name": "Prizren", "latitude": 42.3371, "longitude": 20.8519, "sov_a3": "KOS", "adm0_a3": "KOS", "adm0_label": 5, "admin": "Kosovo", "geonunit": "Kosovo", "gu_a3": "KOS", "gn_id": 785234, "gn_name": "Komuna e Therandes", "gns_id": -97759, "gns_name": "Suharekes, Komuna e", "gn_level": 1, "gn_region": null, "gn_a1_code": "-126", "region_sub": null, "sub_code": null, "gns_level": 1, "gns_lang": "sqi", "gns_adm1": "KV26", "gns_region": null, "min_label": 10, "max_label": 11, "min_zoom": 10, "wikidataid": null, "name_ar": "\u0633\u0648\u0641\u0627 \u0631\u064a\u0643\u0627", "name_bn": "\u09b8\u09c1\u09ad\u09be \u09b0\u09c7\u0996\u09be", "name_de": "Suhareka", "name_en": "Suva Reka", "name_es": "Suva Reka", "name_fr": "Suva Reka", "name_el": "\u03a3\u03bf\u03cd\u03b2\u03b1 \u03a1\u03ad\u03ba\u03b1", "name_hi": "\u0938\u0941\u0935\u093e \u0930\u0947\u0915\u093e", "name_hu": "Suva Reka", "name_id": "Suva Reka", "name_it": "Suva Reka", "name_ja": "\u30b9\u30cf\u30ec\u30ab", "name_ko": "\uc218\ubc14 \ub808\uce74", "name_nl": "Suharek\u00eb", "name_pl": "Suva Reka", "name_pt": "Suva Reka", "name_ru": "\u0421\u0443\u0432\u0430-\u0420\u0435\u043a\u0430", "name_sv": "Suva Reka", "name_tr": "Suva Reka", "name_vi": "Suva Reka", "name_zh": "\u82cf\u74e6\u96f7\u5361", "ne_id": 1159317917, "name_he": "\u05e1\u05d5\u05d1\u05d4 \u05e8\u05e7\u05d0", "name_uk": "\u0421\u0443\u0432\u0430-\u0420\u0435\u043a\u0430", "name_ur": "\u0633\u0648\u0627 \u0631\u06cc\u06a9\u0627", "name_fa": "\u0633\u0648\u0648\u0627 \u0631\u06a9\u0627", "name_zht": "\u8607\u74e6\u96f7\u5361", "FCLASS_ISO": null, "FCLASS_US": null, "FCLASS_FR": null, "FCLASS_RU": "Unrecognized", "FCLASS_ES": null, "FCLASS_CN": "Unrecognized", "FCLASS_TW": null, "FCLASS_IN": "Unrecognized", "FCLASS_NP": null, "FCLASS_PK": null, "FCLASS_DE": null, "FCLASS_GB": null, "FCLASS_BR": null, "FCLASS_IL": null, "FCLASS_PS": null, "FCLASS_SA": null, "FCLASS_EG": null, "FCLASS_MA": null, "FCLASS_PT": null, "FCLASS_AR": null, "FCLASS_JP": null, "FCLASS_KO": null, "FCLASS_VN": null, "FCLASS_TR": null, "FCLASS_ID": null, "FCLASS_PL": null, "FCLASS_GR": "Unrecognized", "FCLASS_IT": null, "FCLASS_NL": null, "FCLASS_SE": null, "FCLASS_BD": null, "FCLASS_UA": null, "FCLASS_TLC": null}, "bbox": [20.705949, 42.230859, 20.965656, 42.473542], "geometry": {"type": "Polygon", "coordinates": [[[20.705949, 42.327384], [20.711077, 42.360718], [20.716205, 42.381232], [20.757232, 42.383796], [20.757232, 42.404309], [20.777746, 42.41713], [20.798259, 42.419694], [20.816208, 42.414566], [20.84185, 42.424823], [20.870056, 42.422259], [20.864928, 42.445336], [20.852107, 42.463286], [20.852107, 42.473542], [20.87759, 42.469422], [20.893134, 42.453029], [20.906946, 42.438599], [20.936301, 42.427591], [20.951712, 42.40851], [20.937035, 42.390163], [20.93997, 42.376219], [20.931898, 42.365211], [20.946982, 42.35559], [20.959785, 42.337324], [20.962721, 42.321178], [20.961253, 42.305767], [20.965656, 42.291823], [20.964188, 42.279347], [20.962679, 42.265586], [20.92878, 42.258144], [20.915551, 42.247396], [20.904802, 42.239128], [20.884958, 42.23334], [20.867595, 42.230859], [20.856019, 42.232513], [20.852107, 42.258151], [20.826465, 42.260715], [20.790567, 42.260715], [20.759796, 42.2761], [20.754668, 42.291485], [20.741847, 42.304306], [20.729026, 42.32482], [20.705949, 42.327384]]]}}, {"type": "Feature", "properties": {"featurecla": "Admin-1 states provinces", "scalerank": 8, "adm1_code": "KOS-5913", "diss_me": 5913, "iso_3166_2": "XK-X26~", "wikipedia": null, "iso_a2": "XK", "adm0_sr": 1, "name": "Uro\u0161evac", "name_alt": null, "name_local": null, "type": "Okrug", "type_en": "District", "code_local": null, "code_hasc": "XK.X26~", "note": null, "hasc_maybe": null, "region": "Uro\u0161evac", "region_cod": null, "provnum_ne": 2, "gadm_level": 1, "check_me": 20, "datarank": 8, "abbrev": null, "postal": "PZ", "area_sqkm": 0, "sameascity": -99, "labelrank": 8, "name_len": 8, "mapcolor9": 3, "mapcolor13": 11, "fips": "MKA6", "fips_alt": null, "woe_id": 29389209, "woe_label": "Prizren, RS, Serbia", "woe_name": "Prizren", "latitude": 42.3481, "longitude": 21.1389, "sov_a3": "KOS", "adm0_a3": "KOS", "adm0_label": 5, "admin": "Kosovo", "geonunit": "Kosovo", "gu_a3": "KOS", "gn_id": 784758, "gn_name": "Komuna e Ferizajt", "gns_id": -99220, "gns_name": "Ferizajit, Komuna e", "gn_level": 1, "gn_region": null, "gn_a1_code": "-103", "region_sub": null, "sub_code": null, "gns_level": 1, "gns_lang": "sqi", "gns_adm1": "KV03", "gns_region": null, "min_label": 10, "max_label": 11, "min_zoom": 10, "wikidataid": null, "name_ar": "\u0623\u0648\u0631\u0648\u0633\u064a\u0641\u0627\u0643", "name_bn": "\u0987\u0989\u09b0\u09cb\u09b8\u09c7\u09ad\u09be\u0995", "name_de": "Ferizaj", "name_en": "Uro\u0161evac/ferizaj", "name_es": "Uro\u0161evac", "name_fr": "Uro\u0161evac", "name_el": "\u039f\u03c5\u03c1\u03bf\u03c3\u03b5\u03b2\u03ac\u03ba", "name_hi": "\u0909\u0930\u094b\u0938\u0947\u0935\u0948\u0915", "name_hu": "Uro\u0161evac", "name_id": "Urosevac", "name_it": "Ferizaj", "name_ja": "\u30d5\u30a7\u30ea\u30b6\u30a4", "name_ko": "\uc6b0\ub85c\uc138\ubc14\uce20", "name_nl": "Ferizaj", "name_pl": "Uro\u0161evac", "name_pt": "Uro\u0161evac", "name_ru": "\u0423\u0440\u043e\u0448\u0435\u0432\u0430\u0446", "name_sv": "Uro\u0161evac", "name_tr": "Uro\u0161evac", "name_vi": "Uro\u0161evac", "name_zh": "\u4e4c\u6d1b\u820d\u74e6\u514b", "ne_id": 1159317935, "name_he": "\u05d0\u05d5\u05e8\u05d5\u05e9\u05d1\u05d0\u05e5", "name_uk": "\u0423\u0440\u043e\u0446\u0435\u0432\u0430\u043a", "name_ur": "\u06cc\u0648\u0631\u0648\u0633\u06cc\u0648\u0627\u06a9", "name_fa": "\u0627\u0648\u0631\u0648\u0633\u0648\u0627\u0686", "name_zht": "\u70cf\u7f85\u820d\u74e6\u8328", "FCLASS_ISO": null, "FCLASS_US": null, "FCLASS_FR": null, "FCLASS_RU": "Unrecognized", "FCLASS_ES": null, "FCLASS_CN": "Unrecognized", "FCLASS_TW": null, "FCLASS_IN": "Unrecognized", "FCLASS_NP": null, "FCLASS_PK": null, "FCLASS_DE": null, "FCLASS_GB": null, "FCLASS_BR": null, "FCLASS_IL": null, "FCLASS_PS": null, "FCLASS_SA": null, "FCLASS_EG": null, "FCLASS_MA": null, "FCLASS_PT": null, "FCLASS_AR": null, "FCLASS_JP": null, "FCLASS_KO": null, "FCLASS_VN": null, "FCLASS_TR": null, "FCLASS_ID": null, "FCLASS_PL": null, "FCLASS_GR": "Unrecognized", "FCLASS_IT": null, "FCLASS_NL": null, "FCLASS_SE": null, "FCLASS_BD": null, "FCLASS_UA": null, "FCLASS_TLC": null}, "bbox": [20.946982, 42.270972, 21.287031, 42.450465], "geometry": {"type": "Polygon", "coordinates": [[[21.11109, 42.2761], [21.088012, 42.281229], [21.077755, 42.294049], [21.059806, 42.301742], [21.049549, 42.317127], [21.0316, 42.317127], [21.0316, 42.296614], [21.034164, 42.281229], [21.021343, 42.281229], [21.003394, 42.291485], [20.979216, 42.297005], [20.965656, 42.291823], [20.961253, 42.305767], [20.962721, 42.321178], [20.959785, 42.337324], [20.946982, 42.35559], [20.971154, 42.361291], [21.018779, 42.365847], [21.046985, 42.368411], [21.054677, 42.383796], [21.057242, 42.404309], [21.072627, 42.414566], [21.090576, 42.429951], [21.095704, 42.450465], [21.118782, 42.450465], [21.157245, 42.445336], [21.2034, 42.4479], [21.249555, 42.4479], [21.275197, 42.401745], [21.287031, 42.354372], [21.231068, 42.349785], [21.231068, 42.329602], [21.244427, 42.317127], [21.216221, 42.311999], [21.195708, 42.301742], [21.188015, 42.278664], [21.170066, 42.278664], [21.149552, 42.270972], [21.136731, 42.2761], [21.11109, 42.2761]]]}}, {"type": "Feature", "properties": {"featurecla": "Admin-1 states provinces", "scalerank": 8, "adm1_code": "KOS-5906", "diss_me": 5906, "iso_3166_2": "XK-X15~", "wikipedia": null, "iso_a2": "XK", "adm0_sr": 1, "name": "Novo Brdo", "name_alt": null, "name_local": null, "type": "Okrug", "type_en": "District", "code_local": null, "code_hasc": "XK.X15~", "note": null, "hasc_maybe": null, "region": "Pristina", "region_cod": null, "provnum_ne": 3, "gadm_level": 1, "check_me": 20, "datarank": 8, "abbrev": null, "postal": "KP", "area_sqkm": 0, "sameascity": -99, "labelrank": 8, "name_len": 9, "mapcolor9": 3, "mapcolor13": 11, "fips": "MK20", "fips_alt": null, "woe_id": 29389218, "woe_label": "Kosovsko Pomoravlje, RS, Serbia", "woe_name": "Gnjilane", "latitude": 42.58, "longitude": 21.3818, "sov_a3": "KOS", "adm0_a3": "KOS", "adm0_label": 5, "admin": "Kosovo", "geonunit": "Kosovo", "gu_a3": "KOS", "gn_id": 831102, "gn_name": "Opstina Novo Brdo", "gns_id": 416055, "gns_name": "Novoberdes, Komuna e", "gn_level": 1, "gn_region": null, "gn_a1_code": "-116", "region_sub": null, "sub_code": null, "gns_level": 1, "gns_lang": "sqi", "gns_adm1": "KV16", "gns_region": null, "min_label": 10, "max_label": 11, "min_zoom": 10, "wikidataid": null, "name_ar": "\u0646\u0648\u0641\u0648 \u0628\u0631\u062f\u0648", "name_bn": "\u09a8\u09cb\u09ad\u09cb \u09ac\u09cd\u09b0\u09a6\u09cb", "name_de": "Novo Brdo", "name_en": "Novo Brdo", "name_es": "Novo Brdo", "name_fr": "Novo Brdo", "name_el": "\u039d\u03cc\u03b2\u03bf \u039c\u03c0\u03c1\u03bd\u03c4\u03bf", "name_hi": "\u0928\u094b\u0935\u094b \u092c\u094d\u0930\u094b\u0921\u094b", "name_hu": "Novo Brdo", "name_id": "Novo Brdo", "name_it": "Novo Brdo", "name_ja": "\u30ce\u30dc\u30d6\u30eb\u30c9", "name_ko": "\ub178\ubcf4 \ube0c\ub3c4", "name_nl": "Novob\u00ebrd\u00eb", "name_pl": "Novo Brdo", "name_pt": "Novo Brdo", "name_ru": "\u041d\u043e\u0432\u043e-\u0411\u0440\u0434\u043e", "name_sv": "Novo Brdo", "name_tr": "Novo Brdo", "name_vi": "Novo Brdo", "name_zh": "\u65b0\u5e03\u5c14\u591a", "ne_id": 1159317911, "name_he": "\u05e0\u05d5\u05d1\u05d5 \u05d1\u05e8\u05d3\u05d5", "name_uk": "\u041d\u043e\u0432\u043e \u0411\u043e\u0440\u0434\u043e", "name_ur": "\u0646\u0648\u0648 \u0628\u0631\u062f\u0648", "name_fa": "\u0646\u0648\u0648\u0648 \u0628\u0631\u062f\u0648", "name_zht": "\u65b0\u5e03\u723e\u591a", "FCLASS_ISO": null, "FCLASS_US": null, "FCLASS_FR": null, "FCLASS_RU": "Unrecognized", "FCLASS_ES": null, "FCLASS_CN": "Unrecognized", "FCLASS_TW": null, "FCLASS_IN": "Unrecognized", "FCLASS_NP": null, "FCLASS_PK": null, "FCLASS_DE": null, "FCLASS_GB": null, "FCLASS_BR": null, "FCLASS_IL": null, "FCLASS_PS": null, "FCLASS_SA": null, "FCLASS_EG": null, "FCLASS_MA": null, "FCLASS_PT": null, "FCLASS_AR": null, "FCLASS_JP": null, "FCLASS_KO": null, "FCLASS_VN": null, "FCLASS_TR": null, "FCLASS_ID": null, "FCLASS_PL": null, "FCLASS_GR": "Unrecognized", "FCLASS_IT": null, "FCLASS_NL": null, "FCLASS_SE": null, "FCLASS_BD": null, "FCLASS_UA": null, "FCLASS_TLC": null}, "bbox": [21.293409, 42.52739, 21.480332, 42.617137], "geometry": {"type": "Polygon", "coordinates": [[[21.439305, 42.55816], [21.421356, 42.568417], [21.400842, 42.560724], [21.405971, 42.537647], [21.382893, 42.52739], [21.364944, 42.537647], [21.34443, 42.553032], [21.321353, 42.547904], [21.293409, 42.556628], [21.306224, 42.57151], [21.326482, 42.581432], [21.346739, 42.600036], [21.365871, 42.615765], [21.386522, 42.615765], [21.42392, 42.617137], [21.452126, 42.604316], [21.467511, 42.596623], [21.480332, 42.57611], [21.464947, 42.55816], [21.439305, 42.55816]]]}}, {"type": "Feature", "properties": {"featurecla": "Admin-1 states provinces", "scalerank": 8, "adm1_code": "KOS-5900", "diss_me": 5900, "iso_3166_2": "XK-X16~", "wikipedia": null, "iso_a2": "XK", "adm0_sr": 1, "name": "Obili\u0107", "name_alt": null, "name_local": null, "type": "Okrug", "type_en": "District", "code_local": null, "code_hasc": "XK.X16~", "note": null, "hasc_maybe": null, "region": "Pristina", "region_cod": null, "provnum_ne": 1, "gadm_level": 1, "check_me": 20, "datarank": 8, "abbrev": null, "postal": "KO", "area_sqkm": 0, "sameascity": 7, "labelrank": 7, "name_len": 6, "mapcolor9": 3, "mapcolor13": 11, "fips": "SR01", "fips_alt": null, "woe_id": 29389201, "woe_label": "Kosovo, RS, Serbia", "woe_name": "Pristina", "latitude": 42.6794, "longitude": 21.055, "sov_a3": "KOS", "adm0_a3": "KOS", "adm0_label": 5, "admin": "Kosovo", "geonunit": "Kosovo", "gu_a3": "KOS", "gn_id": 831103, "gn_name": "Komuna e Obiliqit", "gns_id": 416057, "gns_name": "Obilic, Opstina", "gn_level": 1, "gn_region": null, "gn_a1_code": "-117", "region_sub": null, "sub_code": null, "gns_level": 1, "gns_lang": "srp", "gns_adm1": "KV17", "gns_region": null, "min_label": 10, "max_label": 11, "min_zoom": 10, "wikidataid": null, "name_ar": "\u0623\u0648\u0628\u064a\u0644\u064a\u062a\u0634", "name_bn": "\u0993\u09ac\u09bf\u09b2\u09bf\u0995", "name_de": "Obiliq", "name_en": "Obiliq", "name_es": "Obili\u0107", "name_fr": "Obili\u0107", "name_el": "\u039f\u03bc\u03c0\u03b9\u03bb\u03af\u03ba", "name_hi": "\u0913\u092c\u093f\u0932\u093f", "name_hu": "Obili\u0107", "name_id": "Obili\u0107", "name_it": "Obili\u0107", "name_ja": "\u30aa\u30d3\u30ea\u30c3\u30c1", "name_ko": "\uc624\ube4c\ub9ac\uce58", "name_nl": "Obiliq", "name_pl": "Obili\u0107", "name_pt": "Obili\u0107", "name_ru": "\u041e\u0431\u0438\u043b\u0438\u0447", "name_sv": "Obili\u0107", "name_tr": "Obili\u0107", "name_vi": "Obili\u0107", "name_zh": "\u5965\u6bd4\u5229\u5947", "ne_id": 1159317899, "name_he": "\u05d0\u05d5\u05d1\u05d9\u05dc\u05d9\u05e5'", "name_uk": "\u041e\u0431\u0456\u043b\u0456\u043a", "name_ur": "\u0627\u0648\u0628\u06cc\u0644\u06cc\u06a9", "name_fa": "\u0627\u0648\u0628\u06cc\u0644\u06cc\u06a9", "name_zht": "\u5967\u6bd4\u5229\u5947", "FCLASS_ISO": null, "FCLASS_US": null, "FCLASS_FR": null, "FCLASS_RU": "Unrecognized", "FCLASS_ES": null, "FCLASS_CN": "Unrecognized", "FCLASS_TW": null, "FCLASS_IN": "Unrecognized", "FCLASS_NP": null, "FCLASS_PK": null, "FCLASS_DE": null, "FCLASS_GB": null, "FCLASS_BR": null, "FCLASS_IL": null, "FCLASS_PS": null, "FCLASS_SA": null, "FCLASS_EG": null, "FCLASS_MA": null, "FCLASS_PT": null, "FCLASS_AR": null, "FCLASS_JP": null, "FCLASS_KO": null, "FCLASS_VN": null, "FCLASS_TR": null, "FCLASS_ID": null, "FCLASS_PL": null, "FCLASS_GR": "Unrecognized", "FCLASS_IT": null, "FCLASS_NL": null, "FCLASS_SE": null, "FCLASS_BD": null, "FCLASS_UA": null, "FCLASS_TLC": null}, "bbox": [20.941853, 42.624829, 21.11109, 42.794741], "geometry": {"type": "Polygon", "coordinates": [[[21.097407, 42.794741], [21.103397, 42.781244], [21.11109, 42.763295], [21.088012, 42.742781], [21.085448, 42.719704], [21.098269, 42.696626], [21.105961, 42.678677], [21.100833, 42.653035], [21.072627, 42.63765], [21.052113, 42.635086], [21.021343, 42.635086], [20.998265, 42.650471], [20.98288, 42.645343], [20.98288, 42.629957], [20.970059, 42.624829], [20.949546, 42.63765], [20.941853, 42.658163], [20.941853, 42.673549], [20.970741, 42.684372], [21.01725, 42.697187], [21.043088, 42.715584], [21.045362, 42.73026], [21.056317, 42.756305], [21.073474, 42.784831], [21.097407, 42.794741]]]}}, {"type": "Feature", "properties": {"featurecla": "Admin-1 states provinces", "scalerank": 8, "adm1_code": "KOS-5898", "diss_me": 5898, "iso_3166_2": "XK-X09~", "wikipedia": null, "iso_a2": "XK", "adm0_sr": 1, "name": "Kosovo Polje", "name_alt": null, "name_local": null, "type": "Okrug", "type_en": "District", "code_local": null, "code_hasc": "XK.X09~", "note": null, "hasc_maybe": null, "region": "Pristina", "region_cod": null, "provnum_ne": 1, "gadm_level": 1, "check_me": 20, "datarank": 8, "abbrev": null, "postal": "KO", "area_sqkm": 0, "sameascity": 7, "labelrank": 7, "name_len": 12, "mapcolor9": 3, "mapcolor13": 11, "fips": "SR01", "fips_alt": null, "woe_id": 29389201, "woe_label": "Kosovo, RS, Serbia", "woe_name": "Pristina", "latitude": 42.6041, "longitude": 21.0358, "sov_a3": "KOS", "adm0_a3": "KOS", "adm0_label": 5, "admin": "Kosovo", "geonunit": "Kosovo", "gu_a3": "KOS", "gn_id": 831099, "gn_name": "Opstina Kosovo Polje", "gns_id": 416032, "gns_name": "Kosovo Polje, Opstina", "gn_level": 1, "gn_region": null, "gn_a1_code": "-104", "region_sub": null, "sub_code": null, "gns_level": 1, "gns_lang": "srp", "gns_adm1": "KV04", "gns_region": null, "min_label": 10, "max_label": 11, "min_zoom": 10, "wikidataid": null, "name_ar": "\u0641\u0648\u0634\u0627 \u0643\u0648\u0633\u0648\u0641\u0627", "name_bn": "\u0995\u09b8\u09cb\u09ad\u09cb \u09aa\u09cb\u09b2\u099c\u09c7", "name_de": "Kosovo Polje", "name_en": "Kosovo Polje", "name_es": "Kosovo Polje", "name_fr": "Kosovo Polje", "name_el": "\u039a\u03bf\u03c3\u03c3\u03c5\u03c6\u03bf\u03c0\u03ad\u03b4\u03b9\u03bf", "name_hi": "\u0915\u094b\u0938\u094b\u0935\u094b \u092a\u094b\u0932\u094d\u091c\u0947", "name_hu": "Kosovo Polje", "name_id": "Kosovo Polje", "name_it": "Piana dei Merli", "name_ja": "\u30b3\u30bd\u30dc\u30fb\u30dd\u30ea\u30a7", "name_ko": "\ucf54\uc18c\ubcf4 \ud3f4\uc608", "name_nl": "Fush\u00eb Kosov\u00eb", "name_pl": "Kosowe Pole", "name_pt": "Fush\u00eb Kosov\u00eb", "name_ru": "\u041a\u043e\u0441\u043e\u0432\u043e \u041f\u043e\u043b\u0435", "name_sv": "Kosovo Polje", "name_tr": "Kosovo Polje", "name_vi": "Kosovo Polje", "name_zh": "\u79d1\u7d22\u6c83\u6ce2\u5c14\u8036", "ne_id": 1159309487, "name_he": "\u05e7\u05d5\u05e1\u05d5\u05d1\u05d5 \u05e4\u05d5\u05dc\u05d9\u05d4", "name_uk": "\u041a\u043e\u0441\u043e\u0432\u0435 \u041f\u043e\u043b\u0435", "name_ur": "\u06a9\u0648\u0633\u0648\u0648 \u067e\u0648\u0644\u062c\u06cc", "name_fa": "\u06a9\u0648\u0633\u0648\u0648 \u067e\u0648\u0644\u062c\u0647", "name_zht": "\u79d1\u7d22\u6c83\u6ce2\u723e\u8036", "FCLASS_ISO": null, "FCLASS_US": null, "FCLASS_FR": null, "FCLASS_RU": "Unrecognized", "FCLASS_ES": null, "FCLASS_CN": "Unrecognized", "FCLASS_TW": null, "FCLASS_IN": "Unrecognized", "FCLASS_NP": null, "FCLASS_PK": null, "FCLASS_DE": null, "FCLASS_GB": null, "FCLASS_BR": null, "FCLASS_IL": null, "FCLASS_PS": null, "FCLASS_SA": null, "FCLASS_EG": null, "FCLASS_MA": null, "FCLASS_PT": null, "FCLASS_AR": null, "FCLASS_JP": null, "FCLASS_KO": null, "FCLASS_VN": null, "FCLASS_TR": null, "FCLASS_ID": null, "FCLASS_PL": null, "FCLASS_GR": "Unrecognized", "FCLASS_IT": null, "FCLASS_NL": null, "FCLASS_SE": null, "FCLASS_BD": null, "FCLASS_UA": null, "FCLASS_TLC": null}, "bbox": [20.944418, 42.563289, 21.113654, 42.653035], "geometry": {"type": "Polygon", "coordinates": [[[21.021343, 42.635086], [21.052113, 42.635086], [21.072627, 42.63765], [21.100833, 42.653035], [21.105961, 42.624829], [21.113654, 42.612008], [21.100833, 42.594059], [21.082883, 42.573545], [21.054677, 42.565853], [21.021343, 42.570981], [20.998265, 42.563289], [20.975188, 42.565853], [20.964931, 42.578674], [20.944418, 42.591495], [20.959803, 42.604316], [20.970059, 42.624829], [20.98288, 42.629957], [20.98288, 42.645343], [20.998265, 42.650471], [21.021343, 42.635086]]]}}, {"type": "Feature", "properties": {"featurecla": "Admin-1 states provinces", "scalerank": 8, "adm1_code": "KOS-5903", "diss_me": 5903, "iso_3166_2": "XK-X13~", "wikipedia": null, "iso_a2": "XK", "adm0_sr": 1, "name": "Lipljan", "name_alt": null, "name_local": null, "type": "Okrug", "type_en": "District", "code_local": null, "code_hasc": "XK.X13~", "note": null, "hasc_maybe": null, "region": "Pristina", "region_cod": null, "provnum_ne": 1, "gadm_level": 1, "check_me": 20, "datarank": 8, "abbrev": null, "postal": "KO", "area_sqkm": 0, "sameascity": 7, "labelrank": 7, "name_len": 7, "mapcolor9": 3, "mapcolor13": 11, "fips": "SR01", "fips_alt": null, "woe_id": 29389201, "woe_label": "Kosovo, RS, Serbia", "woe_name": "Pristina", "latitude": 42.5049, "longitude": 21.108, "sov_a3": "KOS", "adm0_a3": "KOS", "adm0_label": 5, "admin": "Kosovo", "geonunit": "Kosovo", "gu_a3": "KOS", "gn_id": 788651, "gn_name": "Komuna e Lipjanit", "gns_id": -86989, "gns_name": "Lipljan, Opstina", "gn_level": 1, "gn_region": null, "gn_a1_code": "-113", "region_sub": null, "sub_code": null, "gns_level": 1, "gns_lang": "srp", "gns_adm1": "KV13", "gns_region": null, "min_label": 10, "max_label": 11, "min_zoom": 10, "wikidataid": null, "name_ar": "\u0644\u064a\u0628\u0644\u064a\u0627\u0646", "name_bn": "\u09b2\u09bf\u09aa\u09b2\u099c\u09be\u09a8", "name_de": "Lipljan", "name_en": "Lipljan", "name_es": "Lipljan", "name_fr": "Lipljan", "name_el": "\u039b\u03af\u03c0\u03bb\u03b9\u03b1\u03bd", "name_hi": "\u0932\u093f\u092a\u0932\u091c\u093e\u0928", "name_hu": "Lipljan", "name_id": "Lipljan", "name_it": "Lipljan", "name_ja": "\u30ea\u30d4\u30e3\u30cb", "name_ko": "\ub9ac\ud50c\ub9ac\uc580", "name_nl": "Lipljan", "name_pl": "Lipljan", "name_pt": "Lipljan", "name_ru": "\u041b\u0438\u043f\u043b\u044f\u043d", "name_sv": "Lipljan", "name_tr": "Lipljan", "name_vi": "Lipljan", "name_zh": "\u5229\u666e\u8fde", "ne_id": 1159317905, "name_he": "\u05dc\u05d9\u05e4\u05dc\u05d9\u05d0\u05df", "name_uk": "\u041b\u0456\u043f\u043b\u044f\u043d", "name_ur": "\u0644\u067e\u0644\u062c\u0627\u0646", "name_fa": "\u0644\u06cc\u067e\u0644\u06cc\u0627\u0646", "name_zht": "\u5229\u666e\u9023", "FCLASS_ISO": null, "FCLASS_US": null, "FCLASS_FR": null, "FCLASS_RU": "Unrecognized", "FCLASS_ES": null, "FCLASS_CN": "Unrecognized", "FCLASS_TW": null, "FCLASS_IN": "Unrecognized", "FCLASS_NP": null, "FCLASS_PK": null, "FCLASS_DE": null, "FCLASS_GB": null, "FCLASS_BR": null, "FCLASS_IL": null, "FCLASS_PS": null, "FCLASS_SA": null, "FCLASS_EG": null, "FCLASS_MA": null, "FCLASS_PT": null, "FCLASS_AR": null, "FCLASS_JP": null, "FCLASS_KO": null, "FCLASS_VN": null, "FCLASS_TR": null, "FCLASS_ID": null, "FCLASS_PL": null, "FCLASS_GR": "Unrecognized", "FCLASS_IT": null, "FCLASS_NL": null, "FCLASS_SE": null, "FCLASS_BD": null, "FCLASS_UA": null, "FCLASS_TLC": null}, "bbox": [20.852107, 42.445336, 21.326482, 42.609444], "geometry": {"type": "Polygon", "coordinates": [[[20.860153, 42.497096], [20.882877, 42.504312], [20.900827, 42.519698], [20.923904, 42.519698], [20.944418, 42.529954], [20.949546, 42.547904], [20.975188, 42.565853], [20.998265, 42.563289], [21.021343, 42.570981], [21.054677, 42.565853], [21.082883, 42.573545], [21.098269, 42.568417], [21.113654, 42.555596], [21.14186, 42.565853], [21.159809, 42.55816], [21.193143, 42.553032], [21.218785, 42.560724], [21.218785, 42.581238], [21.218785, 42.604316], [21.23417, 42.609444], [21.267505, 42.604316], [21.295711, 42.594059], [21.326482, 42.581432], [21.306224, 42.57151], [21.293409, 42.556628], [21.27327, 42.537858], [21.2696, 42.522262], [21.281527, 42.503913], [21.290701, 42.485565], [21.284314, 42.469398], [21.255839, 42.467216], [21.249555, 42.4479], [21.2034, 42.4479], [21.157245, 42.445336], [21.118782, 42.450465], [21.095704, 42.450465], [21.070063, 42.463286], [21.054677, 42.453029], [21.021343, 42.455593], [20.985445, 42.463286], [20.957239, 42.46585], [20.929033, 42.468414], [20.893134, 42.453029], [20.87759, 42.469422], [20.852107, 42.473542], [20.860153, 42.497096]]]}}, {"type": "Feature", "properties": {"featurecla": "Admin-1 states provinces", "scalerank": 8, "adm1_code": "KOS-5912", "diss_me": 5912, "iso_3166_2": "XK-X23~", "wikipedia": null, "iso_a2": "XK", "adm0_sr": 1, "name": "\u0160timlje", "name_alt": null, "name_local": null, "type": "Okrug", "type_en": "District", "code_local": null, "code_hasc": "XK.X23~", "note": null, "hasc_maybe": null, "region": "Uro\u0161evac", "region_cod": null, "provnum_ne": 2, "gadm_level": 1, "check_me": 20, "datarank": 8, "abbrev": null, "postal": "PZ", "area_sqkm": 0, "sameascity": -99, "labelrank": 8, "name_len": 7, "mapcolor9": 3, "mapcolor13": 11, "fips": "MKA6", "fips_alt": null, "woe_id": 29389209, "woe_label": "Prizren, RS, Serbia", "woe_name": "Prizren", "latitude": 42.4144, "longitude": 21.0042, "sov_a3": "KOS", "adm0_a3": "KOS", "adm0_label": 5, "admin": "Kosovo", "geonunit": "Kosovo", "gu_a3": "KOS", "gn_id": 831101, "gn_name": "Komuna e Shtimes", "gns_id": 416054, "gns_name": "Stimlje, Opstina", "gn_level": 1, "gn_region": null, "gn_a1_code": "-124", "region_sub": null, "sub_code": null, "gns_level": 1, "gns_lang": "srp", "gns_adm1": "KV24", "gns_region": null, "min_label": 10, "max_label": 11, "min_zoom": 10, "wikidataid": null, "name_ar": "\u0633\u062a\u064a\u0645\u064a\u0644\u064a", "name_bn": "\u09b8\u09cd\u099f\u09bf\u09ae\u09b2\u099c\u09c7", "name_de": "Shtime", "name_en": "\u0160timlje", "name_es": "Shtime", "name_fr": "\u0160timlje", "name_el": "\u03a3\u03c4\u03b9\u03bc\u03bb\u03b3\u03b9\u03b5", "name_hi": "\u091f\u093f\u092e\u0932\u094d\u091c\u0947", "name_hu": "\u0160timlje", "name_id": "\u0160timlje", "name_it": "\u0160timlje", "name_ja": "\u30b9\u30c6\u30a3\u30e0\u30b8\u30a7", "name_ko": "\ud300\uc608", "name_nl": "Shtime", "name_pl": "\u0160timlje", "name_pt": "\u0160timlje", "name_ru": "\u0428\u0442\u0438\u043c\u043b\u0435", "name_sv": "\u0160timlje", "name_tr": "\u0160timlje", "name_vi": "\u0160timlje", "name_zh": "\u4ec0\u8482\u59c6\u5217", "ne_id": 1159317933, "name_he": "\u05e9\u05d8\u05d9\u05de\u05dc\u05d9\u05d9\u05d4", "name_uk": "\u0428\u0442\u0456\u043c\u043b\u0454", "name_ur": "\u0627\u0633\u0679\u06cc\u0645\u0644\u06d2", "name_fa": "\u0627\u0633\u062a\u06cc\u0645\u0644\u06cc", "name_zht": "\u4ec0\u5e1d\u59c6\u5217", "FCLASS_ISO": null, "FCLASS_US": null, "FCLASS_FR": null, "FCLASS_RU": "Unrecognized", "FCLASS_ES": null, "FCLASS_CN": "Unrecognized", "FCLASS_TW": null, "FCLASS_IN": "Unrecognized", "FCLASS_NP": null, "FCLASS_PK": null, "FCLASS_DE": null, "FCLASS_GB": null, "FCLASS_BR": null, "FCLASS_IL": null, "FCLASS_PS": null, "FCLASS_SA": null, "FCLASS_EG": null, "FCLASS_MA": null, "FCLASS_PT": null, "FCLASS_AR": null, "FCLASS_JP": null, "FCLASS_KO": null, "FCLASS_VN": null, "FCLASS_TR": null, "FCLASS_ID": null, "FCLASS_PL": null, "FCLASS_GR": "Unrecognized", "FCLASS_IT": null, "FCLASS_NL": null, "FCLASS_SE": null, "FCLASS_BD": null, "FCLASS_UA": null, "FCLASS_TLC": null}, "bbox": [20.893134, 42.35559, 21.095704, 42.468414], "geometry": {"type": "Polygon", "coordinates": [[[21.095704, 42.450465], [21.090576, 42.429951], [21.072627, 42.414566], [21.057242, 42.404309], [21.054677, 42.383796], [21.046985, 42.368411], [21.018779, 42.365847], [20.971154, 42.361291], [20.946982, 42.35559], [20.931898, 42.365211], [20.93997, 42.376219], [20.937035, 42.390163], [20.951712, 42.40851], [20.936301, 42.427591], [20.906946, 42.438599], [20.893134, 42.453029], [20.929033, 42.468414], [20.957239, 42.46585], [20.985445, 42.463286], [21.021343, 42.455593], [21.054677, 42.453029], [21.070063, 42.463286], [21.095704, 42.450465]]]}}, {"type": "Feature", "properties": {"featurecla": "Admin-1 states provinces", "scalerank": 8, "adm1_code": "KOS-5895", "diss_me": 5895, "iso_3166_2": "XK-X28~", "wikipedia": null, "iso_a2": "XK", "adm0_sr": 1, "name": "Vu\u010ditrn", "name_alt": null, "name_local": null, "type": "Okrug", "type_en": "District", "code_local": null, "code_hasc": "XK.X28~", "note": null, "hasc_maybe": null, "region": "Kosovska Mitrovica", "region_cod": null, "provnum_ne": 5, "gadm_level": 1, "check_me": 20, "datarank": 8, "abbrev": null, "postal": "KM", "area_sqkm": 0, "sameascity": -99, "labelrank": 8, "name_len": 7, "mapcolor9": 3, "mapcolor13": 11, "fips": "SR01", "fips_alt": null, "woe_id": 29389207, "woe_label": "Kosovska Mitrovica, RS, Serbia", "woe_name": "Kosovska Mitrovica", "latitude": 42.792, "longitude": 20.9843, "sov_a3": "KOS", "adm0_a3": "KOS", "adm0_label": 5, "admin": "Kosovo", "geonunit": "Kosovo", "gu_a3": "KOS", "gn_id": 784096, "gn_name": "Opstina Vucitrn", "gns_id": -101303, "gns_name": "Vucitrn, Opstina", "gn_level": 1, "gn_region": null, "gn_a1_code": "-128", "region_sub": null, "sub_code": null, "gns_level": 1, "gns_lang": "srp", "gns_adm1": "KV28", "gns_region": null, "min_label": 10, "max_label": 11, "min_zoom": 10, "wikidataid": null, "name_ar": "\u0641\u0648\u0634\u062a\u0631\u064a", "name_bn": "\u09ad\u09c1\u09b8\u09bf\u099f\u09b0\u09cd\u09a8", "name_de": "Vushtrria", "name_en": "Vu\u010ditrn", "name_es": "Vushtrri", "name_fr": "Vu\u010ditrn", "name_el": "\u0392\u03bf\u03c5\u03c4\u03c3\u03af\u03c4\u03c1\u03bd", "name_hi": "\u0935\u0915\u094d\u091f\u093f\u092e", "name_hu": "Vu\u010ditrn", "name_id": "Vucitrn", "name_it": "Vushtrria", "name_ja": "\u30f4\u30b7\u30e5\u30c8\u30ea", "name_ko": "\ubd80\uce58\ud2b8\ub978", "name_nl": "Vushtrri", "name_pl": "Vu\u010ditrn", "name_pt": "Vu\u010ditrn", "name_ru": "\u0412\u0443\u0447\u0438\u0442\u0440\u043d", "name_sv": "Vu\u010ditrn", "name_tr": "Vu\u010ditrn", "name_vi": "Vu\u010ditrn", "name_zh": "\u6b66\u5951\u7279\u5c14\u6069", "ne_id": 1159317889, "name_he": "\u05d5\u05d5\u05e6'\u05d9\u05d8\u05e8\u05df", "name_uk": "\u0412\u0443\u0447\u0456\u0442\u0440\u043d", "name_ur": "\u0648\u0648\u06a9\u0679\u0631\u0646", "name_fa": "\u0648\u0648\u0633\u06cc\u062a\u0631\u0646", "name_zht": "\u6b66\u5951\u7279\u6069", "FCLASS_ISO": null, "FCLASS_US": null, "FCLASS_FR": null, "FCLASS_RU": "Unrecognized", "FCLASS_ES": null, "FCLASS_CN": "Unrecognized", "FCLASS_TW": null, "FCLASS_IN": "Unrecognized", "FCLASS_NP": null, "FCLASS_PK": null, "FCLASS_DE": null, "FCLASS_GB": null, "FCLASS_BR": null, "FCLASS_IL": null, "FCLASS_PS": null, "FCLASS_SA": null, "FCLASS_EG": null, "FCLASS_MA": null, "FCLASS_PT": null, "FCLASS_AR": null, "FCLASS_JP": null, "FCLASS_KO": null, "FCLASS_VN": null, "FCLASS_TR": null, "FCLASS_ID": null, "FCLASS_PL": null, "FCLASS_GR": "Unrecognized", "FCLASS_IT": null, "FCLASS_NL": null, "FCLASS_SE": null, "FCLASS_BD": null, "FCLASS_UA": null, "FCLASS_TLC": null}, "bbox": [20.834158, 42.684372, 21.097407, 42.932531], "geometry": {"type": "Polygon", "coordinates": [[[20.972624, 42.932531], [21.003394, 42.922274], [21.029036, 42.927403], [21.055697, 42.922703], [21.050323, 42.900586], [21.055077, 42.874334], [21.063552, 42.859245], [21.084429, 42.841261], [21.096625, 42.819557], [21.097407, 42.794741], [21.073474, 42.784831], [21.056317, 42.756305], [21.045362, 42.73026], [21.043088, 42.715584], [21.01725, 42.697187], [20.970741, 42.684372], [20.947797, 42.69388], [20.925886, 42.71083], [20.900827, 42.735089], [20.882877, 42.740217], [20.8598, 42.737653], [20.846979, 42.740217], [20.849543, 42.763295], [20.852107, 42.783808], [20.834158, 42.806886], [20.864928, 42.824835], [20.89057, 42.829964], [20.913647, 42.829964], [20.913647, 42.845349], [20.916212, 42.876119], [20.934161, 42.886376], [20.957239, 42.883812], [20.967495, 42.906889], [20.957239, 42.927403], [20.972624, 42.932531]]]}}]}