47.6003248,19.0584401
47.6003797,19.2393147
47.6004259,20.7577359
47.6004602,19.0333495
47.6006967,19.340068
47.6008282,19.1975976
47.6008463,19.0703258
47.6008764,17.634843
47.6009199,19.0590243
47.600938,17.4454051
47.6009763,21.7555321
47.6010665,19.0556085
47.601183,22.058267
47.6013081,18.91836
47.6013562,19.3434829
47.6013875,19.0448732
47.6014463,19.0549756
47.60145,22.060467
47.601602,19.2023863
47.601717,17.639497
47.6017663,19.5325507
47.6017808,19.0608876
47.60179,16.90687
47.6018106,17.5254727
47.60223,21.588584
47.6023431,18.9147952
47.6025167,17.4426235
47.602566,19.1300216
47.6026314,17.5213684
47.602645,17.653367
47.602817,21.709022
47.602908,17.083308
47.6029206,19.6933254
47.602928,17.652953
47.602993,19.3448528
47.6032681,20.295298
47.6033567,16.9085005
47.6035034,19.8353002
47.603631,21.757543
47.6036411,17.6540735
47.603713,20.7186778
47.6037145,19.3432339
47.6037377,17.647044
47.603753,20.7546076
47.6037567,17.2558904
47.6039906,19.0721634
47.6040399,19.038193
47.6043353,17.620884
47.6043492,19.182605
47.6045057,18.5216473
47.6045243,17.2547172
47.6045479,19.1308183
47.6045893,20.7584249
47.6046939,18.519451
47.6047331,21.9701459
47.6047373,17.6480443
47.60475,18.522018
47.604751,18.208539
47.6047772,20.7529995
47.604833,22.063617
47.6048799,19.0523298
47.604936,17.196766
47.6049656,20.7181402
47.60497,19.20379
47.6049924,19.073181
47.6050109,17.6501884
47.6052702,18.2132962
47.605367,20.281012
47.605531,17.522792
47.605584,20.72247
47.6056,19.20245
47.6056597,18.4500974
47.6056805,16.9068877
47.60585,20.750917
47.6059264,19.0733059
47.60596,17.646685
47.6063151,19.689105
47.6064027,19.20003
47.606726,19.1365826
47.6068384,19.1341713
47.6068882,19.1118789
47.6069379,21.3275673
47.606967,17.6239
47.6070332,17.6346476
47.6073377,18.9022474
47.6073793,18.9241544
47.6074711,18.903767
47.6077081,16.9450055
47.6078764,19.1314349
47.6087204,21.6114555
47.608727,17.641373
47.6089667,16.7064158
47.6089816,18.898629
47.609009,19.194756
47.6090188,19.1973719
47.6090509,16.9395225
47.609167,18.992083
47.609516,19.056191
47.609651,17.63735
47.6097902,17.2443369
47.6099186,18.8920878
47.6101702,17.2488684
47.6101739,18.9889849
47.610217,17.235167
47.6105092,21.7653275
47.6105192,17.6466811
47.610551,19.201924
47.61063,18.99424
47.610681,18.9171674
47.6107678,19.104236
47.610775,17.642902
47.6108019,18.9177281
47.6108032,19.1936101
47.6109497,19.1062386
47.61097,20.7276
47.611006,19.0769939
47.6111706,19.2039687
47.6112067,19.2035961
47.611332,17.647107
47.6113558,19.1812955
47.611405,19.3676685
47.611409,19.19973
47.6115071,17.2504542
47.6115671,19.05792
47.6116942,19.6076713
47.6117004,17.2497471
47.6117015,19.6000127
47.611805,17.641467
47.6120131,17.2540478
47.6120145,21.3419837
47.6121639,19.5967298
47.6121697,19.1862788
47.612179,19.3919669
47.612398,19.1947383
47.6125075,19.0550744
47.613012,17.639652
47.613398,17.648707
47.6136122,21.3309997
47.6136675,18.8885542
47.6137927,21.3478092
47.613884,18.917549
47.613889,19.1885274
47.613913,19.082836
47.6142639,17.2652373
47.614317,17.649573
47.6149565,19.1982125
47.6153207,21.3283216
47.6153834,19.1496143
47.615462,18.903226
47.615483,19.461268
47.6155107,21.7702989
47.615618,17.8013756
47.6157078,19.0623875
47.615717,19.08445
47.615837,17.618053
47.6160216,18.7957138
47.616117,18.987483
47.6162722,18.8954369
47.6167071,19.0419613
47.6168704,20.8772962
47.616966,19.0468632
47.6170562,20.8834787
47.6170672,19.1995378
47.617175,20.8880399
47.617227,16.8364458
47.6172938,16.8369942
47.6173331,19.1432473
47.617492,18.780571
47.6177426,21.3386629
47.6178102,19.1816901
47.617864,21.3404439
47.6181733,20.7596789
47.6185065,19.2023862
47.6186095,17.2547606
47.6186985,18.3768244
47.6190025,18.9041022
47.6193334,20.8799426
47.6194609,18.7729192
47.6195179,16.8655324
47.6196204,19.212142
47.6196388,19.0380399
47.6199131,18.9072805
47.619985,17.6222747
47.6200752,19.0461986
47.6202034,20.8914465
47.6203117,19.0422308
47.6204612,16.8668015
47.6206,20.75179
47.6207489,18.9125457
47.6207517,19.0413334
47.6208514,19.0426625
47.6208948,16.7651378
47.6210595,16.7873876
47.6211227,17.6242261
47.6215373,19.0304883
47.62155,19.18085
47.6217619,19.203513
47.6218025,18.3793518
47.621863,20.8825828
47.6218763,19.5565548
47.6219375,16.7955513
47.622008,17.60491
47.6220334,19.0437486
47.6223156,18.7792513
47.6223305,21.3380535
47.6223918,19.5557249
47.6223927,16.8707149
47.6224761,18.9004223
47.6225248,17.2537433
47.6225712,21.3373338
47.6227042,19.5531751
47.623123,17.644468
47.6231454,19.0505165
47.6234057,17.623124
47.623498,20.7404326
47.623523,17.64316
47.6235856,18.3835894
47.6239454,18.3847221
47.6239773,20.8943565
47.6241846,19.3391217
47.6243194,17.6053948
47.624344,17.4808336
47.6243787,21.3426536
47.6243894,18.3835127
47.6244856,17.6050174
47.6245115,17.4847363
47.6247374,19.1765544
47.624743,20.7366884
47.624817,20.7367
47.6248446,18.7705644
47.6248688,18.461686
47.6248804,20.7364901
47.62494,19.6001617
47.6250901,20.7356117
47.62519,17.609322
47.6255235,20.887568
47.6255282,19.1292224
47.625727,17.645982
47.6258934,20.7543363
47.6259514,20.5943277
47.6261346,19.1389329
47.6262583,19.3442698
47.6262745,21.5750718
47.6262862,19.4396918
47.626317,19.596883
47.6263228,16.7404784
47.6264278,17.0266415
47.6266078,16.7414985
47.6266848,21.578802
47.6268333,20.8979297
47.6268337,16.7410246
47.6268377,16.7410897
47.6269125,18.4555793
47.6269221,20.7499481
47.626933,17.637267
47.6269348,17.3540847
47.6269516,19.4385473
47.6271162,19.0511785
47.6272875,18.7070429
47.6273656,20.8854613
47.62745,19.130467
47.6275837,19.1498227
47.6276418,17.6175419
47.627676,20.7556743
47.627717,19.04355
47.6277668,18.7115555
47.6278828,20.731986
47.628031,19.1771631
47.62813,17.36006
47.628328,17.604412
47.6283568,17.5684397
47.628383,18.829567
47.6286127,21.9471934
47.628867,17.619702
47.6289235,20.7526962
47.6290118,21.6194201
47.6291961,17.6026629
47.6293589,19.320488
47.6293787,21.611523
47.629583,18.832917
47.6296489,19.1557058
47.6296661,19.4266881
47.6298932,18.8273236
47.629931,19.1449616
47.630054,18.3304045
47.6301048,19.1302794
47.630108,17.621062
47.6303014,19.3315125
47.6305013,20.8953417
47.630517,19.141733
47.6306509,18.8886851
47.6307678,19.2552675
47.6308028,17.615195
47.630912,17.60838
47.6309193,19.1297016
47.630932,19.0516775
47.630968,19.2569278
47.6312018,19.2573469
47.631358,17.574497
47.6314191,18.0693989
47.631467,19.406467
47.6316489,19.1472174
47.6317699,19.3135801
47.6317994,19.5201968
47.6320185,17.3683012
47.6323617,19.0494011
47.632451,18.8261868
47.632632,19.449377
47.6327601,17.5956797
47.6328216,19.1290375
47.6328959,19.496336
47.6330596,19.4956448
47.6333558,19.4947224
47.6335253,19.0376589
47.6335851,20.8927221
47.6336154,19.493515
47.633815,19.521448
47.6338677,18.8309976
47.6339034,18.8456808
47.6339537,19.0382355
47.634046,19.3067412
47.6340961,17.6085052
47.6342553,17.4786028
47.6342829,18.8210767
47.6342981,19.9852986
47.634344,19.4791714
47.6343466,17.6112647
47.6344887,19.9741529
47.6346936,19.4877857
47.6349759,20.8881211
47.6351819,19.0311184
47.6353363,20.8864648
47.6354655,17.0771742
47.635483,18.894918
47.6355424,16.7006701
47.6356883,19.9958279
47.6357813,16.8642497
47.6360922,17.4829781
47.6363709,18.8549422
47.6364157,20.0315162
47.6364604,20.6400236
47.6364819,21.8058059
47.6365655,20.0954116
47.6366032,18.8385823
47.6366225,17.4729988
47.6369005,19.1530631
47.6372479,20.7534108
47.6373196,20.1800723
47.6373298,18.9695688
47.6374495,18.0870111
47.6374744,18.0802288
47.6376876,16.8628876
47.63769,17.586712
47.6377563,19.0357871
47.6377571,19.9717266
47.6378082,18.8466374
47.6380107,18.0844808
47.6381284,19.0254505
47.6381928,20.0300373
47.6382114,17.4747896
47.6383124,18.8292661
47.6384293,19.996104
47.638528,17.585932
47.6386633,17.4708449
47.6388856,18.8344655
47.6389905,20.8832924
47.6390716,19.1438779
47.6390879,19.9926894
47.6393669,20.0233722
47.639367,22.1424
47.6394602,20.0321413
47.6396569,19.1265205
47.6396766,19.1544639
47.6398031,20.0206588
47.6398094,17.0749226
47.639885,20.6433036
47.6401152,18.9567604
47.6401307,18.3109883
47.6401356,17.6088752
47.6402013,17.0735022
47.6402074,22.1564203
47.6404898,20.6408997
47.6407685,21.6660569
47.6408195,19.0242378
47.6410195,19.0262759
47.6410435,20.1004997
47.641117,20.6451
47.6411785,18.9647719
47.6413261,21.6649141
47.6414809,17.4676547
47.641558,18.7363655
47.64165,22.1425555
47.64168,20.646227
47.641683,19.14975
47.6418218,20.64012
47.6418685,18.9678845
47.6419168,17.0464616
47.642022,19.130053
47.6422503,20.0330462
47.6422535,20.6525188
47.6422614,18.3391307
47.6422817,20.0194509
47.6424701,20.6452024
47.64258,18.96328
47.6426767,22.1592055
47.6426856,18.8354996
47.6427212,20.0255481
47.6427404,20.1033374
47.6430218,20.1829983
47.6430906,20.180889
47.643117,18.836216
47.6432414,18.0838714
47.6432588,21.6599764
47.6432637,18.3140526
47.6432747,19.1330515
47.6433854,19.9613575
47.6434474,19.0309213
47.6436649,19.2702724
47.6437987,20.6457185
47.644058,18.826897
47.6441193,17.2970784
47.644159,18.958839
47.644322,17.73029
47.6443681,17.4189106
47.644386,19.8371064
47.6444425,20.6497354
47.6447248,18.3200867
47.644748,18.958067
47.6448804,17.6592937
47.6449,18.865699
47.644917,18.970707
47.645407,20.6516603
47.645513,19.112247
47.6456867,19.0185785
47.6458292,21.6674305
47.6458963,18.8215835
47.645899,19.9722531
47.6459871,20.9331581
47.6462,19.132133
47.6462494,19.8330574
47.6463726,20.0191634
47.6465849,20.0210015
47.6466117,19.0135256
47.6466461,20.0223911
47.6468258,20.0265611
47.646972,20.66044
47.6470017,18.3478734
47.6470229,18.9596215
47.647165,18.374931
47.647355,18.3183531
47.6474605,18.9561952
47.6474911,19.8135303
47.6474938,20.1596678
47.6475056,20.0244526
47.6475989,17.6573005
47.6476951,19.022515
47.6477081,19.9593725
47.6477532,17.4230745
47.6477597,18.5050856
47.6477928,19.0229679
47.64791,19.8281605
47.648363,19.1247498
47.64837,19.02021
47.6485089,19.8300042
47.6485988,22.1694755
47.648682,18.364112
47.6488435,19.9819942
47.6489405,21.6606854
47.6490258,19.0248284
47.649067,20.667217
47.6491561,19.2887438
47.6491859,19.0024883
47.6492557,17.9179274
47.649307,19.0230229
47.6493725,18.9980975
47.6494361,18.3322486
47.64948,19.01175
47.6496968,19.0009366
47.6497358,18.327145
47.64979,20.646643
47.6498031,18.3320863
47.6498158,18.4240467
47.649944,19.021107
47.649982,19.8238895
47.6499924,18.3229551
47.650083,18.504383
47.6500997,19.0083175
47.650177,19.023422
47.6502469,18.3237546
47.6502997,18.3220584
47.6505535,19.1218805
47.6505546,20.6489766
47.6506877,19.1209665
47.6507,20.665528
47.65075,19.022289
47.6508239,20.6571713
47.6509779,20.1552869
47.6510426,19.8204464
47.6510501,19.8372298
47.651126,18.3248828
47.6511594,17.5250293
47.6511842,19.0120173
47.651214,19.4784576
47.6512845,19.2884774
47.6512863,19.1200674
47.6513361,18.3755109
47.6513754,17.9134521
47.651715,19.009034
47.6517156,19.0058218
47.6517916,18.5022196
47.6518733,17.8701219
47.6520355,20.1536693
47.652056,19.0226
47.6521057,19.2807481
47.6522194,17.5309539
47.6522584,18.6068109
47.6523002,19.8282995
47.6523496,19.2364512
47.652455,19.002465
47.6525,19.47345
47.6525065,17.9161177
47.6525677,17.9195845
47.652705,19.011741
47.6527472,19.4752302
47.6528419,20.6565803
47.6531298,19.2872661
47.653272,17.524912
47.6534278,19.4660225
47.6534353,19.8358586
47.6535361,19.8216753
47.653783,18.8008254
47.653808,19.00427
47.6539094,19.2806196
47.6539515,18.37812
47.6540074,19.2364342
47.654441,20.6552911
47.6544577,19.023924
47.6546011,18.7941544
47.6546196,19.0832806
47.654864,20.6588893
47.6549345,19.4929328
47.6550494,18.7947991
47.6551352,19.0079019
47.6553895,18.5984904
47.655598,17.520321
47.6556173,19.4807557
47.6556623,19.2799945
47.655672,18.7942828
47.6556751,19.4685874
47.655701,19.820979
47.6557351,20.6544685
47.6560402,19.4891717
47.6561834,19.2897117
47.6562198,20.3428751
47.6565186,19.4689373
47.6572261,18.7885298
47.6574318,19.2303076
47.6575826,19.1210803
47.6575867,20.6545783
47.6579369,19.4446467
47.6580061,19.0171365
47.6581808,19.445217
47.6583077,19.7041852
47.658722,16.894842
47.6592625,19.1199855
47.6596467,19.6214507
47.6598816,20.3378616
47.6601942,19.1248182
47.6606153,18.4437414
47.6607161,17.6573702
47.6607832,18.4971785
47.6613435,19.0762276
47.6613567,19.4458125
47.6614436,19.0767753
47.6615737,18.9869875
47.6616851,17.6322957
47.6618461,19.0797526
47.6619249,19.7180258
47.662004,21.8405717
47.6620385,19.10829
47.6622325,19.6720062
47.6622503,17.2749013
47.6622703,19.4463465
47.6623389,18.4448562
47.6625181,18.445482
47.662587,17.139551
47.6626805,21.5203348
47.6632183,17.648276
47.663383,19.12325
47.6634055,19.0765081
47.663552,19.6716461
47.6637478,21.8428647
47.6637661,18.8929401
47.663767,17.634467
47.6638955,18.3277744
47.6639107,19.3073581
47.6639251,18.3279684
47.6640638,17.6383732
47.6641704,19.5272093
47.6642279,19.0785848
47.6642701,19.6708071
47.6643609,19.6573711
47.6645411,18.4528283
47.664817,18.3472492
47.6648961,19.1070517
47.6649896,21.5241884
47.6652489,19.6289864
47.6653634,21.500864
47.6653959,17.642234
47.6655909,21.5370802
47.6656307,17.6403456
47.6660214,18.3065875
47.6660366,18.9855668
47.6660602,18.720291
47.6661137,17.1491446
47.666279,21.5406666
47.6663334,19.077854
47.6664571,19.0740075
47.6664683,18.8921408
47.6664939,18.8890841
47.666586,19.073086
47.6666252,19.0756345
47.6667218,19.0665387
47.666753,19.4304709
47.6667844,19.6832817
47.6668996,18.3080196
47.6674935,18.307136
47.6675713,19.0763233
47.6676042,19.0763291
47.6676053,18.3800613
47.6677141,19.6845049
47.6677896,19.0727485
47.667815,19.3085557
47.6680316,19.68206
47.6682474,19.6266683
47.668272,19.323645
47.6683013,21.5206006
47.668448,19.529527
47.6685479,17.1526833
47.668636,19.0742689
47.6686753,19.0572172
47.6688442,19.3070697
47.6692003,18.7213518
47.669275,21.5393472
47.6692835,19.679482
47.6692861,17.6384973
47.6693964,18.1827633
47.6694944,17.1577467
47.669559,19.0671823
47.6700766,17.6533669
47.670078,19.125315
47.6701327,17.6725964
47.6701647,17.6423302
47.6703936,21.524755
47.6706715,18.3062269
47.670687,19.049104
47.6707153,17.6553422
47.6708674,18.3073877
47.6711256,19.0781425
47.6714793,19.1297201
47.6716571,19.112082
47.6719772,19.1280301
47.6719913,18.8892
47.6720395,19.1260436
47.6720559,17.1599904
47.6721504,19.0635576
47.6725048,17.6534227
47.6726825,17.6566339
47.6727838,19.009476
47.6728303,17.2037215
47.672977,17.624703
47.6735535,17.6588515
47.6736731,17.1936307
47.6737054,21.4927264
47.673798,19.0783007
47.6741238,19.0714352
47.6741753,18.9704737
47.6742421,19.3642864
47.6744459,18.8856186
47.6744738,17.659897
47.6745586,19.5379494
47.6745602,17.6557048
47.6747562,19.1296593
47.6750931,19.1255757
47.675363,19.054084
47.6753682,18.6805337
47.675458,17.6540624
47.6758266,19.1362501
47.6760255,17.6503647
47.6762065,17.6310584
47.6762186,19.0538825
47.6763463,19.0516351
47.676649,19.546039
47.6768033,18.5279633
47.677155,19.545188
47.6773409,17.6563371
47.677382,17.3161496
47.6773972,17.6353136
47.6774317,18.52834
47.677564,19.544739
47.6776643,21.5204463
47.6777179,17.6496421
47.6778102,17.6684398
47.677885,19.542909
47.6779643,17.6348084
47.678072,19.06702
47.6780783,19.1160034
47.6784605,18.7763247
47.67893,19.05787
47.6794895,19.0541768
47.679548,20.224435
47.6796033,17.6435343
47.6796996,21.6807416
47.679701,19.1269809
47.6798156,17.644805
47.6801643,19.037089
47.680248,18.678962
47.6803212,20.8660795
47.6803375,17.5059991
47.6803377,21.5146182
47.6805408,17.6605648
47.6805643,18.7703185
47.680617,19.1195052
47.6809701,17.6361456
47.6812107,17.6079278
47.6812843,19.0824022
47.6813359,21.5048062
47.6815153,17.3142958
47.6815321,18.0876594
47.6815694,17.6044962
47.6815935,19.2641111
47.6819198,21.5149414
47.681921,17.508431
47.6821355,19.0021439
47.6821434,18.0893301
47.6822284,22.4659242
47.6826953,17.5103084
47.6827031,19.9342304
47.6827615,19.1684219
47.682938,19.117931
47.6830669,19.1647262
47.6831135,19.1194542
47.6831866,19.0132056
47.6832233,19.1332592
47.6833268,19.0451416
47.6834053,17.5995828
47.68353,20.810638
47.6835418,21.6585929
47.6835618,21.5036367
47.6837262,17.599057
47.6838512,22.4666061
47.6838613,18.7643816
47.6839101,19.2656702
47.6839629,19.1174878
47.6840909,19.7644091
47.6841,19.772756
47.6841141,17.5985174
47.6841244,18.882696
47.684143,17.503318
47.6842565,17.601809
47.684331,21.533461
47.6843774,17.6159963
47.6844966,20.3164138
47.6845532,17.6350867
47.68474,19.11118
47.684978,17.3077392
47.6850593,19.0781363
47.6850744,17.6019552
47.6851274,17.6406779
47.68518,18.27939
47.6853319,19.1299948
47.6854,19.927583
47.6855211,19.049459
47.685599,17.6342406
47.6856153,19.1028987
47.6857543,19.2863789
47.6858038,18.3427161
47.6858631,19.9275284
47.6858825,21.8936527
47.6859131,21.6624702
47.686041,17.6311024
47.686111,17.607562
47.686167,19.099867
47.6862291,19.0463962
47.6863002,19.1106525
47.6864205,21.6757477
47.6864788,20.7324676
47.6865833,19.0173585
47.6866985,17.6255021
47.686876,17.6419093
47.6872207,19.0508373
47.68723,19.921668
47.6873679,21.6582318
47.687409,17.6219271
47.687435,18.5333133
47.6874905,19.0992516
47.687515,18.8993992
47.68771,20.750441
47.6877254,19.7804667
47.6878791,19.1372378
47.68815,18.4506467
47.6881647,17.6339327
47.688194,17.6329354
47.6883654,19.1045625
47.6885606,17.6407693
47.6885847,19.0996397
47.6886407,20.8130106
47.6886695,17.3753037
47.68868,17.7450926
47.6887643,17.3035238
47.6888498,19.1029539
47.688953,19.137334
47.689042,20.748612
47.6891136,18.9851556
47.689137,17.6331833
47.689185,17.6300633
47.6892335,17.6143943
47.6893045,19.7846921
47.6893907,19.9836954
47.6894112,18.5362396
47.6894535,20.1044815
47.6896667,17.6306974
47.6896725,17.6326058
47.68971,17.6555872
47.689783,19.920722
47.6898576,19.0176853
47.68999,19.10028
47.6900645,17.6329266
47.6900984,19.9911955
47.6901203,19.0485028
47.6901906,19.7795443
47.69021,18.90514
47.690297,19.105533
47.6903358,19.0158898
47.6903682,18.8984176
47.690553,19.922279
47.6907546,19.0664332
47.690867,18.934433
47.6908696,19.103676
47.6910259,19.7898974
47.6910445,21.9047178
47.6910719,17.2483492
47.691079,17.7623586
47.6911689,19.1510169
47.6911772,19.9845537
47.6912112,17.5509697
47.6912148,19.2465482
47.6912232,20.8140325
47.6912727,17.5921405
47.6915141,17.5972616
47.6915211,19.0509207
47.6915946,17.493152
47.6916317,18.5119217
47.6916954,19.9701319
47.6919782,17.7425085
47.6919861,22.0376524
47.6919931,19.0452761
47.692179,17.24974
47.6923347,19.0264426
47.692463,19.0457802
47.6925332,19.1500473
47.6926643,17.7460864
47.6926758,19.7771311
47.6928855,18.9014315
47.6929266,19.7764788
47.6929647,19.1499683
47.693137,18.898064
47.6931553,19.1566629
47.6932992,19.3842366
47.6933982,19.9692148
47.6934617,16.8421855
47.6934667,16.8421821
47.693567,18.92315
47.6935693,17.4922645
47.6936302,18.9019031
47.6936337,18.8891677
47.6937717,17.5963131
47.6938564,17.6247398
47.6938793,19.3919389
47.6939575,18.667041
47.6940125,19.9818952
47.6942433,18.9022568
47.6942871,17.493515
47.69434,17.540372
47.6944841,17.2872547
47.694501,17.543113
47.6945014,18.9162532
47.6947488,19.0459546
47.6949479,19.1389595
47.6949534,18.4684872
47.6951238,19.9778627
47.6951589,19.0452806
47.6951644,17.6708488
47.6952721,17.5375541
47.6953921,17.5387415
47.6953993,18.8936831
47.695492,19.073785
47.695535,19.0683962
47.6956588,20.980124
47.6957048,19.3819641
47.6958023,18.3840052
47.6958556,19.29216
47.6959303,20.9958956
47.695976,18.6694326
47.696435,17.596467
47.6964619,18.9707201
47.6965091,18.9031719
47.696609,17.541236
47.6966711,19.9745871
47.6971845,19.0439945
47.6972484,19.7809345
47.6974131,21.9042881
47.6975674,19.0446567
47.6975817,18.42637
47.6975927,19.1474726
47.6980063,19.1541307
47.6980613,18.4645142
47.698202,17.543235
47.6982849,20.6590236
47.6983193,19.04266
47.6984087,19.0820428
47.6986765,18.4126347
47.6987056,17.6267876
47.69875,22.127467
47.6988158,22.0462813
47.6990712,18.9034248
47.699801,17.534638
47.6998878,17.678744
47.7000316,18.8982226
47.700083,22.1278
47.700091,19.1512539
47.7003118,18.4738708
47.7004263,20.4278118
47.70058,18.8983806
47.700706,20.706509
47.7007457,19.0581022
47.700829,20.699587
47.70105,18.5572967
47.7014,19.08471
47.701436,16.9049504
47.7014651,18.8953262
47.701517,18.899733
47.701561,21.896429
47.7016149,19.0792296
47.7020922,18.8325581
47.7025686,18.383953
47.7027327,18.9558345
47.7032457,19.1483183
47.7032778,19.3463556
47.70331,17.7480687
47.7033779,17.7295119
47.70385,18.520767
47.7038966,19.1486938
47.7041816,20.0732172
47.7042562,20.6548963
47.7044685,19.3492875
47.704483,18.88985
47.7047085,19.3429651
47.704859,19.0684274
47.7050733,20.071977
47.7054095,18.378067
47.7056691,17.871955
47.705764,19.0816506
47.7062465,19.1379221
47.7063206,18.8842933
47.7064073,17.8717222
47.70663,18.54357
47.7068372,19.6331248
47.7068573,17.2789869
47.707103,17.672072
47.7075386,17.6731561
47.7078176,20.4257842
47.7079626,21.8712315
47.7080475,21.8568102
47.7086717,19.079766
47.7088162,19.0399033
47.708996,19.6336755
47.7091956,19.6373552
47.7094373,19.1304361
47.7099121,19.2296257
47.7101484,21.6693475
47.7101834,19.2350837
47.7102188,19.0794332
47.7103165,19.2369323
47.7103408,21.8521511
47.710626,19.1395904
47.7114475,18.5841693
47.7115002,19.1474492
47.711504,18.5844725
47.711767,19.118417
47.712,18.79635
47.7121659,18.8770406
47.7123915,19.1132951
47.712467,19.884183
47.713217,19.884533
47.7135211,19.0879194
47.7136017,18.7351589
47.7136727,19.1135237
47.713782,18.7987229
47.713989,19.096668
47.714123,18.7986302
47.7143651,18.89652
47.714458,18.798699
47.7145042,21.6846396
47.714635,17.673245
47.7150025,17.651316
47.71539,19.1204
47.7154394,17.6382165
47.7154905,19.0803024
47.715499,19.090733
47.715654,19.089081
47.7158969,20.5293477
47.7162382,18.8855454
47.716313,21.9156054
47.7163191,19.1473675
47.716405,18.5043483
47.71645,19.0962812
47.7164783,18.5042467
47.71657,19.11713
47.7165964,21.837435
47.7166146,19.0952932
47.7167532,22.0235845
47.716769,17.7358463
47.7168683,18.3535583
47.716906,20.421996
47.7169498,19.1858101
47.7171063,19.1910809
47.7175344,19.0823263
47.71762,19.11113
47.7176952,19.1049625
47.7177917,20.4759653
47.7178953,19.0913234
47.71805,18.653017
47.71805,19.12058
47.71814,18.88857
47.7183096,21.8283029
47.7183471,18.5250215
47.7185058,19.0794073
47.7185184,19.0977334
47.718745,19.088579
47.7188526,18.6545304
47.7191388,18.8977241
47.719217,19.89185
47.7192612,20.4782178
47.7195584,18.8438547
47.7197531,20.5421614
47.719817,19.265757
47.7200608,17.2171883
47.7202217,18.4986317
47.7204908,19.2546323
47.720722,20.1713951
47.7208862,19.2617129
47.720906,18.9860165
47.7210847,18.9938522
47.721094,18.863775
47.721127,18.8801946
47.7212067,17.2191285
47.7218288,17.6114537
47.7218373,19.1687292
47.7222719,21.096944
47.7223214,19.2606575
47.722484,18.8465732
47.722667,18.9000554
47.7228004,19.0656269
47.7229337,17.3069081
47.7232817,18.9884544
47.7232895,18.7324603
47.7233017,18.7324328
47.7233108,18.5080096
47.7235118,19.5508804
47.7236399,17.7055601
47.7237283,18.5111917
47.7237775,20.4800152
47.723943,20.952057
47.7239864,19.0585563
47.7240403,18.9064979
47.7240455,19.2614868
47.724061,19.088313
47.7245,18.60127
47.724545,19.076639
47.7245971,20.253457
47.7248576,18.8441142
47.7252349,17.7158169
47.7252825,19.0636418
47.7253321,19.2499137
47.725333,19.256417
47.725363,19.05283
47.7253708,18.2620636
47.7256649,19.082117
47.7257238,19.0834749
47.7259,18.8976
47.725952,17.600283
47.7261126,18.8642626
47.7263366,18.984436
47.726354,19.079271
47.7264198,18.8651946
47.7267259,19.2524788
47.7268081,18.3149421
47.7268892,19.2593102
47.7269135,18.6026106
47.726916,18.8446
47.7270085,18.6039596
47.7270312,18.8650592
47.727039,20.95324
47.7270764,17.6634977
47.727103,17.6015046
47.7271785,19.2601782
47.7272027,18.9805465
47.7272221,21.751623
47.7275106,19.0794561
47.7278281,20.0862265
47.7279015,18.3623333
47.7280003,20.6182834
47.7281558,20.019245
47.7283017,20.0969489
47.7286469,19.1540731
47.7286516,17.4252773
47.7286782,18.8422765
47.7290189,21.7720955
47.7292943,21.7639779
47.7293612,18.5726635
47.729379,21.7610627
47.7294116,18.8460465
47.7294325,17.4846412
47.7294638,18.8957027
47.729472,20.945312
47.7294936,18.8463498
47.7296222,20.0863227
47.7296543,17.6598118
47.7297502,19.088502
47.7298239,17.391823
47.7298683,18.3531467
47.7300946,20.0940529
47.7301009,17.3930733
47.7301443,20.0889312
47.7302425,19.2000893
47.7307322,17.3978871
47.7307672,20.0935079
47.7312049,20.9384213
47.7314735,18.9442458
47.731825,19.772978
47.7318982,20.094658
47.7321177,17.4234396
47.732142,20.941173
47.7323688,19.1391514
47.7323801,17.3848917
47.7326316,19.1978321
47.7331684,19.19369
47.7331712,18.9418294
47.73318,17.8402481
47.7334583,18.4899917
47.7334844,18.4901131
47.7335269,21.1085687
47.73373,18.8638627
47.7338481,20.0830907
47.734105,19.1905686
47.7342269,19.1405533
47.7342503,17.3880504
47.7344255,17.3894944
47.7345528,20.0875174
47.734769,18.8616636
47.7349091,17.3985109
47.7350918,18.4892834
47.7351,18.17015
47.7352615,17.8298932
47.7352632,17.3948061
47.7353758,20.0905852
47.7354376,19.1877
47.7354564,18.8268071
47.7356053,19.0558661
47.7360257,19.5996332
47.7360534,18.2212652
47.7360677,17.3900282
47.7360906,18.6406855
47.7361028,17.3885753
47.7363554,19.0881232
47.7364415,19.2941394
47.7366625,19.1868483
47.7370178,17.5282535
47.737096,17.3927988
47.7371279,18.7257936
47.73725,17.387933
47.7373906,19.1896688
47.737417,17.38735
47.7374989,18.8819157
47.737974,19.6759253
47.7380264,17.3952186
47.7380346,18.8810539
47.7380634,17.8254555
47.7381025,18.6451232
47.7381336,18.1206574
47.73816,19.1478033
47.7383381,21.1111451
47.7383728,17.3890132
47.738474,19.085316
47.7387513,17.3963255
47.7392393,17.3794051
47.7393243,18.5128726
47.739369,17.573753
47.7393833,19.9281147
47.7395357,19.2214528
47.7396328,20.4271764
47.7396769,18.5120387
47.7397213,18.9347628
47.7397259,19.9267614
47.7397938,19.1443282
47.739833,19.92515
47.739924,19.057142
47.7399665,17.3876982
47.7401356,17.3893265
47.740185,18.6528638
47.7401897,19.1564884
47.740288,19.3750023
47.7402898,19.0037631
47.740417,19.080671
47.7404388,18.1248279
47.740471,17.759646
47.7405239,17.5776898
47.7405328,19.0039629
47.7408491,17.6794053
47.74094,19.057267
47.7412257,19.3149314
47.7412372,19.3148992
47.7417158,17.5798353
47.74195,19.923617
47.7419873,17.3999532
47.74213,19.07831
47.7423992,19.082976
47.7424438,18.8959684
47.7427094,18.897167
47.7429702,18.8970996
47.7430158,19.0837709
47.743251,20.0986062
47.7434745,21.2132457
47.7435236,18.9325277
47.7435478,18.055207
47.7436237,18.6497681
47.7437215,18.1171264
47.7437985,21.2102487
47.7440143,21.3435799
47.7440683,18.1040595
47.7441997,18.8586255
47.744275,17.6819962
47.7443158,18.1287271
47.7444405,20.0918229
47.74445,19.932217
47.74446,20.2526606
47.7444754,18.9907715
47.7446157,19.0826458
47.7447655,19.0823009
47.74485,18.119483
47.7449426,18.8580212
47.7451,18.48408
47.745262,20.0948149
47.7453135,17.3999003
47.74534,18.4660917
47.7453999,21.3452966
47.7454013,21.2187959
47.74544,19.136071
47.7454666,20.5487443
47.7455208,18.6438889
47.7455549,18.1252011
47.7455751,20.5156643
47.7456259,20.0962646
47.745682,20.420173
47.7457728,18.8580731
47.74596,20.1009357
47.7460222,18.8459906
47.7462769,19.06583
47.746726,22.23257
47.7467863,19.4895812
47.7469634,19.6732666
47.746967,18.1195703
47.7471423,18.1028503
47.7474696,20.0992633
47.747875,18.4493317
47.748191,22.233237
47.7482387,19.0949623
47.748274,18.875659
47.7483323,19.6792831
47.7483365,18.4895966
47.7487542,19.0941218
47.748859,19.494481
47.7488835,18.9630283
47.74909,18.57616
47.7494373,18.4941941
47.749499,18.4931955
47.7495039,18.4936795
47.749552,22.233923
47.7496919,20.1012951
47.7497049,18.4823445
47.7497287,18.1141739
47.7497746,18.4826931
47.7498001,18.9619599
47.749817,19.09345
47.7498567,18.4931122
47.749927,19.068035
47.7500188,20.0953917
47.7503442,18.4845771
47.7504727,18.9593849
47.750633,19.091783
47.7506662,20.1053841
47.7510375,20.415188
47.7510717,18.0971185
47.7510816,18.0970599
47.7511249,19.0250255
47.7512179,20.4157081
47.7513971,19.09205
47.7518656,17.6501659
47.7520404,20.1022674
47.752107,19.077582
47.7521314,18.9040208
47.7522243,20.0945078
47.7523658,21.9950426
47.7526063,18.9907684
47.753167,22.142183
47.7532149,18.9581266
47.7532369,20.0934322
47.7532924,19.0726292
47.7535931,18.0687323
47.7538503,18.8478678
47.7539647,19.0688286
47.7542639,20.0959495
47.7542653,19.1652862
47.754867,19.494716
47.7549764,19.0893428
47.7552264,17.5660504
47.755394,19.0264617
47.7558546,17.4250752
47.7563353,18.9115594
47.756435,17.6504773
47.7565709,20.5494155
47.7568322,18.9852651
47.7569332,19.0867589
47.7570507,19.6795942
47.7573556,17.6418664
47.7573828,19.0725505
47.7575218,18.838784
47.7576827,18.5395174
47.7592966,20.2435595
47.7593446,18.780514
47.7593969,17.6485198
47.759769,18.9496364
47.7598981,19.8662552
47.7599667,18.9441501
47.7599935,19.8530111
47.7601058,19.5370453
47.7602244,19.5441919
47.760257,21.8625264
47.7605092,19.0853799
47.7606593,18.951823
47.760827,18.5548483
47.7609181,18.9008097
47.760929,17.5447095
47.7609687,19.07021
47.760999,19.1367469
47.7611099,19.6669496
47.761159,17.649889
47.761315,18.901231
47.7614505,19.543015
47.761638,18.905423
47.7617676,16.7998811
47.761962,19.023995
47.7622711,19.5349651
47.7623168,18.9151044
47.7626721,19.5430379
47.762791,18.9149013
47.762953,16.7796531
47.76297,17.6569547
47.7630923,16.9885272
47.7634018,21.9765369
47.763536,18.99012
47.7638325,19.5381754
47.764025,19.14134
47.7641084,17.6876311
47.7641868,19.8364529
47.7642,19.705717
47.7642628,19.5410183
47.7642802,21.7668853
47.7643477,18.9043107
47.7644223,19.5343628
47.7645313,19.543127
47.7649963,18.8324229
47.7651147,19.5351779
47.7651784,19.5399116
47.7652803,19.4139205
47.7656329,19.8450037
47.7657206,20.6597978
47.766474,17.688922
47.766743,17.682066
47.767317,18.7752
47.7673996,19.5374808
47.767475,20.0393598
47.7680774,18.8047899
47.768158,17.541297
47.7686412,19.5354079
47.7689599,18.8444609
47.7689603,19.025818
47.769079,18.9828602
47.7693369,19.0204681
47.769627,17.544491
47.769739,17.545478
47.7698104,22.3814124
47.7700237,19.0521664
47.770077,19.8440037
47.7701309,19.8437397
47.7701696,18.7574934
47.7704831,17.540797
47.770867,22.1518
47.7709063,19.5865438
47.7709452,18.9913297
47.7719212,19.0409195
47.7719906,18.9838998
47.7720011,19.1390292
47.7722376,18.8071455
47.7723006,19.1293732
47.7726463,18.944877
47.7727742,19.4596867
47.773097,19.456756
47.7733108,19.1190699
47.7735858,19.1361267
47.77375,22.155183
47.773801,19.3732917
47.7739332,20.6599644
47.7742109,19.5849017
47.774835,19.370874
47.7749425,19.6672985
47.7749443,20.2373877
47.7753221,19.1294743
47.7756448,19.5869275
47.7757382,18.9665162
47.7758343,17.113369
47.7760509,17.112958
47.776061,22.062453
47.776183,19.126083
47.7761893,21.6753352
47.7762231,17.5043932
47.7762944,17.4937213
47.7763233,17.1341143
47.7764859,20.2362746
47.7764885,19.1291517
47.7773088,19.0508326
47.777395,17.509108
47.7774024,21.6749303
47.7777365,22.0661105
47.7777681,20.0286845
47.778383,17.527922
47.7786382,19.9251279
47.7790992,17.130845
47.7791454,19.1380819
47.779152,19.919371
47.779393,19.937745
47.779432,19.938815
47.779636,19.671084
47.7799174,18.9516575
47.7799615,20.23709
47.780002,21.672709
47.7801119,18.9516375
47.780172,19.125676
47.7803618,18.9706778
47.780445,19.018658
47.780696,19.914198
47.7807558,17.1113282
47.7810195,17.1192421
47.7812943,21.6773745
47.781362,20.024077
47.7815102,18.9498976
47.7816142,18.8752506
47.7816365,18.9812188
47.7818359,19.3625677
47.7820636,19.9273218
47.7821,20.026717
47.7821099,19.9137363
47.7821462,19.1292328
47.782161,19.034973
47.7824449,19.9273409
47.782792,20.023505
47.7828993,21.7743651
47.7830158,18.9700081
47.783433,17.135267
47.783675,17.146487
47.7837119,18.9694753
47.7839225,18.9112846
47.7839947,17.1327563
47.7840932,18.8760508
47.7841026,19.9270497
47.7841688,18.9585565
47.7844,19.9240667
47.784476,21.676712
47.7846075,18.8717179
47.784638,17.13908
47.7847795,18.9761711
47.7848273,21.6733771
47.7850709,18.9715761
47.7850809,20.2250361
47.7851421,17.1456282
47.7851962,18.7899689
47.7852416,19.9279931
47.7853866,17.1274652
47.7855267,19.7451065
47.7857018,20.2330539
47.7858804,20.9981634
47.7858891,18.9691132
47.7858975,20.2262554
47.785917,17.140405
47.7859777,17.1265801
47.7860174,17.1276583
47.78635,18.9716
47.7864931,17.1314328
47.7866119,20.2315831
47.7867121,18.9550402
47.7867394,18.8760493
47.7872238,18.7466608
47.7875452,18.7479459
47.7878,19.938135
47.7878071,18.9706988
47.7878878,20.2289095
47.7879491,20.2298158
47.7880433,18.9203335
47.7881683,18.8751893
47.788339,18.7463643
47.7884111,18.7475432
47.7884611,18.9605003
47.7884841,18.9453869
47.7885295,18.946532
47.788569,20.2303308
47.788587,17.130917
47.788942,17.144925
47.78904,19.73331
47.78905,18.953467
47.7891305,17.1431327
47.7891835,19.2312053
47.7893333,19.77215
47.7896688,19.040924
47.789743,17.142847
47.7897457,19.2300157
47.789893,18.961269
47.790044,19.226144
47.7900602,20.2297087
47.7902354,21.0056918
47.790267,18.972117
47.7903744,17.1497878
47.7905306,18.9588947
47.7905595,17.1503155
47.7907553,19.1130585
47.790787,17.138803
47.7908666,19.2296764
47.7908838,19.2201544
47.79093,19.938223
47.7909355,18.9541559
47.7909586,18.9106275
47.7910257,18.9712598
47.79104,19.93022
47.7911004,18.9620516
47.7911769,19.6684731
47.791214,18.9590325
47.7913348,18.7442686
47.7913716,18.8460739
47.7913828,21.6788506
47.7913838,19.2265266
47.791396,18.9561383
47.791464,19.1336889
47.7915713,20.2291156
47.7916002,18.7499585
47.7916943,18.7743672
47.791811,19.938081
47.7919862,18.9625732
47.7922537,18.7342119
47.7922983,19.2245977
47.7925715,20.5211867
47.7930328,18.953268
47.793248,17.48056
47.7933333,19.8
47.7933336,17.1432034
47.7933937,20.5210044
47.793435,19.742056
47.7934822,19.2249839
47.7934982,18.9493107
47.7936211,18.7805632
47.7937914,18.9535284
47.7938528,19.9286162
47.7938992,20.3345184
47.7940728,19.995116
47.7941806,18.8147838
47.7941833,19.7891667
47.794187,20.00153
47.7943446,18.7396684
47.7944429,19.9994133
47.794476,18.7441483
47.7945867,20.5209049
47.79459,18.96207
47.7946949,19.5953198
47.794821,19.2244045
47.7951532,18.7667442
47.79518,19.603287
47.795242,18.7666042
47.7952973,18.9907028
47.7953781,19.9373468
47.7954073,20.2275558
47.7954441,16.9125302
47.7956889,18.9099918
47.7959884,18.7783147
47.796005,18.998156
47.79605,20.329633
47.7961909,18.9573852
47.7962867,18.9591806
47.7963163,19.0331378
47.7965764,18.9775783
47.7966,18.734867
47.7966249,18.7432427
47.7967954,19.2242503
47.7968203,19.1757727
47.7971,18.99645
47.7971612,18.9971153
47.7971814,20.2279262
47.7973442,17.4768953
47.7974066,21.6844918
47.7975061,19.5632162
47.7977016,18.9939387
47.7977699,20.5730212
47.7977863,17.4805813
47.7978311,18.9090631
47.797981,18.996406
47.798067,18.985483
47.7982522,18.7337526
47.79836,18.96318
47.79845,18.912933
47.7986654,18.7363842
47.7987396,21.6827923
47.7987459,19.5888265
47.799036,18.95166
47.7991018,18.9574834
47.799403,17.471049
47.799474,17.4714145
47.7995707,21.6778188
47.799822,18.998681
47.7999499,20.3415825
47.8001951,18.9945151
47.8002523,19.1820272
47.800441,18.996682
47.8004561,19.1749355
47.8007022,18.9522528
47.8008074,18.9081982
47.8012153,17.4655994
47.8012626,18.9105407
47.8014055,21.6667555
47.8015331,19.1771438
47.8016614,18.9082862
47.8019952,18.9619563
47.802337,19.1803682
47.8024296,20.5710544
47.8025282,20.1630723
47.8027925,17.3414484
47.802827,19.1844141
47.8033744,19.0085948
47.8036143,19.2511896
47.8036711,16.7835588
47.8037864,20.5673498
47.8039783,19.24931
47.8043975,21.6832224
47.8045225,20.5927656
47.8047399,20.5555977
47.8048091,18.9143449
47.8049954,20.1695919
47.8050179,20.164998
47.805022,21.852846
47.8051379,20.5680757
47.8052092,19.178474
47.8052517,19.018781
47.8052797,20.5912619
47.8054266,21.6807195
47.8055157,20.5735278
47.8055618,19.2485897
47.805573,19.955241
47.8056348,20.5627804
47.8057907,20.569924
47.8057975,20.5809713
47.8058115,19.0163451
47.8058958,20.5856108
47.8060922,18.7611295
47.8061406,19.0100175
47.8062261,19.0140992
47.8062852,20.5630664
47.806355,17.197718
47.8065553,19.0124995
47.8065772,18.7375019
47.8065819,19.250636
47.8065833,20.12395
47.8065843,19.0102003
47.8066479,19.9089468
47.8066779,18.7397472
47.8067469,18.8445932
47.8069948,18.7407685
47.8070794,19.1747738
47.80721,18.98865
47.8072551,20.5713871
47.8073404,19.0063044
47.8074421,19.1801468
47.80748,19.00811
47.8075176,21.8517634
47.8076776,19.007218
47.8079699,19.1774251
47.8081,19.2465433
47.8081351,20.5712691
47.8081451,19.0049354
47.8081979,21.7517904
47.8084371,19.0037087
47.808566,19.8469963
47.808683,18.901
47.8087305,21.7587715
47.8089177,20.1705761
47.8089748,19.7928943
47.8090354,19.1792207
47.8092229,21.8512427
47.8092962,18.9918407
47.8093018,20.5537072
47.8097307,20.172628
47.8099352,21.8527769
47.8099539,19.0085024
47.8099597,20.5715154
47.809983,17.200387
47.809984,21.2429754
47.810017,19.875862
47.810643,21.704079
47.8106797,20.1749588
47.8107544,18.9020548
47.8108232,19.7525663
47.8110571,19.1745735
47.8111795,19.3237996
47.811193,20.2361539
47.811303,17.203133
47.811648,19.2512093
47.8118138,18.7449243
47.811837,21.704674
47.8118711,18.7803693
47.8120421,20.2359694
47.8120648,21.8510744
47.8121448,19.3244994
47.81256,19.18203
47.813242,20.905471
47.8132695,19.3220275
47.8132737,20.2333956
47.8133237,19.18382
47.813487,19.8667607
47.8135,19.7944
47.813612,20.5590886
47.8139588,19.863183
47.8140704,18.8179899
47.8142078,20.0000629
47.8142135,19.2554157
47.814365,21.7014439
47.8146164,20.2321776
47.8146581,19.8708585
47.81487,19.95469
47.8150655,21.7062973
47.815268,21.705294
47.815311,19.1816286
47.8153509,18.8712899
47.815558,21.4906576
47.8157962,19.9297812
47.8159451,19.8604284
47.8160803,18.861891
47.8161442,18.8719475
47.8161728,18.8770038
47.81635,19.7924
47.816434,18.870888
47.81645,20.905167
47.81661,19.991287
47.8166923,19.322918
47.816735,21.850698
47.81691,18.8737513
47.81696,21.7639063
47.8170667,19.9893667
47.817092,18.861515
47.8171395,18.8662476
47.817221,21.703491
47.8172705,19.3144817
47.8174274,19.9277405
47.8176075,18.8686155
47.8176831,18.8736897
47.8177,19.7883
47.817895,18.87219
47.818026,19.866758
47.818027,18.913222
47.8180744,19.995885
47.8181021,18.8651404
47.81835,19.92768
47.8183782,19.8512008
47.8185014,19.0540282
47.8185424,20.5765451
47.8186599,18.8686708
47.8189578,18.8622252
47.819088,21.700079
47.8191246,18.871801
47.8191605,16.9112694
47.819233,20.90395
47.819331,21.849067
47.819367,19.789633
47.81949,19.92695
47.8196307,18.8691802
47.8196307,19.636361
47.819693,18.870798
47.8199747,20.8916012
47.8201985,17.4994761
47.820354,19.456594
47.8204072,19.7820431
47.8204464,20.9083145
47.820727,20.057813
47.8212383,18.8620301
47.821408,20.0006723
47.821488,19.9285746
47.8215077,19.0370994
47.8216473,19.0134379
47.8218529,19.0117617
47.8219006,17.3698957
47.821983,20.056743
47.82232,21.696973
47.822584,21.8484728
47.8227,19.9231833
47.8230064,19.965924
47.8234017,19.9664673
47.823683,19.584615
47.8239028,21.8488538
47.824117,19.893852
47.824421,18.857511
47.82443,20.054942
47.8245776,21.2324494
47.82469,19.03725
47.8247316,18.9017469
47.8249845,20.3333062
47.8250125,19.5803436
47.8250878,19.0137964
47.8251083,20.0150071
47.8252103,19.8221352
47.825294,19.451632
47.825379,20.0702264
47.8254747,17.4072079
47.8257828,19.038922
47.8257892,16.9081749
47.8259698,22.1299505
47.8260001,19.453441
47.82602,20.053637
47.8262187,19.0263883
47.8262844,18.9729909
47.8263505,19.038223
47.82643,18.85816
47.8264894,19.6412793
47.8265289,22.6638417
47.8265797,20.6829051
47.8265872,20.05947
47.826599,19.0287527
47.8266667,19.82
47.8266936,19.1180778
47.826767,19.5420786
47.8268,18.999917
47.8268187,19.8739269
47.827014,19.011013
47.8271815,19.0107689
47.8274149,22.1300726
47.8274807,19.5330331
47.82755,19.533317
47.8276822,19.0092041
47.8278638,19.9280511
47.8278681,20.7791054
47.8280396,19.0332441
47.8281436,19.0239577
47.8283087,19.540091
47.82835,20.902383
47.8283781,22.1398775
47.828505,20.050283
47.828521,21.0101031
47.8285834,20.0520001
47.8286528,19.0307559
47.8288648,19.9711652
47.828917,19.6931
47.8290616,19.0344163
47.8291667,19.7858333
47.8293443,20.0566077
47.8293509,16.9204369
47.8293829,19.6891576
47.8294642,20.1099641
47.8294846,22.6711013
47.829519,19.021435
47.8295529,20.0514721
47.8296156,22.1314759
47.829718,20.773808
47.8297199,19.8267853
47.8297201,20.3349893
47.829731,20.113156
47.8301662,19.9700981
47.8301924,20.1128698
47.8303931,20.0517507
47.8305442,19.9687779
47.8305954,19.9660893
47.8306572,19.0206377
47.830871,20.124617
47.8311341,19.6900983
47.8313006,22.6760669
47.8315255,22.1371755
47.831696,20.328824
47.831738,19.943992
47.8318546,19.9695555
47.8319559,19.0780241
47.8320624,17.5016092
47.8321029,17.4570861
47.8321952,19.8883605
47.832258,17.068575
47.8322723,19.0397191
47.8323203,20.1114469
47.8325017,19.8884691
47.8326385,22.6786928
47.8328,20.00125
47.8329284,19.3571504
47.833185,16.807297
47.8332476,19.0248512
47.8333225,19.043479
47.8337892,19.8344727
47.833796,19.943255
47.8338,20.90045
47.8341214,22.6811031
47.8342106,21.4176851
47.8343503,22.1182305
47.8343679,16.8475294
47.834379,20.3343023
47.8347065,21.4245583
47.8349948,17.4600774
47.835117,18.965367
47.8351394,19.8608537
47.8353414,22.136983
47.83545,19.7844
47.8355369,22.1301749
47.8355899,19.351305
47.835618,19.299169
47.8358526,19.9844522
47.835853,17.07163
47.8358578,16.9273804
47.83595,22.68369
47.8361332,19.296287
47.8361381,19.3533422
47.836325,17.077043
47.8364663,20.1109866
47.836609,19.901378
47.8367459,22.1276444
47.8369594,22.1359259
47.8370167,19.9860333
47.8370773,22.1159535
47.837108,17.072517
47.8373249,19.8320883
47.8373405,22.6778852
47.837478,20.0112139
47.8375667,19.8667167
47.8376002,18.833045
47.8376899,20.1115146
47.837934,19.8194404
47.837969,22.6760077
47.8380833,20.1759667
47.8382722,22.6746544
47.838292,22.135134
47.8385303,19.9757982
47.838718,19.007402
47.8387378,22.6846768
47.8387789,20.111482
47.838816,18.89429
47.8391822,22.6819664
47.8392197,22.3552937
47.8392422,22.3492535
47.8397107,20.1109484
47.839883,19.05405
47.840024,19.8197882
47.8401562,22.687992
47.840372,19.717088
47.8405374,22.1299496
47.8405704,22.1262029
47.8407649,19.7246925
47.840852,18.993949
47.8410032,22.6791608
47.8414286,20.229214
47.841633,20.039567
47.8417228,18.8287254
47.8418371,21.426363
47.841961,22.138739
47.8424336,22.1314824
47.8426364,20.7424248
47.8426621,22.6759442
47.8427757,19.9675765
47.842851,19.001944
47.8428803,18.8273713
47.8431086,22.6829481
47.8431667,19.9933667
47.8431779,21.4290489
47.8437253,17.435671
47.843896,19.2977391
47.8440062,17.4296463
47.8441132,19.9575929
47.8442634,22.6880711
47.844445,21.4322267
47.8446667,19.7503333
47.844817,19.304733
47.8449556,19.0990624
47.8449717,16.9296973
47.845126,22.138813
47.8451831,22.6844042
47.8453919,21.4321435
47.845408,19.987857
47.8454766,18.9233959
47.8457296,19.2934453
47.845744,21.4322032
47.845962,19.850015
47.845981,18.998591
47.8462843,21.4297473
47.846306,19.003776
47.8463564,17.4327689
47.8464934,20.2257602
47.846587,19.168128
47.8467785,22.1387848
47.8470933,19.39591
47.8471769,21.43234
47.8471833,19.7454
47.847228,19.389373
47.8473082,20.4114155
47.8474575,20.011311
47.847536,22.122638
47.8476181,20.2246269
47.84795,19.9992
47.847988,19.054679
47.8481229,21.4298876
47.8487042,21.4331822
47.8489172,19.2977492
47.849031,19.702921
47.8491454,19.1020021
47.8491668,21.4315286
47.849225,19.955322
47.8493213,21.4410356
47.8495645,17.4284521
47.8496276,21.4287257
47.8496322,21.4250902
47.8499268,19.9863968
47.8499577,20.0035506
47.8501022,19.1044463
47.8503143,21.4334799
47.8503827,19.1058025
47.8505,19.95595
47.850747,17.1698
47.850867,20.14315
47.8509333,20.1448833
47.8509471,19.7849856
47.8510833,20.01345
47.8511167,17.4270799
47.851129,17.2666576
47.8513422,16.822131
47.85138,20.14348
47.8514068,17.2669604
47.8515015,19.9839464
47.8515761,20.1466525
47.8516356,16.8223946
47.8516667,19.85
47.8517091,17.4277893
47.851848,19.838011
47.8521966,17.4305427
47.852233,19.695317
47.8523057,22.1406948
47.8523949,17.1725856
47.8524199,16.8230886
47.8524518,19.9389049
47.8525543,20.6728743
47.8525914,19.7070923
47.8527314,17.1731287
47.8527856,16.8234225
47.8529823,19.9999769
47.8530865,19.9581349
47.8531615,16.8342962
47.8532032,16.8237869
47.8533099,19.1047638
47.853383,19.1087
47.8534006,20.6724824
47.8534317,20.1470664
47.8534811,20.9931275
47.853791,20.9946627
47.8540138,18.8536656
47.8542533,20.9862005
47.8544275,20.9940712
47.8544975,22.3845088
47.8547675,17.4189853
47.8548107,17.4216159
47.8550052,21.409969
47.8550118,20.9890837
47.8551288,19.1997953
47.8551336,20.9904721
47.8551892,20.9942531
47.8552728,20.9922681
47.8553925,17.4285412
47.8556087,18.8446452
47.8557333,19.9040167
47.8558794,19.9760785
47.8561032,20.993022
47.8562845,20.4801699
47.8564833,19.7387
47.856499,20.9934483
47.856541,17.2695938
47.856668,17.28205
47.8568713,20.9913561
47.8570261,17.2743576
47.8571293,17.2890164
47.85753,22.6845
47.8575548,20.9906878
47.8576227,20.9926868
47.8578411,20.9917198
47.8579057,19.6985862
47.8583833,19.8812167
47.8584773,19.699264
47.858505,20.9954406
47.8585286,22.6337736
47.858698,17.324283
47.8587077,19.695792
47.858822,17.321884
47.8588737,19.6998236
47.859,20.1756667
47.8590612,21.4372603
47.8591137,19.7004832
47.8591904,19.1915898
47.8592,19.692367
47.8592403,20.4570723
47.8593051,18.890436
47.8593457,20.9960541
47.8598668,21.909198
47.8601378,20.9970802
47.8605667,22.6294675
47.8607196,21.8509738
47.86086,22.68656
47.8608995,19.0596811
47.8609288,20.9978492
47.860949,20.020387
47.8609612,19.689937
47.8610515,19.6262385
47.8613165,20.0098237
47.8613333,20.043
47.8614168,17.4528959
47.8614671,19.970897
47.8615156,17.258394
47.86164,19.96722
47.8616503,17.2813717
47.8618379,19.5105297
47.8619968,17.4658289
47.8620091,19.6941853
47.8625146,22.6268206
47.862604,18.869978
47.8626143,19.6214487
47.8629,19.7303
47.863,20.037
47.8630096,22.1658067
47.863409,18.869761
47.8634765,22.3918879
47.8636266,22.6253147
47.8636935,18.8731437
47.863861,17.2532831
47.8639,17.0218938
47.8639558,19.8207789
47.864,19.9759833
47.8640815,17.3319623
47.8642,19.9808667
47.864267,18.87295
47.8642813,19.6246569
47.8644285,18.8708331
47.8645249,18.8710465
47.8647833,19.9457667
47.8648333,19.6960415
47.8648425,17.3343707
47.8648515,20.326298
47.86491,19.88307
47.8649494,19.6967858
47.8651086,18.869897
47.8651383,22.4012523
47.865347,21.8490733
47.8656428,18.8680643
47.865732,22.029299
47.8657469,16.9763007
47.865904,22.6220351
47.865929,19.96234
47.8659411,18.8661032
47.8659966,22.3941788
47.8660432,22.390066
47.8662617,18.8711757
47.8662725,20.3265178
47.8662865,20.8812495
47.8663558,19.73797
47.8665529,19.000628
47.866567,18.8787
47.8666274,22.2358552
47.8666971,19.6968053
47.8669579,18.8762702
47.8670318,19.0168345
47.8671333,19.9766167
47.8673553,22.4031557
47.8673889,17.275991
47.8676089,22.6199829
47.8676926,19.0072864
47.867707,19.0073186
47.8677589,20.0160002
47.8679959,19.9817853
47.8680213,18.8788518
47.8683578,22.0253802
47.8683759,22.6107966
47.8685295,20.6032959
47.8686891,19.9776024
47.868873,19.0031742
47.86895,20.0193667
47.8690227,20.4274013
47.8690936,22.6165637
47.8690959,20.8912365
47.8692591,19.9786888
47.8695302,19.0076476
47.8697976,20.3232721
47.8700677,19.0461355
47.8701137,17.3717926
47.8702072,21.8472037
47.8703835,19.0010758
47.870563,19.8362578
47.8706,19.7112833
47.8709799,19.3739605
47.8711895,19.3723847
47.8715358,19.406293
47.871664,19.8559466
47.8716897,21.0345493
47.8717167,19.94435
47.8717535,22.0259296
47.8717885,21.5842951
47.8718619,21.0327808
47.8720213,18.9284878
47.8721869,19.3996385
47.87249,17.260402
47.8730399,19.40125
47.873167,18.841767
47.87331,22.66885
47.8733974,19.4060691
47.8734246,19.2430116
47.8735178,17.2571344
47.873533,18.918767
47.8735656,19.5058495
47.8735666,20.0933306
47.8736667,19.8223333
47.87368,19.96432
47.873687,18.84084
47.87405,22.66724
47.8741667,19.8466667
47.874209,19.993715
47.8742355,21.0392484
47.8742946,21.5805124
47.87438,22.66525
47.8743848,18.9360736
47.8745822,19.2443629
47.8747252,19.2474254
47.8748667,19.9592833
47.875,19.864767
47.875,20.0571667
47.87512,22.6638
47.8751866,17.2913682
47.8753707,19.3685491
47.8754208,20.6030245
47.8755436,22.0238836
47.8756635,21.5789761
47.875752,20.324949
47.8758314,17.2708345
47.8761092,17.4371184
47.87613,22.66265
47.8762663,22.0226996
47.8762956,19.7898477
47.8763272,18.9344055
47.8763333,19.7913333
47.8763378,18.8345008
47.876413,17.439321
47.8770304,21.5781906
47.8771365,20.3850726
47.8771583,20.2012668
47.87717,22.66384
47.8772348,21.720166
47.8772753,19.8161381
47.8773621,19.8821183
47.8774306,20.0471893
47.8776842,20.2020293
47.8777211,18.8745967
47.8781167,19.9206667
47.878138,20.10586
47.87832,22.66334
47.8783223,18.9318965
47.8784629,22.0236721
47.8784845,17.271104
47.8785409,22.0228034
47.8785972,19.3107241
47.8786349,22.0234537
47.8786957,19.8130805
47.8787331,22.0256234
47.87896,19.39652
47.878982,17.274004
47.8790987,22.0171503
47.8794536,18.9287519
47.8796258,21.5718976
47.8796874,19.3709504
47.87988,20.012949
47.88,19.8325
47.8800058,22.0260792
47.8801594,18.9281427
47.8802914,22.5676701
47.8803081,18.8628843
47.8803666,19.7689121
47.8804185,17.2723077
47.880483,19.055283
47.8806789,21.5746347
47.8808833,21.581632
47.8813333,19.7835
47.8813748,22.5715989
47.881554,21.5769287
47.8817793,22.0255856
47.8819641,19.1410312
47.8822401,22.5700191
47.8823672,19.1497545
47.882402,19.756682
47.8826192,21.5825252
47.8830069,17.2897015
47.8831664,17.2703503
47.8835312,21.8225935
47.8835443,22.024615
47.8835925,18.7779535
47.8835934,22.5702326
47.8836142,21.5830217
47.88364,17.4079487
47.8836912,19.1496273
47.8837127,17.291054
47.8841448,17.4075834
47.8843082,20.7689947
47.884478,19.8494213
47.8847244,22.5631857
47.8849623,21.0585122
47.885,19.8901667
47.8850689,22.0235323
47.8854786,21.5847577
47.8855416,19.1372392
47.88555,19.0714266
47.8857243,19.8011022
47.8857509,19.9079256
47.8858,20.0038667
47.8858225,18.9800099
47.8858333,19.7818333
47.8858504,18.7769444
47.8859667,19.90835
47.8860134,20.965444
47.8860355,18.7805861
47.8860551,18.7788774
47.8865152,20.7684673
47.8867088,22.0217864
47.8867646,17.4052968
47.8867986,20.6806335
47.8868667,20.0070333
47.8868827,18.7680951
47.8870494,20.9658909
47.8871584,20.2618656
47.8877727,20.7667012
47.8877755,17.3165151
47.887811,22.078921
47.8878121,20.9748695
47.887886,22.021119
47.8880217,20.6836086
47.8882138,21.7151639
47.888354,20.097224
47.8884406,20.9672318
47.888444,21.982799
47.8884915,20.9733723
47.888521,19.871561
47.8886796,20.2720449
47.8886798,20.3756072
47.8887223,17.3283376
47.8888333,19.815
47.8890821,19.4248249
47.889277,20.768108
47.8893376,17.2018928
47.8893507,19.915221
47.8894201,20.9718531
47.8895495,20.9686803
47.8897833,19.8540667
47.889822,20.267198
47.890173,20.3590234
47.8906498,20.4932865
47.8907933,20.7659723
47.890975,17.265476
47.8910836,20.9584165
47.891091,20.7631155
47.8911491,19.1258505
47.891163,19.769125
47.8912328,17.3287325
47.8913295,20.3818164
47.8913333,19.8133333
47.8914501,18.8117503
47.8914657,20.6793279
47.8915307,19.9076077
47.8915667,19.92435
47.8916169,20.7676848
47.8916667,19.78155
47.891915,20.76122
47.8921543,20.8990717
47.8921606,17.1963279
47.8929058,20.3621233
47.89295,19.8515167
47.893054,19.807161
47.893068,20.500467
47.8931444,20.9539474
47.8933124,18.9489419
47.8936667,19.8075
47.893981,20.0669015
47.8942693,19.818546
47.8943884,20.537548
47.89449,20.42623
47.89472,18.97781
47.8947236,17.1989178
47.894783,19.862767
47.894794,22.019682
47.8948412,18.8408017
47.8949171,21.6744295
47.8949897,17.4187817
47.895,19.7913333
47.8950443,20.3813018
47.8952333,19.8418667
47.895877,17.419552
47.895985,19.4753343
47.8961021,20.5363995
47.8962107,19.8177668
47.8962201,19.8684773
47.896519,20.112541
47.896577,21.8550266
47.8968606,20.3796422
47.896902,22.161859
47.8969067,21.8547364
47.8969833,19.9070333
47.8970276,19.8690748
47.8970477,20.3697899
47.8970819,20.3795387
47.8973026,17.4196337
47.8973333,19.7255
47.8973459,17.2085356
47.8973485,19.9723779
47.8973933,20.3794363
47.8978146,16.9077288
47.897902,20.5352966
47.89825,18.87627
47.898358,20.017183
47.89871,22.61313
47.89871,22.68625
47.898784,20.3828145
47.899,20.1151667
47.8991667,19.9953333
47.899331,19.8823707
47.8993453,18.8978227
47.89955,19.9998167
47.8997718,20.3714337
47.899869,20.9455075
47.8999,20.12525
47.8999966,20.3776836
47.9,22.67541
47.90008,22.68803
47.9002167,20.1179
47.9005704,20.1817517
47.9005907,20.1779658
47.9005982,19.5117169
47.9006563,20.3715571
47.9007105,20.3763674
47.9009479,20.5353514
47.900958,20.9446033
47.9009913,20.9431414
47.90101,22.61217
47.9010716,20.0236899
47.9010727,20.3717013
47.90108,18.9210147
47.901083,20.533804
47.9011155,20.3804549
47.9011333,19.8073667
47.9011471,20.444268
47.9012235,18.977266
47.9014081,21.0574363
47.9014328,20.0876333
47.9016058,20.3753021
47.9016667,20.1325
47.9018,22.60722
47.901868,20.016723
47.901905,20.5338344
47.90215,19.799983
47.9021857,20.1810218
47.9022,21.7108
47.9023333,19.713
47.9023447,20.534958
47.9024061,20.9425064
47.9024271,20.0230417
47.9024775,20.5277544
47.9026,19.720633
47.902683,19.2986
47.90272,22.67628
47.902791,19.8087631
47.9028453,19.0473194
47.9030516,20.3756385
47.9032903,20.5275019
47.9033,18.85605
47.9033087,22.335881
47.9033333,19.8718333
47.9035171,20.3768925
47.9035591,20.050891
47.9035675,20.9456783
47.9037538,19.0433283
47.90386,20.02522
47.9040388,20.3741817
47.9040715,20.0223402
47.90409,22.61074
47.9041066,19.8768995
47.904367,20.019683
47.9047167,20.9427492
47.9048888,20.9459059
47.9049167,19.8435667
47.9049584,20.905317
47.904983,20.532083
47.905183,19.929567
47.9053,20.1450333
47.905331,21.921713
47.9053499,21.7897622
47.90535,20.1392333
47.905533,21.8355
47.9055798,20.0203621
47.9057148,18.8211576
47.9057828,19.8060418
47.90585,22.61015
47.9060899,21.0610525
47.9060988,19.8784151
47.9061025,19.8435272
47.9062248,19.3320496
47.9062706,20.3822167
47.9062733,19.8824108
47.9063155,20.5316757
47.9064581,20.0219906
47.90661,21.79782
47.9068239,19.8123154
47.9069125,19.0490059
47.9070848,20.5358624
47.907099,20.434917
47.907169,21.919375
47.9074275,18.9445819
47.9076785,19.8138156
47.907686,21.699822
47.907728,19.0494984
47.90777,19.0466
47.9078212,19.8147742
47.9078716,20.5300637
47.9078792,19.8774314
47.9079318,16.7036275
47.9079379,22.6105154
47.907987,20.451657
47.9081368,19.881456
47.908177,19.8099975
47.90822,22.67974
47.9083409,19.4121491
47.9085091,19.8074618
47.908656,19.798591
47.9086662,21.7925579
47.9086899,20.9468991
47.9088522,20.3802133
47.9090477,22.6100324
47.9090727,18.8444549
47.9093695,22.6098174
47.9093794,19.9202902
47.9098295,20.5305273
47.9099809,19.9682343
47.9100822,20.944274
47.9101013,19.873995
47.910179,19.849729
47.9102312,19.9712458
47.910317,20.533833
47.9103858,21.9294652
47.910483,20.170867
47.9104885,20.9431944
47.910518,19.981953
47.9107071,19.3787836
47.9108082,19.9795948
47.9110219,19.8074998
47.9112958,22.2519064
47.9113167,19.8073
47.9115848,19.3805047
47.911898,19.876302
47.9120015,21.9341604
47.9120904,19.8192402
47.9121513,19.9686317
47.9123607,19.6161121
47.9124557,19.8813437
47.912687,19.703553
47.9127071,22.2578287
47.9127518,18.9353906
47.9127583,19.6144219
47.9127708,19.8780176
47.9127709,19.6182185
47.9128333,20.0103333
47.9129939,18.8785736
47.91305,20.453367
47.913105,19.689778
47.9131959,17.1574615
47.9132153,19.916887
47.913305,19.704859
47.9133333,19.7158333
47.9133333,19.915
47.913341,17.1491868
47.9134008,19.97717
47.9135745,19.6168397
47.913667,19.8881
47.9136787,19.6180697
47.9136952,17.1467184
47.913717,19.771533
47.913726,22.194312
47.9137578,19.5896718
47.9138096,22.2580367
47.9138308,19.2601831
47.9139804,21.6761129
47.9140281,17.1583847
47.9142459,22.2628525
47.9142745,21.7855554
47.9143007,20.3741795
47.914667,22.589417
47.9147286,19.6942142
47.9148338,18.8479055
47.9149201,22.2665566
47.915174,20.019101
47.9152269,17.1535015
47.915256,19.960239
47.915333,21.675867
47.9153693,18.8754183
47.9154221,17.1514254
47.9154837,18.875168
47.9156462,20.9521827
47.9162,19.832026
47.916317,19.609683
47.9163503,19.9740198
47.9163775,22.2651061
47.916561,19.4142645
47.916651,19.9236371
47.9166962,19.6222848
47.9171333,19.8811667
47.9172112,19.6207908
47.917261,19.702216
47.9174,19.790433
47.9175,19.7888
47.9175,21.72105
47.9177262,18.869791
47.9177997,22.5109487
47.9178127,19.5200501
47.917867,22.59115
47.9179661,22.2594258
47.9181343,19.4609078
47.9181376,19.930221
47.918205,19.6979568
47.918393,20.740042
47.918441,19.692694
47.9185244,19.2657307
47.9186218,21.6745475
47.9186453,22.5038372
47.91872,22.5671
47.91875,19.8010333
47.918783,18.89815
47.919162,19.6896511
47.9193205,19.6891446
47.9193221,19.8888379
47.919533,22.59125
47.9196497,19.6950665
47.9197092,19.8307307
47.919711,19.696591
47.9197499,19.9757554
47.9197626,20.0172737
47.9197755,19.6958537
47.9198333,19.9085
47.919857,19.925695
47.919976,20.208165
47.9201536,20.0291863
47.9202,22.567367
47.920209,17.282564
47.9203049,19.8771316
47.9204279,19.9104918
47.9205043,22.5012693
47.9207041,19.9166936
47.9207059,20.7341423
47.920867,22.5935
47.9212381,20.6258128
47.921303,18.825048
47.92134,22.5668
47.9214306,19.6930792
47.921483,22.595417
47.9215927,20.7444011
47.9217,19.8294
47.9220118,18.855634
47.92205,22.56576
47.922083,18.7757787
47.9222013,22.4944378
47.9224187,16.713094
47.9226044,18.7687066
47.9226818,20.0234641
47.9227835,19.6923199
47.92303,19.825515
47.9230383,19.7017506
47.923293,19.7028931
47.9233333,19.729
47.9233333,19.905
47.9233377,22.0336063
47.9235977,19.1763114
47.9237227,20.7390037
47.9237925,18.7770832
47.923882,19.7959441
47.9239781,18.7731937
47.9239892,21.7340888
47.9240378,20.0239367
47.9240658,20.630536
47.9240953,19.5879412
47.924102,20.072625
47.9241083,19.2627636
47.9241249,21.7185863
47.9242002,20.0548783
47.9242425,19.8809504
47.92435,18.896083
47.9246667,20.10905
47.9247165,22.0340458
47.9249782,18.9686434
47.924998,18.77544
47.9250953,20.631754
47.9251138,20.025472
47.925192,20.7361954
47.9252061,19.7017396
47.9252115,22.447394
47.925333,19.443617
47.9253627,19.4173458
47.925434,22.159069
47.9254358,19.5458097
47.9255192,20.0589959
47.9255381,19.9151104
47.925557,19.711204
47.9256362,19.1676435
47.9256893,19.4314501
47.9257167,19.92595
47.9257275,21.7425836
47.9258112,21.7263956
47.925833,21.72945
47.9258492,19.2576966
47.9260251,19.4354614
47.9261167,19.8176167
47.9261833,19.8114833
47.9262752,19.8705687
47.9262869,19.7014047
47.9263333,19.855
47.9264663,22.0341575
47.9265167,19.9303333
47.9265312,19.868133
47.9266011,19.7026729
47.9266375,19.0109227
47.9267557,19.544832
47.926883,22.564317
47.9269089,21.0800473
47.9269321,19.2708702
47.9271446,19.4413076
47.9279644,21.0358518
47.9279797,19.479294
47.928054,20.0947963
47.92814,19.91428
47.9281423,20.7363805
47.9282,19.410867
47.928264,20.2995902
47.9282691,19.1366352
47.9282933,19.5432652
47.9283333,19.9028333
47.9283557,19.1717032
47.928417,21.735083
47.9285224,21.0367142
47.9285354,22.0364417
47.928586,22.154467
47.928599,20.8048833
47.9287618,16.8364831
47.9292555,19.1377996
47.9292836,21.050258
47.9293247,19.5421762
47.9293313,18.9219339
47.9294561,21.0754251
47.9295319,19.7005772
47.929579,19.981752
47.929856,19.538561
47.9298686,21.6755163
47.929917,20.814
47.9299565,20.1143281
47.930001,19.5405537
47.9300289,19.1422814
47.9302785,22.0359269
47.9303816,20.196708
47.930405,19.889412
47.9304553,21.0675019
47.9305015,20.1066652
47.9307562,21.0251846
47.9308004,21.0669748
47.930833,19.649183
47.9309198,17.2256788
47.930987,20.5609
47.9310733,18.8899119
47.9311562,21.0303935
47.9312101,21.0328853
47.9312833,19.82405
47.9313282,21.0469988
47.931333,21.879337
47.9314975,19.5401139
47.9316991,18.9102387
47.9318571,20.4802501
47.9319126,20.4766944
47.9320119,20.4748161
47.9321458,21.0363276
47.9321972,20.1039553
47.9322249,19.7406225
47.9323416,20.1041073
47.9323513,21.0456499
47.932383,20.19635
47.9324424,21.7345655
47.9324818,18.8367695
47.9327747,19.9148465
47.9328123,19.8416441
47.9329103,20.1986097
47.933036,19.5416535
47.9330557,21.0716627
47.933158,21.0719076
47.9331784,20.1920567
47.933181,22.0350622
47.9332032,20.5311604
47.9336811,18.8241276
47.9338683,19.5415915
47.9341225,20.1846699
47.934133,19.539783
47.9343011,20.0987323
47.9344089,20.0968748
47.9344089,20.2082214
47.934426,20.1017082
47.9344438,18.8264559
47.9344476,20.1004596
47.9344711,20.2906359
47.9346066,21.0374585
47.934614,20.562342
47.9346714,22.041134
47.93468,18.90058
47.9347809,20.0949021
47.934917,22.666667
47.9349382,20.1068746
47.9350032,18.8204425
47.9350244,20.4761424
47.93505,22.5521
47.9353,22.549133
47.935367,21.037883
47.935367,22.5475
47.9356753,18.825926
47.9356824,20.1106629
47.9357588,17.3783116
47.9358161,20.114942
47.935859,20.9170956
47.9359526,22.3166496
47.935963,17.278059
47.9359637,18.8290397
47.9360753,19.2834215
47.9361,19.488317
47.93676,18.82624
47.9370586,19.5827094
47.9370766,18.8163975
47.9372155,17.2750721
47.9372929,20.3669429
47.9374253,22.6528195
47.9374558,19.8653348
47.9375,19.713
47.937536,21.700548
47.9376248,20.8198943
47.9376399,18.8727291
47.9376888,22.4266552
47.9377309,22.4698197
47.937833,19.584667
47.9380514,17.2802348
47.9381,18.823117
47.9381197,22.0331541
47.9381251,19.3100287
47.9382831,20.8169338
47.9383461,20.1096435
47.9384009,19.5832435
47.938443,20.478531
47.9384642,21.7294131
47.9384781,20.4767378
47.9385,19.9316667
47.9386044,16.840366
47.9386805,17.3602981
47.9390076,17.0622607
47.9390545,16.8396102
47.939128,19.583736
47.9391667,19.755
47.9391807,20.195839
47.93925,22.144811
47.9393257,22.0313623
47.9393495,20.8766052
47.9393599,19.5798774
47.9394211,18.9321307
47.9394319,18.9322272
47.9394797,19.286223
47.9395468,19.7962651
47.9396159,20.3586298
47.93965,20.87815
47.939767,19.000083
47.9398094,19.4100824
47.9398171,21.9779403
47.9398954,20.4766072
47.9399,18.818367
47.940037,20.2864024
47.9400454,20.5316524
47.9400827,20.1106512
47.9401576,19.0495994
47.94018,22.04065
47.9402268,19.5788765
47.9403538,19.5814814
47.9404053,21.7267482
47.9404802,21.003321
47.9406906,18.9162706
47.9408399,17.0687809
47.940962,21.7429373
47.940986,21.869471
47.941058,18.969177
47.9411147,21.6633682
47.9413118,19.5761038
47.94137,19.575207
47.9415588,19.0467652
47.9417514,18.7778196
47.9418113,21.715944
47.9419491,22.0299611
47.9420167,21.6952228
47.942017,19.028683
47.94206,19.82114
47.9423175,19.5797888
47.942452,19.307484
47.9425063,19.6564132
47.9426166,18.9945846
47.9427721,22.3115431
47.942927,20.9938002
47.943069,21.868316
47.9430934,20.5348904
47.943131,19.9326512
47.943201,19.745138
47.9432957,20.538337
47.9433063,21.7234184
47.943383,19.048233
47.9435348,20.5291154
47.9438964,20.9986684
47.9439054,21.1352679
47.9441577,21.7210801
47.9441648,21.7196007
47.9442462,19.4138401
47.944266,20.169594
47.9442764,20.9976652
47.94434,19.044579
47.944365,19.7440535
47.944528,20.536322
47.9446661,21.7120122
47.9447354,21.0059532
47.944789,20.8122493
47.9448127,19.7411281
47.944892,18.9252255
47.944895,19.736632
47.9450396,19.7363392
47.9450739,19.7688462
47.9450828,20.9846619
47.9450856,22.0281073
47.9450969,21.7198769
47.9451689,20.0234876
47.9451746,21.7179265
47.9452628,19.045035
47.945367,22.1489
47.9453831,21.7231487
47.94542,21.864232
47.9454471,19.4413286
47.9455214,20.0860536
47.9455519,21.7055793
47.9455962,21.7060082
47.9456511,21.7061863
47.9456921,20.9980101
47.945726,22.144839
47.9457398,21.0047945
47.9457445,21.8062843
47.9458245,21.7468724
47.9458572,22.3644188
47.9459686,19.5410683
47.9459709,16.7337628
47.946012,21.940081
47.9460594,21.7278957
47.9460631,19.7407445
47.9460653,16.7534269
47.9464234,21.7105667
47.946482,20.083888
47.946488,19.542518
47.9465217,20.8118163
47.9466,19.9273167
47.9466339,20.459323
47.9466355,20.9927268
47.9466563,22.0256743
47.94676,19.73964
47.9467836,21.0033891
47.94679,19.5412491
47.946911,20.082707
47.9470545,21.6500125
47.9470573,20.4312548
47.9471667,19.8548333
47.9471739,21.7051222
47.9471906,21.7053429
47.9472065,21.7044788
47.94725,19.74411
47.9473,19.418967
47.9473023,21.7048405
47.9473739,18.8979757
47.9474034,21.0057896
47.9474052,21.0067686
47.947429,19.7477096
47.9475047,20.535567
47.9475488,21.7224414
47.9475493,21.7066741
47.9475597,21.0063475
47.947613,20.081035
47.94763,20.532646
47.9476563,20.9859773
47.9478518,21.7472294
47.9479,21.76425
47.947927,19.541947
47.94793,21.99349
47.9479847,19.1977704
47.948,19.993
47.948071,20.4630107
47.9482827,21.7202106
47.9483484,20.9833342
47.9484048,21.7195155
47.9485325,16.7597349
47.9487035,21.7471387
47.948717,21.015033
47.9487757,19.9843345
47.9487865,21.7077145
47.94879,20.46419
47.9489597,21.7178394
47.948993,19.538453
47.9491333,16.8440896
47.9491602,21.7339454
47.9491784,18.9269865
47.9492785,19.4436992
47.949318,19.598395
47.9493261,21.7177889
47.94945,16.8416
47.9494568,22.5819752
47.9495617,19.1963965
47.9495801,19.2007131
47.9496,19.602533
47.9496,21.01785
47.949632,21.7193315
47.949633,21.015967
47.9496856,20.4652544
47.9497242,21.6944146
47.9497878,21.715809
47.9497933,21.730211
47.9498617,21.7240326
47.9499356,21.8048685
47.94995,21.023167
47.9500243,21.7806922
47.9501667,19.9001667
47.9502012,21.6751611
47.950394,19.1904377
47.9504521,19.8397449
47.9504629,17.3457046
47.9505098,20.0855431
47.95065,19.60135
47.9506989,16.7932145
47.9507453,21.7806816
47.9507635,16.7932929
47.9507814,19.1820528
47.9507954,21.7756043
47.9509162,21.7102952
47.9509838,21.7059876
47.9510252,20.0797482
47.95105,21.021233
47.9511073,16.8303081
47.951117,21.029217
47.951121,21.788422
47.9512,21.02385
47.9512264,19.5961815
47.9513724,19.5980949
47.9514635,21.7180576
47.951522,21.740147
47.95155,21.02655
47.9515809,19.8236386
47.9516153,19.5996684
47.9516773,19.5948377
47.9518657,19.0013465
47.9519129,20.6616676
47.9519303,21.7551861
47.951957,20.456705
47.95205,20.657634
47.9521,21.022683
47.9521518,19.5959691
47.952158,21.7352652
47.9522067,21.7182747
47.9523037,21.7758162
47.952374,20.309671
47.9523959,22.3378149
47.952467,21.019417
47.952668,22.292649
47.952686,19.7501953
47.952765,22.324512
47.95305,21.02425
47.9530752,18.9462739
47.9531667,19.9558333
47.9532,21.022683
47.9532167,19.9811833
47.9532186,19.7431827
47.953348,21.929827
47.9533528,18.9115065
47.953367,21.019967
47.9535138,21.7790098
47.9535237,21.714645
47.953638,21.790851
47.953725,16.7268848
47.9537288,22.3269626
47.9537387,21.7801074
47.9537676,19.5950889
47.9540548,19.0396634
47.9540871,21.804789
47.9541157,19.2408535
47.9543085,18.8938827
47.9543788,20.450667
47.954584,21.022619
47.9546424,21.712224
47.9546574,22.3240135
47.9547476,19.2256636
47.955063,20.615798
47.9550808,19.5970832
47.9551355,22.3202201
47.9553694,21.8022247
47.9553941,21.7231392
47.955505,18.967008
47.955711,19.231818
47.9557488,21.7184804
47.9558296,21.8052821
47.9559019,20.4414573
47.955917,22.693
47.9559315,21.8043315
47.9559871,21.7929685
47.95603,20.610437
47.9561741,21.8029463
47.956191,22.6636512
47.9562198,21.7164689
47.9562294,22.0143958
47.9563186,21.7168401
47.9563927,18.9852118
47.9564454,21.7770142
47.9568981,20.8707627
47.9569402,21.7894648
47.9569818,19.2308809
47.957133,20.456683
47.9571477,20.6937027
47.9573605,21.7888487
47.9573645,22.6041408
47.9576308,20.8730745
47.957812,20.503017
47.957903,20.500299
47.9579781,22.660501
47.9580342,20.6152111
47.958168,19.7479331
47.9582105,22.6061752
47.9582614,20.6925874
47.958297,19.6820721
47.95838,22.31808
47.9584141,20.6959412
47.9584318,16.8353272
47.9584818,21.7774512
47.958488,20.505738
47.958575,21.7264177
47.9586064,21.7872966
47.9586261,21.7243946
47.9586469,20.7437052
47.958683,22.6571
47.9587005,21.6992195
47.958747,20.952989
47.9587662,21.9325219
47.9588071,22.0127733
47.958848,20.188105
47.9590703,20.8775895
47.959134,21.7100618
47.9591545,21.70994
47.9592217,20.9486398
47.9593466,22.3216908
47.9593676,21.7101071
47.9594143,21.7098858
47.9594934,21.7921844
47.9595354,21.7316873
47.959679,21.7070534
47.9597,22.65785
47.9597875,16.792345
47.9598669,21.797258
47.9598669,21.9295868
47.9600165,21.7322646
47.9600769,21.793595
47.9601307,21.7335309
47.96022,19.68679
47.9603581,21.7390401
47.9603757,17.3417782
47.9603884,19.6802517
47.960513,20.503707
47.9605632,19.6835451
47.960572,19.684991
47.960587,19.682046
47.9606075,21.7156541
47.9606359,22.6092506
47.9606398,21.6153215
47.960652,21.7134751
47.960729,20.606549
47.9607373,22.0116675
47.9611131,22.3224673
47.9611705,20.1428586
47.961511,18.873764
47.961603,21.933153
47.9618687,21.7242404
47.9621748,20.9412613
47.9622086,22.0099151
47.9622233,21.7146216
47.9623595,22.3102176
47.962427,22.6078253
47.9628517,22.3272657
47.962867,20.608884
47.9629038,21.7217568
47.9629222,20.6948137
47.9629329,19.7453865
47.9629451,19.5889449
47.963007,22.111033
47.9630293,20.9402064
47.9632863,20.9384072
47.963433,22.60715
47.9634623,22.3266113
47.96369,22.6123
47.9637322,20.6056765
47.9637369,19.0108621
47.9637715,21.7158387
47.9638359,22.3075998
47.9638364,19.3517911
47.964073,19.4926751
47.9641508,22.6149139
47.9642423,19.3506922
47.9643441,21.723982
47.9643493,22.608417
47.964567,22.6069
47.9647564,20.7429285
47.9649534,21.9951143
47.9649887,21.7242184
47.9650107,19.28606
47.9650482,21.7128608
47.965067,22.623583
47.9650982,21.7227594
47.9651123,22.2499181
47.9651152,22.0079674
47.9651555,21.7331966
47.9651885,21.7273985
47.9652521,21.7252782
47.965383,22.606167
47.9654134,21.7234794
47.9654217,19.3114355
47.9655682,17.2878644
47.9656786,19.6092063
47.9657364,17.2934018
47.9658017,19.6070964
47.9658117,21.6925947
47.9659864,21.7284458
47.9659964,21.7270816
47.9660413,19.351269
47.9661092,20.8834649
47.9661558,21.0400132
47.9661566,21.723409
47.9661758,21.7255072
47.9662762,21.7243611
47.966289,19.3443572
47.966306,19.614694
47.9663249,19.6131556
47.9665927,22.0994546
47.9666398,22.6294776
47.966677,17.311788
47.9666854,18.934016
47.9666985,21.7264726
47.9667214,21.7892665
47.966806,20.610559
47.9668405,19.3108253
47.9668773,19.6111804
47.9668984,19.3457619
47.9669064,19.6111889
47.9669472,19.8424054
47.967033,22.606
47.9671758,21.7243869
47.9672427,20.7446659
47.967286,19.8182379
47.96737,21.7285346
47.9674,20.984533
47.967417,22.3255116
47.9674808,21.7257613
47.9676433,19.3489113
47.9677227,17.2120928
47.9677483,21.6952229
47.967861,20.1488346
47.9681642,21.7297204
47.9681724,19.8431245
47.9681881,18.9232299
47.968215,20.526124
47.9682296,19.4816928
47.9683012,21.7287533
47.9683221,21.5834176
47.9683291,21.5238569
47.9683325,21.5813495
47.9683333,20.0218333
47.9683733,20.1508047
47.9683836,21.7279661
47.9684005,17.2910072
47.9684254,22.6297867
47.968437,20.1492141
47.9684416,22.2483947
47.9684667,22.6041019
47.9684878,21.7253573
47.9685028,20.148039
47.9685429,21.7267812
47.9686178,21.7298314
47.9686385,19.8264328
47.96879,18.97272
47.9688742,19.0015035
47.9688751,22.2411422
47.9689472,21.7254596
47.9690364,21.7298501
47.9690411,21.7138915
47.9690511,21.7281314
47.9690684,21.6940896
47.969175,19.844653
47.9692554,22.0065861
47.9693494,22.2440852
47.9693756,21.7282941
47.969388,19.847923
47.9693883,21.7297538
47.9694202,21.7294949
47.969433,22.603033
47.9694877,21.7288781
47.96965,22.605633
47.9696977,21.9933522
47.9697823,21.729887
47.9697902,20.1513197
47.969819,22.2471513
47.9698705,21.7282642
47.9698927,21.7265869
47.969915,19.8299052
47.9700526,20.40675
47.9700592,21.7271665
47.9700876,21.7299597
47.9700914,22.0059473
47.9701249,21.7258098
47.9702461,17.2990566
47.9702733,19.8348954
47.9702737,21.7288187
47.9702969,21.7311309
47.9703109,22.2536846
47.9703129,21.7269925
47.9703937,21.7300399
47.9704109,21.7280804
47.9705085,19.8364444
47.9705582,21.7188119
47.9706423,22.2503207
47.9706437,21.7300818
47.970713,19.3567088
47.9707542,21.7289443
47.9710048,21.7301782
47.971021,17.2816693
47.9710716,19.3536326
47.9710823,19.3448344
47.9711255,21.7290429
47.9711425,19.7806571
47.9716044,21.7291342
47.9716984,22.6079495
47.9717449,19.3513602
47.9718042,20.1520895
47.97185,19.899887
47.9719676,19.3450999
47.9719844,19.114465
47.9721145,19.7658763
47.9723238,21.7233046
47.9724935,22.1849735
47.9725724,22.1855178
47.97295,19.766833
47.9730038,21.7246655
47.973065,20.151792
47.9731331,19.0952558
47.9732704,20.4161902
47.973567,22.637317
47.9737025,21.9780615
47.9739133,19.7675025
47.9739499,19.4247886
47.9740051,22.1842712
47.974202,19.669945
47.974241,20.151379
47.9743159,18.9521444
47.9743244,19.4712536
47.9744777,22.198249
47.974618,22.2511311
47.974943,18.783136
47.9752204,19.4730641
47.9755623,19.7715018
47.9757525,19.1115743
47.9758067,18.9567697
47.9758988,19.4264416
47.975911,20.458652
47.975969,19.7762091
47.9759814,21.975787
47.976062,20.151391
47.9761024,22.5246452
47.9761779,21.7254204
47.9762139,19.1629516
47.97625,22.641917
47.9763225,21.6877584
47.9763605,17.2967842
47.9764124,20.279072
47.9766352,21.725366
47.9768387,19.6369672
47.9770817,21.7213146
47.9771946,19.9160188
47.9773236,19.1132773
47.977423,19.77529
47.97745,22.64515
47.9775391,21.6893032
47.9775924,18.7850326
47.9780589,19.6410637
47.978065,19.642343
47.978083,21.7173
47.9781643,22.5165364
47.9783138,19.6392317
47.978748,22.524027
47.9789671,22.5234372
47.979003,19.774908
47.9791076,18.7887849
47.979195,21.799985
47.9792676,19.6397392
47.9794207,18.9938562
47.9795068,22.2493877
47.9795917,20.5006975
47.9795965,19.4256926
47.97963,22.2475752
47.979711,18.89621
47.9797483,19.6380647
47.9798532,18.9376298
47.9799959,19.8192104
47.9810273,21.7213372
47.981037,19.932906
47.9810763,21.721239
47.9812772,20.4338659
47.9813998,21.7210135
47.9815267,19.722649
47.9816787,20.6346743
47.9819707,22.5066224
47.98201,20.631091
47.9820253,22.1928181
47.9820977,21.593417
47.9821401,18.7812794
47.982142,20.927102
47.9822434,19.3733655
47.9822487,16.7863081
47.9822499,20.6693266
47.9822775,20.9298244
47.982281,16.7863741
47.9822926,16.7862975
47.9823143,22.2477561
47.9824696,20.36
47.9826947,20.4355451
47.9827355,22.2505727
47.982771,22.2537486
47.9829215,22.5197868
47.9829972,20.9551254
47.9833152,20.0291286
47.9833208,19.3755067
47.983333,21.781683
47.983408,18.779344
47.9835839,18.9662949
47.9837312,18.9477588
47.983783,21.781633
47.9840697,21.680875
47.9843283,22.2471304
47.9843784,16.8528551
47.9844347,20.7841669
47.9844743,21.6472727
47.9845189,20.9530916
47.9845682,21.7281884
47.9848869,22.2475414
47.9849172,20.9538258
47.9850522,22.2520774
47.9851106,20.3418371
47.9851982,18.9230719
47.9852823,21.7285259
47.98535,19.53685
47.985383,22.147167
47.9854555,22.2496172
47.9854568,20.330698
47.9854718,22.2497163
47.985485,20.150199
47.9855348,20.7869283
47.9856683,20.5665025
47.9858028,20.7811783
47.9858107,19.7194585
47.9858384,22.0677782
47.9859346,19.8060335
47.9862045,19.7116846
47.9863304,21.7979341
47.9863406,19.7198579
47.9864856,20.33093
47.9864857,22.5156595
47.9864976,19.8423426
47.9865958,21.6850195
47.986616,20.7802834
47.98669,20.332055
47.9868095,21.6815052
47.9869422,20.1246242
47.9870091,21.7952194
47.9870794,21.8106085
47.987364,20.508049
47.9874282,19.902935
47.98753,20.3312459
47.9875518,20.7782039
47.9875598,20.3333483
47.9876406,20.345292
47.9878086,20.341235
47.9879596,21.8042754
47.9883022,20.7729154
47.9883867,19.8468264
47.9884495,20.3308095
47.9885208,20.1273734
47.9885986,22.0826356
47.9886277,19.8412889
47.9887081,16.7264145
47.9887975,20.7817077
47.988841,20.49676
47.9892751,22.5141685
47.9893171,16.8657712
47.9893791,20.0161531
47.989383,22.62645
47.9894935,20.4963766
47.9895135,18.9174455
47.9895358,21.6758789
47.9896734,20.2686964
47.99022,22.62741
47.9902286,20.0154376
47.9902548,20.3497203
47.9904847,20.7803067
47.9905027,21.8048319
47.990691,20.467903
47.9907801,20.2650314
47.9909642,20.1733657
47.9914269,21.6800571
47.9917714,21.6757115
47.9917867,18.8602877
47.9919332,22.1492362
47.99198,22.62982
47.9920963,20.8282195
47.992133,22.63062
47.9921878,22.1545106
47.992212,22.0834842
47.992534,20.835949
47.9925389,21.6805262
47.9925536,18.9534804
47.992693,20.7734983
47.9927507,20.8400728
47.992783,22.631683
47.9928431,20.8439341
47.9929,22.63405
47.9930319,22.1492183
47.9931463,20.8293803
47.9933809,20.173358
47.9934206,20.321602
47.9935199,22.3260905
47.9936573,19.7385237
47.9938646,19.1008826
47.9941967,19.8957451
47.9943,18.8625246
47.99454,19.5824578
47.994977,20.492627
47.9952753,22.5668115
47.9955359,19.2037748
47.9959734,19.1297906
47.9959955,22.5085728
47.9964139,20.91901
47.9964244,22.5553106
47.9964363,22.5141616
47.996491,21.728267
47.9967272,19.2003776
47.996883,19.7002
47.9969027,19.7001872
47.9969549,19.62044
47.9969618,19.5892923
47.9970974,19.701151
47.997137,22.5660671
47.997208,21.724863
47.9975034,19.5913757
47.9975426,19.5936019
47.9975949,19.5930682
47.9976305,19.1966954
47.9976463,19.5827516
47.997751,17.195706
47.9979148,17.1995859
47.9982735,16.8577172
47.9984033,18.8592917
47.9985833,19.7520194
47.9987,22.56843
47.9988148,20.8434755
47.9988653,19.5886456
47.9991879,19.0941199
47.999222,22.1776
47.9993275,21.675988
47.9993693,22.1779095
47.9996,19.764383
47.999635,20.9485
47.9998226,19.2009299
47.9999192,16.8600384
47.999942,17.1960648
48.0000668,19.760553
48.000299,22.172765
48.000633,22.165167
48.000691,22.0840767
48.0010315,21.7281633
48.00107,22.329776
48.0012641,20.3753953
48.0014039,21.685153
48.0014368,19.7650338
48.0016,18.89771
48.0016822,22.174614
48.0020068,21.5456222
48.0021407,19.0794928
48.00215,22.57051
48.002195,20.685012
48.0022102,21.7309549
48.002548,20.950117
48.0026521,21.9240958
48.0028925,19.0924777
48.0030432,20.4423135
48.003127,20.685629
48.003372,20.91775
48.0033745,19.1871131
48.0034377,19.8347204
48.0035878,19.0903706
48.0036954,21.7264659
48.003886,20.923301
48.0040574,20.1839346
48.0040755,22.4466022
48.0041135,19.8219336
48.0042782,19.909197
48.0043417,19.7581073
48.0043977,16.8578408
48.0045318,21.6760215
48.0046303,19.7582979
48.0046762,19.7584204
48.0047116,19.7583743
48.0047416,20.9494775
48.00475,19.3402
48.0047833,22.0829089
48.0050754,21.7258316
48.005203,20.687161
48.005273,22.0810989
48.0053721,21.7466246
48.0054758,21.923266
48.0055079,21.6158756
48.0056061,19.8349458
48.005612,19.848147
48.0057116,21.9634241
48.0057814,21.6176141
48.0058642,19.9003782
48.005927,19.837473
48.00608,19.838422
48.00638,20.691328
48.006387,20.48902
48.0064556,21.6181686
48.0064777,21.6388148
48.006603,19.841125
48.0067181,22.0762214
48.00704,19.834182
48.0071204,18.9936516
48.007138,19.842405
48.0071841,21.7196456
48.0072451,21.7201895
48.007268,19.84512
48.0074299,21.6152152
48.0074884,21.721123
48.007572,20.845332
48.0077016,21.6188495
48.0078957,19.8354815
48.0079818,19.5026998
48.00799,20.69055
48.0083814,21.7180851
48.00842,20.69152
48.0085161,19.4995785
48.0085463,21.7175125
48.0086738,21.7198343
48.0086925,20.6839262
48.0087775,21.7192433
48.0088251,21.7196058
48.0088977,21.615934
48.0089121,20.6849541
48.0090159,21.7176024
48.0091208,21.9226067
48.0091854,21.6319974
48.0093166,21.6252266
48.0094212,20.6862105
48.0094699,21.6370529
48.0094749,21.6204269
48.009496,20.69192
48.00961,20.646551
48.0097715,19.8322677
48.0097739,21.9623504
48.009782,20.683921
48.009783,19.83615
48.0100058,21.6329305
48.010073,21.6149777
48.0101025,21.6275831
48.0102726,21.7462739
48.010297,20.692041
48.0103356,21.6387275
48.01038,20.68954
48.0104114,21.6164801
48.0104429,20.6831
48.0106254,21.1639718
48.0107073,20.6811762
48.0107327,21.6212011
48.010864,21.3712588
48.0109333,21.9212639
48.01114,20.67879
48.011148,18.974157
48.0111747,21.6243964
48.0112652,21.9189066
48.0113435,22.0492537
48.0113519,21.6362847
48.0113577,18.8905335
48.011565,19.836407
48.0116732,21.621419
48.0116798,21.639212
48.0117591,20.8208321
48.0118217,22.0466666
48.0118853,21.1674289
48.0119293,21.6429946
48.012119,20.694441
48.01212,21.6344231
48.0122645,21.9618727
48.012328,20.686704
48.012378,19.9699968
48.0124848,21.6188582
48.0125318,21.7428723
48.0126481,19.6885274
48.0128795,19.277034
48.0129015,21.62525
48.0129138,19.8365538
48.0130752,21.645301
48.0133848,16.928268
48.0134448,20.8183418
48.0134774,21.620522
48.0135245,21.6905458
48.0136113,20.8196445
48.013629,21.6939601
48.0136683,21.3734073
48.0136814,18.9533008
48.0137936,20.8344237
48.013869,20.688896
48.0138765,21.6233485
48.0138932,19.2989646
48.0141025,21.9181829
48.0141085,21.6501682
48.0141247,21.6474163
48.014198,19.836378
48.0142511,20.816304
48.014263,20.685516
48.0142709,18.8939658
48.0142916,19.515211
48.0144419,19.2838471
48.014446,21.9617106
48.014464,18.88585
48.014523,19.2964943
48.0145502,21.6360803
48.0146024,20.5895943
48.014632,18.961163
48.0148274,21.6899927
48.0148693,21.7061625
48.0150288,20.6793156
48.015033,19.979154
48.0150708,21.6230026
48.0150901,18.8941872
48.0153615,19.9720645
48.0154187,20.6796327
48.0155757,21.6390679
48.0156249,21.9194929
48.015702,21.8235018
48.0162071,19.2811811
48.016231,20.837673
48.016243,19.9707734
48.0163139,16.849053
48.0166218,19.2741278
48.0166983,18.8949114
48.016853,20.655472
48.0172085,21.375145
48.0172237,18.9380681
48.0173905,21.9206461
48.017486,19.969769
48.0176696,18.8936294
48.0177336,21.3759903
48.017851,21.385424
48.017959,21.388922
48.0181822,20.8229622
48.018216,21.359718
48.018259,21.364675
48.018616,19.989992
48.0186206,19.7270404
48.018621,19.9692859
48.01871,21.346843
48.01877,18.893108
48.018782,18.890739
48.018795,21.365662
48.018946,21.34414
48.0190833,21.9614033
48.0193165,20.8441226
48.0193744,22.2657895
48.019528,19.1484747
48.019533,22.146933
48.019546,21.336758
48.0195904,19.6739501
48.019603,20.8283167
48.0197548,19.0036011
48.0199287,20.8269856
48.0200657,21.6902294
48.02019,21.33251
48.0202842,20.1023827
48.020383,20.452767
48.0205253,21.3721146
48.0205917,20.0604612
48.0207364,22.2831852
48.0209802,20.3610354
48.0209891,19.0026998
48.021024,18.895416
48.0211301,21.9609705
48.0212487,20.3567441
48.021256,19.967571
48.0212563,22.1397286
48.021413,21.451449
48.0214239,19.3893185
48.0219921,22.2816609
48.0221259,19.1499435
48.0222574,19.9658634
48.0222612,20.8303857
48.0223119,19.1531698
48.0224145,18.8966903
48.0227555,21.9606627
48.022813,16.7814775
48.022949,19.661302
48.0230859,19.9638786
48.0232525,19.9620306
48.0234449,19.8322493
48.02358,21.451943
48.0237502,19.3892186
48.0238376,20.351118
48.0239204,16.7754488
48.0239696,20.401598
48.023983,18.899283
48.0241736,19.9599977
48.0246128,21.6524966
48.0246459,19.8257758
48.0248353,21.9604058
48.0250853,22.2664102
48.0250939,19.9582711
48.0252209,22.2767757
48.0252828,19.8680022
48.0253846,21.6904404
48.0261636,19.8678175
48.0262641,18.9164747
48.0263124,18.8514208
48.0263884,20.2600327
48.0264408,19.3863925
48.026783,20.951233
48.0270863,19.3820738
48.0272114,19.0439103
48.0273374,19.3856898
48.0273863,20.6462844
48.0275978,19.3784747
48.0279156,18.9146176
48.0281059,19.3854776
48.0282373,19.9503578
48.028453,19.8702134
48.028733,22.678117
48.0288028,21.7725688
48.0288613,19.3778983
48.0290084,18.9132975
48.029281,18.84603
48.0295297,19.3848959
48.0300343,19.8693492
48.0302723,19.8740563
48.0304248,18.9110948
48.0305467,19.3790057
48.0306483,19.3825865
48.030933,22.584267
48.0313682,19.3849549
48.0315152,18.9133455
48.03154,19.57664
48.031559,20.3303323
48.0320087,19.8698271
48.0321856,21.2407746
48.032269,21.060399
48.0322955,18.9142419
48.0325278,16.9623909
48.032587,19.947589
48.0327462,18.9126557
48.032787,19.8710923
48.0328107,20.9616234
48.0328349,20.5070189
48.032862,18.843146
48.0329368,18.9151363
48.0329663,19.3241894
48.0330792,19.0135127
48.0332271,19.4255292
48.0332999,20.1036018
48.0333735,22.1307228
48.0333872,19.4239878
48.0338086,19.4282287
48.0340245,18.9142567
48.034447,19.1730874
48.0344982,20.9626647
48.0346233,21.0541042
48.035077,20.246256
48.0351243,19.9530486
48.0352773,18.9146443
48.035645,20.46082
48.0356451,18.9125492
48.0358989,20.8390461
48.035967,18.9137
48.0362885,19.5361238
48.036466,19.942943
48.0366933,18.9160605
48.0367559,19.3223191
48.0368014,20.4026939
48.036906,21.37579
48.037735,18.909163
48.0378883,19.5300734
48.0378904,19.3270916
48.037901,19.98205
48.037953,21.377554
48.0380312,20.4786495
48.0380637,20.354053
48.038108,19.486143
48.0383332,22.4070275
48.038622,21.380296
48.038632,19.1618286
48.038633,18.91515
48.038699,20.968413
48.0387429,20.7172857
48.0389402,22.4058219
48.03905,18.985367
48.0390779,19.9783027
48.03918,21.379545
48.039226,18.9146657
48.039268,19.993605
48.039341,19.434008
48.039443,20.968392
48.039472,20.8406112
48.0394868,19.1690865
48.0396243,19.928017
48.0396289,20.9061126
48.03965,19.9844
48.0398592,19.9937365
48.0401711,19.4904671
48.0402339,22.4029258
48.0402476,19.1579956
48.040296,21.38315
48.04079,21.384072
48.0408734,19.5754541
48.041027,19.9245778
48.0411918,22.3957192
48.0412369,20.4134194
48.0413401,22.4029874
48.0413442,22.3995767
48.0417707,20.4872699
48.0419857,20.407733
48.042087,22.3947457
48.0422238,22.3969331
48.0424844,20.4278388
48.0425732,19.0569976
48.042727,21.3833489
48.0427284,20.4712191
48.04278,20.10069
48.0429288,20.3800946
48.0429468,18.9024594
48.0431992,20.9014979
48.0435015,20.442116
48.043515,22.3950244
48.0435954,21.9785276
48.0438393,19.0106613
48.044135,19.5268601
48.0441513,21.4633421
48.0443591,20.9485423
48.0452029,22.3932966
48.0458,22.3961409
48.0463009,21.4556931
48.046551,22.3913451
48.046647,20.4441169
48.046647,21.384697
48.0471489,20.8436963
48.0473422,20.4792933
48.047722,22.641861
48.0477356,21.4527671
48.0477592,16.8317543
48.047832,22.357901
48.0478529,19.0519265
48.0479302,20.530729
48.0480112,20.3481261
48.0480948,19.0443174
48.0481623,17.0350091
48.048167,19.279033
48.0482224,19.2789106
48.0482736,20.2486732
48.0482741,22.3908248
48.0485596,22.6440571
48.0486,19.235667
48.0488707,18.994109
48.0490831,18.9924701
48.0491143,20.3644454
48.0491974,19.2340399
48.04954,21.632971
48.0496011,18.9948182
48.049605,19.863328
48.0497743,16.9365587
48.0498,19.85575
48.049837,20.525744
48.0499751,21.936028
48.050083,19.856533
48.05034,20.34635
48.0503805,20.3167455
48.050433,19.8994066
48.050725,20.781335
48.0511149,20.3501843
48.0521157,19.4337738
48.0521845,19.047117
48.0522014,19.8921886
48.05247,20.35672
48.05255,19.234517
48.052583,19.231233
48.0526608,19.0347079
48.052815,19.8966439
48.0528583,20.5301229
48.0529575,20.3149639
48.0530812,21.5592084
48.0532756,20.4822448
48.0534497,21.9356876
48.0536975,19.2303964
48.053755,22.0819222
48.0540234,21.8852904
48.0542226,19.8953109
48.0542506,20.781578
48.0542937,20.7918932
48.054299,20.268327
48.0543207,19.273528
48.0544462,19.2708868
48.0546566,21.561494
48.0547,19.224433
48.0547123,20.1734787
48.0547159,19.0469503
48.054978,20.381342
48.0552172,20.3505815
48.0553599,20.1796773
48.0554087,21.9353988
48.0554769,21.79679
48.0558305,20.3143595
48.0564694,21.9444822
48.0566794,19.4231468
48.0570211,19.6503462
48.0572152,22.5543129
48.057355,21.9351205
48.0573601,20.3536085
48.057467,20.391767
48.057484,20.630259
48.0575531,19.7868609
48.057858,20.109772
48.058091,20.226227
48.0581096,20.6278017
48.0584481,19.7786375
48.0586269,19.7801239
48.0587429,20.1127978
48.0591488,22.5073466
48.059307,22.561657
48.0594263,21.9343323
48.059494,20.628875
48.0603609,20.7461582
48.0603829,21.8723067
48.0604407,19.1074184
48.0604519,21.8723258
48.0606738,20.7448387
48.0607161,20.74718
48.0609474,21.8700337
48.0610982,21.9342345
48.0613428,20.7464345
48.061699,21.410201
48.061892,20.600757
48.0620426,20.7447352
48.0621907,19.102096
48.0628733,21.7991447
48.0629,20.1779077
48.0632627,22.1982981
48.063383,20.594366
48.0634843,19.1089413
48.0635639,22.5161705
48.0635722,19.3480772
48.0636395,20.4822976
48.0637506,20.7316102
48.0637613,21.934559
48.0641799,19.2929792
48.0642514,21.5359469
48.064306,22.514033
48.0643876,20.753631
48.0646451,21.7936674
48.0647106,21.8760087
48.0648602,16.7800984
48.06489,20.6244479
48.0649645,20.1057594
48.0650563,19.7944043
48.0655943,19.7703448
48.065676,20.629316
48.0657351,21.8016917
48.065768,20.635504
48.065867,22.1853
48.0658735,19.7878734
48.0662,20.145333
48.0662078,20.6271643
48.0662206,19.6818821
48.0662833,19.3413086
48.0664356,19.7824906
48.0665317,19.7758663
48.0665527,19.3490067
48.066567,20.8206
48.0666935,19.7780429
48.0667273,19.7899477
48.0670866,20.7872929
48.0671555,20.8279363
48.0672301,19.7778359
48.0672637,20.6309093
48.0672807,21.8019639
48.0673675,19.7721106
48.0674112,19.6756102
48.0674459,16.7873709
48.06746,20.63513
48.0675362,19.7702976
48.067625,21.311408
48.0679718,20.630224
48.0680214,20.6819582
48.0680812,20.8225714
48.068216,19.6832547
48.0685445,19.2594422
48.0685596,21.8019111
48.0686314,20.78997
48.0687032,19.6239498
48.0688089,20.6406812
48.0690355,20.5498885
48.0698293,19.2930629
48.0698314,19.7881683
48.0699485,20.7889393
48.07,20.64932
48.070715,20.7605099
48.0707572,19.8041575
48.0708702,20.7913423
48.0712267,19.2933405
48.0714847,19.7873694
48.0716335,19.7920901
48.0716862,20.8785798
48.0719138,20.7819964
48.0720814,19.2745554
48.0722405,20.8358363
48.0724227,19.7865661
48.0724732,20.7894947
48.0724884,20.8278771
48.072602,20.4150021
48.0727261,20.7626834
48.0730307,20.8337477
48.0732727,19.6168866
48.073318,20.76306
48.0734344,20.7380591
48.0735079,21.8050952
48.0735616,20.3942767
48.0737472,19.3014832
48.0742197,21.7997525
48.0748555,16.9519727
48.0749016,19.3011915
48.0750756,16.8944122
48.0753934,19.3039086
48.0755643,20.7554729
48.0756129,19.3060191
48.075617,22.2104
48.0756829,19.3027897
48.0758774,19.3009208
48.0759523,19.411502
48.0761678,19.4025997
48.0761874,19.7741205
48.076228,20.7869931
48.0766803,21.8022177
48.0767851,19.3025319
48.0768003,19.2984992
48.0768806,20.7505323
48.0771399,19.888612
48.0771919,19.3074068
48.077252,20.274565
48.0774143,19.5222493
48.0776408,19.3009387
48.078032,20.728582
48.0781936,20.2731778
48.0789561,20.6680271
48.0794176,19.2908657
48.079489,20.615516
48.0797886,21.9323781
48.0800414,19.2937816
48.0801563,20.2786356
48.080226,19.6089111
48.080339,20.615922
48.080387,20.751727
48.080742,20.615543
48.0811332,21.2508898
48.0812634,21.7539287
48.081581,20.688612
48.0817932,19.5115473
48.0819653,19.3056601
48.082071,20.661026
48.082243,19.2999027
48.0824504,19.3097309
48.0826504,20.05141
48.0826925,19.5191036
48.0831385,19.3007818
48.0833526,19.4269811
48.083383,20.638883
48.0834168,20.734335
48.0835453,19.7053501
48.0838946,19.4240803
48.0840595,19.6070981
48.0842337,20.8123673
48.084279,20.743892
48.084567,22.614767
48.0847762,19.5226289
48.0849184,19.9989336
48.0856221,22.6292996
48.0856226,20.7256012
48.0856284,22.6242264
48.0857035,19.4338931
48.0857325,22.6264975
48.0858772,22.6255868
48.08623,19.80946
48.086359,21.136096
48.0864542,19.4319954
48.086589,22.333743
48.0866647,19.429041
48.0867054,20.9601007
48.0867096,22.6380431
48.0867264,20.949383
48.0867358,22.3569754
48.086833,22.6321
48.0868803,19.573163
48.087033,20.664567
48.087135,21.137736
48.0873859,19.4353093
48.0880645,20.7894515
48.0881045,20.7522869
48.088233,20.709817
48.088318,20.729417
48.088433,20.17825
48.0884577,20.7079376
48.0886027,19.793681
48.0888649,19.4296834
48.088988,19.574233
48.088997,20.730908
48.089032,20.730138
48.0890577,20.7061524
48.0891,20.728673
48.089291,20.7104873
48.0894774,19.79132
48.089652,20.8002291
48.0898539,19.4347863
48.0899858,20.708739
48.090055,20.620836
48.0902033,19.4319378
48.0903445,20.3017411
48.090395,20.785922
48.0904297,20.7740082
48.0905599,17.0661344
48.0905845,20.960867
48.0906078,20.7587661
48.0906709,20.7608436
48.0911694,16.7301131
48.091211,20.7731428
48.0913414,20.6318999
48.0917797,20.6395706
48.0919286,19.4359866
48.092009,20.699591
48.09201,20.61307
48.0922098,22.1036072
48.0923891,19.5215426
48.092985,20.771281
48.0929927,19.4381484
48.0931576,20.7267669
48.0934638,16.7991723
48.0935939,20.6972488
48.0938009,20.6994438
48.0939533,20.6954896
48.0941611,20.6199957
48.0942331,16.7983518
48.0943571,20.6943445
48.094409,20.6973442
48.0944329,17.0637696
48.09445,20.29425
48.0944865,20.0425353
48.0945732,21.6408202
48.094627,20.7264319
48.0948002,20.6923118
48.0948712,20.6959192
48.095001,21.470818
48.0950948,20.7251289
48.0951122,20.0454727
48.09518,19.83214
48.0952246,20.8167524
48.095428,20.694477
48.0954723,20.7891322
48.095542,20.3827943
48.095567,20.656017
48.0957809,22.1045298
48.0957811,20.6972525
48.0961606,20.6961418
48.0963349,20.796865
48.0966375,20.6934624
48.0966661,20.7856031
48.0967117,20.694129
48.096982,16.9853895
48.0970734,20.7703006
48.0975,20.7894057
48.0975017,20.5258478
48.097683,20.681033
48.0978406,20.694416
48.0980893,21.6465036
48.098117,20.6827
48.098267,20.695317
48.0982762,20.7987069
48.0982873,20.8099213
48.098328,20.778622
48.0984111,20.67507
48.0984337,20.688467
48.098436,20.8098757
48.0984492,21.8829666
48.098519,20.779835
48.0985524,20.5691244
48.0986367,20.8097402
48.098659,20.8098006
48.098733,20.67675
48.099029,19.827586
48.0990948,20.7643786
48.0992505,16.9897118
48.0993291,20.8073087
48.0993674,20.6886227
48.0994001,20.7204872
48.0994258,20.7216441
48.0995052,20.8028439
48.099767,20.691583
48.0997812,19.8049923
48.0997851,20.6909347
48.0998312,20.7778056
48.1002,20.773167
48.1003318,20.6891719
48.100417,20.6874
48.1004673,21.8826849
48.1004801,19.8169628
48.100507,20.8103932
48.1005618,22.1062733
48.1006461,20.7312251
48.1006556,20.6954189
48.100717,20.685067
48.1007651,20.622059
48.1008021,20.7364372
48.1009787,20.7773258
48.1014934,20.7357038
48.1015352,20.7734143
48.1016473,20.6959113
48.1016647,19.771248
48.1017797,20.5748754
48.1017991,20.686725
48.1019609,20.090798
48.1020007,20.7848972
48.102019,19.772417
48.1020584,19.8175271
48.1020642,20.8646863
48.1024309,22.1077255
48.1024495,20.7647702
48.102633,20.682033
48.1028,20.971833
48.1028111,20.8534794
48.1029336,20.7784087
48.1029558,21.8823408
48.103062,20.789367
48.1031534,20.2703787
48.1032144,20.5127666
48.1034236,17.0389918
48.103455,20.6226428
48.103489,20.2753946
48.1036329,20.2663956
48.1038506,17.0377
48.103983,20.672583
48.1042503,19.8312664
48.1044608,21.6529261
48.1047235,19.8061865
48.10481,20.763161
48.1048789,19.8021537
48.1051,20.6737
48.1051405,21.7669453
48.1051812,20.6891272
48.1052083,17.0473119
48.1052782,19.8081756
48.10529,20.25576
48.1053707,20.388553
48.105417,20.792826
48.1055013,20.7914945
48.1055786,20.7735814
48.10561,20.721739
48.1056763,20.7578522
48.1058016,20.6261728
48.1058156,20.7042454
48.105817,21.413467
48.1058413,20.8535682
48.1059167,20.7922678
48.105942,20.628689
48.106295,20.632429
48.1063359,20.7537845
48.1063822,20.4909993
48.1066524,19.6763048
48.1066957,20.6852785
48.1068115,20.7537216
48.1068804,20.7375914
48.1069798,20.6303448
48.107017,20.38735
48.107327,21.9232289
48.10735,20.671283
48.1073573,20.6873925
48.1076101,20.7950292
48.1077938,20.5543638
48.107825,20.5544169
48.1080213,19.8227866
48.108031,20.5311508
48.1082042,19.8131432
48.1082198,20.3842996
48.10834,21.9161705
48.108471,21.398642
48.108686,22.0945537
48.108714,20.381575
48.1087477,20.7849776
48.1087903,21.9215929
48.1088439,20.6135078
48.1090535,20.3878756
48.1091145,16.7796325
48.1093303,20.2184722
48.109331,20.638832
48.1095024,20.7866755
48.1099099,16.8586412
48.1099227,21.4046553
48.110182,20.516363
48.1102258,20.776475
48.110462,21.174235
48.1107728,20.7704407
48.110817,20.288483
48.1108689,20.535538
48.110967,20.363348
48.11133,19.860951
48.1114711,19.8179428
48.1115,21.180483
48.1115493,20.7860938
48.1116741,20.3903852
48.1119142,21.9270845
48.11195,21.177925
48.112183,21.181534
48.11222,21.9163189
48.1123097,21.4065379
48.1125756,21.0616843
48.112803,21.4073284
48.1128482,20.7617302
48.1129381,20.5128689
48.1131033,19.8074269
48.1132373,21.1799007
48.113347,20.593667
48.113595,21.8798925
48.1139876,21.6554636
48.1141562,20.7638856
48.11423,20.726692
48.1143619,20.6551268
48.11438,21.181695
48.1152595,20.6484798
48.115353,21.183588
48.1153766,20.6088468
48.1156243,20.5572213
48.1157202,21.8785915
48.1157457,20.5797791
48.115817,22.245717
48.115877,21.18517
48.1160508,19.8469875
48.1160684,20.6602281
48.116507,20.623402
48.1165511,20.6725708
48.1167752,20.5499845
48.116783,20.256621
48.1168448,16.7272183
48.1168934,21.8821489
48.1170612,21.4883049
48.1171744,20.6211647
48.1173063,20.641272
48.117343,22.342469
48.11744,19.86562
48.1174885,20.9095895
48.117551,19.8255283
48.1176461,19.6573775
48.1180691,20.519828
48.1180728,20.5688235
48.1180956,21.4786248
48.118552,20.578632
48.1186249,20.5287238
48.11864,20.718076
48.1188172,19.8213597
48.119086,20.72096
48.119273,20.0946704
48.119278,20.714677
48.1192863,20.0487667
48.1193534,20.9035752
48.1195076,20.5665978
48.1196052,20.6557219
48.1196511,20.7024896
48.1197328,20.9046769
48.1198461,21.4123369
48.1202274,19.8330329
48.1205407,21.1203703
48.1205633,20.5390666
48.1206561,20.2113354
48.1207226,20.7095431
48.1209464,19.8316061
48.1212116,20.2200829
48.1214194,20.5504504
48.12145,20.656867
48.1216703,20.235375
48.121684,22.314584
48.1217394,19.8388946
48.1219346,19.8240082
48.1220508,21.4161765
48.1224119,20.612772
48.122658,21.3492913
48.1228932,21.3503596
48.123105,20.612277
48.1233185,21.8209929
48.1234061,20.5868992
48.123417,20.656533
48.123465,19.89418
48.1235307,20.2461136
48.123723,21.345073
48.12424,20.51455
48.124333,21.348345
48.1243894,19.8600164
48.1244047,21.8691964
48.124569,21.405201
48.1247393,22.342605
48.124749,20.655755
48.1249736,21.3405108
48.1249999,20.5172448
48.125133,20.902002
48.125233,20.562467
48.1253159,21.3504571
48.125333,20.5245
48.1256159,21.4082645
48.125835,21.349586
48.1259899,20.5285733
48.1262188,21.71266
48.1262574,19.8586646
48.126641,20.178465
48.1269767,19.8833598
48.12709,20.706992
48.1273798,22.1220619
48.127569,19.856014
48.127633,21.349133
48.1278435,19.8795175
48.1285444,21.3869342
48.1289792,20.7101893
48.1291578,21.3877534
48.129316,19.8802848
48.129483,20.548706
48.129767,21.3475
48.1298553,16.9038682
48.1299214,20.4825229
48.130414,22.1186647
48.130512,19.879676
48.130533,20.711376
48.13055,20.671483
48.130588,20.676398
48.1306973,20.1374486
48.1308439,20.7809069
48.1310698,20.7775331
48.1324567,19.6052085
48.1326572,20.6666968
48.1329,21.3439
48.1333715,20.6675084
48.133379,20.683203
48.1336198,19.6038647
48.1338441,22.1144446
48.1344493,16.9052091
48.1346187,19.6025149
48.135961,20.525327
48.135992,19.870538
48.136032,19.870527
48.1360981,17.0071502
48.1364655,20.5389546
48.1371757,19.6005347
48.137267,21.7591447
48.1376171,20.5125079
48.1376895,20.5997275
48.137776,16.9087122
48.138038,20.596455
48.138338,21.0026271
48.138952,20.581774
48.139032,20.856782
48.1395289,21.6611629
48.1395502,21.0053564
48.1397385,20.4243029
48.1401326,21.0087888
48.1401945,20.0536677
48.1402193,19.5306552
48.1402633,19.5998105
48.1403501,21.0036238
48.1408651,19.8235942
48.14114,19.82842
48.14127,20.43244
48.1413135,19.5989268
48.141483,20.59393
48.1415663,20.0928641
48.1416253,21.0090897
48.1416278,21.0108516
48.1417922,21.0072821
48.1418043,21.005844
48.1419824,19.860253
48.141991,22.1085364
48.1426383,19.9577363
48.1426393,19.5695794
48.142967,19.7944
48.1429716,19.7943959
48.1436292,20.331084
48.143723,19.86309
48.1437376,20.1518363
48.1438075,19.8586999
48.143854,22.107532
48.1441589,20.5869254
48.1442152,19.8567501
48.1444265,16.7016992
48.1445161,19.8579489
48.1451558,16.9450767
48.1451762,16.923186
48.1452022,19.8587188
48.145262,19.861868
48.1453042,19.5688646
48.1454724,19.8613366
48.145544,20.625863
48.1458768,20.8060374
48.1460242,20.9089501
48.146216,20.627026
48.146433,20.676883
48.1468415,19.5645851
48.1469452,20.7964413
48.14696,20.24447
48.1470097,21.2004472
48.14735,21.198367
48.147358,20.3717296
48.147498,16.940632
48.1477108,21.1792478
48.1480468,19.566641
48.1481897,20.566366
48.1484459,19.5654742
48.148454,19.5639159
48.1488121,21.2034504
48.1488443,16.9399694
48.148869,21.201305
48.1490233,21.1779207
48.149233,16.968083
48.1492859,21.1620938
48.1493476,21.2556852
48.149403,21.1696277
48.1495376,21.1737508
48.149771,21.1664495
48.1500437,19.8456763
48.150082,21.203167
48.1500936,20.7948145
48.1502685,19.7924869
48.150425,16.9442567
48.150447,20.374603
48.1508351,22.4332423
48.150908,21.196575
48.1510412,21.1622715
48.1510805,21.1721375
48.1511344,21.1720684
48.1511412,21.1663304
48.15123,21.201637
48.1512868,20.4967768
48.1514098,21.1722777
48.1514227,21.1797833
48.151427,21.170623
48.1514478,20.7984361
48.1515462,21.1643731
48.1518534,21.8422197
48.1519652,20.4945922
48.15236,19.791317
48.1524166,20.4988304
48.152636,19.79139
48.152689,21.1624639
48.15298,21.1728541
48.1530375,21.259192
48.1530876,16.835946
48.153133,22.287
48.1531714,21.2573011
48.1532472,20.2616877
48.1534283,21.1763446
48.153459,19.791356
48.153767,19.7345626
48.1539403,21.1744404
48.1539703,20.7964527
48.1543233,19.7304379
48.154938,21.190211
48.1549694,19.851906
48.1550131,21.1756188
48.1550311,19.8158947
48.155349,20.571709
48.1556275,21.1790777
48.15565,20.49546
48.1556863,21.1791549
48.1557322,19.7812154
48.155853,21.189353
48.1558791,19.820842
48.15599,19.85397
48.1559904,21.1781227
48.1561548,21.8375043
48.1562791,19.8200687
48.1563481,21.1777378
48.1565769,21.6391583
48.156972,21.188343
48.15725,20.53945
48.15725,20.581792
48.1573444,19.6868845
48.1578433,20.4936319
48.1584064,20.5812553
48.1585704,20.6261066
48.158718,21.189306
48.1587554,21.1788995
48.1588272,20.6249517
48.159178,20.613542
48.159208,20.624253
48.1593841,21.1795143
48.1595373,19.8536515
48.159593,21.637202
48.159643,21.1810251
48.159783,20.532633
48.1600567,19.8200781
48.160401,20.581002
48.1606297,20.5292421
48.1608562,21.1967879
48.1608946,21.1492679
48.161222,20.845958
48.1613346,22.1365312
48.16153,19.823778
48.1618574,19.8212149
48.1619303,20.6212011
48.1619483,22.1306799
48.16235,19.85705
48.1623996,22.1363273
48.1626173,21.1811906
48.162625,21.461942
48.162845,20.241027
48.1629571,20.2302561
48.1637582,21.1827209
48.16396,21.660235
48.1639614,21.185568
48.1640788,19.699764
48.164219,21.839567
48.164844,20.527744
48.164925,21.205335
48.1651764,20.2659703
48.1654044,19.862592
48.1654159,21.1991948
48.16593,20.52673
48.166273,19.850256
48.1670482,20.4269546
48.167066,19.851182
48.167083,20.6224145
48.1671434,21.8363179
48.1674459,20.5299577
48.167516,19.860071
48.1678777,21.5644598
48.1680765,20.2632073
48.1682689,20.4287634
48.1683694,20.4308548
48.16843,20.537757
48.168483,19.857283
48.168618,22.096902
48.1688711,19.8548223
48.16928,19.850426
48.169473,21.556582
48.169493,20.254355
48.169602,20.2581123
48.169631,20.647733
48.16969,20.537462
48.169714,20.647895
48.1699863,19.8513018
48.170217,20.642683
48.1703296,20.2611695
48.17071,20.533932
48.1707209,19.8568902
48.1710952,20.2592892
48.171172,20.537941
48.1712141,20.2582553
48.1714155,21.543995
48.171783,20.4875
48.1718427,21.3557673
48.1718753,20.5344433
48.1719179,21.5477721
48.1721389,21.833294
48.1721818,21.7864399
48.172436,20.536017
48.1725378,20.5338094
48.17255,20.731183
48.1728115,20.2578235
48.1735369,22.0972359
48.17355,21.53048
48.173667,20.73005
48.1737743,20.2944971
48.1743812,22.0975352
48.1743995,20.6462158
48.1745268,21.3625972
48.1745647,21.4948509
48.1746915,20.4870141
48.174717,22.271983
48.1748734,22.1062497
48.1748979,21.5382076
48.1751256,21.5375466
48.1753794,20.8374984
48.175392,20.777103
48.17555,22.1001329
48.1758454,20.4867947
48.1764445,21.9264981
48.1764606,22.0947497
48.1765164,21.9972921
48.177367,20.998067
48.1774257,21.4939114
48.1775001,22.1901376
48.1775087,21.3642493
48.1775878,20.8348826
48.1778588,22.0697429
48.177917,22.0604243
48.178036,20.4844864
48.178742,20.82593
48.1793167,20.4859869
48.179356,20.838413
48.179503,20.583468
48.1795378,21.7871566
48.1795509,20.0983379
48.1796293,19.7123829
48.1796627,22.0722957
48.179891,21.302209
48.1801363,19.6711123
48.1808434,22.1010345
48.18226,22.27118
48.1825763,20.745249
48.18267,21.055317
48.183017,20.998
48.1832744,22.1015586
48.1837556,20.3905395
48.183985,21.054897
48.1839984,19.5273345
48.1842649,20.1033366
48.1844116,20.2791392
48.184423,21.05701
48.1846474,20.3929045
48.185056,20.480819
48.1851791,20.3909191
48.1854359,21.4557551
48.1854473,19.7475943
48.18545,20.8356
48.185673,21.055864
48.1858941,20.3885868
48.185949,21.061271
48.185967,20.395997
48.1862073,21.8324104
48.1862461,21.2815445
48.186615,20.387067
48.187133,20.55385
48.1872555,20.3960875
48.1876881,21.2812175
48.1878,20.648318
48.1879019,21.8272157
48.187998,21.312837
48.1882009,20.3864451
48.188852,20.395552
48.188963,20.385098
48.188981,20.482194
48.1891623,20.4880898
48.1893706,20.2739465
48.189775,20.639872
48.1909195,20.2008432
48.191203,20.39608
48.1912731,21.2829745
48.191342,20.773916
48.1913703,20.381142
48.1916385,21.21549
48.191981,20.397062
48.1920097,20.7750929
48.1920925,20.4749612
48.1921903,21.8612637
48.192375,21.052489
48.192416,21.8043665
48.1925259,21.8079587
48.1930231,21.2810075
48.193125,20.553316
48.193305,21.053821
48.1933446,21.2783369
48.193481,21.056232
48.1935364,20.1318276
48.19365,21.055293
48.193697,20.445722
48.193786,21.299633
48.193883,22.406717
48.194189,21.381154
48.194317,22.521983
48.1943561,21.2809735
48.1948845,20.8193682
48.194933,22.408967
48.195217,22.410217
48.195332,20.684162
48.195433,20.68595
48.1956685,20.1290578
48.1958671,21.2794225
48.196117,22.5234
48.1962773,20.1299453
48.196464,20.418954
48.1970562,19.6317127
48.1973,22.407633
48.1974465,22.4457299
48.1974498,20.2966569
48.1976234,20.9280481
48.1977743,22.0171549
48.1977842,20.9301513
48.1977859,21.8757199
48.197799,22.4466855
48.198667,22.526483
48.198767,22.446167
48.1988231,21.2787415
48.199033,22.527983
48.1991012,20.8125585
48.1995785,21.0195021
48.1997428,22.5243987
48.199767,21.149217
48.1998646,22.0952044
48.199894,20.434241
48.199923,20.832122
48.199933,22.445417
48.19995,22.407983
48.200017,22.179233
48.2010036,21.2827285
48.2010322,21.7868195
48.201083,22.408967
48.201117,22.445117
48.2014051,22.0816277
48.201567,21.1514
48.201791,20.927323
48.201833,22.411333
48.201867,22.412117
48.20205,22.444917
48.20219,22.26287
48.202195,20.2535938
48.202283,22.413033
48.20245,22.416783
48.202771,21.152855
48.2028183,22.087857
48.2032656,20.2978908
48.2032698,20.4813601
48.203833,20.59455
48.2039011,20.2633766
48.204067,20.625925
48.2043605,20.2962253
48.2047804,20.9292994
48.204914,20.399128
48.2052856,20.2653575
48.2053202,21.3272953
48.205595,21.155526
48.2057876,21.3214813
48.205792,20.477236
48.206314,20.2542597
48.2066152,20.4804556
48.2066545,20.9286233
48.2066815,20.4814205
48.206988,21.148157
48.2070355,20.2953052
48.2078025,20.1600757
48.207885,21.147481
48.207901,20.7345776
48.2079809,20.3984141
48.208509,20.458441
48.208745,20.736018
48.209285,21.143268
48.2095399,22.0835657
48.209729,22.1462374
48.2097615,19.5945391
48.2099566,20.3980954
48.209998,21.157942
48.210013,21.149632
48.21002,21.246537
48.2103,21.145417
48.2106275,20.2812377
48.210927,21.153324
48.210973,21.15644
48.2110244,22.2592066
48.211038,21.319273
48.2111846,19.5600068
48.2112212,20.4352013
48.2114958,19.5611089
48.211517,22.149733
48.211708,20.2661674
48.2117361,20.2681163
48.21192,21.153044
48.2119787,22.145225
48.21255,22.010717
48.212635,20.437286
48.212667,21.151867
48.2127572,20.4363034
48.2127786,20.2845123
48.2128953,22.1464255
48.2129606,20.2936604
48.213338,21.3957231
48.2134,21.141233
48.2134058,20.7271469
48.213627,20.438206
48.2137595,20.3931046
48.213907,20.43636
48.2140163,20.4402125
48.2140547,22.014239
48.214226,21.156913
48.2143099,20.7836419
48.2144147,20.4347109
48.214457,20.656399
48.2147352,20.7151723
48.2147825,20.2974357
48.2148771,20.4329325
48.2150117,20.2990811
48.2150473,20.4420809
48.2150722,16.9348311
48.2150777,16.9381936
48.215179,21.196818
48.2151891,20.4335357
48.2152474,20.436049
48.2152493,20.432188
48.2155058,22.0813179
48.2155536,20.4411261
48.2155642,20.3684218
48.2156536,20.4374088
48.2156603,21.3484354
48.215717,20.653683
48.2157918,22.1458564
48.2160893,20.4389072
48.2162063,20.7869113
48.2162463,20.7071842
48.2162704,22.0850274
48.2162905,20.44108
48.2164311,22.1423776
48.2167576,20.2729222
48.2168944,22.0857704
48.216959,20.2827462
48.2169868,22.0821989
48.2170654,20.2834939
48.217172,20.4370259
48.217309,20.4315066
48.2173317,20.7282082
48.2174,20.65225
48.217495,20.7159993
48.2175367,20.4317846
48.2177,20.440067
48.2179064,20.4384053
48.218001,22.256184
48.2180585,20.2795598
48.2181214,20.7235915
48.2183614,20.7202841
48.2184964,20.2896305
48.2187265,20.7243144
48.21884,20.976313
48.2190122,20.2869165
48.2191917,20.2806906
48.2192794,21.3307768
48.219287,22.0825924
48.219378,20.847995
48.2194733,20.5106357
48.2195251,20.3093643
48.2196541,20.7244488
48.2197173,22.1414181
48.2197901,22.136743
48.2201275,20.7143482
48.2202034,20.5065782
48.220419,20.870778
48.2205072,20.7858523
48.2205924,21.0276686
48.2206739,20.2845294
48.2206904,16.9086653
48.2206997,20.3200513
48.220968,21.840502
48.2212007,22.1395425
48.2214198,21.0247825
48.2214698,21.0235407
48.221586,21.0270383
48.2216084,22.069941
48.2217536,21.9179486
48.2219687,21.0255787
48.2220572,20.7204402
48.2222599,22.0815111
48.2222885,20.2651031
48.2223053,21.0303964
48.2223566,20.7926806
48.2226604,22.139173
48.2226995,20.7173106
48.2230912,20.5066587
48.2231343,20.3229667
48.2231344,20.2742651
48.2231565,22.1393322
48.2232305,21.5094125
48.2232314,20.7044544
48.2235005,21.0278973
48.2236,22.1261
48.2236875,20.302722
48.223726,20.692041
48.2240468,20.7173452
48.224481,20.693103
48.2245381,21.0261183
48.2248292,19.6599811
48.2248302,21.0305573
48.2248549,22.085729
48.2248679,21.1795722
48.2251252,20.2678263
48.2251377,20.5911769
48.225217,20.948675
48.2252759,20.2691102
48.2252873,22.0784955
48.2253856,20.5013908
48.2254045,20.2574423
48.2255292,20.3024127
48.2256209,21.0295971
48.2257986,20.3224388
48.225883,20.691033
48.2259247,21.0312574
48.2259297,22.0744421
48.2260771,20.2139721
48.2261032,20.2626338
48.2261323,22.2924634
48.226955,20.949387
48.227653,20.3024241
48.2277119,20.3094994
48.2277811,20.3225704
48.227792,20.600648
48.2279154,20.2772993
48.2279603,20.2560659
48.227999,20.200157
48.2280096,20.3174669
48.228083,20.5021
48.228219,21.182411
48.2283479,20.3128139
48.2284563,20.4839598
48.2287643,22.0714197
48.2290546,20.2804441
48.2291496,20.3075436
48.2294222,20.3164746
48.2296869,22.0960211
48.229972,20.50162
48.2299851,21.9187094
48.2303124,20.3206086
48.2303203,20.2815885
48.230459,21.335952
48.2312394,20.2224528
48.2313347,20.5041146
48.231433,21.232717
48.231631,21.342736
48.2316594,20.3205044
48.23175,20.6587487
48.2320159,20.2794595
48.2323635,21.1817186
48.2324651,22.1055993
48.2325894,19.6331713
48.2326151,20.2250777
48.2326154,20.3227219
48.2327086,22.0981354
48.2328435,21.7984516
48.2329047,20.2311809
48.23345,19.633683
48.2334607,21.2312227
48.2337833,21.2291892
48.23397,20.504163
48.234177,21.348234
48.2342696,20.6022213
48.2345339,21.0789173
48.2345343,21.9210606
48.234592,21.032477
48.2348437,20.600929
48.2348717,20.3172072
48.2352873,22.1545029
48.235591,20.9052001
48.2356033,21.2351424
48.2356173,20.2260807
48.235817,20.199746
48.235899,19.6290779
48.2359784,20.3117053
48.236599,21.039833
48.2367392,21.2285981
48.2368389,22.0836578
48.2373688,20.313416
48.2375012,20.3092262
48.23765,21.190567
48.238453,21.187219
48.2387591,20.3225674
48.239283,20.598417
48.2395058,20.3164997
48.2397691,22.0806271
48.239856,21.366999
48.2398568,20.3157077
48.240059,20.413005
48.2401044,20.319376
48.240833,21.046567
48.240867,21.052067
48.2411966,20.2919977
48.241267,20.495536
48.2413528,20.2876692
48.241489,21.183233
48.2418588,20.2956427
48.241867,20.413411
48.2424704,20.2856588
48.242767,21.049733
48.2430157,20.2866448
48.243271,20.580069
48.2433561,20.291368
48.2436133,21.435545
48.24431,20.412906
48.2445996,20.625635
48.2454854,20.2869117
48.245528,20.998684
48.2459,20.598717
48.2464619,21.8888871
48.246594,20.2931861
48.246617,21.032283
48.247729,20.415174
48.247899,20.4139694
48.2479985,22.4906479
48.248467,22.000117
48.2487079,20.6186397
48.248746,21.371195
48.2487517,20.6186119
48.2494864,20.2677457
48.250103,20.415842
48.2502003,20.7904571
48.250218,21.279897
48.250383,21.082091
48.2510722,20.6208751
48.2511943,20.2659067
48.251702,21.366854
48.251704,16.7011604
48.2522705,20.6381742
48.2528616,20.3918183
48.2531013,20.6421398
48.2533219,20.6400153
48.253371,20.531829
48.2538822,21.4490238
48.2541553,21.267416
48.2542,21.038134
48.2544111,20.3623129
48.2544596,20.6420629
48.25478,21.435236
48.254797,21.074306
48.2549967,20.6377545
48.25546,20.7727803
48.255585,21.386897
48.2558404,20.3639737
48.256796,20.3644234
48.256851,21.073416
48.2571416,20.6181142
48.2578396,20.633379
48.258362,22.0681808
48.258682,21.079317
48.2589534,20.6273785
48.2589634,20.6310529
48.259027,21.335683
48.2595744,20.5381971
48.259626,21.352202
48.2598253,20.3396147
48.2598417,21.890074
48.2598823,21.9603066
48.2600215,20.3645224
48.260502,20.6195309
48.2606178,21.3533188
48.2608726,21.3563222
48.261116,21.082333
48.261241,22.1096539
48.2613163,21.315566
48.2615347,21.4945938
48.261752,21.4957344
48.261917,21.9597
48.2619186,21.3530063
48.262035,21.083601
48.262389,21.324728
48.2630925,22.0945156
48.263134,21.084316
48.2635603,20.6183447
48.2639822,21.8879783
48.264984,22.16878
48.2653841,21.2694226
48.265775,21.223786
48.2660956,21.3517341
48.2661095,21.3498872
48.266265,21.3581779
48.266282,21.3614074
48.266501,22.177663
48.266731,21.3477565
48.2668865,21.345543
48.2672327,21.3457982
48.267388,22.190001
48.2674713,22.185924
48.267533,20.579583
48.2677721,22.0972604
48.2678888,21.3549092
48.2682113,21.359764
48.2684603,20.3766563
48.268626,21.1818
48.2687427,20.6850169
48.2690259,22.0102648
48.269211,22.0972609
48.2693237,21.4990123
48.269457,22.177382
48.269574,21.181279
48.2697718,20.6824643
48.270827,21.323817
48.2709371,20.675867
48.27124,21.398514
48.271467,21.2613
48.271473,21.428804
48.2717257,20.2483428
48.271843,20.5821125
48.271932,22.1001861
48.272194,20.555362
48.2725749,20.6832331
48.272817,20.556333
48.273011,20.434121
48.2730769,20.2441274
48.273233,20.43405
48.273233,20.578717
48.2732901,20.2469297
48.273633,20.555783
48.274265,20.557226
48.27495,21.18565
48.2749515,22.1001642
48.2749988,22.1013075
48.275019,21.366435
48.2758548,21.26068
48.276353,21.183574
48.277713,21.18424
48.2786323,21.4462847
48.279652,21.193068
48.2800288,20.9135527
48.280215,21.191336
48.280246,20.6510016
48.280681,21.188936
48.2810689,21.4475046
48.281129,21.117645
48.2811673,20.6645762
48.2812156,20.6547051
48.2814502,21.187141
48.2818554,21.4481677
48.281883,20.585283
48.2819172,20.4997123
48.28235,20.582467
48.282372,21.195289
48.282594,20.4973771
48.2827558,20.3882758
48.282833,20.579917
48.2830511,20.6626674
48.2831036,20.4922323
48.2832444,20.3849531
48.283487,21.116854
48.283627,21.367842
48.2836409,21.4499366
48.283917,21.247596
48.283983,20.579683
48.2841,20.582933
48.2842618,20.6535166
48.284464,21.463498
48.284525,20.65149
48.284674,21.464182
48.284683,20.586533
48.284697,21.226476
48.28485,21.116433
48.28492,21.121393
48.285033,20.57795
48.2850717,20.4898646
48.2850732,21.5203509
48.285128,20.587932
48.285167,20.583533
48.285276,21.496736
48.285278,20.657972
48.285467,20.5809
48.285507,21.122499
48.285585,21.382514
48.285618,21.074368
48.285731,21.465309
48.285841,21.383199
48.2861235,21.2347707
48.2862,21.506617
48.2862078,20.6498355
48.2862455,21.5196951
48.2863683,21.5222329
48.286427,21.121274
48.286625,21.465553
48.286751,21.072584
48.2868,20.577517
48.2868355,21.5187762
48.286938,21.465635
48.2870045,21.4459943
48.287022,21.384856
48.28715,20.5787
48.2875,21.189899
48.287523,21.07393
48.287785,21.096767
48.287916,21.517775
48.287917,20.584333
48.2879297,20.8287452
48.287967,20.57955
48.288235,21.075216
48.28829,21.341671
48.2884108,20.9129678
48.288634,21.098242
48.288768,20.381568
48.288772,21.514198
48.288855,21.096126
48.2889992,21.5200002
48.28925,20.583
48.289399,20.536053
48.289464,21.096944
48.289501,20.534976
48.289522,21.5204512
48.28965,21.09447
48.2897636,20.3834919
48.289846,21.08706
48.2899287,20.8321148
48.290067,20.579283
48.2901,21.085184
48.2902572,20.4369703
48.290288,21.465494
48.290537,21.092366
48.2905499,20.7306357
48.290793,21.089306
48.290856,21.446321
48.2909445,20.8291913
48.2909824,20.8314851
48.291075,21.087402
48.2914763,21.2216052
48.2928211,21.2227529
48.2930363,20.8297103
48.293091,21.463912
48.2931103,20.4369831
48.293499,21.133167
48.293556,21.433357
48.293635,21.406776
48.2937027,20.5327
48.293706,21.407723
48.293923,21.471554
48.293975,20.529251
48.2942646,21.223348
48.2942922,20.5306872
48.294349,20.349959
48.29474,22.022482
48.294774,21.410535
48.294828,21.134746
48.29498,21.284131
48.2954785,22.0296085
48.2955421,20.4365384
48.295648,21.464259
48.29575,20.434817
48.2959647,20.3480269
48.295978,21.136138
48.296299,21.241493
48.2966218,21.2801145
48.2968294,20.3535844
48.296875,21.195084
48.296943,21.137099
48.296993,21.414276
48.297092,21.284734
48.2972282,20.443802
48.297324,21.472399
48.297614,21.414708
48.2979577,21.1392489
48.297984,20.4359479
48.2980206,20.3516063
48.298072,21.414257
48.2983343,21.2996168
48.2987581,21.3027987
48.298925,21.538433
48.299009,21.140704
48.299433,21.414144
48.2995121,22.234637
48.2996293,20.435531
48.299661,21.197635
48.299787,21.289124
48.300127,20.371184
48.300193,21.20175
48.300877,21.36803
48.3012239,22.1194719
48.301394,21.401195
48.3015113,21.1987866
48.301588,21.402754
48.3022115,20.3808946
48.302215,21.470806
48.302316,21.470703
48.3033004,21.5502815
48.3041703,21.2049632
48.304307,21.3316
48.3049387,21.2310925
48.3049512,21.2324202
48.3053281,21.3443433
48.3055724,20.4373719
48.3061247,21.2354518
48.3064044,21.2337211
48.306468,21.417713
48.306526,21.45411
48.306606,21.454168
48.306868,20.935467
48.3069498,21.2357582
48.307154,21.401549
48.3074524,21.2298382
48.307505,21.203482
48.3084279,21.2005399
48.308509,21.409742
48.308519,21.409688
48.309251,21.448006
48.3101387,21.2009867
48.3102409,21.4290556
48.3105812,21.1581074
48.311057,16.8221083
48.311464,20.6224519
48.311583,21.158398
48.3119,21.7988
48.3119504,20.7470382
48.312288,20.652169
48.31275,21.493867
48.312767,21.804217
48.312948,21.15955
48.312991,21.365468
48.313113,20.75078
48.313162,21.478261
48.313987,21.431708
48.314335,21.1628
48.314433,21.425506
48.314537,21.444675
48.314831,21.160492
48.3148947,21.1608194
48.315,21.56515
48.315039,21.430185
48.3152245,21.5761068
48.315367,21.463393
48.3153768,21.5726384
48.315445,20.651318
48.315696,21.440817
48.315748,21.163892
48.315771,21.440214
48.3157886,21.42901
48.316301,21.382743
48.3165814,21.5680199
48.316685,21.369273
48.3166882,21.2386386
48.3167949,21.5767331
48.31709,21.161602
48.3172,20.82235
48.317699,20.507556
48.3177198,21.4280088
48.317781,21.387463
48.317861,21.162646
48.3179532,21.5754171
48.318327,21.155813
48.3188734,21.428829
48.3191856,21.5712341
48.3196698,21.4299765
48.319855,21.411416
48.320015,21.447355
48.3201491,21.5631884
48.320656,21.402887
48.3208729,21.4289054
48.321137,20.415689
48.321485,21.363552
48.3216659,21.5635497
48.321691,21.286289
48.3219697,21.5661742
48.322004,21.464375
48.3223849,22.2712951
48.322499,21.5716211
48.3227855,22.2663032
48.3228633,21.5707732
48.3232964,20.8850919
48.3239804,20.8837685
48.324141,21.473714
48.324566,21.561699
48.3251421,21.0894477
48.3251626,20.8828356
48.325325,21.5736491
48.325436,21.45497
48.325577,21.471704
48.3256362,22.1796403
48.3258786,21.7429756
48.3259138,21.5664102
48.3259758,21.2409999
48.3266304,20.5975631
48.3270622,20.8830003
48.3281965,21.7430035
48.328227,21.332702
48.3282932,20.9111782
48.32874,21.515439
48.3287497,20.599349
48.328889,21.5796653
48.3289,21.827983
48.329563,21.128192
48.3296422,21.5354744
48.3296665,20.881367
48.329667,21.130118
48.3300783,21.8290408
48.330448,21.128151
48.3304742,20.8800666
48.3305403,20.8618005
48.330576,21.443403
48.33085,21.82205
48.3308746,21.8215961
48.3308931,21.5104797
48.3309106,21.8232217
48.3314634,21.8304435
48.331483,21.119367
48.3315356,20.8613554
48.3317856,21.5880738
48.3317959,20.8801916
48.332149,21.241617
48.332166,21.452326
48.3321719,21.5324203
48.3322177,20.9123615
48.3323726,21.7427798
48.332533,21.5893698
48.3325351,21.4546022
48.3325631,21.7418357
48.3325657,20.4341276
48.3334002,21.7433175
48.333528,21.405169
48.3346303,21.5300985
48.3346627,21.7431949
48.335107,21.457171
48.3352323,21.2399998
48.335734,21.482315
48.336148,21.482517
48.3362314,21.3410684
48.336268,21.45625
48.336287,21.458403
48.3365968,21.3403496
48.336625,21.571809
48.336783,21.843783
48.336809,21.4333
48.336895,21.571822
48.337081,21.393982
48.337141,21.8472282
48.337374,21.458677
48.337482,21.461667
48.3379343,21.1056436
48.3383047,20.7832109
48.3388052,21.239526
48.338806,21.415109
48.338819,21.337014
48.338908,22.202434
48.3389405,21.5460878
48.3389509,21.4628783
48.339018,21.455521
48.3391811,20.7837222
48.3392544,21.1021189
48.339302,21.458309
48.339681,21.4623027
48.339733,21.2326
48.339767,21.2384
48.3397691,22.1163388
48.340087,21.387169
48.340097,21.387115
48.340207,21.440945
48.3403399,20.7845209
48.3404444,16.7238944
48.3404583,21.6875408
48.3405163,21.4623955
48.3409309,21.2400969
48.3409924,21.2351201
48.3412379,21.4630848
48.3422052,20.78565
48.3423096,20.7841094
48.342741,21.468225
48.342794,21.577775
48.342828,21.446935
48.342853,20.7876132
48.342905,21.438775
48.3429385,21.2398006
48.3429672,21.462319
48.343075,21.577249
48.343283,22.116273
48.3434271,21.6909183
48.3434678,20.7888201
48.3440548,21.2407305
48.344085,22.1057957
48.344136,21.361726
48.3443528,20.789331
48.3443544,21.9202835
48.3444514,22.1060599
48.3446831,20.7900551
48.3446836,21.4631908
48.34479,21.94344
48.34508,21.52283
48.34525,21.097973
48.345852,21.476561
48.346173,21.429357
48.346585,21.096936
48.346739,21.463255
48.34709,21.93864
48.348361,21.471833
48.348848,21.427455
48.348915,21.309037
48.349133,21.37605
48.349137,21.566476
48.349192,21.1926781
48.3493058,21.1900794
48.3493547,21.9620957
48.349414,20.422381
48.349501,21.476326
48.3495951,21.938566
48.3500585,22.0758358
48.350291,21.427251
48.350439,21.409241
48.3505778,21.1884339
48.3508019,20.8612145
48.3513924,21.1873065
48.351618,21.454371
48.3516901,21.9623847
48.351778,21.444796
48.35239,21.96824
48.352433,20.431817
48.352533,21.517646
48.35282,21.96529
48.352854,21.561797
48.352906,21.516989
48.352937,21.494505
48.353083,20.430683
48.353199,21.575041
48.3532901,22.0774574
48.353321,21.565194
48.35335,21.93871
48.35351,21.96685
48.353749,21.490494
48.3540519,20.4293185
48.354177,21.2490296
48.354188,21.599574
48.3543751,21.2504545
48.355042,21.443556
48.3550772,21.6955442
48.3552795,21.2513934
48.355289,20.446473
48.35547,21.97113
48.355502,21.340905
48.355583,20.428683
48.355649,21.2517611
48.355964,20.438838
48.3560256,21.2549574
48.356117,20.433367
48.3561236,20.4370301
48.3562027,20.4349083
48.356259,21.583289
48.3563165,22.079364
48.3563886,21.2527093
48.3564108,22.0794391
48.3564427,20.4313595
48.3566609,21.0658298
48.3566844,21.0626914
48.3567994,21.2536428
48.3569472,21.5155005
48.3569888,21.518667
48.3571122,21.2526245
48.357139,20.913282
48.3571973,21.2544813
48.3573168,21.2553279
48.358063,21.492869
48.358127,21.506573
48.3582202,21.6937702
48.358355,21.494368
48.358357,20.413509
48.3583789,20.4299784
48.358604,21.494514
48.3587236,22.0761837
48.3588954,22.0756196
48.3589939,20.5900422
48.3592437,21.2536811
48.359646,21.347027
48.359967,21.979833
48.3600127,20.5960237
48.360645,21.474716
48.3609564,21.9797181
48.360963,21.5135687
48.361026,22.070878
48.3611873,21.693506
48.3615118,21.4138244
48.36186,20.447486
48.36212,21.98087
48.36222,21.400933
48.362383,21.493207
48.3627734,21.5854848
48.363129,20.63195
48.363172,21.495471
48.363225,21.465167
48.363539,21.579458
48.363633,21.268478
48.363799,20.5875264
48.3639627,21.0247648
48.364084,21.579215
48.3640952,21.0234222
48.36495,21.464397
48.365113,21.552264
48.3651964,21.4502731
48.365442,20.464452
48.365556,20.413158
48.3659659,21.5855185
48.3659664,20.9154813
48.3660909,21.5846858
48.3661172,21.0279798
48.36632,21.98695
48.3672044,20.915648
48.367274,21.303962
48.36737,21.99037
48.3674,21.472112
48.367842,21.492383
48.367959,21.451495
48.368067,21.481175
48.368287,20.915613
48.3683852,21.0274538
48.368435,21.539867
48.368531,20.452133
48.369145,20.448208
48.3692947,20.6264356
48.3695022,21.9932232
48.3696592,20.9154877
48.3697236,20.9757527
48.369784,21.345665
48.369797,21.564573
48.369926,20.9734667
48.3700782,20.4264858
48.370083,20.9260687
48.370106,21.457319
48.370144,21.436124
48.3701632,20.9187399
48.37022,20.928371
48.370283,21.460972
48.371011,20.71288
48.3711684,20.9196639
48.37122,21.99481
48.371259,21.563496
48.371275,21.524746
48.371284,21.537033
48.371458,22.064877
48.371638,20.92051
48.3717,21.580665
48.3718771,20.4273277
48.37195,20.6157
48.3719579,20.9148923
48.372161,20.504667
48.372243,20.921444
48.3724433,20.6257863
48.372487,21.398569
48.3727437,21.2407498
48.372805,21.478237
48.372817,21.312867
48.3732378,20.4271803
48.373248,21.478581
48.3732864,20.9143987
48.373462,21.028584
48.373594,21.491776
48.3736041,20.4275161
48.3736442,21.240786
48.3736556,20.9745596
48.37367,21.031014
48.3737,21.238773
48.373763,20.922395
48.374062,20.428023
48.374107,21.605695
48.374189,21.606887
48.3744148,20.4275255
48.3744986,21.3291573
48.374519,20.4302745
48.3745388,20.914276
48.374547,21.325556
48.3746114,21.4107411
48.3747862,20.4270668
48.3748117,22.2321684
48.3748956,21.3940454
48.3752947,20.9749994
48.3755323,21.2416678
48.375639,21.514421
48.375678,21.2149641
48.375756,21.479968
48.3757661,20.9139669
48.3761351,20.6191441
48.376181,21.482472
48.376264,21.432907
48.376348,21.433181
48.3764222,21.2394449
48.3764629,21.3265778
48.37656,21.40308
48.376702,21.324245
48.3767886,20.9134934
48.376959,21.449102
48.3769727,21.2140152
48.3770574,22.2347525
48.3771299,21.3289185
48.37715,21.2429955
48.377297,21.402695
48.3774845,21.2409014
48.3775582,22.2139702
48.3775682,21.2468331
48.3775954,21.4043872
48.377603,22.038333
48.377854,21.607162
48.3780671,21.3313411
48.3781005,21.3992812
48.3781869,21.4293749
48.3782818,21.2448643
48.378326,21.213526
48.378373,21.51315
48.3785085,21.242516
48.3786514,21.398453
48.378751,21.524292
48.378772,21.578106
48.3788367,21.2484518
48.3788697,21.2505425
48.3791289,21.2467405
48.379184,21.588186
48.3792518,21.2513714
48.3793195,21.3375004
48.379334,21.467009
48.3796072,22.2326113
48.379838,21.494364
48.3798956,21.4238911
48.3799715,21.2435903
48.3800615,20.6232946
48.380434,21.58028
48.380628,21.48056
48.380714,21.45153
48.381016,21.604482
48.3811056,21.3500632
48.3813047,20.8661547
48.381594,21.559809
48.3820146,20.6227676
48.382034,21.480031
48.382069,21.574957
48.3825288,21.2160856
48.3825952,21.4523691
48.382705,21.455336
48.383104,21.486564
48.3831202,21.4518745
48.383284,21.605673
48.383471,20.436038
48.3840829,22.2303725
48.384228,21.495192
48.3843708,21.3896048
48.384645,21.460301
48.3846606,21.2801642
48.384773,21.6574514
48.385024,21.563486
48.385192,21.312369
48.385733,20.482567
48.38591,20.4880526
48.3861026,21.2819935
48.3865285,16.7387149
48.38655,20.481217
48.386633,20.484317
48.386717,20.486067
48.386807,21.450529
48.386946,21.570332
48.387007,21.484856
48.3870676,21.4344951
48.387085,21.2823904
48.3871291,20.4880414
48.3873543,21.2178359
48.387404,21.569949
48.387417,20.433159
48.3874523,21.2816924
48.387519,21.345355
48.38763,20.439511
48.388003,21.218777
48.3886177,21.2840038
48.3887134,21.2813772
48.388948,21.2192358
48.389134,21.457686
48.389267,21.279034
48.3893088,21.2835371
48.389367,21.339333
48.3895662,21.3390588
48.3896027,20.4883232
48.389759,21.2820666
48.3898307,20.4879537
48.3898724,21.6457013
48.389898,20.595159
48.39022,21.494731
48.3902622,21.2856889
48.390487,21.494879
48.3905292,20.4886878
48.3906469,21.2842754
48.3907499,20.790931
48.39101,21.531642
48.391084,21.451212
48.391094,20.796893
48.3911028,21.2871051
48.391203,21.484242
48.3913874,21.2827163
48.3915439,21.3436044
48.3917063,20.7923037
48.3917936,20.7911852
48.391913,21.287931
48.3919735,21.2212782
48.392033,21.2909
48.392037,21.28695
48.392112,21.483771
48.3921323,20.7897752
48.3923594,21.2831971
48.3928558,21.3460862
48.3928957,20.7918142
48.392996,21.531318
48.393029,21.452856
48.393051,20.874227
48.393172,21.2871145
48.3933018,21.3452625
48.3935054,21.6616594
48.393535,21.453608
48.393702,21.289821
48.3938601,16.8379842
48.393929,21.529742
48.394136,21.2875275
48.3942057,20.7936551
48.3942544,20.7875544
48.3943107,20.795513
48.3944002,21.2904458
48.394688,20.874214
48.3947021,20.8727762
48.394707,21.631225
48.394734,21.601238
48.3951654,20.8757212
48.395173,21.530476
48.395241,21.453755
48.395564,21.552829
48.395853,21.628175
48.3958561,20.8744914
48.39591,21.440832
48.395934,21.455962
48.396039,21.627914
48.396109,21.477988
48.396347,21.530262
48.396487,20.875606
48.396513,21.45403
48.3966066,21.648523
48.396618,20.874708
48.3967461,21.5211333
48.396764,21.454946
48.397119,20.875625
48.397143,21.445211
48.397248,21.519539
48.3973235,21.1696454
48.397415,21.343022
48.397469,21.64548
48.3974906,20.8752344
48.3974972,21.6016449
48.397572,21.643648
48.397602,21.485825
48.397982,20.876849
48.398432,21.559068
48.398482,20.877023
48.398968,20.675312
48.399251,21.454332
48.39927,20.628174
48.399381,21.522909
48.3994809,20.8781973
48.3998196,20.8763496
48.3999793,22.2219548
48.400406,21.482917
48.40049,21.49616
48.4007,22.1810833
48.401129,21.433277
48.401327,21.515909
48.401428,21.603634
48.401442,20.693257
48.401445,21.435412
48.4019126,21.6485685
48.402408,21.36587
48.4028595,20.5247946
48.402919,21.437023
48.403249,21.464376
48.403368,21.355943
48.403389,20.650706
48.4033931,22.1808818
48.403417,21.4645189
48.403853,21.607157
48.403866,21.553183
48.403914,21.607228
48.4040137,20.5231897
48.4040845,22.2199871
48.404152,20.664601
48.4043855,22.174868
48.404534,21.1713893
48.404846,21.574577
48.404891,21.3016
48.4050755,20.9722694
48.4051436,21.6563352
48.40515,21.595075
48.4052345,20.9554028
48.40538,21.595681
48.4056246,20.9569449
48.4056308,20.9738439
48.405633,21.512196
48.405641,21.562726
48.4057646,20.5211843
48.405806,21.380477
48.4059421,20.9740828
48.405975,21.47857
48.406203,21.578426
48.40624,21.585049
48.40632,21.589647
48.406345,21.563436
48.4067661,20.6365814
48.406821,21.374056
48.40689,21.325945
48.406931,20.516546
48.4069643,21.0229728
48.407122,20.696733
48.4071758,20.4539982
48.407237,20.72671
48.4072735,22.1743804
48.407353,21.537273
48.407429,20.726513
48.4077955,20.7276006
48.4079541,20.729652
48.4079776,20.51723
48.408145,21.508261
48.408225,21.637072
48.4087355,20.5191926
48.4087475,21.4025656
48.4088587,22.2098805
48.4093803,22.1836354
48.409677,20.502072
48.4097332,22.1737394
48.4099728,21.60661
48.410177,21.638291
48.4102482,22.184233
48.410286,21.607082
48.410395,20.423857
48.4104821,22.2181126
48.410517,21.230233
48.410721,21.591226
48.411354,21.591055
48.411404,21.34522
48.412117,21.230267
48.4124244,21.6116095
48.412485,21.611447
48.41306,21.431338
48.4130728,21.6444463
48.413387,21.230413
48.413679,21.327305
48.4137729,16.8384948
48.413973,21.324188
48.41408,21.636728
48.4142823,22.2179301
48.4145843,21.6099645
48.414755,21.2307982
48.415453,21.526471
48.415766,21.609514
48.415883,21.173967
48.4162429,21.5482554
48.4163435,21.6087855
48.416368,21.231503
48.416533,21.466718
48.4166648,21.2316805
48.416868,21.3609
48.41705,20.544428
48.417201,20.77626
48.417954,21.232389
48.41839,20.77681
48.41868,21.54337
48.4194127,21.1767301
48.419865,21.336433
48.4199917,20.7803138
48.4202971,20.7821924
48.420433,20.550967
48.420677,21.233779
48.420784,20.64857
48.4209,21.175033
48.421283,20.44285
48.421312,21.498613
48.4217489,21.0738723
48.4223068,21.1718094
48.422332,21.522339
48.422603,20.669349
48.4226187,21.2808393
48.422644,21.423628
48.4228829,20.5018857
48.42295,21.441305
48.4230218,21.5408552
48.4231116,21.2765345
48.423206,21.471807
48.4232283,21.542078
48.423283,21.235817
48.4234445,21.5379667
48.423719,21.427394
48.4237265,21.5390266
48.423847,21.527277
48.4240834,21.5351945
48.424166,21.381801
48.424276,21.380792
48.42462,21.520488
48.4246424,21.4908792
48.4248163,21.1066374
48.4254337,21.2828287
48.425624,21.43809
48.425671,21.387586
48.425783,21.438273
48.425787,21.529126
48.426044,21.438691
48.426559,21.527487
48.4266283,21.4972367
48.4268271,21.0129389
48.427156,21.420658
48.427283,20.596883
48.4274893,21.4953209
48.4277,20.6074
48.427761,20.595677
48.4279796,21.0137545
48.4279853,21.3562472
48.4280422,21.4935236
48.428117,21.527832
48.42839,21.462675
48.428473,20.712004
48.428582,21.419114
48.428673,21.595159
48.4288246,21.3223295
48.42894,21.52945
48.4293572,21.1066934
48.4293619,21.4930777
48.429373,21.448332
48.42954,21.007167
48.4298,21.44946
48.429832,21.518573
48.429853,21.419402
48.429867,21.449467
48.429902,21.007046
48.43004,21.418648
48.430263,21.453239
48.430296,21.511499
48.430557,21.492993
48.430591,21.51673
48.430917,21.173583
48.4309608,21.1062218
48.4318874,21.0164723
48.4318879,21.4911166
48.4320393,21.1054565
48.432082,21.376349
48.432317,20.448467
48.432399,21.410502
48.43294,21.490888
48.432995,21.489971
48.433026,21.249572
48.4330606,21.1051031
48.43333,21.62393
48.433676,21.621089
48.433912,21.285496
48.4339391,20.9504505
48.4345656,21.0402032
48.43525,21.4283
48.4353432,21.1034721
48.4353465,21.6270112
48.435423,21.41533
48.4356612,21.0397881
48.436009,21.556084
48.436061,21.553653
48.4366107,21.1028405
48.436676,21.410291
48.4367266,21.3672837
48.437006,20.638065
48.437277,21.408115
48.437356,16.7915657
48.437621,21.624452
48.437687,21.436793
48.437969,21.587503
48.43825,20.453583
48.4382995,21.6228167
48.4390769,20.795502
48.439638,21.411466
48.4402546,21.4853907
48.440724,21.410272
48.4414933,20.6221818
48.441575,21.280283
48.442069,21.238515
48.44226,21.523504
48.44236,21.480812
48.4424759,20.5882051
48.4429908,20.6313889
48.443048,20.663256
48.4431717,21.2938324
48.4433024,20.5868277
48.443667,20.583526
48.4436905,21.1677835
48.4437347,20.5872768
48.443746,20.585445
48.443817,20.62735
48.4439677,20.5839276
48.4446948,20.5823237
48.444983,20.796286
48.4450087,20.6071396
48.445173,21.531214
48.445277,20.577356
48.4453768,20.605752
48.4454366,20.6049281
48.445449,20.577902
48.4459401,20.6074236
48.4460091,20.6042392
48.446233,21.590151
48.446458,21.368004
48.446469,21.441496
48.4468417,20.6041828
48.446864,21.435362
48.4469081,20.6059536
48.4469502,20.6031006
48.447137,21.240014
48.447286,21.562983
48.4473102,21.5288695
48.447564,21.445129
48.447712,21.567527
48.448006,21.43801
48.448076,21.443422
48.44815,20.73835
48.448281,21.442215
48.448295,21.432683
48.448374,20.62868
48.448578,21.437334
48.448648,21.437432
48.448727,21.437233
48.448785,21.468064
48.448931,21.427006
48.449114,21.436642
48.449176,21.273187
48.44942,21.2413703
48.449547,21.505461
48.449548,20.719289
48.449867,21.45132
48.449896,21.451214
48.449953,21.451487
48.450006,20.654279
48.450147,21.323432
48.450405,21.409698
48.450767,20.744467
48.4509688,20.73883
48.451104,21.467293
48.451191,21.409558
48.451447,21.453219
48.451532,21.555386
48.4516765,21.5289552
48.451878,21.454145
48.452095,21.454534
48.452327,21.604473
48.4525029,20.7400075
48.452524,21.557827
48.452579,21.47818
48.452674,21.512505
48.4527117,21.5302538
48.452745,21.476225
48.452968,21.517793
48.453013,21.458024
48.453015,21.479722
48.453045,21.457782
48.453334,21.352654
48.453667,21.520869
48.453671,21.461016
48.453731,21.519993
48.454964,21.557269
48.4551835,21.5285349
48.455601,21.443607
48.4569211,21.583858
48.456932,21.3521843
48.457158,21.45328
48.457257,21.48264
48.4573552,20.8858892
48.457449,20.482128
48.4574551,21.5903057
48.457518,21.48005
48.4576,20.88415
48.457664,21.531838
48.4578699,20.8385633
48.45799,21.41468
48.4579976,21.4847698
48.458226,21.556209
48.458286,20.737147
48.458501,21.555952
48.458711,21.5858475
48.4587693,21.5858294
48.458785,21.450664
48.458898,21.438092
48.4590695,21.4770635
48.459607,20.8840965
48.4596264,20.8873776
48.45963,21.410347
48.459699,21.454358
48.460039,21.367394
48.4600661,21.5871827
48.460509,21.589362
48.460577,21.6010429
48.4606824,21.1039234
48.4607326,21.588289
48.460833,20.8355
48.4609595,21.5992847
48.461247,21.565931
48.4615198,20.7095191
48.461642,20.617841
48.462104,21.448924
48.462267,21.10315
48.4622926,20.6170515
48.462828,21.559312
48.462949,20.648354
48.4631261,21.5981896
48.46321,20.8865068
48.4632421,21.3859583
48.463281,20.645786
48.4633985,20.8856065
48.4634952,20.6142043
48.4640542,20.6448059
48.4641241,20.6460615
48.464136,20.5069
48.4642038,20.6429009
48.464214,20.64341
48.464306,20.641646
48.464326,20.599146
48.464346,21.451463
48.4643469,21.595781
48.464485,21.102425
48.464534,21.332198
48.4645829,20.64306
48.4649684,21.5912911
48.465027,20.506362
48.465172,21.590466
48.465223,20.652856
48.465235,20.5095986
48.465289,20.58741
48.465516,20.644379
48.465701,21.4652
48.4657569,21.1025213
48.4658,21.1353
48.465801,21.465597
48.466001,21.567
48.466039,21.539462
48.466092,20.983256
48.4661496,21.6173986
48.4663333,20.9427369
48.4666969,16.7439048
48.4670378,21.1015649
48.4671045,20.5025791
48.4673422,20.5038665
48.467476,20.5050802
48.468136,20.569104
48.4685341,21.1015354
48.4690312,20.507413
48.4690464,20.5089158
48.46936,21.6167287
48.4695559,20.5074053
48.469683,20.968283
48.469684,21.552082
48.4698,20.9761
48.4698481,21.5186489
48.4698513,21.101035
48.4699044,21.2793298
48.4702006,21.2778896
48.4703632,20.5081031
48.470455,21.278061
48.470609,21.282507
48.4707123,21.5130553
48.4708078,20.4948784
48.4709136,20.5091169
48.4709253,21.5121153
48.4710345,20.4950136
48.4710864,21.2794725
48.4711989,21.2752631
48.471216,21.1005284
48.4713716,20.4948924
48.4713729,21.2774988
48.4714185,20.4931148
48.47158,21.5087
48.471677,21.432944
48.4717244,16.8533735
48.471727,20.610169
48.4718987,21.5103264
48.4719632,20.4924319
48.4720344,21.2784052
48.472283,21.432756
48.4722864,20.6866061
48.47242,21.47472
48.472621,21.394975
48.472643,21.469703
48.4726786,21.5089824
48.4728602,21.2791929
48.472943,21.289125
48.4730392,20.6850558
48.47329,21.468002
48.4733,21.468381
48.473331,21.274667
48.4734109,21.280061
48.47353,21.282448
48.4736698,21.5073303
48.473708,20.583197
48.473881,21.444869
48.473927,21.507047
48.474102,21.5057279
48.4741937,21.4715003
48.474214,20.6830354
48.4743461,21.4692689
48.474791,21.464438
48.474795,21.506412
48.474897,21.463222
48.4749271,21.5041924
48.474971,21.46135
48.475656,21.514705
48.475721,21.483984
48.475724,20.5581523
48.4761676,21.2813423
48.476271,21.412592
48.4764296,21.5013868
48.476936,20.759665
48.477637,21.478308
48.477717,21.008767
48.4778,21.012967
48.478447,20.557503
48.4784808,21.3925499
48.478777,20.58754
48.479071,20.761223
48.479086,20.703737
48.4791919,21.4757962
48.4792336,21.5284918
48.4793118,21.3595757
48.4796047,21.3592364
48.4798795,20.6004444
48.481156,20.570567
48.481179,20.545316
48.4816978,21.5268188
48.4817525,20.5503303
48.481886,20.552075
48.482405,21.422883
48.482555,21.486266
48.482623,21.413422
48.4829,20.551867
48.4829261,21.5244973
48.4832491,21.5268758
48.483297,21.532036
48.483342,21.368737
48.4833528,20.5502744
48.483457,20.5868809
48.4834967,20.5423991
48.4835303,20.6211617
48.483548,20.621093
48.4835639,20.5423878
48.483628,21.420233
48.4836562,20.5490032
48.483909,20.559285
48.4840722,21.5256889
48.4842032,20.5399432
48.48436,21.36647
48.4844206,21.3578987
48.4845123,21.525191
48.4846411,21.3634135
48.48467,21.3596776
48.4853132,20.5498525
48.4855762,21.3615466
48.4858652,21.3541855
48.4858957,21.3524722
48.486255,21.52399
48.4863092,20.626049
48.4864849,21.3633674
48.487092,21.46694
48.487404,20.6276679
48.4875159,20.550707
48.487764,21.454386
48.4878426,21.3525815
48.4880198,21.4036303
48.4884896,20.6290041
48.48853,21.615051
48.4887356,20.5344996
48.4887488,20.5206397
48.4888651,20.5333457
48.4888908,21.5652348
48.489511,21.349119
48.489578,21.526395
48.489906,21.295757
48.4899322,21.605742
48.4900395,20.6927864
48.490397,21.6051397
48.49052,20.505769
48.490803,21.531001
48.4908957,21.5641757
48.4909643,21.6031562
48.491159,20.714228
48.4911945,20.819328
48.491238,20.820597
48.491393,21.436556
48.4918781,20.5952701
48.491905,21.43658
48.492197,21.433278
48.492218,21.5633563
48.4922257,20.8175358
48.492264,21.436596
48.492383,20.819078
48.4927916,20.9289788
48.4933085,20.8195562
48.493425,21.460806
48.493557,21.4915216
48.4935882,20.8167851
48.493599,21.516978
48.493617,21.5525
48.493664,21.331562
48.4939151,20.929266
48.494095,21.427478
48.4942536,20.9280946
48.4943249,21.4894724
48.4943563,21.5617805
48.4944124,20.8201415
48.494561,21.414643
48.4946111,20.8853584
48.494812,21.43739
48.494973,20.8196837
48.4950875,21.4639703
48.495095,21.436726
48.495211,21.334684
48.4953541,21.4883754
48.4955002,20.6550503
48.4955851,20.5383182
48.495586,21.571683
48.4958301,21.5614273
48.4959751,20.5377327
48.4962408,21.5591661
48.496328,21.432723
48.4965105,20.7153982
48.496632,21.4878999
48.496659,21.546697
48.4966649,21.5607973
48.4966809,21.5574342
48.4972953,20.9487704
48.4973155,21.5568723
48.4973499,20.6234213
48.4974416,21.4877102
48.4975034,20.7167203
48.4977127,21.4451314
48.49782,20.719462
48.4979615,21.2826988
48.498007,20.719603
48.4981185,20.9495531
48.4981506,20.8666154
48.498904,21.533743
48.4989877,21.4407524
48.4990556,21.4859009
48.4990706,21.2796056
48.4991435,21.4359798
48.4992102,20.8662053
48.49923,21.44342
48.4993514,21.4372833
48.4995522,20.8657756
48.4996712,21.5557478
48.499851,20.632547
48.4998739,21.2847421
48.5001446,20.9494431
48.500182,20.727305
48.500191,21.278859
48.5001968,20.8662607
48.5002125,20.950535
48.500303,21.560308
48.500748,21.404353
48.5007726,20.9520918
48.5008589,16.7343396
48.500886,21.584529
48.5009763,20.8666318
48.501195,21.302742
48.501406,21.53921
48.5014237,21.2782001
48.5014748,21.4001451
48.501517,20.8673947
48.5016738,21.2799161
48.5017873,20.9821706
48.5021437,20.9840591
48.5023194,20.8684585
48.5026102,20.9853958
48.5029386,20.9874687
48.502966,21.547647
48.5030952,20.9882677
48.503424,21.277683
48.503644,21.324572
48.5038001,20.9824492
48.503966,21.449452
48.504324,21.449536
48.5052946,20.9830233
48.505462,20.663031
48.505552,20.676026
48.507463,21.453079
48.5074863,21.2290161
48.508308,21.350631
48.508415,21.2278927
48.508597,20.7362169
48.5086622,21.4489441
48.509218,20.747465
48.5093554,20.7382902
48.5093682,20.7382896
48.509967,20.736126
48.5110821,20.7361311
48.5119111,20.5865222
48.512344,21.457638
48.5124328,16.8830327
48.512537,21.419808
48.5126014,20.7361074
48.512704,21.455867
48.512928,21.457304
48.5133039,21.4520275
48.5138582,20.7357881
48.514507,21.510811
48.514583,21.373356
48.5147212,21.0145025
48.514792,21.520843
48.5148196,20.7350312
48.515024,21.458555
48.515118,21.462261
48.515157,21.52059
48.515663,21.449289
48.5162587,21.4502215
48.516505,21.529184
48.516732,21.458153
48.5170077,20.7764447
48.5176619,21.499705
48.5177275,20.7766041
48.51827,21.467783
48.5184691,21.4995342
48.5185516,20.773108
48.5186994,20.7749277
48.5187417,20.6055674
48.518918,21.438053
48.5189765,20.7789239
48.5190739,20.7741165
48.519221,21.517669
48.5192451,20.6786499
48.5193948,21.0140007
48.5195281,20.6597983
48.5195925,20.6769326
48.5201267,20.681933
48.52023,20.675557
48.5202456,20.681937
48.5203916,20.7758665
48.520634,20.674114
48.52068,21.50201
48.5208056,20.6820088
48.521056,20.7782765
48.5210957,20.7803406
48.521139,20.676042
48.521174,20.674037
48.5212987,20.6791909
48.5213646,20.5035261
48.5214634,20.7739019
48.5216748,20.771724
48.521973,21.406834
48.522067,20.54517
48.522068,21.504128
48.522367,21.390072
48.522371,20.675876
48.522489,21.516254
48.5226457,20.6777606
48.522699,20.6789182
48.52312,21.3168052
48.523414,20.678481
48.523577,21.515845
48.523663,21.516039
48.5238368,21.3159455
48.5239991,21.3477127
48.524032,21.318318
48.524306,21.34759
48.524399,21.3175508
48.524518,20.671551
48.5246335,21.3184762
48.5248725,20.6094468
48.5250705,20.6695989
48.5253541,21.3478979
48.525548,21.3477368
48.5256336,21.3147359
48.5257294,20.6717536
48.5258015,21.3184923
48.5262829,21.3151858
48.526639,21.425679
48.5266781,21.3158731
48.5267174,20.6706033
48.52683,21.3166791
48.52683,21.402315
48.5270467,21.3166858
48.5273913,21.3139191
48.5277519,21.3103545
48.527919,20.838655
48.5281268,20.8362461
48.5281907,21.4288639
48.5282192,20.6696125
48.528401,21.507798
48.5286685,21.3115615
48.5287609,21.3484834
48.5292784,20.835027
48.529687,20.640633
48.5297317,20.8349171
48.5300124,20.8356235
48.530456,20.708625
48.530567,21.346942
48.5314274,21.3445553
48.5315544,21.3457643
48.5318823,20.8359747
48.532201,21.402274
48.532241,20.651273
48.5324351,21.4595626
48.5326992,20.6436064
48.53297,20.670251
48.533112,21.438287
48.533157,21.376856
48.533181,20.592743
48.533184,21.4587496
48.5334287,21.4201673
48.534172,20.719305
48.5342329,21.4582058
48.534281,21.365463
48.534943,20.637583
48.5350978,21.457674
48.5353929,20.7282753
48.535791,20.595252
48.535795,20.573702
48.535816,21.468358
48.535874,20.594652
48.535972,20.7314479
48.5360474,21.4572975
48.5361072,20.7340427
48.5364482,21.4567718
48.5365351,21.4590469
48.5366655,21.4567877
48.536792,21.414632
48.5368913,20.7245229
48.5369863,20.6491348
48.5372143,20.7246184
48.5372651,21.4565151
48.5372789,20.7250109
48.5373021,20.7266184
48.5377797,20.7326843
48.537857,21.4561786
48.538084,21.413905
48.538336,20.725242
48.538477,20.720121
48.5385183,21.4522165
48.53864,20.723872
48.5388044,21.4519743
48.539053,21.4564812
48.5391696,21.4598907
48.5392538,21.4532679
48.5393176,21.4557263
48.5393197,21.4584058
48.539434,20.55257
48.539674,21.416523
48.539678,21.35354
48.5396854,20.6634102
48.539756,20.673713
48.540122,21.4565886
48.5401631,21.4551878
48.54017,21.45279
48.5402364,21.4567099
48.540248,21.488517
48.540535,21.427088
48.54055,20.805167
48.5405652,21.4156351
48.540985,20.720839
48.540988,21.425592
48.5411847,21.455862
48.5412057,21.4158136
48.5414894,16.7580443
48.5415524,21.3541912
48.5415615,20.8042243
48.5416091,21.4550282
48.541674,20.720205
48.541869,21.409079
48.541952,20.641343
48.5420414,20.8062621
48.5421901,21.4558475
48.5424233,20.8035477
48.542435,20.719978
48.542506,20.801644
48.54251,21.4516
48.542628,21.406229
48.5427343,21.4009521
48.542742,21.41172
48.5427445,21.3527293
48.5431819,21.4132253
48.5433244,21.4551362
48.5433597,20.6879536
48.54338,21.35627
48.5434915,20.624108
48.543532,21.3518402
48.543843,20.703094
48.544046,21.357866
48.5443711,21.4557632
48.5445229,21.3507157
48.5445486,21.41232
48.5445918,20.8031625
48.545032,20.766724
48.5453876,21.3440008
48.5454391,21.4117185
48.5455581,21.3498741
48.545659,21.4122824
48.545733,21.463235
48.545944,21.435369
48.5460198,21.3459186
48.546112,21.35123
48.5462045,21.3477243
48.5463083,21.4111456
48.54661,21.487246
48.546613,21.407087
48.5466142,21.3484948
48.546655,20.669054
48.5468162,21.3476808
48.5470292,21.4888575
48.5472989,21.4890698
48.5474447,21.4102896
48.547573,21.458719
48.5476747,20.710646
48.548006,21.40715
48.548045,21.407423
48.5482731,21.4095546
48.5484076,21.3446847
48.548877,21.404074
48.5492882,21.4119666
48.549772,21.458035
48.5508744,20.7316452
48.551334,20.731246
48.551734,21.48987
48.552202,21.399727
48.552404,21.500876
48.552444,21.498982
48.552846,21.404431
48.553535,21.345068
48.5535556,16.783377
48.553612,21.449745
48.553657,21.496871
48.5538921,21.3513903
48.553893,21.3492
48.5542112,21.3491761
48.5545121,21.3475232
48.554718,21.4406252
48.5547309,21.3460795
48.555137,21.3441315
48.555394,20.763066
48.556089,20.851955
48.5564759,21.343528
48.556533,20.838633
48.557284,20.762993
48.558333,20.788317
48.558716,21.434507
48.561001,21.396915
48.561426,20.774917
48.56255,20.83825
48.5633806,20.7841264
48.5634683,20.8427921
48.566309,20.797436
48.566997,20.805588
48.56748,20.809399
48.5686923,16.8623921
48.572995,21.440044
48.572998,21.439909
48.574676,21.437004
48.574999,21.438781
48.5994195,16.7120684
48.6186584,16.7830089
48.7244891,16.7217407
48.7629824,16.8706406
48.7688146,16.7996316
48.7805924,16.757917
48.7835423,16.7966313
48.7963189,16.9629593
48.7967152,16.8122018
48.8002126,16.8042583
48.8011237,16.809745
48.8101889,16.8936947
48.8261842,16.8458539
48.8385965,17.4411738
48.8422677,17.5725907
48.845783,17.556106
48.8468502,17.3960502
48.8468767,17.6087127
48.847631,17.3989812
48.8479339,17.5813693
48.8487774,17.6200723
48.8514599,17.3683554
48.856474,17.0305561
48.8578559,17.6721672
48.8780834,17.0590356
48.8801962,17.7089698
48.8802781,17.7094836
48.8821353,17.2766334
48.885305,17.0675113
48.899261,17.7406826
48.9001427,17.7402586
48.906644,17.6542263
48.9113822,17.2026495
48.9127789,16.7063822
48.918059,16.8998634
48.9278086,16.8955123
48.9287716,17.831898
48.9332039,16.8831101
48.9381774,17.7467384
48.9427588,16.9861263
48.9440561,16.9557908
48.9503068,17.2020304
48.9516767,17.3824779
48.953211,17.3841331
48.9538897,17.3791812
48.9542189,17.3729024
48.9578868,17.3904856
48.9580376,17.4728609
48.9595463,17.4749827
48.9606418,17.4971357
48.962669,17.7194332
48.9640018,17.4780885
48.9665915,16.7466504
48.9691267,17.5727627
48.9698983,17.7954959
48.973509,17.2658019
48.982461,17.2839013
48.9882482,17.747175
48.9928826,16.7281187
48.9931866,17.7998219
48.9957874,17.8728308
49.0103776,17.1227084
49.0117506,17.7560221
49.0121177,17.1257294
49.0141407,16.7794452
49.0183464,17.915508
49.0184709,17.4443075
49.0232979,17.9294622
49.024132,17.7887259
49.0258499,17.9602459
49.0281014,17.5538515
49.0315186,17.2558053
49.0382506,17.1548618
49.0400046,17.5961538
49.040323,18.024419
49.0423859,17.4658771
49.0424115,17.4626413
49.0497597,18.0818664
49.0529969,17.517169
49.0572266,18.0911242
49.058213,18.0925086
49.0597546,17.5779218
49.0599424,17.7440023
49.0628182,17.1746053
49.0628343,17.1745036
49.0651309,17.02644
49.0651732,17.0934608
49.0651736,17.0934624
49.0653387,17.1574789
49.0664641,17.4692857
49.0680486,16.9512741
49.0683815,17.4645283
49.0694137,17.1740003
49.0695325,17.3069618
49.0697598,17.4586085
49.0698719,17.4587393
49.0702038,17.2859285
49.0722069,17.156882
49.073064,17.2816962
49.0731646,17.2236659
49.0741385,17.0519928
49.0743727,17.2387447
49.0755769,17.2213472
49.0768291,17.2005162
49.0782479,17.3179176
49.078318,17.4450691
49.0792229,17.1791607
49.0799237,17.0088466
49.0820049,17.2248934
49.0835091,16.8264486
49.0836429,17.1691829
49.0859814,17.2202556
49.0859956,17.2202505
49.0884859,17.8755236
49.0891162,17.2114271
49.0892476,17.2113329
49.0923221,17.1792361
49.0925338,17.0497464
49.0950639,17.7691267
49.0969219,17.2763952
49.0972092,17.2205657
49.0972131,17.2205786
49.0972883,17.2081939
49.09732,17.2082017
49.099479,17.3107672
49.0996997,17.2299493
49.1013699,17.7583745
49.1014189,17.7584261
49.1014568,17.7576143
49.1021066,17.7647032
49.1027905,17.4072299
49.1028147,17.7578307
49.1028806,17.7597885
49.1030205,16.8741564
49.1030994,17.7598025
49.1040185,17.093966
49.1048796,17.2964682
49.1049843,17.7599035
49.1055944,17.7582981
49.1058046,17.7584866
49.1060825,17.7576354
49.1064174,17.8603403
49.1067939,17.7626154
49.1068723,17.7610424
49.1071921,16.7563757
49.1073896,17.7629996
49.1083352,17.6743378
49.1098617,17.760681
49.1103951,17.2770725
49.1112439,17.3807821
49.1160881,17.6018786
49.1166858,17.0728707
49.118277,17.8563133
49.1196096,17.0458688
49.1210184,18.0505998
49.1242017,17.1887903
49.1331409,18.0327631
49.1342712,17.2264525
49.1350472,18.0526755
49.1400491,18.0670665
49.1401245,17.348452
49.1405458,16.8010497
49.14092,17.7140184
49.1414344,17.3921554
49.1428288,17.2861596
49.1446234,17.7243336
49.1446322,17.7702979
49.1447968,17.7504826
49.144837,17.7504323
49.1450475,18.0696737
49.1454798,17.2881579
49.1458579,17.3702836
49.1466093,17.7379432
49.1488067,17.3033072
49.1500751,17.7477869
49.1501516,17.0022264
49.1513645,17.7691117
49.1528073,16.7977703
49.1529719,17.7669698
49.1570696,17.1470932
49.1584644,17.7607072
49.159696,17.3110722
49.1611339,16.7249666
49.1630615,22.4539378
49.1635297,17.3684772
49.16361,18.0985326
49.1640816,16.8650837
49.1654037,17.7929549
49.1667786,16.7278972
49.1670425,17.503903
49.1679221,17.7005767
49.1690907,16.7269677
49.1706233,17.5265732
49.170768,16.7272925
49.1718105,17.6575291
49.1737991,17.3334811
49.1740501,17.472594
49.1743283,16.9134647
49.1759054,17.7024138
49.1773207,17.374885
49.178227,17.1967839
49.1788078,17.735332
49.1797063,17.3316155
49.1798663,17.8384072
49.1800323,17.3458527
49.1805264,17.3461072
49.1821338,17.7366194
49.18343,17.4171739
49.1835421,17.3086639
49.1836623,22.388302
49.1843411,17.6950463
49.1846434,17.8681463
49.1846504,17.6958352
49.1847148,18.1056999
49.1848258,18.1058054
49.1853956,18.0938013
49.1860876,17.3683064
49.1868927,17.3672698
49.1882804,17.5898155
49.1885468,17.3368831
49.1896463,17.4012588
49.1931806,17.8043961
49.1942678,17.4575012
49.1964155,17.9007534
49.197605,20.0741587
49.1998717,17.6004497
49.2025255,17.6914249
49.2026595,17.5992181
49.202712,17.5319434
49.2029447,16.8800445
49.2039719,17.3277779
49.2039787,17.5980947
49.205593,17.3145274
49.2064872,17.4396733
49.206585,16.704177
49.2066942,17.5047954
49.2070338,18.0350897
49.2071702,17.5361724
49.2083176,16.7161483
49.2084535,17.7485977
49.2090109,18.1149448
49.2095084,16.7899351
49.2096147,17.6320439
49.2097878,20.074793
49.2108952,17.9825228
49.2131031,22.1785105
49.2143407,16.7303283
49.2143706,17.9633619
49.2150082,17.4713223
49.2162095,18.0065386
49.2172239,16.850609
49.219226,17.4325022
49.2201806,20.0929633
49.2208447,16.7183633
49.2209776,16.7198529
49.2216506,18.0570643
49.221699,17.617805
49.2239514,18.0620456
49.2240447,17.6653366
49.2248113,17.6655265
49.2250576,17.6636422
49.2251668,17.9871089
49.2251957,17.6639267
49.2266173,17.6669594
49.2269862,17.2260211
49.2284319,18.0816748
49.2286594,18.0835967
49.230069,16.8038374
49.2303793,17.5198902
49.2308604,17.6333674
49.2311291,16.8112459
49.2326645,16.8277985
49.2327822,16.8276555
49.2328432,16.8273801
49.2349818,16.725804
49.2352625,16.7318666
49.2385086,17.6069584
49.2387112,16.8414697
49.2393397,16.8364279
49.2393814,17.7379648
49.2395824,16.8429545
49.2403899,16.8034598
49.2409003,16.8037319
49.2409737,17.6724198
49.2423811,16.7328878
49.2423907,16.7623991
49.2428931,16.7357179
49.2429605,16.7363094
49.2429644,19.917223
49.2433732,20.0073157
49.245115,16.7765292
49.2458527,16.8069104
49.2467297,16.8221436
49.2470518,18.0979489
49.2473183,16.8077313
49.2474094,19.9869161
49.2474571,18.1130112
49.2480626,17.1463041
49.2485184,17.2903698
49.2491568,18.0972181
49.250413,18.1369468
49.2507629,17.4029346
49.2508589,16.852825
49.2528479,16.8224899
49.2544197,19.9724525
49.2545956,16.7360411
49.2550952,17.7001597
49.2551427,19.868027
49.2554095,19.9684124
49.2559547,19.8160523
49.2584218,17.5942577
49.2592024,16.8245892
49.2600101,18.1477615
49.2604395,16.9188052
49.2605353,18.1352785
49.2626607,17.9257883
49.2650644,20.0863756
49.2652495,16.8590675
49.2652575,20.0865004
49.2671373,20.0021023
49.2685538,19.9799349
49.2698292,19.9813899
49.270195,19.9796349
49.2712926,19.9323547
49.2722832,16.932556
49.2728517,16.7042293
49.2729528,16.9583606
49.2735505,16.9039657
49.2735719,17.7180113
49.2746154,17.7114126
49.2746573,16.8228136
49.2756325,18.1320652
49.2760373,17.7228125
49.2761869,17.3372627
49.2762337,18.1219383
49.2773186,16.8281161
49.278024,19.9380729
49.2795718,17.2823303
49.2802009,16.9364667
49.2831911,16.9270691
49.2838413,17.9696538
49.2846779,17.685175
49.2864487,19.9620247
49.2867785,16.9443228
49.2873172,18.1327047
49.2912721,17.9248628
49.2922073,17.7905853
49.2924994,17.7981676
49.292731,19.9566548
49.2942047,16.9372579
49.2946267,16.9211626
49.2950176,16.8636501
49.2956848,19.9501693
49.2962892,22.0255457
49.2968546,16.7432845
49.2969962,16.7427021
49.2987554,17.3934298
49.2995611,17.7459641
49.3001573,22.1192345
49.3001805,17.7989057
49.3003997,16.8641061
49.3011306,17.3905146
49.3011571,17.8424764
49.3015466,17.7391665
49.302054,17.7386005
49.3022848,20.1158066
49.3027823,17.7453727
49.302852,17.681325
49.3041437,17.791059
49.3042799,22.2393561
49.3047291,16.8216885
49.3051081,17.7801392
49.3051882,18.2832121
49.306087,22.678418
49.3061239,22.2449199
49.3062412,22.2449461
49.3069487,18.1686731
49.3076504,16.8206703
49.3077673,17.7823313
49.3085219,16.8145796
49.308966,16.8048432
49.3102728,16.8042481
49.3111083,17.7956988
49.3117304,17.7263355
49.3124123,16.969806
49.3128367,17.8060915
49.3143626,16.8083865
49.3175159,16.7558757
49.3187342,17.7485265
49.3187978,16.7288502
49.3192047,17.7322525
49.3224091,16.7929809
49.3248711,17.7533188
49.3256388,17.7257819
49.3256779,17.7551682
49.3262028,17.1989585
49.3271079,17.7470988
49.3277105,17.9709868
49.328335,17.7780139
49.3289343,18.3133259
49.3306505,18.319912
49.3337267,20.9104059
49.3349822,17.7106943
49.3367883,18.2228594
49.3373394,17.8477122
49.3385252,18.2546119
49.3397395,17.9934393
49.3442,17.6754
49.3468018,16.7313004
49.3470093,17.687838
49.3476471,20.88376
49.347771,17.80512
49.3510145,21.9525642
49.3526657,17.6433985
49.3528214,17.6658232
49.3562518,17.723143
49.3569739,17.7376655
49.3580441,20.8947748
49.3582963,20.8887966
49.3583474,20.9018583
49.3588357,17.7210987
49.3588955,20.8963662
49.3591694,20.9051942
49.3592251,20.9134196
49.3597673,17.3601079
49.3603939,22.4386618
49.3631471,16.7098942
49.3635659,18.3882996
49.363662,18.1090717
49.363762,17.769163
49.3637817,18.0286288
49.3638651,20.8132427
49.3640965,20.8878695
49.3658,17.7273
49.3687409,20.9466929
49.3703253,18.3965149
49.3706256,20.9000548
49.3710756,16.7257896
49.3716416,17.7745888
49.3721783,16.7303175
49.3733053,20.8851239
49.3737634,17.6971848
49.3765259,17.7002705
49.3777457,20.1945127
49.3778834,18.3787611
49.3779484,17.6973298
49.3789365,18.3764692
49.3792963,17.7875512
49.379562,17.6501831
49.3801415,17.7185903
49.3822481,17.5101287
49.3824887,17.7096426
49.3828425,18.2103948
49.3833299,16.7587925
49.3842411,18.1875758
49.3843288,20.2061589
49.3844888,20.8669845
49.3847116,20.9164926
49.3866226,18.3641633
49.386657,18.2767483
49.3872212,17.7130939
49.3877822,20.902957
49.3879627,18.2302056
49.388611,18.275417
49.388656,21.0098548
49.3898992,21.0018653
49.3899765,18.2734232
49.3912878,20.9953262
49.3931059,20.915225
49.393517,21.0300877
49.3936165,21.0096258
49.3940535,17.814698
49.3946091,18.339065
49.3952706,18.1162784
49.3953206,18.3538301
49.3971056,18.1062157
49.3973088,18.3981225
49.3983945,18.4052798
49.3988956,18.105073
49.399758,17.6720934
49.4019469,17.4951043
49.4028216,17.174331
49.4028286,17.1743771
49.4029758,17.1741882
49.4029968,17.1741723
49.4039078,17.5477878
49.4050968,18.3632497
49.4063273,17.6292828
49.4072748,16.764628
49.4076234,20.9624586
49.4077952,17.4674074
49.4093596,20.9585276
49.410107,20.3084585
49.4103825,20.6271382
49.4110032,17.7548463
49.4114384,16.7382659
49.4119395,20.9744977
49.4162123,20.9614085
49.4163825,19.0851944
49.4170968,18.1137812
49.4171788,18.4156617
49.4171983,20.9577766
49.4173553,16.8186663
49.4174798,20.9743809
49.4175294,20.454132
49.4195247,18.3998752
49.419958,18.3334793
49.4200006,20.9589032
49.4206192,19.0418374
49.4207692,17.4590302
49.4217679,19.0978169
49.422439,20.4435504
49.4226,21.66388
49.4226468,18.1406096
49.4227962,16.7449739
49.4228098,17.9550391
49.4234811,20.785318
49.4253298,20.4824291
49.4261088,20.4793309
49.4263711,18.4494047
49.4265796,16.8084933
49.4287535,20.4758316
49.4289236,20.4881284
49.4290953,20.4759567
49.4300366,20.7432582
49.430434,17.0290553
49.4313356,20.9540254
49.4313655,20.9540257
49.432453,20.7832668
49.4328842,20.4677131
49.4330416,18.0772801
49.4340602,17.9346942
49.4350458,20.8040134
49.4351466,21.3894209
49.4353762,20.7072211
49.4354542,18.356262
49.4357923,22.3985884
49.4361001,17.0511997
49.4362389,21.2371905
49.4364441,17.040417
49.4370697,20.430112
49.4377064,21.1762589
49.4382848,21.1777741
49.4389653,21.1768416
49.4390484,21.1793795
49.4390614,21.1799602
49.4395732,20.7149034
49.4405695,20.4290767
49.4410104,21.8030827
49.4416102,20.1422131
49.4419941,17.9239456
49.4424249,22.2109798
49.4426368,17.8981739
49.4427014,18.4533206
49.4427887,21.223203
49.4432899,18.3565512
49.4453462,20.7194929
49.446195,17.9417782
49.4466513,20.717711
49.4481908,20.4447144
49.4488478,20.4254629
49.4490782,17.0532735
49.449093,17.053244
49.4497051,20.4383027
49.4507852,20.7570888
49.4523329,20.7577982
49.4528687,20.7241195
49.4528919,18.1077014
49.4540224,19.1100666
49.4546704,19.1083197
49.4551286,17.4494004
49.4557313,18.1846576
49.4579947,18.4890611
49.4580092,20.2118481
49.4580865,17.4996817
49.4583587,18.1425664
49.4587854,18.3272338
49.45897,17.4739596
49.4609971,17.0495997
49.4622993,17.0498009
49.4626872,20.6535935
49.464012,18.1385872
49.4648375,19.9821496
49.4652841,18.9914234
49.4654553,19.8094185
49.4656134,18.9892582
49.4658008,16.8798159
49.4658264,18.2203336
49.468945,20.7296777
49.4697264,21.2199985
49.471557,18.98651
49.4717346,18.987734
49.4719209,18.2158248
49.4720951,17.1105253
49.4728013,18.3560912
49.4733516,22.3427641
49.4733738,20.7066215
49.4738104,17.1116069
49.4785066,18.0612886
49.4787003,18.2531858
49.4791504,21.7361111
49.4796948,18.2402971
49.4800803,18.2195497
49.4812392,20.0441545
49.4820049,20.0316364
49.4825204,20.6394481
49.482521,18.0487474
49.4827154,18.1542056
49.4827405,18.2449095
49.483968,18.442901
49.4840599,18.3054308
49.4840661,20.6442476
49.484161,18.1994153
49.4848402,20.6471194
49.4853268,18.1509049
49.4859787,18.2974448
49.4869966,20.3395923
49.4920909,16.791479
49.4926486,17.569698
49.4928335,18.1518684
49.4931314,18.0937044
49.493332,16.7143715
49.4936853,18.3078678
49.495236,16.936619
49.495613,20.6850331
49.4961106,17.0625001
49.4964256,18.3078684
49.4981466,18.638134
49.4982223,18.3593519
49.4982415,18.3586545
49.4994537,17.9078622
49.5002395,20.5533514
49.5006012,17.5727453
49.5006502,19.153674
49.5019479,17.4695084
49.5029999,18.0133649
49.5035396,18.6149611
49.5042052,18.0233733
49.5043073,18.0506619
49.5043092,18.5413927
49.5066359,18.5341412
49.5071728,18.3080612
49.5082393,18.0543451
49.5086557,16.9211077
49.5087781,18.1614935
49.5091733,17.7582067
49.5095976,18.0210187
49.5096677,18.3793776
49.5104035,16.904416
49.5106731,18.6000175
49.5116858,19.2105866
49.5122067,16.8833267
49.5141299,18.1403448
49.5141463,18.5137207
49.5150182,18.4747057
49.5151643,21.6764773
49.5152017,21.676457
49.515818,18.1550182
49.5163114,18.0958846
49.5172467,16.8959116
49.5174069,17.6265912
49.5175356,20.0954985
49.5191913,20.1087983
49.5196251,18.0480282
49.5206324,16.8897681
49.5212266,16.8620892
49.521264,18.8305164
49.5216825,18.0118094
49.5228385,17.7389651
49.5230954,18.3906845
49.5232823,16.8739462
49.5242636,16.9206261
49.5243747,18.0136646
49.5244048,18.0135861
49.5250697,16.9887058
49.5268134,17.5859797
49.5287568,18.7866842
49.5301197,18.6379172
49.5302185,18.6379036
49.5312766,18.7413884
49.5313061,19.3213803
49.5313084,17.6938144
49.53163,17.7461897
49.5317874,20.6645051
49.5320692,20.1070567
49.5320848,17.7437969
49.5325717,16.8107721
49.5329468,21.7056445
49.5332363,18.1563958
49.5335204,17.7457809
49.5336399,19.2701466
49.5342728,18.4214747
49.5359819,17.7418272
49.5368076,21.8615363
49.5372457,17.7281612
49.5390231,18.1848928
49.5393483,18.3059826
49.5399538,21.8532887
49.5403004,18.4661666
49.5404549,16.8803225
49.5419599,18.1955754
49.5422802,17.5083705
49.5431893,18.424425
49.5432584,21.8416717
49.5432686,21.8416966
49.5441552,17.0599421
49.5446369,20.1348961
49.5452128,18.4296363
49.5453249,17.0613397
49.5455499,16.8791456
49.5456687,21.8504511
49.545681,21.8504353
49.5456925,21.8504261
49.5461808,17.734081
49.5466541,21.8515767
49.5474267,18.2119282
49.5475954,18.4036888
49.5478641,18.411821
49.5480884,21.8526869
49.5481052,21.8527036
49.5481207,21.8527197
49.5482032,17.734536
49.5490365,18.9720292
49.5490966,21.8528604
49.5499606,19.3069397
49.5500297,19.5377971
49.55023,18.2380908
49.5503375,18.7004672
49.551134,18.3828806
49.5522934,17.0605835
49.5534001,16.8937996
49.5536061,18.8508357
49.5536134,18.4063565
49.5538956,21.4865738
49.553918,18.2978891
49.5542082,18.4473131
49.5553131,19.8206498
49.5569227,19.099336
49.5582541,21.7871235
49.5583198,20.248628
49.5589512,18.4698648
49.559065,17.54616
49.5591056,18.5153408
49.5597859,18.466177
49.5604953,17.1009433
49.5607252,18.6698831
49.5607334,17.0957806
49.561029,20.6391095
49.5614991,21.7876637
49.561624,17.1022714
49.5623086,17.0966934
49.5624019,20.62542
49.5630549,22.2358217
49.5642397,18.4369649
49.5647964,17.0663052
49.5647969,18.8638384
49.5650152,17.5027162
49.5664556,18.5394289
49.5665511,16.7939717
49.5673155,18.4388532
49.5676919,18.4152494
49.5677561,20.2520409
49.5694177,18.0660121
49.569844,20.2523375
49.5704916,17.9790386
49.5708685,19.5318809
49.5709862,17.0667246
49.5711258,18.7535653
49.5713683,19.0151162
49.5714342,18.7536187
49.5715907,21.4341651
49.5716881,18.6766049
49.5722275,17.5726147
49.5723418,18.7730163
49.5727387,18.6475861
49.572792,20.247454
49.5741325,18.4392873
49.5757302,21.3842655
49.5764968,18.9776332
49.5766163,18.0687188
49.5770818,18.1495869
49.5772076,18.4388161
49.5778329,19.9384649
49.5779588,18.5823476
49.5780229,18.5950974
49.5782466,18.5806162
49.5784632,17.6162523
49.5787006,18.1583113
49.5789392,18.0521499
49.5792611,22.2101663
49.5794548,18.316158
49.5794898,18.1789984
49.5798885,18.3960422
49.5800636,18.1597483
49.5801131,18.057894
49.5803208,18.0587101
49.5803437,18.4158281
49.580512,18.0631744
49.5805186,17.2392341
49.581168,18.0623599
49.5813065,17.2396946
49.5817672,18.0609775
49.5817694,18.0612437
49.58185,18.0917975
49.58201,18.8220729
49.582128,19.5107137
49.5824071,18.1430287
49.582467,18.1741315
49.5828102,18.9695803
49.5830545,18.0609354
49.5839157,18.9834922
49.5845551,18.0655181
49.5846276,18.062556
49.5848717,18.1153271
49.5849845,17.5860131
49.5854157,18.2016836
49.5858154,18.1727332
49.5858161,19.5096734
49.5862852,17.8699681
49.5863781,18.4655224
49.5863805,21.4683951
49.5864728,18.953537
49.5864791,18.0943201
49.5872787,18.5264223
49.5881553,20.0983221
49.589137,18.5638014
49.5892104,18.1596064
49.5892849,17.2546655
49.5893511,17.2394785
49.5906923,17.2563077
49.5910943,18.1302107
49.591496,17.2766387
49.5918346,17.2531039
49.5918651,18.0463499
49.5920941,17.2778911
49.5929259,18.0558739
49.5930509,16.9499986
49.5931967,17.9366526
49.5934485,17.2509611
49.5935465,19.5856692
49.5936398,17.4787129
49.5943522,18.641952
49.5954364,16.9328949
49.5954465,16.9330657
49.5956427,18.5943064
49.5963939,18.1332015
49.5966765,18.5926365
49.5967966,18.5843578
49.5970754,22.0979901
49.5974433,17.0411764
49.5978539,16.9311762
49.598334,18.5521459
49.5989859,20.2904613
49.5989861,18.1208841
49.5994682,18.5655542
49.5995143,18.1400424
49.5997112,18.9857052
49.5997531,20.2921376
49.6007016,18.1256546
49.6020434,17.3686212
49.6026418,19.3672435
49.6032287,20.2976443
49.6034491,22.2845768
49.6038515,19.0534817
49.6052052,18.4856008
49.6057099,19.0035196
49.6064505,19.9623165
49.6077498,18.6822573
49.6082269,21.3972844
49.60892,21.3954999
49.6090156,21.3953244
49.6094754,19.1123526
49.6104455,18.5643956
49.6116982,17.5643997
49.6133464,17.5198501
49.6133883,17.5200056
49.6137171,21.3768529
49.6160679,17.9058503
49.616156,17.9063025
49.6169599,18.7306702
49.6176305,17.3847066
49.6179427,17.9741513
49.6180842,19.9738821
49.6195725,18.951072
49.6196032,18.482341
49.6198919,18.4961162
49.6205589,18.7727823
49.6205664,18.5996835
49.6211007,18.2403914
49.6211541,18.9160228
49.6212151,19.0207629
49.621594,17.2707095
49.6217723,18.755106
49.6219673,18.7550274
49.6220301,17.449207
49.622267,20.082551
49.6222942,18.4964595
49.6230539,18.7583454
49.6243326,20.2502985
49.6253143,16.7817919
49.6258637,18.9452078
49.6263802,18.7638798
49.6263905,18.7516739
49.6264271,19.6450351
49.6268302,18.2016213
49.6275302,17.3875458
49.6287071,18.50698
49.6287462,17.4215489
49.6291389,18.7425336
49.6298895,18.7431658
49.6302833,18.7577047
49.6309741,20.2258865
49.6310198,17.3437947
49.6312759,18.5245855
49.6313503,18.7473945
49.6319361,16.7081074
49.6323963,18.2608855
49.6324675,18.7315201
49.6325688,16.925905
49.6329893,18.7213343
49.6339543,21.7515039
49.6347155,16.8543718
49.6351734,19.7108353
49.6370741,18.237498
49.6377945,18.7688919
49.63789,18.7688034
49.6384955,18.1507201
49.6387757,18.4351488
49.6392451,17.7757345
49.6394349,18.8134827
49.6400365,16.8654272
49.6403832,17.2581691
49.6408364,18.4786234
49.6416183,16.8934977
49.6453238,17.2619723
49.6454455,17.3893266
49.6454611,16.8902718
49.6465523,17.5114235
49.6470476,16.9869395
49.6471436,18.4250818
49.6480792,17.3518513
49.6483002,17.8218994
49.6484886,18.2868585
49.6494939,18.7329622
49.6503905,18.14041
49.6506504,17.8205162
49.6524,18.7353465
49.6524954,18.7305097
49.6533355,21.4878529
49.6536407,20.2726195
49.6543706,18.1681181
49.6549226,21.0281221
49.6550719,17.8224343
49.6557811,21.1464433
49.6574448,16.7915502
49.6576006,17.8807325
49.6590512,21.1505414
49.6594046,18.7238505
49.6609783,17.4025728
49.6617292,19.0578148
49.661851,18.8928368
49.6629101,21.1588558
49.6656091,17.4029616
49.6666625,18.7875
49.6671301,17.514751
49.6687299,18.0800301
49.6694001,19.437407
49.6699835,21.8903792
49.6702786,18.6791741
49.6723382,18.7478364
49.6756207,17.8544186
49.6770594,17.3834421
49.6772049,22.456493
49.6799362,20.0857547
49.6816566,17.3768648
49.6818352,17.3786106
49.682148,17.3727264
49.6823714,17.4626845
49.683033,18.818966
49.6845346,21.466293
49.6916965,18.7603631
49.6926193,21.9765941
49.6946448,16.9453387
49.6950823,17.3559591
49.6960136,16.9047493
49.7021592,18.7784827
49.7035756,16.8863847
49.704957,19.0542983
49.7056293,18.7627886
49.7073287,19.2033162
49.7094003,18.7778218
49.7115876,18.346434
49.7115951,17.6076645
49.7130278,18.2507114
49.7140906,17.0034574
49.7142992,21.8983253
49.7144968,17.0022364
49.714731,17.4446442
49.7156589,17.0619999
49.7165882,18.7607519
49.7187902,18.4289914
49.7200012,17.3253994
49.7229278,17.6216972
49.7246306,18.8503657
49.7258694,18.8251572
49.7266466,19.6642617
49.72814,17.7139417
49.7288887,21.5766607
49.7294644,16.9153821
49.7297229,17.0554769
49.7307375,18.2180452
49.7327448,21.4342729
49.7343621,18.8295074
49.7343979,18.8293809
49.734971,18.3034809
49.7359222,17.5734206
49.736409,18.6298617
49.738018,16.7118893
49.7390095,17.9221001
49.7407874,18.3613409
49.7409147,17.3807402
49.7412792,18.0996449
49.7414329,19.0336913
49.7424367,19.6009154
49.7427662,16.8211888
49.7446143,20.4720793
49.7477962,18.9402845
49.7481041,19.0339659
49.7506219,19.7928764
49.7526931,19.0315353
49.7530112,19.2455031
49.7533637,18.9429991
49.7536708,18.1292779
49.7546423,18.2279679
49.7548125,20.1776333
49.7578991,19.4884847
49.7624062,16.7937439
49.76411,16.8590248
49.7649158,19.4128263
49.765564,16.7668686
49.766922,16.7482948
49.7691453,16.8184158
49.7696271,18.3979805
49.7708237,17.343687
49.7730142,18.233935
49.7730143,18.2339311
49.7731028,17.5294
49.7747467,19.1072601
49.775475,19.0109136
49.7761716,17.3200116
49.7761777,16.7845543
49.7765885,20.0711664
49.7767843,20.9641728
49.7770478,20.0378876
49.7785655,18.4279534
49.7797,17.5511
49.7801791,18.2315822
49.7811619,19.0471782
49.7829967,19.01149
49.7836844,18.2132215
49.7841993,17.3157684
49.7849163,18.3746371
49.7850901,18.1285119
49.7852563,19.4536924
49.7869,17.55
49.7871639,18.256874
49.7874025,18.2652446
49.7874279,19.2218479
49.7874659,19.0630227
49.7877859,18.1361197
49.7880877,18.1640839
49.7890367,17.4276507
49.7901442,18.1885682
49.7904975,20.4122927
49.7906417,20.4124722
49.794269,20.6320629
49.7946804,17.6297683
49.7947553,19.1073237
49.796655,18.6761192
49.7977757,20.6619425
49.7980488,17.7689465
49.7981308,19.2857161
49.798149,19.285616
49.7997207,17.7854527
