{"type": "FeatureCollection", "features": [{"type": "Feature", "properties": {"featurecla": "Admin-1 states provinces", "scalerank": 10, "adm1_code": "SVN-1033", "diss_me": 1033, "iso_3166_2": "SI-090", "wikipedia": null, "iso_a2": "SI", "adm0_sr": 1, "name": "Piran", "name_alt": "Pirano", "name_local": null, "type": "Opcine", "type_en": "Commune|Municipality", "code_local": null, "code_hasc": "SI.JP.PI", "note": null, "hasc_maybe": null, "region": "Obalno-kra\u0161ka", "region_cod": null, "provnum_ne": 86, "gadm_level": 2, "check_me": 0, "datarank": 8, "abbrev": null, "postal": "PI", "area_sqkm": 0, "sameascity": -99, "labelrank": 10, "name_len": 5, "mapcolor9": 2, "mapcolor13": 12, "fips": "SIJ9", "fips_alt": null, "woe_id": 55848375, "woe_label": "Piran, SI, Slovenia", "woe_name": "Piran", "latitude": 45.4801, "longitude": 13.6309, "sov_a3": "SVN", "adm0_a3": "SVN", "adm0_label": 2, "admin": "Slovenia", "geonunit": "Slovenia", "gu_a3": "SVN", "gn_id": 3193340, "gn_name": "Comune di Pirano", "gns_id": -91912, "gns_name": "Piran, Obcina", "gn_level": 1, "gn_region": null, "gn_a1_code": "SI.J9", "region_sub": null, "sub_code": null, "gns_level": 1, "gns_lang": "slv", "gns_adm1": "SI00", "gns_region": null, "min_label": 11, "max_label": 11, "min_zoom": 11, "wikidataid": "Q1382", "name_ar": "\u0628\u064a\u0631\u0627\u0646", "name_bn": "\u09aa\u09bf\u09b0\u09be\u09a8", "name_de": "Piran", "name_en": "Piran", "name_es": "Piran", "name_fr": "Piran", "name_el": "\u03a0\u03b9\u03c1\u03ac\u03bd", "name_hi": "\u092a\u093f\u0930\u093e\u0928", "name_hu": "Piran", "name_id": "Piran", "name_it": "Pirano", "name_ja": "\u30d4\u30e9\u30f3", "name_ko": "\ud53c\ub780", "name_nl": "Piran", "name_pl": "Piran", "name_pt": "Piran", "name_ru": "\u041f\u0438\u0440\u0430\u043d", "name_sv": "Piran", "name_tr": "Piran", "name_vi": "Piran", "name_zh": "\u76ae\u5170", "ne_id": 1159310877, "name_he": "\u05e4\u05d9\u05e8\u05d0\u05df", "name_uk": "\u041f\u0456\u0440\u0430\u043d", "name_ur": "\u067e\u06cc\u0631\u0627\u0646", "name_fa": "\u067e\u06cc\u0631\u0627\u0646", "name_zht": "\u76ae\u5170", "FCLASS_ISO": null, "FCLASS_US": null, "FCLASS_FR": null, "FCLASS_RU": null, "FCLASS_ES": null, "FCLASS_CN": null, "FCLASS_TW": null, "FCLASS_IN": null, "FCLASS_NP": null, "FCLASS_PK": null, "FCLASS_DE": null, "FCLASS_GB": null, "FCLASS_BR": null, "FCLASS_IL": null, "FCLASS_PS": null, "FCLASS_SA": null, "FCLASS_EG": null, "FCLASS_MA": null, "FCLASS_PT": null, "FCLASS_AR": null, "FCLASS_JP": null, "FCLASS_KO": null, "FCLASS_VN": null, "FCLASS_TR": null, "FCLASS_ID": null, "FCLASS_PL": null, "FCLASS_GR": null, "FCLASS_IT": null, "FCLASS_NL": null, "FCLASS_SE": null, "FCLASS_BD": null, "FCLASS_UA": null, "FCLASS_TLC": null}, "bbox": [13.568614, 45.45943, 13.693201, 45.539252], "geometry": {"type": "Polygon", "coordinates": [[[13.64292, 45.45943], [13.64282, 45.459448], [13.624107, 45.462745], [13.589529, 45.488837], [13.591645, 45.493109], [13.589122, 45.501614], [13.595958, 45.511908], [13.595958, 45.518134], [13.586192, 45.519477], [13.578624, 45.523383], [13.572765, 45.529975], [13.568614, 45.539252], [13.58961, 45.535793], [13.610929, 45.538025], [13.611449, 45.533552], [13.616565, 45.525542], [13.61858, 45.521614], [13.61889, 45.51562], [13.622146, 45.506758], [13.628657, 45.502184], [13.633463, 45.499652], [13.639664, 45.493218], [13.639974, 45.49097], [13.641679, 45.489575], [13.64664, 45.48818], [13.654237, 45.49066], [13.657492, 45.492159], [13.662763, 45.50699], [13.68979, 45.499445], [13.691495, 45.497792], [13.693201, 45.495389], [13.688705, 45.490867], [13.677698, 45.482909], [13.674752, 45.477534], [13.672427, 45.474201], [13.670876, 45.47123], [13.667001, 45.46906], [13.666071, 45.468801], [13.66142, 45.466476], [13.660024, 45.460223], [13.65997, 45.459978], [13.64292, 45.45943]]]}}, {"type": "Feature", "properties": {"featurecla": "Admin-1 states provinces", "scalerank": 10, "adm1_code": "SVN-1044", "diss_me": 1044, "iso_3166_2": "SI-078", "wikipedia": null, "iso_a2": "SI", "adm0_sr": 1, "name": "Moravske Toplice", "name_alt": null, "name_local": null, "type": "Opcine", "type_en": "Commune|Municipality", "code_local": null, "code_hasc": "SI.PM.MT", "note": null, "hasc_maybe": null, "region": "Pomurska", "region_cod": null, "provnum_ne": 6, "gadm_level": 2, "check_me": 0, "datarank": 8, "abbrev": null, "postal": "MT", "area_sqkm": 0, "sameascity": -99, "labelrank": 10, "name_len": 16, "mapcolor9": 2, "mapcolor13": 12, "fips": "SI78", "fips_alt": null, "woe_id": -55848370, "woe_label": null, "woe_name": null, "latitude": 46.7159, "longitude": 16.2705, "sov_a3": "SVN", "adm0_a3": "SVN", "adm0_label": 2, "admin": "Slovenia", "geonunit": "Slovenia", "gu_a3": "SVN", "gn_id": 3239279, "gn_name": "Obcina Moravske Toplice", "gns_id": 244024, "gns_name": "Moravske Toplice, Obcina", "gn_level": 1, "gn_region": null, "gn_a1_code": "SI.78", "region_sub": null, "sub_code": null, "gns_level": 1, "gns_lang": "slv", "gns_adm1": "SI78", "gns_region": null, "min_label": 11, "max_label": 11, "min_zoom": 11, "wikidataid": "Q3494723", "name_ar": "\u0628\u0644\u062f\u064a\u0629 \u0645\u0648\u0631\u0627\u0641\u0633\u0643 \u062a\u0648\u0628\u0644\u064a\u0633", "name_bn": "\u09ae\u09cb\u09b0\u09be\u09ad\u09b8\u09cd\u0995\u09c7 \u099f\u09aa\u09cd\u09b2\u09bf\u09b8 \u09aa\u09cc\u09b0\u09b8\u09ad\u09be", "name_de": "Gemeinde Moravske Toplice", "name_en": "Moravske Toplice", "name_es": "Municipalidad del Moravske Toplice", "name_fr": "Moravske Toplice", "name_el": "\u039c\u03bf\u03c1\u03ac\u03b2\u03c3\u03ba\u03b5 \u03a4\u03bf\u03c0\u03bb\u03af\u03c4\u03c3\u03b5", "name_hi": "\u092e\u094b\u0930\u093e\u0935\u094d\u0938\u0915\u0947 \u091f\u094b\u092a\u094d\u0932\u093f\u0938 \u0928\u0917\u0930\u092a\u093e\u0932\u093f\u0915\u093e", "name_hu": "Als\u00f3mar\u00e1c k\u00f6zs\u00e9g", "name_id": "Moravske Toplice", "name_it": "Moravske Toplice", "name_ja": "\u30e2\u30e9\u30d5\u30b9\u30b1\u30fb\u30c8\u30d7\u30ea\u30c4\u30a7", "name_ko": "\ubaa8\ub77c\ube0c\uc2a4\ucf00 \ud1a0\ud50c\ub9ac\uccb4 \uc9c0\ubc29 \uc790\uce58\uc81c", "name_nl": "Moravske Toplice", "name_pl": "Gmina Moravske Toplice", "name_pt": "Moravske Toplice", "name_ru": "\u041c\u043e\u0440\u0430\u0432\u0441\u043a\u0435 \u0422\u043e\u043f\u043b\u0438\u0446\u0435", "name_sv": "Moravske Toplice", "name_tr": "Moravske Toplice Belediyesi", "name_vi": "\u0110\u00f4 th\u1ecb t\u1ef1 tr\u1ecb Moravske Toplice", "name_zh": "\u6469\u62c9\u74e6-\u6258\u666e\u5229\u91c7", "ne_id": 1159310895, "name_he": "\u05de\u05d5\u05e8\u05d6\u05df", "name_uk": "\u041c\u043e\u0440\u0430\u0432\u0441\u044c\u043a\u0435 \u0422\u043e\u043f\u043b\u0438\u0446\u0435", "name_ur": "\u0645\u0648\u0631\u0627\u0648\u0633\u06a9\u06cc \u062a\u0648\u067e\u0644\u06cc\u06a9\u06cc \u0645\u06cc\u0648\u0646\u0633\u067e\u0644\u0679\u06cc", "name_fa": "\u0645\u0648\u0631\u0627\u0648\u0633\u06a9\u0647 \u062a\u0648\u067e\u0644\u06cc\u0633", "name_zht": "\u6469\u62c9\u74e6-\u6258\u666e\u5229\u91c7", "FCLASS_ISO": null, "FCLASS_US": null, "FCLASS_FR": null, "FCLASS_RU": null, "FCLASS_ES": null, "FCLASS_CN": null, "FCLASS_TW": null, "FCLASS_IN": null, "FCLASS_NP": null, "FCLASS_PK": null, "FCLASS_DE": null, "FCLASS_GB": null, "FCLASS_BR": null, "FCLASS_IL": null, "FCLASS_PS": null, "FCLASS_SA": null, "FCLASS_EG": null, "FCLASS_MA": null, "FCLASS_PT": null, "FCLASS_AR": null, "FCLASS_JP": null, "FCLASS_KO": null, "FCLASS_VN": null, "FCLASS_TR": null, "FCLASS_ID": null, "FCLASS_PL": null, "FCLASS_GR": null, "FCLASS_IT": null, "FCLASS_NL": null, "FCLASS_SE": null, "FCLASS_BD": null, "FCLASS_UA": null, "FCLASS_TLC": null}, "bbox": [16.175633, 46.645138, 16.365383, 46.780039], "geometry": {"type": "Polygon", "coordinates": [[[16.29949, 46.77951], [16.298157, 46.775802], [16.300431, 46.772082], [16.314177, 46.743324], [16.325546, 46.733273], [16.334124, 46.721749], [16.343426, 46.714178], [16.357275, 46.715832], [16.357585, 46.699011], [16.365383, 46.696712], [16.363935, 46.694808], [16.356242, 46.684696], [16.351707, 46.685921], [16.340739, 46.688882], [16.334228, 46.683766], [16.327407, 46.676169], [16.317485, 46.66077], [16.314384, 46.645138], [16.2979, 46.647851], [16.283482, 46.655964], [16.276506, 46.657307], [16.268599, 46.65152], [16.240797, 46.653587], [16.225914, 46.655499], [16.20359, 46.663483], [16.198164, 46.666919], [16.192118, 46.672061], [16.191653, 46.679477], [16.178734, 46.697563], [16.175633, 46.718699], [16.178269, 46.720869], [16.184315, 46.727122], [16.190103, 46.727226], [16.210566, 46.745002], [16.217853, 46.744382], [16.223744, 46.746863], [16.232116, 46.757095], [16.240642, 46.762366], [16.257747, 46.780039], [16.290458, 46.777093], [16.296349, 46.778179], [16.298726, 46.779186], [16.29949, 46.77951]]]}}, {"type": "Feature", "properties": {"featurecla": "Admin-1 states provinces", "scalerank": 10, "adm1_code": "SVN-196", "diss_me": 196, "iso_3166_2": "SI-033", "wikipedia": null, "iso_a2": "SI", "adm0_sr": 1, "name": "\u0160alovci", "name_alt": null, "name_local": null, "type": "Opcine", "type_en": "Commune|Municipality", "code_local": null, "code_hasc": "SI.PM.SA", "note": null, "hasc_maybe": null, "region": "Pomurska", "region_cod": null, "provnum_ne": 2, "gadm_level": 2, "check_me": 10, "datarank": 8, "abbrev": null, "postal": "SA", "area_sqkm": 0, "sameascity": -99, "labelrank": 10, "name_len": 7, "mapcolor9": 2, "mapcolor13": 12, "fips": "SI33", "fips_alt": "SIL4", "woe_id": -55848370, "woe_label": null, "woe_name": null, "latitude": 46.8451, "longitude": 16.2448, "sov_a3": "SVN", "adm0_a3": "SVN", "adm0_label": 2, "admin": "Slovenia", "geonunit": "Slovenia", "gu_a3": "SVN", "gn_id": 3344943, "gn_name": "Obcina Salovci", "gns_id": 9123535, "gns_name": "Salovci, Obcina", "gn_level": 1, "gn_region": null, "gn_a1_code": "SI.L4", "region_sub": null, "sub_code": null, "gns_level": 1, "gns_lang": "slv", "gns_adm1": "SI72", "gns_region": null, "min_label": 11, "max_label": 11, "min_zoom": 11, "wikidataid": "Q241462", "name_ar": "\u062a\u0634\u0627\u0644\u0648\u0641\u062a\u0633\u064a", "name_bn": "\u09b8\u09cd\u09af\u09be\u09b2\u09cb\u09ad\u099a\u09bf", "name_de": "\u0160alovci", "name_en": "\u0160alovci", "name_es": "\u0160alovci", "name_fr": "\u0160alovci", "name_el": "\u03a3\u03b1\u03bb\u03cc\u03b2\u03ba\u03b9", "name_hi": "\u0938\u0932\u094b\u0935\u094d\u0915\u0940", "name_hu": "Sal", "name_id": "\u0160alovci", "name_it": "\u0160alovci", "name_ja": "\u30b7\u30e3\u30ed\u30d5\u30c4\u30a3", "name_ko": "\uc0ec\ub85c\uc6b0\uce58", "name_nl": "\u0160alovci", "name_pl": "\u0160alovci", "name_pt": "\u0160alovci", "name_ru": "\u0428\u0430\u043b\u043e\u0432\u0446\u0438", "name_sv": "\u0160alovci", "name_tr": "Salovci", "name_vi": "\u0160alovci", "name_zh": "\u6c99\u6d1b\u592b\u9f4a", "ne_id": 1159308539, "name_he": "\u05e9\u05d0\u05dc\u05d5\u05d1\u05e6'\u05d9", "name_uk": "\u0428\u0430\u043b\u043e\u0432\u0446\u0456", "name_ur": "\u0633\u0627\u0644\u0648\u0648\u06a9\u06cc", "name_fa": "\u0633\u0627\u0644\u0648\u0648\u0686\u06cc", "name_zht": "\u6c99\u6d1b\u592b\u9f4a", "FCLASS_ISO": null, "FCLASS_US": null, "FCLASS_FR": null, "FCLASS_RU": null, "FCLASS_ES": null, "FCLASS_CN": null, "FCLASS_TW": null, "FCLASS_IN": null, "FCLASS_NP": null, "FCLASS_PK": null, "FCLASS_DE": null, "FCLASS_GB": null, "FCLASS_BR": null, "FCLASS_IL": null, "FCLASS_PS": null, "FCLASS_SA": null, "FCLASS_EG": null, "FCLASS_MA": null, "FCLASS_PT": null, "FCLASS_AR": null, "FCLASS_JP": null, "FCLASS_KO": null, "FCLASS_VN": null, "FCLASS_TR": null, "FCLASS_ID": null, "FCLASS_PL": null, "FCLASS_GR": null, "FCLASS_IT": null, "FCLASS_NL": null, "FCLASS_SE": null, "FCLASS_BD": null, "FCLASS_UA": null, "FCLASS_TLC": null}, "bbox": [16.179486, 46.777093, 16.311097, 46.863962], "geometry": {"type": "Polygon", "coordinates": [[[16.311097, 46.797519], [16.302188, 46.787016], [16.29949, 46.77951], [16.298726, 46.779186], [16.296349, 46.778179], [16.290458, 46.777093], [16.257747, 46.780039], [16.260383, 46.787687], [16.263173, 46.791408], [16.266429, 46.80195], [16.265343, 46.809598], [16.258832, 46.817918], [16.244518, 46.827788], [16.22762, 46.834325], [16.179486, 46.858468], [16.272009, 46.863962], [16.282241, 46.859932], [16.297392, 46.847033], [16.297435, 46.846805], [16.2979, 46.844299], [16.303067, 46.835591], [16.303067, 46.822336], [16.301155, 46.816678], [16.295884, 46.810166], [16.296814, 46.807014], [16.29821, 46.804017], [16.31056, 46.79779], [16.311097, 46.797519]]]}}, {"type": "Feature", "properties": {"featurecla": "Admin-1 states provinces", "scalerank": 10, "adm1_code": "SVN-201", "diss_me": 201, "iso_3166_2": "SI-161", "wikipedia": null, "iso_a2": "SI", "adm0_sr": 1, "name": "Hodo\u0161", "name_alt": null, "name_local": null, "type": "Opcine", "type_en": "Commune|Municipality", "code_local": null, "code_hasc": "SI.PM.HO", "note": null, "hasc_maybe": null, "region": "Pomurska", "region_cod": null, "provnum_ne": 5, "gadm_level": 2, "check_me": 10, "datarank": 8, "abbrev": null, "postal": "HO", "area_sqkm": 0, "sameascity": -99, "labelrank": 10, "name_len": 5, "mapcolor9": 2, "mapcolor13": 12, "fips": "SI00", "fips_alt": "SIH2", "woe_id": -55848370, "woe_label": null, "woe_name": null, "latitude": 46.8202, "longitude": 16.3126, "sov_a3": "SVN", "adm0_a3": "SVN", "adm0_label": 2, "admin": "Slovenia", "geonunit": "Slovenia", "gu_a3": "SVN", "gn_id": 3344940, "gn_name": "Obcina Hodos", "gns_id": 9123494, "gns_name": "Hodos, Obcina", "gn_level": 1, "gn_region": null, "gn_a1_code": "SI.H2", "region_sub": null, "sub_code": null, "gns_level": 1, "gns_lang": "slv", "gns_adm1": "SI72", "gns_region": null, "min_label": 11, "max_label": 11, "min_zoom": 11, "wikidataid": "Q13365904", "name_ar": "\u0628\u0644\u062f\u064a\u0629 \u0647\u0648\u062f\u0648\u0634", "name_bn": "\u09b9\u09cb\u09a1\u09cb\u09b8 \u09aa\u09cc\u09b0\u09b8\u09ad\u09be", "name_de": "Gemeinde Hodo\u0161", "name_en": "Hodo\u0161", "name_es": "Municipalidad Hodo\u0161", "name_fr": "Hodos", "name_el": "\u03a7\u03cc\u03bd\u03c4\u03bf\u03c2", "name_hi": "\u0939\u094b\u0921\u094b\u0938 \u0928\u0917\u0930 \u092a\u093e\u0932\u093f\u0915\u093e", "name_hu": "\u0150rihodos k\u00f6zs\u00e9g", "name_id": "Hodo\u0161", "name_it": "Hodo\u0161", "name_ja": "\u30db\u30c9\u30b7\u30e5", "name_ko": "\ud638\ub3c4\uc2a4 \uc9c0\ubc29 \uc790\uce58\uc81c", "name_nl": "Hodo\u0161", "name_pl": "Gmina Hodo\u0161", "name_pt": "Hodos", "name_ru": "\u0425\u043e\u0434\u043e\u0448", "name_sv": "Hodos", "name_tr": "Hodos Belediyesi", "name_vi": "\u0110\u00f4 th\u1ecb t\u1ef1 tr\u1ecb Hodos", "name_zh": "\u970d\u591a\u4ec0\u93ae", "ne_id": 1159308551, "name_he": "\u05d4\u05d5\u05d3\u05d5\u05e9", "name_uk": "\u0425\u043e\u0434\u043e\u0448", "name_ur": "\u06c1\u0648\u062f\u0648\u0633 \u0645\u06cc\u0648\u0646\u0633\u067e\u0644\u0679\u06cc", "name_fa": "\u0634\u0647\u0631\u062f\u0627\u0631\u06cc \u0647\u0648\u062f\u0648\u0634", "name_zht": "\u970d\u591a\u4ec0\u93ae", "FCLASS_ISO": null, "FCLASS_US": null, "FCLASS_FR": null, "FCLASS_RU": null, "FCLASS_ES": null, "FCLASS_CN": null, "FCLASS_TW": null, "FCLASS_IN": null, "FCLASS_NP": null, "FCLASS_PK": null, "FCLASS_DE": null, "FCLASS_GB": null, "FCLASS_BR": null, "FCLASS_IL": null, "FCLASS_PS": null, "FCLASS_SA": null, "FCLASS_EG": null, "FCLASS_MA": null, "FCLASS_PT": null, "FCLASS_AR": null, "FCLASS_JP": null, "FCLASS_KO": null, "FCLASS_VN": null, "FCLASS_TR": null, "FCLASS_ID": null, "FCLASS_PL": null, "FCLASS_GR": null, "FCLASS_IT": null, "FCLASS_NL": null, "FCLASS_SE": null, "FCLASS_BD": null, "FCLASS_UA": null, "FCLASS_TLC": null}, "bbox": [16.295884, 46.797519, 16.329783, 46.847033], "geometry": {"type": "Polygon", "coordinates": [[[16.297392, 46.847033], [16.301878, 46.843214], [16.310663, 46.84001], [16.325339, 46.839442], [16.329783, 46.834403], [16.327509, 46.825463], [16.321825, 46.813268], [16.3149, 46.802002], [16.311097, 46.797519], [16.31056, 46.79779], [16.29821, 46.804017], [16.296814, 46.807014], [16.295884, 46.810166], [16.301155, 46.816678], [16.303067, 46.822336], [16.303067, 46.835591], [16.2979, 46.844299], [16.297435, 46.846805], [16.297392, 46.847033]]]}}, {"type": "Feature", "properties": {"featurecla": "Admin-1 states provinces", "scalerank": 10, "adm1_code": "SVN-928", "diss_me": 928, "iso_3166_2": "SI-031", "wikipedia": null, "iso_a2": "SI", "adm0_sr": 1, "name": "Gornji Petrovci", "name_alt": null, "name_local": null, "type": "Opcine", "type_en": "Commune|Municipality", "code_local": null, "code_hasc": "SI.PM.GP", "note": null, "hasc_maybe": null, "region": "Pomurska", "region_cod": null, "provnum_ne": 1, "gadm_level": 2, "check_me": 11, "datarank": 8, "abbrev": null, "postal": "GP", "area_sqkm": 0, "sameascity": -99, "labelrank": 10, "name_len": 15, "mapcolor9": 2, "mapcolor13": 12, "fips": "SI31", "fips_alt": null, "woe_id": -55848370, "woe_label": null, "woe_name": null, "latitude": 46.8091, "longitude": 16.2128, "sov_a3": "SVN", "adm0_a3": "SVN", "adm0_label": 2, "admin": "Slovenia", "geonunit": "Slovenia", "gu_a3": "SVN", "gn_id": 3239275, "gn_name": "Obcina Gornji Petrovci", "gns_id": 244019, "gns_name": "Gornji Petrovci, Obcina", "gn_level": 1, "gn_region": null, "gn_a1_code": "SI.31", "region_sub": null, "sub_code": null, "gns_level": 1, "gns_lang": "slv", "gns_adm1": "SI31", "gns_region": null, "min_label": 11, "max_label": 11, "min_zoom": 11, "wikidataid": "Q3435689", "name_ar": "\u0628\u0644\u062f\u064a\u0629 \u063a\u0648\u0631\u0646\u064a \u0628\u064a\u062a\u0631\u0648\u0641\u062a\u0633\u064a", "name_bn": "\u0997\u09b0\u09a8\u09bf \u09aa\u09c7\u09a4\u09cd\u09b0\u09ad\u099a\u09bf \u09aa\u09cc\u09b0\u09b8\u09ad\u09be", "name_de": "Gemeinde Gornji Petrovci", "name_en": "Gornji Petrovci", "name_es": "Municipalidad del Gornji Petrovci", "name_fr": "Gornji Petrovci", "name_el": "\u0393\u03ba\u03cc\u03c1\u03bd\u03c4\u03b6\u03b9 \u03a0\u03b5\u03c4\u03c1\u03cc\u03b2\u03c3\u03ba\u03b9", "name_hi": "\u0917\u094b\u0930\u094d\u0928\u091c\u0940 \u092a\u0947\u0924\u094d\u0930\u094b\u0935\u094d\u0915\u0940 \u0928\u0917\u0930\u092a\u093e\u0932\u093f\u0915\u093e", "name_hu": "Gornji Petrovci", "name_id": "Gornji Petrovci", "name_it": "Gornji Petrovci", "name_ja": "\u30b4\u30eb\u30cb\u30fb\u30da\u30c8\u30ed\u30d5\u30c4\u30a3", "name_ko": "\uace0\ub974\ub2c8\ud398\ud2b8\ub85c\ube0c\uce58 \uc9c0\ubc29 \uc790\uce58\uc81c", "name_nl": "Gornji Petrovci", "name_pl": "Gmina Gornji Petrovci", "name_pt": "Gornji Petrovci", "name_ru": "\u0413\u043e\u0440\u043d\u0438-\u041f\u0435\u0442\u0440\u043e\u0432\u0446\u044b", "name_sv": "Gornji", "name_tr": "Gornji Petrovci Belediyesi", "name_vi": "\u0110\u00f4 th\u1ecb t\u1ef1 tr\u1ecb Gornji Petrovci", "name_zh": "\u4e0a\u5f7c\u5f97\u7f85\u592b\u9f4a\u93ae", "ne_id": 1159309561, "name_he": "\u05d2\u05d5\u05e8\u05e0\u05d9 \u05e4\u05d8\u05e8\u05d5\u05d1\u05e6'\u05d9", "name_uk": "\u0413\u043e\u0440\u043d\u0456 \u041f\u0435\u0442\u0440\u043e\u0432\u0446\u0456", "name_ur": "\u062c\u0648\u0631\u0646\u062c\u06cc \u067e\u06cc\u062a\u0631\u0648\u0648\u06a9\u06cc \u0645\u06cc\u0648\u0646\u0633\u067e\u0644\u0679\u06cc", "name_fa": "\u06af\u0648\u0631\u0646\u062c\u06cc \u067e\u062a\u0631\u0648\u0648\u0633\u06cc", "name_zht": "\u4e0a\u5f7c\u5f97\u7f85\u592b\u9f4a\u93ae", "FCLASS_ISO": null, "FCLASS_US": null, "FCLASS_FR": null, "FCLASS_RU": null, "FCLASS_ES": null, "FCLASS_CN": null, "FCLASS_TW": null, "FCLASS_IN": null, "FCLASS_NP": null, "FCLASS_PK": null, "FCLASS_DE": null, "FCLASS_GB": null, "FCLASS_BR": null, "FCLASS_IL": null, "FCLASS_PS": null, "FCLASS_SA": null, "FCLASS_EG": null, "FCLASS_MA": null, "FCLASS_PT": null, "FCLASS_AR": null, "FCLASS_JP": null, "FCLASS_KO": null, "FCLASS_VN": null, "FCLASS_TR": null, "FCLASS_ID": null, "FCLASS_PL": null, "FCLASS_GR": null, "FCLASS_IT": null, "FCLASS_NL": null, "FCLASS_SE": null, "FCLASS_BD": null, "FCLASS_UA": null, "FCLASS_TLC": null}, "bbox": [16.122872, 46.744382, 16.266429, 46.858468], "geometry": {"type": "Polygon", "coordinates": [[[16.135376, 46.855849], [16.179486, 46.858468], [16.22762, 46.834325], [16.244518, 46.827788], [16.258832, 46.817918], [16.265343, 46.809598], [16.266429, 46.80195], [16.263173, 46.791408], [16.260383, 46.787687], [16.257747, 46.780039], [16.240642, 46.762366], [16.232116, 46.757095], [16.223744, 46.746863], [16.217853, 46.744382], [16.210566, 46.745002], [16.197234, 46.757353], [16.193358, 46.762262], [16.2039, 46.781899], [16.201885, 46.790297], [16.197854, 46.79363], [16.191033, 46.796007], [16.183695, 46.797583], [16.164471, 46.810476], [16.16075, 46.817918], [16.154549, 46.822259], [16.150053, 46.826548], [16.136411, 46.829442], [16.125197, 46.833007], [16.122872, 46.843368], [16.130246, 46.856708], [16.135376, 46.855849]]]}}, {"type": "Feature", "properties": {"featurecla": "Admin-1 states provinces", "scalerank": 10, "adm1_code": "SVN-197", "diss_me": 197, "iso_3166_2": "SI-056", "wikipedia": null, "iso_a2": "SI", "adm0_sr": 1, "name": "Kuzma", "name_alt": null, "name_local": null, "type": "Opcine", "type_en": "Commune|Municipality", "code_local": null, "code_hasc": "SI.PM.KU", "note": null, "hasc_maybe": null, "region": "Pomurska", "region_cod": null, "provnum_ne": 12, "gadm_level": 2, "check_me": 0, "datarank": 8, "abbrev": null, "postal": "KU", "area_sqkm": 0, "sameascity": -99, "labelrank": 10, "name_len": 5, "mapcolor9": 2, "mapcolor13": 12, "fips": "SII2", "fips_alt": null, "woe_id": -55848370, "woe_label": null, "woe_name": null, "latitude": 46.8461, "longitude": 16.0916, "sov_a3": "SVN", "adm0_a3": "SVN", "adm0_label": 2, "admin": "Slovenia", "geonunit": "Slovenia", "gu_a3": "SVN", "gn_id": 3239272, "gn_name": "Obcina Kuzma", "gns_id": 244015, "gns_name": "Kuzma, Obcina", "gn_level": 1, "gn_region": null, "gn_a1_code": "SI.I2", "region_sub": null, "sub_code": null, "gns_level": 1, "gns_lang": "slv", "gns_adm1": "SI97", "gns_region": null, "min_label": 11, "max_label": 11, "min_zoom": 11, "wikidataid": "Q906636", "name_ar": "\u0628\u0644\u062f\u064a\u0629 \u0643\u0648\u0632\u0645\u0627", "name_bn": "\u0995\u09c1\u099c\u09ae\u09be \u09aa\u09cc\u09b0\u09b8\u09ad\u09be", "name_de": "Kuzma", "name_en": "Kuzma", "name_es": "Municipalidad del Kuzma", "name_fr": "Kuzma", "name_el": "\u039a\u03bf\u03cd\u03b6\u03bc\u03b1", "name_hi": "\u0915\u0941\u091c\u093c\u094d\u092e\u093e \u0928\u0917\u0930\u092a\u093e\u0932\u093f\u0915\u093e", "name_hu": "Kuzma k\u00f6zs\u00e9g", "name_id": "Kuzma", "name_it": "Kuzma", "name_ja": "\u30af\u30ba\u30de", "name_ko": "\ucfe0\uc988\ub9c8", "name_nl": "Kuzma", "name_pl": "Gmina Kuzma", "name_pt": "Kuzma", "name_ru": "\u041a\u0443\u0437\u043c\u0430", "name_sv": "Kumza", "name_tr": "Kuzma Belediyesi", "name_vi": "\u0110\u00f4 th\u1ecb t\u1ef1 tr\u1ecb Kuzma", "name_zh": "\u5e93\u5179\u9a6c", "ne_id": 1159308541, "name_he": "\u05e7\u05d5\u05d6\u05de\u05d4", "name_uk": "\u041a\u0443\u0437\u043c\u0430", "name_ur": "\u06a9\u0648\u0632\u0645\u0627 \u0645\u06cc\u0648\u0646\u0633\u067e\u0644\u0679\u06cc", "name_fa": "\u0634\u0647\u0631\u062f\u0627\u0631\u06cc \u06a9\u0648\u0632\u0645\u0627", "name_zht": "\u5e93\u5179\u9a6c", "FCLASS_ISO": null, "FCLASS_US": null, "FCLASS_FR": null, "FCLASS_RU": null, "FCLASS_ES": null, "FCLASS_CN": null, "FCLASS_TW": null, "FCLASS_IN": null, "FCLASS_NP": null, "FCLASS_PK": null, "FCLASS_DE": null, "FCLASS_GB": null, "FCLASS_BR": null, "FCLASS_IL": null, "FCLASS_PS": null, "FCLASS_SA": null, "FCLASS_EG": null, "FCLASS_MA": null, "FCLASS_PT": null, "FCLASS_AR": null, "FCLASS_JP": null, "FCLASS_KO": null, "FCLASS_VN": null, "FCLASS_TR": null, "FCLASS_ID": null, "FCLASS_PL": null, "FCLASS_GR": null, "FCLASS_IT": null, "FCLASS_NL": null, "FCLASS_SE": null, "FCLASS_BD": null, "FCLASS_UA": null, "FCLASS_TLC": null}, "bbox": [16.052936, 46.816057, 16.130246, 46.862774], "geometry": {"type": "Polygon", "coordinates": [[[16.094035, 46.862774], [16.130246, 46.856708], [16.122872, 46.843368], [16.125197, 46.833007], [16.098842, 46.832077], [16.092021, 46.830217], [16.077758, 46.822517], [16.072435, 46.818796], [16.056002, 46.816057], [16.052936, 46.84606], [16.094035, 46.862774]]]}}, {"type": "Feature", "properties": {"featurecla": "Admin-1 states provinces", "scalerank": 10, "adm1_code": "SVN-264", "diss_me": 264, "iso_3166_2": "SI-059", "wikipedia": null, "iso_a2": "SI", "adm0_sr": 1, "name": "Lendava", "name_alt": "Lendva", "name_local": null, "type": "Opcine", "type_en": "Commune|Municipality", "code_local": null, "code_hasc": "SI.PM.LE", "note": null, "hasc_maybe": null, "region": "Pomurska", "region_cod": null, "provnum_ne": 66, "gadm_level": 2, "check_me": 10, "datarank": 8, "abbrev": null, "postal": "LE", "area_sqkm": 0, "sameascity": -99, "labelrank": 10, "name_len": 7, "mapcolor9": 2, "mapcolor13": 12, "fips": "SI59", "fips_alt": "SII4", "woe_id": 55848362, "woe_label": "Lendava, SI, Slovenia", "woe_name": "Lendava", "latitude": 46.5693, "longitude": 16.4217, "sov_a3": "SVN", "adm0_a3": "SVN", "adm0_label": 2, "admin": "Slovenia", "geonunit": "Slovenia", "gu_a3": "SVN", "gn_id": 3344935, "gn_name": "Obcina Lendava", "gns_id": 9123461, "gns_name": "Obcina Lendava", "gn_level": 1, "gn_region": null, "gn_a1_code": "SI.I4", "region_sub": null, "sub_code": null, "gns_level": 1, "gns_lang": "slv", "gns_adm1": "SI72", "gns_region": null, "min_label": 11, "max_label": 11, "min_zoom": 11, "wikidataid": "Q15890", "name_ar": "\u0644\u064a\u0646\u062f\u0627\u0641\u0627", "name_bn": "\u09b2\u09c7\u09a8\u09cd\u09a1\u09be\u09ad\u09be", "name_de": "Lendava", "name_en": "Lendava", "name_es": "Lendava", "name_fr": "Lendava", "name_el": "\u039b\u03b5\u03bd\u03c4\u03ac\u03b2\u03b1", "name_hi": "\u0932\u0947\u0902\u0921\u0935\u093e", "name_hu": "Lendva", "name_id": "Lendava", "name_it": "Lendava", "name_ja": "\u30ec\u30f3\u30c0\u30f4\u30a1", "name_ko": "\ub80c\ub2e4\ubc14", "name_nl": "Lendava", "name_pl": "Lendava", "name_pt": "Lendava", "name_ru": "\u041b\u0435\u043d\u0434\u0430\u0432\u0430", "name_sv": "Lendava", "name_tr": "Lendava", "name_vi": "Lendava", "name_zh": "\u4f26\u8fbe\u74e6", "ne_id": 1159308687, "name_he": "\u05dc\u05e0\u05d3\u05d0\u05d5\u05d5\u05d4", "name_uk": "\u041b\u0435\u043d\u0434\u0430\u0432\u0430", "name_ur": "\u0644\u06cc\u0646\u062f\u0627\u0648\u0627", "name_fa": "\u0644\u0646\u062f\u0627\u0648\u0627", "name_zht": "\u502b\u9054\u74e6", "FCLASS_ISO": null, "FCLASS_US": null, "FCLASS_FR": null, "FCLASS_RU": null, "FCLASS_ES": null, "FCLASS_CN": null, "FCLASS_TW": null, "FCLASS_IN": null, "FCLASS_NP": null, "FCLASS_PK": null, "FCLASS_DE": null, "FCLASS_GB": null, "FCLASS_BR": null, "FCLASS_IL": null, "FCLASS_PS": null, "FCLASS_SA": null, "FCLASS_EG": null, "FCLASS_MA": null, "FCLASS_PT": null, "FCLASS_AR": null, "FCLASS_JP": null, "FCLASS_KO": null, "FCLASS_VN": null, "FCLASS_TR": null, "FCLASS_ID": null, "FCLASS_PL": null, "FCLASS_GR": null, "FCLASS_IT": null, "FCLASS_NL": null, "FCLASS_SE": null, "FCLASS_BD": null, "FCLASS_UA": null, "FCLASS_TLC": null}, "bbox": [16.328647, 46.501711, 16.515302, 46.636341], "geometry": {"type": "Polygon", "coordinates": [[[16.372246, 46.636341], [16.376395, 46.629093], [16.394585, 46.619016], [16.430242, 46.604392], [16.467139, 46.564704], [16.500832, 46.544809], [16.515302, 46.501711], [16.491117, 46.515146], [16.481298, 46.519022], [16.470756, 46.520262], [16.449052, 46.51835], [16.440371, 46.519022], [16.431999, 46.523208], [16.415153, 46.535559], [16.406264, 46.539486], [16.394895, 46.540106], [16.382183, 46.539383], [16.369471, 46.540571], [16.357895, 46.546979], [16.351694, 46.539486], [16.351254, 46.539922], [16.344149, 46.546979], [16.340276, 46.543827], [16.339654, 46.543981], [16.334848, 46.54517], [16.328647, 46.548735], [16.334538, 46.556487], [16.344305, 46.556745], [16.350661, 46.557649], [16.367456, 46.562946], [16.383114, 46.570026], [16.389625, 46.57478], [16.397532, 46.578191], [16.378463, 46.599792], [16.347871, 46.615346], [16.366991, 46.634234], [16.371952, 46.636223], [16.372246, 46.636341]]]}}, {"type": "Feature", "properties": {"featurecla": "Admin-1 states provinces", "scalerank": 10, "adm1_code": "SVN-271", "diss_me": 271, "iso_3166_2": "SI-156", "wikipedia": null, "iso_a2": "SI", "adm0_sr": 1, "name": "Dobrovnik", "name_alt": "Dobronak", "name_local": null, "type": "Opcine", "type_en": "Commune|Municipality", "code_local": null, "code_hasc": "SI.PM.DO", "note": null, "hasc_maybe": null, "region": "Pomurska", "region_cod": null, "provnum_ne": 11, "gadm_level": 2, "check_me": 10, "datarank": 8, "abbrev": null, "postal": "DO", "area_sqkm": 0, "sameascity": -99, "labelrank": 10, "name_len": 9, "mapcolor9": 2, "mapcolor13": 12, "fips": "SI00", "fips_alt": "SIG5", "woe_id": -55848362, "woe_label": null, "woe_name": null, "latitude": 46.6539, "longitude": 16.3581, "sov_a3": "SVN", "adm0_a3": "SVN", "adm0_label": 2, "admin": "Slovenia", "geonunit": "Slovenia", "gu_a3": "SVN", "gn_id": 3344936, "gn_name": "Obcina Dobrovnik", "gns_id": 9123472, "gns_name": "Dobrovnik, Obcina", "gn_level": 1, "gn_region": null, "gn_a1_code": "SI.G5", "region_sub": null, "sub_code": null, "gns_level": 1, "gns_lang": "slv", "gns_adm1": "SI72", "gns_region": null, "min_label": 11, "max_label": 11, "min_zoom": 11, "wikidataid": "Q13365892", "name_ar": "\u062f\u0648\u0628\u0631\u0648\u0641\u0646\u064a\u0643", "name_bn": "\u09a6\u09cb\u09ac\u09cd\u09b0\u09cb\u09ad\u09a8\u09bf\u0995", "name_de": "Gemeinde Dobrovnik", "name_en": "Dobrovnik", "name_es": "Dobrovnik", "name_fr": "Dobrovnik", "name_el": "\u039d\u03c4\u03bf\u03bc\u03c0\u03c1\u03cc\u03b2\u03bd\u03b9\u03ba", "name_hi": "\u0921\u094b\u092c\u094d\u0930\u094b\u0935\u0928\u093f\u0915", "name_hu": "Dobronak k\u00f6zs\u00e9g", "name_id": "Dobrovnik", "name_it": "Dobrovnik", "name_ja": "\u30c9\u30d6\u30ed\u30f4\u30cb\u30af", "name_ko": "\ub3c4\ube0c\ub85c\ube0c\ub2c8\ud06c", "name_nl": "Dobrovnik", "name_pl": "Gmina Dobrovnik", "name_pt": "Dobrovnik", "name_ru": "\u0414\u043e\u0431\u0440\u043e\u0432\u043d\u0438\u043a", "name_sv": "Dubrovnik", "name_tr": "Dobrovnik", "name_vi": "Dobrovnik", "name_zh": "\u591a\u5e03\u7f57\u592b\u5c3c\u514b", "ne_id": 1159309551, "name_he": "\u05d3\u05d5\u05d1\u05e8\u05d5\u05d1\u05e0\u05d9\u05e7", "name_uk": "\u0414\u043e\u0431\u0440\u043e\u0432\u043d\u0438\u043a", "name_ur": "\u0688\u0648\u0628\u0631\u0648\u0646\u0648\u06a9", "name_fa": "\u0634\u0647\u0631\u062f\u0627\u0631\u06cc \u062f\u0648\u0628\u0631\u0648\u0648\u0646\u06cc\u06a9", "name_zht": "\u591a\u5e03\u7f57\u592b\u5c3c\u514b", "FCLASS_ISO": null, "FCLASS_US": null, "FCLASS_FR": null, "FCLASS_RU": null, "FCLASS_ES": null, "FCLASS_CN": null, "FCLASS_TW": null, "FCLASS_IN": null, "FCLASS_NP": null, "FCLASS_PK": null, "FCLASS_DE": null, "FCLASS_GB": null, "FCLASS_BR": null, "FCLASS_IL": null, "FCLASS_PS": null, "FCLASS_SA": null, "FCLASS_EG": null, "FCLASS_MA": null, "FCLASS_PT": null, "FCLASS_AR": null, "FCLASS_JP": null, "FCLASS_KO": null, "FCLASS_VN": null, "FCLASS_TR": null, "FCLASS_ID": null, "FCLASS_PL": null, "FCLASS_GR": null, "FCLASS_IT": null, "FCLASS_NL": null, "FCLASS_SE": null, "FCLASS_BD": null, "FCLASS_UA": null, "FCLASS_TLC": null}, "bbox": [16.314384, 46.615346, 16.402607, 46.688882], "geometry": {"type": "Polygon", "coordinates": [[[16.402607, 46.663109], [16.396652, 46.659143], [16.377636, 46.652864], [16.368437, 46.642994], [16.372246, 46.636341], [16.371952, 46.636223], [16.366991, 46.634234], [16.347871, 46.615346], [16.314384, 46.645138], [16.317485, 46.66077], [16.327407, 46.676169], [16.334228, 46.683766], [16.340739, 46.688882], [16.351707, 46.685921], [16.356242, 46.684696], [16.36389, 46.674852], [16.373192, 46.67002], [16.392571, 46.664335], [16.401873, 46.663199], [16.402607, 46.663109]]]}}, {"type": "Feature", "properties": {"featurecla": "Admin-1 states provinces", "scalerank": 10, "adm1_code": "SVN-1043", "diss_me": 1043, "iso_3166_2": "SI-047", "wikipedia": null, "iso_a2": "SI", "adm0_sr": 1, "name": "Kobilje", "name_alt": null, "name_local": null, "type": "Opcine", "type_en": "Commune|Municipality", "code_local": null, "code_hasc": "SI.PM.KO", "note": null, "hasc_maybe": null, "region": "Pomurska", "region_cod": null, "provnum_ne": 10, "gadm_level": 2, "check_me": 0, "datarank": 8, "abbrev": null, "postal": "KO", "area_sqkm": 0, "sameascity": -99, "labelrank": 10, "name_len": 7, "mapcolor9": 2, "mapcolor13": 12, "fips": "SI47", "fips_alt": null, "woe_id": -55848362, "woe_label": null, "woe_name": null, "latitude": 46.6809, "longitude": 16.3831, "sov_a3": "SVN", "adm0_a3": "SVN", "adm0_label": 2, "admin": "Slovenia", "geonunit": "Slovenia", "gu_a3": "SVN", "gn_id": 3239280, "gn_name": "Obcina Kobilje", "gns_id": 244026, "gns_name": "Kobilje, Obcina", "gn_level": 1, "gn_region": null, "gn_a1_code": "SI.47", "region_sub": null, "sub_code": null, "gns_level": 1, "gns_lang": "slv", "gns_adm1": "SI47", "gns_region": null, "min_label": 11, "max_label": 11, "min_zoom": 11, "wikidataid": "Q927718", "name_ar": "\u0628\u0644\u062f\u064a\u0629 \u0643\u0648\u0628\u064a\u0644\u064a\u0647", "name_bn": "\u0995\u09cb\u09ac\u09bf\u09b2\u09bf \u09aa\u09cc\u09b0\u09b8\u09ad\u09be", "name_de": "Kobilje", "name_en": "Kobilje", "name_es": "Kobilje", "name_fr": "Kobilje", "name_el": "\u039a\u03bf\u03bc\u03c0\u03af\u03bb\u03c4\u03b6\u03b5", "name_hi": "\u0915\u094b\u092c\u0940\u0932\u093f\u090f \u0928\u0917\u0930\u092a\u093e\u0932\u093f\u0915\u093e", "name_hu": "Kebeleszentm\u00e1rton", "name_id": "Kobilje", "name_it": "Kobilje", "name_ja": "\u30b3\u30d3\u30ea\u30a7", "name_ko": "\ucf54\ube4c\ub808", "name_nl": "Kobilje", "name_pl": "Gmina Kobilje", "name_pt": "Kobilje", "name_ru": "\u041a\u043e\u0431\u0438\u043b\u044c\u0435", "name_sv": "Kobilje", "name_tr": "Kobilje Belediyesi", "name_vi": "Kobilje", "name_zh": "\u79d1\u6bd4\u5217", "ne_id": 1159310893, "name_he": "\u05e7\u05d5\u05d1\u05d9\u05dc\u05d9\u05d4", "name_uk": "\u041a\u043e\u0431\u0438\u043b\u0454", "name_ur": "\u06a9\u0648\u0628\u06cc\u0644\u062c\u06cc \u0645\u06cc\u0648\u0646\u0633\u067e\u0644\u0679\u06cc", "name_fa": "\u0634\u0647\u0631\u062f\u0627\u0631\u06cc \u06a9\u0648\u0628\u06cc\u0644\u062c\u0647", "name_zht": "\u79d1\u6bd4\u5217", "FCLASS_ISO": null, "FCLASS_US": null, "FCLASS_FR": null, "FCLASS_RU": null, "FCLASS_ES": null, "FCLASS_CN": null, "FCLASS_TW": null, "FCLASS_IN": null, "FCLASS_NP": null, "FCLASS_PK": null, "FCLASS_DE": null, "FCLASS_GB": null, "FCLASS_BR": null, "FCLASS_IL": null, "FCLASS_PS": null, "FCLASS_SA": null, "FCLASS_EG": null, "FCLASS_MA": null, "FCLASS_PT": null, "FCLASS_AR": null, "FCLASS_JP": null, "FCLASS_KO": null, "FCLASS_VN": null, "FCLASS_TR": null, "FCLASS_ID": null, "FCLASS_PL": null, "FCLASS_GR": null, "FCLASS_IT": null, "FCLASS_NL": null, "FCLASS_SE": null, "FCLASS_BD": null, "FCLASS_UA": null, "FCLASS_TLC": null}, "bbox": [16.356242, 46.663109, 16.410502, 46.696712], "geometry": {"type": "Polygon", "coordinates": [[[16.366216, 46.696467], [16.371434, 46.694929], [16.390038, 46.694154], [16.405024, 46.687255], [16.410502, 46.668367], [16.402607, 46.663109], [16.401873, 46.663199], [16.392571, 46.664335], [16.373192, 46.67002], [16.36389, 46.674852], [16.356242, 46.684696], [16.363935, 46.694808], [16.365383, 46.696712], [16.366216, 46.696467]]]}}, {"type": "Feature", "properties": {"featurecla": "Admin-1 states provinces", "scalerank": 10, "adm1_code": "SVN-1014", "diss_me": 1014, "iso_3166_2": "SI-053", "wikipedia": null, "iso_a2": "SI", "adm0_sr": 1, "name": "Kranjska Gora", "name_alt": null, "name_local": null, "type": "Opcine", "type_en": "Commune|Municipality", "code_local": null, "code_hasc": "SI.GO.KG", "note": null, "hasc_maybe": null, "region": "Gorenjska", "region_cod": null, "provnum_ne": 79, "gadm_level": 2, "check_me": 0, "datarank": 8, "abbrev": null, "postal": "KG", "area_sqkm": 0, "sameascity": -99, "labelrank": 10, "name_len": 13, "mapcolor9": 2, "mapcolor13": 12, "fips": "SI53", "fips_alt": null, "woe_id": -55848354, "woe_label": null, "woe_name": null, "latitude": 46.4482, "longitude": 13.8502, "sov_a3": "SVN", "adm0_a3": "SVN", "adm0_label": 2, "admin": "Slovenia", "geonunit": "Slovenia", "gu_a3": "SVN", "gn_id": 3239105, "gn_name": "Obcina Kranjska Gora", "gns_id": 243512, "gns_name": "Kranjska Gora, Obcina", "gn_level": 1, "gn_region": null, "gn_a1_code": "SI.53", "region_sub": null, "sub_code": null, "gns_level": 1, "gns_lang": "slv", "gns_adm1": "SI53", "gns_region": null, "min_label": 11, "max_label": 11, "min_zoom": 11, "wikidataid": "Q507051", "name_ar": "\u0628\u0644\u062f\u064a\u0629 \u0643\u0631\u0627\u0646\u062c\u0633\u0643\u0627 \u063a\u0648\u0631\u0627", "name_bn": "\u0995\u09cd\u09b0\u09be\u099e\u09cd\u099c\u09b8\u09cd\u0995\u09be \u0997\u09cb\u09b0\u09be \u09aa\u09cc\u09b0\u09b8\u09ad\u09be", "name_de": "Kranjska Gora", "name_en": "Kranjska Gora", "name_es": "Kranjska Gora", "name_fr": "Kranjska Gora", "name_el": "\u039a\u03c1\u03ac\u03bd\u03c4\u03b6\u03c3\u03ba\u03b1 \u0393\u03ba\u03cc\u03c1\u03b1", "name_hi": "\u0915\u094d\u0930\u0902\u091c\u094d\u0938\u0915\u093e \u0917\u094b\u0930\u093e \u0928\u0917\u0930\u092a\u093e\u0932\u093f\u0915\u093e", "name_hu": "Kranjska Gora", "name_id": "Kranjska Gora", "name_it": "Kranjska Gora", "name_ja": "\u30af\u30e9\u30f3\u30b9\u30ab\u30fb\u30b4\u30fc\u30e9", "name_ko": "\ud06c\ub780\uc2a4\uce74\uace0\ub77c", "name_nl": "Kranjska Gora", "name_pl": "Gmina Kranjska Gora", "name_pt": "Kranjska Gora", "name_ru": "\u041a\u0440\u0430\u043d\u044c\u0441\u043a\u0430-\u0413\u043e\u0440\u0430", "name_sv": "Kranjska Gora", "name_tr": "Kanjska Gora Belediyesi", "name_vi": "\u0110\u00f4 th\u1ecb t\u1ef1 tr\u1ecb Kranjska Gora", "name_zh": "\u514b\u62c9\u5c3c\u65af\u5361\u6208\u62c9", "ne_id": 1159310833, "name_he": "\u05e7\u05e8\u05d0\u05e0\u05d9\u05e1\u05e7\u05d4 \u05d2\u05d5\u05e8\u05d4", "name_uk": "\u041a\u0440\u0430\u043d\u044c\u0441\u043a\u0430 \u0413\u043e\u0440\u0430", "name_ur": "\u06a9\u0631\u0627\u0646\u062c\u0633\u06a9\u0627 \u06af\u0648\u0631\u0627 \u0645\u06cc\u0648\u0646\u0633\u067e\u0644\u0679\u06cc", "name_fa": "\u0634\u0647\u0631\u062f\u0627\u0631\u06cc \u06a9\u0631\u0627\u0646\u0633\u06a9\u0627 \u06af\u0648\u0631\u0627", "name_zht": "\u514b\u62c9\u5c3c\u65af\u5361\u6208\u62c9", "FCLASS_ISO": null, "FCLASS_US": null, "FCLASS_FR": null, "FCLASS_RU": null, "FCLASS_ES": null, "FCLASS_CN": null, "FCLASS_TW": null, "FCLASS_IN": null, "FCLASS_NP": null, "FCLASS_PK": null, "FCLASS_DE": null, "FCLASS_GB": null, "FCLASS_BR": null, "FCLASS_IL": null, "FCLASS_PS": null, "FCLASS_SA": null, "FCLASS_EG": null, "FCLASS_MA": null, "FCLASS_PT": null, "FCLASS_AR": null, "FCLASS_JP": null, "FCLASS_KO": null, "FCLASS_VN": null, "FCLASS_TR": null, "FCLASS_ID": null, "FCLASS_PL": null, "FCLASS_GR": null, "FCLASS_IT": null, "FCLASS_NL": null, "FCLASS_SE": null, "FCLASS_BD": null, "FCLASS_UA": null, "FCLASS_TLC": null}, "bbox": [13.685853, 46.381226, 14.014922, 46.519746], "geometry": {"type": "Polygon", "coordinates": [[[13.685853, 46.464047], [13.688446, 46.467759], [13.689893, 46.493339], [13.695474, 46.498636], [13.699194, 46.504837], [13.701055, 46.511891], [13.700951, 46.519746], [13.716093, 46.518867], [13.782135, 46.507782], [13.795778, 46.507886], [13.860683, 46.51525], [13.890862, 46.511787], [13.98233, 46.481918], [13.998763, 46.480523], [14.014922, 46.482531], [14.014266, 46.468973], [14.012251, 46.460627], [14.004655, 46.455459], [13.999694, 46.452927], [13.992356, 46.444814], [13.979488, 46.44223], [13.972357, 46.436184], [13.96042, 46.432076], [13.947242, 46.42572], [13.918045, 46.407504], [13.84792, 46.381226], [13.841719, 46.382182], [13.824149, 46.397633], [13.820893, 46.401277], [13.817328, 46.407555], [13.811281, 46.412981], [13.798724, 46.419958], [13.767356, 46.433083], [13.750923, 46.438199], [13.738366, 46.440266], [13.712579, 46.432257], [13.702347, 46.430215], [13.69196, 46.429311], [13.687, 46.43174], [13.690255, 46.453961], [13.685853, 46.464047]]]}}, {"type": "Feature", "properties": {"featurecla": "Admin-1 states provinces", "scalerank": 10, "adm1_code": "SVN-1023", "diss_me": 1023, "iso_3166_2": "SI-006", "wikipedia": null, "iso_a2": "SI", "adm0_sr": 1, "name": "Bovec", "name_alt": null, "name_local": null, "type": "Opcine", "type_en": "Commune|Municipality", "code_local": null, "code_hasc": "SI.SP.BO", "note": null, "hasc_maybe": null, "region": "Gori\u0161ka", "region_cod": null, "provnum_ne": 76, "gadm_level": 2, "check_me": 0, "datarank": 8, "abbrev": null, "postal": "BO", "area_sqkm": 0, "sameascity": -99, "labelrank": 10, "name_len": 5, "mapcolor9": 2, "mapcolor13": 12, "fips": "SI06", "fips_alt": null, "woe_id": -55848391, "woe_label": null, "woe_name": null, "latitude": 46.3725, "longitude": 13.6184, "sov_a3": "SVN", "adm0_a3": "SVN", "adm0_label": 2, "admin": "Slovenia", "geonunit": "Slovenia", "gu_a3": "SVN", "gn_id": 3239100, "gn_name": "Obcina Bovec", "gns_id": 243503, "gns_name": "Bovec, Obcina", "gn_level": 1, "gn_region": null, "gn_a1_code": "SI.06", "region_sub": null, "sub_code": null, "gns_level": 1, "gns_lang": "div", "gns_adm1": "SI06", "gns_region": null, "min_label": 11, "max_label": 11, "min_zoom": 11, "wikidataid": "Q3259688", "name_ar": "\u0628\u0644\u062f\u064a\u0629 \u0628\u0648\u0641\u064a\u062a\u0634", "name_bn": "\u09ac\u09cb\u09ad\u09c7\u0995 \u09aa\u09cc\u09b0\u09b8\u09ad\u09be", "name_de": "Gemeinde Bovec", "name_en": "Bovec", "name_es": "Municipalidad del Bovec", "name_fr": "Municipalit\u00e9 de Bovec", "name_el": "\u039c\u03c0\u03bf\u03b2\u03ad\u03ba", "name_hi": "\u092c\u094b\u0935\u0947\u0915 \u0928\u0917\u0930 \u092a\u093e\u0932\u093f\u0915\u093e", "name_hu": "Bovec", "name_id": "Bovec", "name_it": "Plezzo", "name_ja": "\u30dc\u30f4\u30a7\u30c4", "name_ko": "\ubcf4\ubca0\uce20 \uc9c0\ubc29 \uc790\uce58\uc81c", "name_nl": "Bovec", "name_pl": "Gmina Bovec", "name_pt": "Bovec", "name_ru": "\u0411\u043e\u0432\u0435\u0446", "name_sv": "Bovec", "name_tr": "Bovec Belediyesi", "name_vi": "\u0110\u00f4 th\u1ecb t\u1ef1 tr\u1ecb Bovec", "name_zh": "\u535a\u97cb\u8328\u93ae", "ne_id": 1159310855, "name_he": "\u05d1\u05d5\u05d1\u05e5", "name_uk": "\u0411\u043e\u0432\u0435\u0446", "name_ur": "\u0628\u0644\u062f\u06cc\u06c1 \u0628\u0648\u0648\u06cc\u062a\u0633", "name_fa": "\u0634\u0647\u0631\u062f\u0627\u0631\u06cc \u0628\u0648\u0648\u06a9", "name_zht": "\u535a\u97cb\u8328\u93ae", "FCLASS_ISO": null, "FCLASS_US": null, "FCLASS_FR": null, "FCLASS_RU": null, "FCLASS_ES": null, "FCLASS_CN": null, "FCLASS_TW": null, "FCLASS_IN": null, "FCLASS_NP": null, "FCLASS_PK": null, "FCLASS_DE": null, "FCLASS_GB": null, "FCLASS_BR": null, "FCLASS_IL": null, "FCLASS_PS": null, "FCLASS_SA": null, "FCLASS_EG": null, "FCLASS_MA": null, "FCLASS_PT": null, "FCLASS_AR": null, "FCLASS_JP": null, "FCLASS_KO": null, "FCLASS_VN": null, "FCLASS_TR": null, "FCLASS_ID": null, "FCLASS_PL": null, "FCLASS_GR": null, "FCLASS_IT": null, "FCLASS_NL": null, "FCLASS_SE": null, "FCLASS_BD": null, "FCLASS_UA": null, "FCLASS_TLC": null}, "bbox": [13.395638, 46.277227, 13.841719, 46.464047], "geometry": {"type": "Polygon", "coordinates": [[[13.658783, 46.445125], [13.67749, 46.452075], [13.685853, 46.464047], [13.690255, 46.453961], [13.687, 46.43174], [13.69196, 46.429311], [13.702347, 46.430215], [13.712579, 46.432257], [13.738366, 46.440266], [13.750923, 46.438199], [13.767356, 46.433083], [13.798724, 46.419958], [13.811281, 46.412981], [13.817328, 46.407555], [13.820893, 46.401277], [13.824149, 46.397633], [13.841719, 46.382182], [13.828025, 46.369082], [13.764101, 46.345078], [13.749528, 46.33526], [13.742242, 46.32601], [13.727359, 46.30167], [13.671497, 46.294901], [13.651446, 46.296296], [13.629432, 46.300533], [13.584422, 46.299603], [13.550109, 46.302032], [13.532435, 46.298001], [13.526079, 46.294384], [13.52949, 46.290973], [13.530265, 46.286219], [13.527319, 46.281491], [13.515227, 46.277227], [13.477038, 46.281025], [13.448978, 46.287227], [13.432648, 46.292549], [13.419006, 46.295469], [13.403968, 46.303221], [13.395638, 46.306728], [13.409806, 46.323608], [13.423242, 46.344847], [13.434094, 46.353864], [13.447323, 46.354846], [13.459726, 46.359032], [13.483704, 46.37115], [13.530006, 46.388332], [13.554397, 46.405954], [13.575688, 46.426676], [13.600182, 46.442644], [13.634082, 46.445719], [13.658783, 46.445125]]]}}, {"type": "Feature", "properties": {"featurecla": "Admin-1 states provinces", "scalerank": 10, "adm1_code": "SVN-1029", "diss_me": 1029, "iso_3166_2": "SI-046", "wikipedia": null, "iso_a2": "SI", "adm0_sr": 1, "name": "Kobarid", "name_alt": null, "name_local": null, "type": "Opcine", "type_en": "Commune|Municipality", "code_local": null, "code_hasc": "SI.SP.KO", "note": null, "hasc_maybe": null, "region": "Gori\u0161ka", "region_cod": null, "provnum_ne": 75, "gadm_level": 2, "check_me": 0, "datarank": 8, "abbrev": null, "postal": "KO", "area_sqkm": 0, "sameascity": -99, "labelrank": 10, "name_len": 7, "mapcolor9": 2, "mapcolor13": 12, "fips": "SI46", "fips_alt": null, "woe_id": -55848391, "woe_label": null, "woe_name": null, "latitude": 46.2459, "longitude": 13.5507, "sov_a3": "SVN", "adm0_a3": "SVN", "adm0_label": 2, "admin": "Slovenia", "geonunit": "Slovenia", "gu_a3": "SVN", "gn_id": 3239098, "gn_name": "Obcina Kobarid", "gns_id": 243500, "gns_name": "Kobarid, Obcina", "gn_level": 1, "gn_region": null, "gn_a1_code": "SI.46", "region_sub": null, "sub_code": null, "gns_level": 1, "gns_lang": "div", "gns_adm1": "SI46", "gns_region": null, "min_label": 11, "max_label": 11, "min_zoom": 11, "wikidataid": "Q688287", "name_ar": "\u0628\u0644\u062f\u064a\u0629 \u0643\u0648\u0628\u0627\u0631\u064a\u062f", "name_bn": "\u0995\u09cb\u09ac\u09be\u09b0\u09bf\u09a6 \u09aa\u09cc\u09b0\u09b8\u09ad\u09be", "name_de": "Gemeinde Kobarid", "name_en": "Kobarid", "name_es": "Kobarid", "name_fr": "Kobarid", "name_el": "\u039a\u03bf\u03bc\u03c0\u03b1\u03c1\u03af\u03bd\u03c4", "name_hi": "\u0915\u094b\u092c\u093e\u0930\u0940\u0926 \u0928\u0917\u0930\u092a\u093e\u0932\u093f\u0915\u093e", "name_hu": "Kobarid", "name_id": "Kobarid", "name_it": "Caporetto", "name_ja": "\u30b3\u30d0\u30ea\u30fc\u30c9", "name_ko": "\ucf54\ubc14\ub9ac\ub4dc \uc9c0\ubc29 \uc790\uce58\uc81c", "name_nl": "Kobarid", "name_pl": "Gmina Kobarid", "name_pt": "Kobarid", "name_ru": "\u041a\u043e\u0431\u0430\u0440\u0438\u0434", "name_sv": "Kobarid", "name_tr": "Kobarid Belediyesi", "name_vi": "Kobarid", "name_zh": "\u79d1\u5df4\u91cc\u5fb7", "ne_id": 1159310867, "name_he": "\u05e7\u05d5\u05d1\u05d0\u05e8\u05d9\u05d3", "name_uk": "\u041a\u043e\u0431\u0430\u0440\u0438\u0434", "name_ur": "\u06a9\u0648\u0628\u0627\u0631\u06cc\u062f \u0645\u06cc\u0648\u0646\u0633\u067e\u0644\u0679\u06cc", "name_fa": "\u0634\u0647\u0631\u062f\u0627\u0631\u06cc \u06a9\u0648\u0628\u0627\u0631\u06cc\u062f", "name_zht": "\u79d1\u5df4\u91cc\u5fb7", "FCLASS_ISO": null, "FCLASS_US": null, "FCLASS_FR": null, "FCLASS_RU": null, "FCLASS_ES": null, "FCLASS_CN": null, "FCLASS_TW": null, "FCLASS_IN": null, "FCLASS_NP": null, "FCLASS_PK": null, "FCLASS_DE": null, "FCLASS_GB": null, "FCLASS_BR": null, "FCLASS_IL": null, "FCLASS_PS": null, "FCLASS_SA": null, "FCLASS_EG": null, "FCLASS_MA": null, "FCLASS_PT": null, "FCLASS_AR": null, "FCLASS_JP": null, "FCLASS_KO": null, "FCLASS_VN": null, "FCLASS_TR": null, "FCLASS_ID": null, "FCLASS_PL": null, "FCLASS_GR": null, "FCLASS_IT": null, "FCLASS_NL": null, "FCLASS_SE": null, "FCLASS_BD": null, "FCLASS_UA": null, "FCLASS_TLC": null}, "bbox": [13.365261, 46.181317, 13.736661, 46.306728], "geometry": {"type": "Polygon", "coordinates": [[[13.410116, 46.207982], [13.401641, 46.216663], [13.398127, 46.230513], [13.384898, 46.243122], [13.384795, 46.243225], [13.384692, 46.243328], [13.378594, 46.268391], [13.373013, 46.280277], [13.365261, 46.290302], [13.391306, 46.301568], [13.395638, 46.306728], [13.403968, 46.303221], [13.419006, 46.295469], [13.432648, 46.292549], [13.448978, 46.287227], [13.477038, 46.281025], [13.515227, 46.277227], [13.527319, 46.281491], [13.530265, 46.286219], [13.52949, 46.290973], [13.526079, 46.294384], [13.532435, 46.298001], [13.550109, 46.302032], [13.584422, 46.299603], [13.629432, 46.300533], [13.651446, 46.296296], [13.671497, 46.294901], [13.727359, 46.30167], [13.736661, 46.286116], [13.726584, 46.285909], [13.718781, 46.284436], [13.709014, 46.277382], [13.702037, 46.268804], [13.695216, 46.250511], [13.692426, 46.238677], [13.685294, 46.234], [13.667311, 46.233612], [13.659508, 46.232269], [13.648191, 46.226894], [13.643695, 46.225551], [13.639664, 46.225938], [13.634238, 46.227644], [13.629277, 46.224233], [13.624006, 46.218936], [13.621991, 46.210306], [13.622766, 46.204364], [13.622766, 46.200488], [13.636873, 46.191083], [13.62752, 46.181884], [13.627366, 46.181733], [13.613928, 46.183539], [13.584473, 46.181317], [13.559048, 46.184107], [13.528972, 46.204829], [13.510162, 46.213976], [13.482257, 46.217904], [13.468304, 46.223433], [13.438332, 46.22488], [13.422829, 46.228601], [13.437402, 46.210927], [13.410116, 46.207982]]]}}, {"type": "Feature", "properties": {"featurecla": "Admin-1 states provinces", "scalerank": 10, "adm1_code": "SVN-1018", "diss_me": 1018, "iso_3166_2": "SI-128", "wikipedia": null, "iso_a2": "SI", "adm0_sr": 1, "name": "Tolmin", "name_alt": null, "name_local": null, "type": "Opcine", "type_en": "Commune|Municipality", "code_local": null, "code_hasc": "SI.SP.TO", "note": null, "hasc_maybe": null, "region": "Gori\u0161ka", "region_cod": null, "provnum_ne": 78, "gadm_level": 2, "check_me": 0, "datarank": 8, "abbrev": null, "postal": "TO", "area_sqkm": 0, "sameascity": -99, "labelrank": 10, "name_len": 6, "mapcolor9": 2, "mapcolor13": 12, "fips": "SID2", "fips_alt": null, "woe_id": 55848391, "woe_label": "Tolmin, SI, Slovenia", "woe_name": "Tolmin", "latitude": 46.1456, "longitude": 13.8136, "sov_a3": "SVN", "adm0_a3": "SVN", "adm0_label": 2, "admin": "Slovenia", "geonunit": "Slovenia", "gu_a3": "SVN", "gn_id": 3189037, "gn_name": "Obcina Tolmin", "gns_id": -98345, "gns_name": "Tolmin, Obcina", "gn_level": 1, "gn_region": null, "gn_a1_code": "SI.D2", "region_sub": null, "sub_code": null, "gns_level": 1, "gns_lang": "sqi", "gns_adm1": "SI00", "gns_region": null, "min_label": 11, "max_label": 11, "min_zoom": 11, "wikidataid": "Q15924", "name_ar": "\u0628\u0644\u062f\u064a\u0629 \u062a\u0648\u0644\u0645\u064a\u0646", "name_bn": "\u099f\u09cb\u09b2\u09cd\u09ae\u09bf\u09a8 \u09aa\u09cc\u09b0\u09b8\u09ad\u09be", "name_de": "Tolmin", "name_en": "Tolmin", "name_es": "Tolmin", "name_fr": "Tolmin", "name_el": "\u03a4\u03cc\u03bb\u03bc\u03b9\u03bd", "name_hi": "\u091f\u094b\u0932\u094d\u092e\u093f\u0928 \u0928\u0917\u0930\u092a\u093e\u0932\u093f\u0915\u093e", "name_hu": "Tolmin", "name_id": "Tolmin", "name_it": "Tolmino", "name_ja": "\u30c8\u30fc\u30eb\u30df\u30f3", "name_ko": "\ud1a8\ubbfc", "name_nl": "Tolmin", "name_pl": "Gmina Tolmin", "name_pt": "Tolmin", "name_ru": "\u0422\u043e\u043b\u043c\u0438\u043d", "name_sv": "Tolmin", "name_tr": "Tolmin Belediyesi", "name_vi": "\u0110\u00f4 th\u1ecb t\u1ef1 tr\u1ecb Tolmin", "name_zh": "\u6258\u5c14\u660e", "ne_id": 1159310843, "name_he": "\u05d8\u05d5\u05dc\u05de\u05d9\u05df", "name_uk": "\u0422\u043e\u043b\u043c\u0438\u043d", "name_ur": "\u062a\u0648\u0644\u0645\u06cc\u0646 \u0645\u06cc\u0648\u0646\u0633\u067e\u0644\u0679\u06cc", "name_fa": "\u0634\u0647\u0631\u062f\u0627\u0631\u06cc \u062a\u0648\u0644\u0645\u06cc\u0646", "name_zht": "\u6258\u723e\u660e", "FCLASS_ISO": null, "FCLASS_US": null, "FCLASS_FR": null, "FCLASS_RU": null, "FCLASS_ES": null, "FCLASS_CN": null, "FCLASS_TW": null, "FCLASS_IN": null, "FCLASS_NP": null, "FCLASS_PK": null, "FCLASS_DE": null, "FCLASS_GB": null, "FCLASS_BR": null, "FCLASS_IL": null, "FCLASS_PS": null, "FCLASS_SA": null, "FCLASS_EG": null, "FCLASS_MA": null, "FCLASS_PT": null, "FCLASS_AR": null, "FCLASS_JP": null, "FCLASS_KO": null, "FCLASS_VN": null, "FCLASS_TR": null, "FCLASS_ID": null, "FCLASS_PL": null, "FCLASS_GR": null, "FCLASS_IT": null, "FCLASS_NL": null, "FCLASS_SE": null, "FCLASS_BD": null, "FCLASS_UA": null, "FCLASS_TLC": null}, "bbox": [13.621991, 46.006985, 14.00512, 46.286116], "geometry": {"type": "Polygon", "coordinates": [[[13.641071, 46.171405], [13.637389, 46.180386], [13.627366, 46.181733], [13.62752, 46.181884], [13.636873, 46.191083], [13.622766, 46.200488], [13.622766, 46.204364], [13.621991, 46.210306], [13.624006, 46.218936], [13.629277, 46.224233], [13.634238, 46.227644], [13.639664, 46.225938], [13.643695, 46.225551], [13.648191, 46.226894], [13.659508, 46.232269], [13.667311, 46.233612], [13.685294, 46.234], [13.692426, 46.238677], [13.695216, 46.250511], [13.702037, 46.268804], [13.709014, 46.277382], [13.718781, 46.284436], [13.726584, 46.285909], [13.736661, 46.286116], [13.770767, 46.261983], [13.820893, 46.241803], [13.865748, 46.2317], [13.880631, 46.230124], [13.894946, 46.229995], [13.997006, 46.2394], [13.997006, 46.239297], [14.00512, 46.226559], [14.004965, 46.219866], [13.989255, 46.194597], [13.957939, 46.17837], [13.923626, 46.170722], [13.906573, 46.163539], [13.89355, 46.154212], [13.88983, 46.147933], [13.886212, 46.140026], [13.886109, 46.134549], [13.890295, 46.124833], [13.899596, 46.113129], [13.901612, 46.105196], [13.901457, 46.097445], [13.903782, 46.088608], [13.906418, 46.082872], [13.907813, 46.076387], [13.906883, 46.073209], [13.894946, 46.067654], [13.887659, 46.068816], [13.886109, 46.066594], [13.882181, 46.063287], [13.87691, 46.062848], [13.867454, 46.064837], [13.863578, 46.063158], [13.860942, 46.058739], [13.862028, 46.055406], [13.864818, 46.052409], [13.871019, 46.049903], [13.873655, 46.046802], [13.874585, 46.042978], [13.87257, 46.041169], [13.868229, 46.040808], [13.867144, 46.037164], [13.867764, 46.031816], [13.867764, 46.025821], [13.865903, 46.006985], [13.838308, 46.019207], [13.830815, 46.025201], [13.820428, 46.036002], [13.811281, 46.050006], [13.807871, 46.062305], [13.807096, 46.074346], [13.808026, 46.081374], [13.799964, 46.103646], [13.792833, 46.108607], [13.780741, 46.108969], [13.768907, 46.101605], [13.708549, 46.128037], [13.704208, 46.133334], [13.696921, 46.136254], [13.686845, 46.146021], [13.684984, 46.153462], [13.666536, 46.175166], [13.641071, 46.171405]]]}}, {"type": "Feature", "properties": {"featurecla": "Admin-1 states provinces", "scalerank": 10, "adm1_code": "SVN-1028", "diss_me": 1028, "iso_3166_2": "SI-044", "wikipedia": null, "iso_a2": "SI", "adm0_sr": 1, "name": "Kanal", "name_alt": null, "name_local": null, "type": "Opcine", "type_en": "Commune|Municipality", "code_local": null, "code_hasc": "SI.SP.KA", "note": null, "hasc_maybe": null, "region": "Gori\u0161ka", "region_cod": null, "provnum_ne": 77, "gadm_level": 2, "check_me": 0, "datarank": 8, "abbrev": null, "postal": "KA", "area_sqkm": 0, "sameascity": -99, "labelrank": 10, "name_len": 5, "mapcolor9": 2, "mapcolor13": 12, "fips": "SI44", "fips_alt": null, "woe_id": -55848371, "woe_label": null, "woe_name": null, "latitude": 46.1084, "longitude": 13.6455, "sov_a3": "SVN", "adm0_a3": "SVN", "adm0_label": 2, "admin": "Slovenia", "geonunit": "Slovenia", "gu_a3": "SVN", "gn_id": 3239086, "gn_name": "Obcina Kanal", "gns_id": 243479, "gns_name": "Kanal, Obcina", "gn_level": 1, "gn_region": null, "gn_a1_code": "SI.44", "region_sub": null, "sub_code": null, "gns_level": 1, "gns_lang": "div", "gns_adm1": "SI44", "gns_region": null, "min_label": 11, "max_label": 11, "min_zoom": 11, "wikidataid": "Q1012996", "name_ar": "\u0643\u0627\u0646\u0627\u0644 \u0623\u0648\u0628 \u0633\u0648\u062a\u0633\u064a", "name_bn": "\u0995\u09cd\u09af\u09be\u09a8\u09cd\u09b8\u09be\u09be\u09b2 \u0985\u09ac \u09b8\u09cb\u099a\u09bf", "name_de": "Kanal ob So\u010di", "name_en": "Kanal ob So\u010di", "name_es": "Kanal ob So\u010di", "name_fr": "Kanal", "name_el": "\u039a\u03b1\u03bd\u03ac\u03bb \u03bf\u03bc\u03c0 \u03a3\u03bf\u03c4\u03c3\u03af", "name_hi": "\u0915\u0928\u093e\u0932 \u0911\u092c \u0938\u094b\u091a\u0940", "name_hu": "Kanal", "name_id": "Kanal ob So\u010di", "name_it": "Canale d'Isonzo", "name_ja": "\u30ab\u30ca\u30eb", "name_ko": "\uce74\ub0a0\uc624\ube0c\uc18c\uce58", "name_nl": "Kanal", "name_pl": "Kanal ob So\u010di", "name_pt": "Kanal ob So\u010di", "name_ru": "\u041a\u0430\u043d\u0430\u043b-\u043e\u0431-\u0421\u043e\u0447\u0438", "name_sv": "Kanal ob Soci", "name_tr": "Kanal ob Soci", "name_vi": "Kanal ob So\u010di", "name_zh": "\u5361\u90a3\u5c14", "ne_id": 1159310865, "name_he": "\u05e7\u05d0\u05e0\u05d0\u05dc", "name_uk": "\u041a\u0430\u043d\u0430\u043b", "name_ur": "\u06a9\u0646\u0627\u0644 \u0627\u0648\u0628 \u0633\u0648\u06a9\u06cc", "name_fa": "\u06a9\u0627\u0646\u0627\u0644", "name_zht": "\u5361\u90a3\u5c14", "FCLASS_ISO": null, "FCLASS_US": null, "FCLASS_FR": null, "FCLASS_RU": null, "FCLASS_ES": null, "FCLASS_CN": null, "FCLASS_TW": null, "FCLASS_IN": null, "FCLASS_NP": null, "FCLASS_PK": null, "FCLASS_DE": null, "FCLASS_GB": null, "FCLASS_BR": null, "FCLASS_IL": null, "FCLASS_PS": null, "FCLASS_SA": null, "FCLASS_EG": null, "FCLASS_MA": null, "FCLASS_PT": null, "FCLASS_AR": null, "FCLASS_JP": null, "FCLASS_KO": null, "FCLASS_VN": null, "FCLASS_TR": null, "FCLASS_ID": null, "FCLASS_PL": null, "FCLASS_GR": null, "FCLASS_IT": null, "FCLASS_NL": null, "FCLASS_SE": null, "FCLASS_BD": null, "FCLASS_UA": null, "FCLASS_TLC": null}, "bbox": [13.522585, 46.00112, 13.768907, 46.175166], "geometry": {"type": "Polygon", "coordinates": [[[13.522585, 46.075298], [13.616409, 46.125041], [13.645037, 46.161731], [13.641071, 46.171405], [13.666536, 46.175166], [13.684984, 46.153462], [13.686845, 46.146021], [13.696921, 46.136254], [13.704208, 46.133334], [13.708549, 46.128037], [13.768907, 46.101605], [13.766891, 46.08189], [13.76069, 46.075638], [13.751698, 46.064579], [13.739761, 46.058171], [13.732165, 46.057887], [13.705138, 46.065767], [13.681418, 46.066956], [13.666846, 46.061478], [13.654857, 46.054709], [13.632843, 46.031118], [13.625401, 46.02732], [13.624626, 46.023599], [13.638269, 46.010732], [13.64354, 46.004789], [13.640594, 46.002102], [13.636563, 46.00112], [13.632533, 46.001482], [13.629122, 46.003652], [13.625246, 46.00652], [13.619045, 46.01006], [13.615169, 46.011636], [13.603956, 46.012928], [13.587212, 46.028044], [13.571089, 46.03856], [13.562098, 46.049283], [13.556517, 46.058688], [13.546078, 46.066181], [13.531815, 46.070315], [13.522585, 46.075298]]]}}, {"type": "Feature", "properties": {"featurecla": "Admin-1 states provinces", "scalerank": 10, "adm1_code": "SVN-1024", "diss_me": 1024, "iso_3166_2": "SI-007", "wikipedia": null, "iso_a2": "SI", "adm0_sr": 1, "name": "Brda", "name_alt": null, "name_local": null, "type": "Opcine", "type_en": "Commune|Municipality", "code_local": null, "code_hasc": "SI.SP.BR", "note": null, "hasc_maybe": null, "region": "Gori\u0161ka", "region_cod": null, "provnum_ne": 83, "gadm_level": 2, "check_me": 0, "datarank": 8, "abbrev": null, "postal": "BR", "area_sqkm": 0, "sameascity": -99, "labelrank": 10, "name_len": 4, "mapcolor9": 2, "mapcolor13": 12, "fips": "SI07", "fips_alt": null, "woe_id": -55848371, "woe_label": null, "woe_name": null, "latitude": 46.0189, "longitude": 13.5437, "sov_a3": "SVN", "adm0_a3": "SVN", "adm0_label": 2, "admin": "Slovenia", "geonunit": "Slovenia", "gu_a3": "SVN", "gn_id": 3239083, "gn_name": "Obcina Brda", "gns_id": 243475, "gns_name": "Brda, Obcina", "gn_level": 1, "gn_region": null, "gn_a1_code": "SI.07", "region_sub": null, "sub_code": null, "gns_level": 1, "gns_lang": "div", "gns_adm1": "SI07", "gns_region": null, "min_label": 11, "max_label": 11, "min_zoom": 11, "wikidataid": "Q763400", "name_ar": "\u0628\u0644\u062f\u064a\u0629 \u0628\u0631\u062f\u0627", "name_bn": "\u09ac\u09cd\u09b0\u09a1\u09be \u09aa\u09cc\u09b0\u09b8\u09ad\u09be", "name_de": "Brda", "name_en": "Brda", "name_es": "Brda", "name_fr": "Brda", "name_el": "\u039c\u03c0\u03c1\u03bd\u03c4\u03ac", "name_hi": "\u092c\u0930\u094d\u0921\u093e \u0928\u0917\u0930\u092a\u093e\u0932\u093f\u0915\u093e", "name_hu": "Brda k\u00f6zs\u00e9g", "name_id": "Brda", "name_it": "Collio", "name_ja": "\u30d6\u30eb\u30c0", "name_ko": "\ube0c\ub974\ub2e4", "name_nl": "Brda", "name_pl": "Gmina Brda", "name_pt": "Brda", "name_ru": "\u0411\u0440\u0434\u0430", "name_sv": "Brda", "name_tr": "Brda Belediyesi", "name_vi": "\u0110\u00f4 th\u1ecb t\u1ef1 tr\u1ecb Brda", "name_zh": "\u5e03\u5c14\u8fbe", "ne_id": 1159310857, "name_he": "\u05d1\u05e8\u05d3\u05d4", "name_uk": "\u0411\u0440\u0434\u0430", "name_ur": "\u0628\u0644\u062f\u06cc\u06c1 \u0628\u0631\u062f\u0627", "name_fa": "\u0634\u0647\u0631\u062f\u0627\u0631\u06cc \u0628\u0631\u062f\u0627", "name_zht": "\u5e03\u723e\u9054", "FCLASS_ISO": null, "FCLASS_US": null, "FCLASS_FR": null, "FCLASS_RU": null, "FCLASS_ES": null, "FCLASS_CN": null, "FCLASS_TW": null, "FCLASS_IN": null, "FCLASS_NP": null, "FCLASS_PK": null, "FCLASS_DE": null, "FCLASS_GB": null, "FCLASS_BR": null, "FCLASS_IL": null, "FCLASS_PS": null, "FCLASS_SA": null, "FCLASS_EG": null, "FCLASS_MA": null, "FCLASS_PT": null, "FCLASS_AR": null, "FCLASS_JP": null, "FCLASS_KO": null, "FCLASS_VN": null, "FCLASS_TR": null, "FCLASS_ID": null, "FCLASS_PL": null, "FCLASS_GR": null, "FCLASS_IT": null, "FCLASS_NL": null, "FCLASS_SE": null, "FCLASS_BD": null, "FCLASS_UA": null, "FCLASS_TLC": null}, "bbox": [13.461793, 45.967428, 13.626176, 46.075298], "geometry": {"type": "Polygon", "coordinates": [[[13.461793, 46.006392], [13.477089, 46.016055], [13.482257, 46.018433], [13.490008, 46.025564], [13.492799, 46.032489], [13.490318, 46.038948], [13.482257, 46.044839], [13.505098, 46.066027], [13.522585, 46.075298], [13.531815, 46.070315], [13.546078, 46.066181], [13.556517, 46.058688], [13.562098, 46.049283], [13.571089, 46.03856], [13.587212, 46.028044], [13.603956, 46.012928], [13.626176, 45.996624], [13.610984, 45.991147], [13.601475, 45.985049], [13.600735, 45.984574], [13.571657, 45.97983], [13.539411, 45.96903], [13.509439, 45.967428], [13.482257, 45.989235], [13.481843, 45.990372], [13.481223, 45.991354], [13.480396, 45.992284], [13.479466, 45.993111], [13.474815, 45.995747], [13.461793, 46.006392]]]}}, {"type": "Feature", "properties": {"featurecla": "Admin-1 states provinces", "scalerank": 10, "adm1_code": "SVN-260", "diss_me": 260, "iso_3166_2": "SI-084", "wikipedia": null, "iso_a2": "SI", "adm0_sr": 1, "name": "Nova Gori\u0161ka", "name_alt": "Severna Primors", "name_local": null, "type": "Statisticna Regije", "type_en": "Statistical Region", "code_local": null, "code_hasc": "SI.SP", "note": null, "hasc_maybe": null, "region": "Gori\u0161ka", "region_cod": null, "provnum_ne": 95, "gadm_level": 2, "check_me": 0, "datarank": 8, "abbrev": null, "postal": "SP", "area_sqkm": 0, "sameascity": -99, "labelrank": 10, "name_len": 12, "mapcolor9": 2, "mapcolor13": 12, "fips": "SI84", "fips_alt": null, "woe_id": 55848371, "woe_label": "Nova Gorica, SI, Slovenia", "woe_name": "Nova Gorica", "latitude": 45.8796, "longitude": 13.7337, "sov_a3": "SVN", "adm0_a3": "SVN", "adm0_label": 2, "admin": "Slovenia", "geonunit": "Slovenia", "gu_a3": "SVN", "gn_id": 3194451, "gn_name": "Mestna Obcina Nova Gorica", "gns_id": -90192, "gns_name": "Nova Gorica, Mestna Obcina", "gn_level": 1, "gn_region": null, "gn_a1_code": "SI.84", "region_sub": null, "sub_code": null, "gns_level": 1, "gns_lang": "sqi", "gns_adm1": "SI84", "gns_region": null, "min_label": 11, "max_label": 11, "min_zoom": 11, "wikidataid": "Q1018", "name_ar": "\u0646\u0648\u0641\u0627 \u062c\u0648\u0631\u064a\u062a\u0633\u0627", "name_bn": "\u09a8\u09cb\u09ad\u09be \u0997\u09b0\u09bf\u09b8\u09cd\u0995\u09be", "name_de": "Nova Gorica", "name_en": "Nova Gorica", "name_es": "Nova Gorica", "name_fr": "Nova Gorica", "name_el": "\u039d\u03cc\u03b2\u03b1 \u0393\u03ba\u03cc\u03c1\u03b9\u03c4\u03c3\u03b1", "name_hi": "\u0928\u094b\u0935\u093e \u0917\u094b\u0930\u0940\u0938\u094d\u0915\u093e", "name_hu": "Nova Gorica", "name_id": "Nova Gorica", "name_it": "Nova Gorica", "name_ja": "\u30ce\u30f4\u30a1\u30fb\u30b4\u30ea\u30c4\u30a1", "name_ko": "\ub178\ubc14\uace0\ub9ac\ucc28", "name_nl": "Nova Gorica", "name_pl": "Nova Gorica", "name_pt": "Nova Gorica", "name_ru": "\u041d\u043e\u0432\u0430-\u0413\u043e\u0440\u0438\u0446\u0430", "name_sv": "Nova Gorica", "name_tr": "Nova Gorica", "name_vi": "Nova Gorica", "name_zh": "\u65b0\u6208\u91cc\u5bdf", "ne_id": 1159308681, "name_he": "\u05e0\u05d5\u05d1\u05d4 \u05d2\u05d5\u05e8\u05d9\u05e6\u05d4", "name_uk": "\u041d\u043e\u0432\u0430 \u0413\u043e\u0440\u0438\u0446\u044f", "name_ur": "\u0646\u0648\u0648\u0627 \u06af\u0648\u0631\u06cc\u062a\u0633\u0627", "name_fa": "\u0646\u0648\u0627 \u06af\u0631\u06cc\u062a\u0633\u0627", "name_zht": "\u65b0\u6208\u91cc\u5bdf", "FCLASS_ISO": null, "FCLASS_US": null, "FCLASS_FR": null, "FCLASS_RU": null, "FCLASS_ES": null, "FCLASS_CN": null, "FCLASS_TW": null, "FCLASS_IN": null, "FCLASS_NP": null, "FCLASS_PK": null, "FCLASS_DE": null, "FCLASS_GB": null, "FCLASS_BR": null, "FCLASS_IL": null, "FCLASS_PS": null, "FCLASS_SA": null, "FCLASS_EG": null, "FCLASS_MA": null, "FCLASS_PT": null, "FCLASS_AR": null, "FCLASS_JP": null, "FCLASS_KO": null, "FCLASS_VN": null, "FCLASS_TR": null, "FCLASS_ID": null, "FCLASS_PL": null, "FCLASS_GR": null, "FCLASS_IT": null, "FCLASS_NL": null, "FCLASS_SE": null, "FCLASS_BD": null, "FCLASS_UA": null, "FCLASS_TLC": null}, "bbox": [13.600735, 45.835497, 13.865903, 46.108969], "geometry": {"type": "Polygon", "coordinates": [[[13.615325, 45.945912], [13.622817, 45.966394], [13.605867, 45.985411], [13.600735, 45.984574], [13.601475, 45.985049], [13.610984, 45.991147], [13.626176, 45.996624], [13.603956, 46.012928], [13.615169, 46.011636], [13.619045, 46.01006], [13.625246, 46.00652], [13.629122, 46.003652], [13.632533, 46.001482], [13.636563, 46.00112], [13.640594, 46.002102], [13.64354, 46.004789], [13.638269, 46.010732], [13.624626, 46.023599], [13.625401, 46.02732], [13.632843, 46.031118], [13.654857, 46.054709], [13.666846, 46.061478], [13.681418, 46.066956], [13.705138, 46.065767], [13.732165, 46.057887], [13.739761, 46.058171], [13.751698, 46.064579], [13.76069, 46.075638], [13.766891, 46.08189], [13.768907, 46.101605], [13.780741, 46.108969], [13.792833, 46.108607], [13.799964, 46.103646], [13.808026, 46.081374], [13.807096, 46.074346], [13.807871, 46.062305], [13.811281, 46.050006], [13.820428, 46.036002], [13.830815, 46.025201], [13.838308, 46.019207], [13.865903, 46.006985], [13.852261, 46.00205], [13.844044, 45.99342], [13.844044, 45.983705], [13.798879, 45.960864], [13.774384, 45.931977], [13.753094, 45.914278], [13.746582, 45.91265], [13.732785, 45.905855], [13.73387, 45.903245], [13.738831, 45.901798], [13.747048, 45.898284], [13.755109, 45.891385], [13.768907, 45.885313], [13.786942, 45.87273], [13.791283, 45.868828], [13.794848, 45.864953], [13.797949, 45.862601], [13.800739, 45.858545], [13.804925, 45.856013], [13.820583, 45.849708], [13.823219, 45.847486], [13.833967, 45.835497], [13.811901, 45.842008], [13.801049, 45.841027], [13.779655, 45.840949], [13.762395, 45.844489], [13.709169, 45.865004], [13.679248, 45.868518], [13.665295, 45.868027], [13.639199, 45.874306], [13.629277, 45.879009], [13.62044, 45.886037], [13.620595, 45.889215], [13.625556, 45.891153], [13.633928, 45.891695], [13.639509, 45.892625], [13.64695, 45.897199], [13.666536, 45.910066], [13.677233, 45.91265], [13.682504, 45.91172], [13.685139, 45.91296], [13.686379, 45.915286], [13.68731, 45.92221], [13.686224, 45.92575], [13.682659, 45.925569], [13.679248, 45.925879], [13.676613, 45.926809], [13.674442, 45.928437], [13.672427, 45.929393], [13.669481, 45.929807], [13.66545, 45.929497], [13.66049, 45.929962], [13.655787, 45.931822], [13.64664, 45.938075], [13.639354, 45.940814], [13.632998, 45.941796], [13.615325, 45.945912]]]}}, {"type": "Feature", "properties": {"featurecla": "Admin-1 states provinces", "scalerank": 10, "adm1_code": "SVN-261", "diss_me": 261, "iso_3166_2": "SI-183", "wikipedia": null, "iso_a2": "SI", "adm0_sr": 1, "name": "\u0160empeter-Vrtojba", "name_alt": null, "name_local": null, "type": "Opcine", "type_en": "Commune|Municipality", "code_local": null, "code_hasc": "SI.SP.SV", "note": null, "hasc_maybe": null, "region": "Gori\u0161ka", "region_cod": null, "provnum_ne": 93, "gadm_level": 2, "check_me": 10, "datarank": 8, "abbrev": null, "postal": "SV", "area_sqkm": 0, "sameascity": -99, "labelrank": 10, "name_len": 16, "mapcolor9": 2, "mapcolor13": 12, "fips": "SI00", "fips_alt": "SIL6", "woe_id": -55848371, "woe_label": null, "woe_name": null, "latitude": 45.9187, "longitude": 13.6431, "sov_a3": "SVN", "adm0_a3": "SVN", "adm0_label": 2, "admin": "Slovenia", "geonunit": "Slovenia", "gu_a3": "SVN", "gn_id": 3344898, "gn_name": "Obcina Sempeter-Vrtojba", "gns_id": 9123312, "gns_name": "Sempeter-Vrtojba, Obcina", "gn_level": 1, "gn_region": null, "gn_a1_code": "SI.L6", "region_sub": null, "sub_code": null, "gns_level": 1, "gns_lang": "kat", "gns_adm1": "SI72", "gns_region": null, "min_label": 11, "max_label": 11, "min_zoom": 11, "wikidataid": "Q391428", "name_ar": "\u0628\u0644\u062f\u064a\u0629 \u0634\u064a\u0645\u0628\u064a\u062a\u0631 - \u0641\u0631\u062a\u0648\u064a\u0628\u0627", "name_bn": "\u09b8\u09c7\u09ae\u09cd\u09aa\u09c0\u099f\u09be\u09b0-\u09ad\u09cd\u09b0\u09a4\u09cd\u09b0\u0987\u09ac\u09be \u09aa\u09cc\u09b0\u09b8\u09ad\u09be", "name_de": "\u0160empeter-Vrtojba", "name_en": "\u0160empeter\u2013Vrtojba", "name_es": "\u0160empeter-Vrtojba", "name_fr": "\u0160empeter-Vrtojba", "name_el": "\u03a3\u03ad\u03bc\u03c0\u03b5\u03c4\u03b5\u03c1-\u0392\u03c1\u03c4\u03cc\u03c4\u03b6\u03bc\u03c0\u03b1", "name_hi": "\u0938\u0948\u092e\u094d\u092a\u0940\u091f\u0930-\u0935\u094d\u0930\u0924\u094b\u0908\u092c\u093e \u0928\u0917\u0930\u092a\u093e\u0932\u093f\u0915\u093e", "name_hu": "\u0160empeter\u2013Vrtojba k\u00f6zs\u00e9g", "name_id": "\u0160empeter\u2013Vrtojba", "name_it": "San Pietro-Vertoiba", "name_ja": "\u30b7\u30a7\u30f3\u30da\u30c6\u30eb\uff1d\u30f4\u30ed\u30c8\u30a4\u30d0", "name_ko": "\uc180\ud398\ud14c\ub974\ube0c\ub974\ud1a0\uc774\ubc14", "name_nl": "\u0160empeter-Vrtojba", "name_pl": "\u0160empeter pri Gorici", "name_pt": "\u0160empeter-Vrtojba", "name_ru": "\u0428\u0435\u043c\u043f\u0435\u0442\u0435\u0440-\u0412\u0440\u0442\u043e\u0439\u0431\u0430", "name_sv": "Senoeter Vrtojba", "name_tr": "Sepmeter-Vrtojba Belediyesi", "name_vi": "\u0160empeter-Vrtojba", "name_zh": "\u585e\u59c6\u76ae\u7279-\u666e\u7f85\u7279\u4f0a\u5df4", "ne_id": 1159308683, "name_he": "\u05e9\u05de\u05e4\u05d8\u05e8-\u05d5\u05e8\u05d8\u05d5\u05d9\u05d1\u05d4", "name_uk": "\u0428\u0435\u043c\u043f\u0435\u0442\u0435\u0440-\u0412\u0440\u0442\u043e\u0439\u0431\u0430", "name_ur": "\u0633\u06cc\u0645\u067e\u06cc\u062a\u06cc\u0631\u2013\u0648\u0631\u062a\u0648\u062c\u0628\u0627 \u0645\u06cc\u0648\u0646\u0633\u067e\u0644\u0679\u06cc", "name_fa": "\u0633\u0645\u067e\u062a\u0631-\u0648\u0631\u062a\u0648\u062c\u0628\u0627", "name_zht": "\u585e\u59c6\u76ae\u7279-\u666e\u7f85\u7279\u4f0a\u5df4", "FCLASS_ISO": null, "FCLASS_US": null, "FCLASS_FR": null, "FCLASS_RU": null, "FCLASS_ES": null, "FCLASS_CN": null, "FCLASS_TW": null, "FCLASS_IN": null, "FCLASS_NP": null, "FCLASS_PK": null, "FCLASS_DE": null, "FCLASS_GB": null, "FCLASS_BR": null, "FCLASS_IL": null, "FCLASS_PS": null, "FCLASS_SA": null, "FCLASS_EG": null, "FCLASS_MA": null, "FCLASS_PT": null, "FCLASS_AR": null, "FCLASS_JP": null, "FCLASS_KO": null, "FCLASS_VN": null, "FCLASS_TR": null, "FCLASS_ID": null, "FCLASS_PL": null, "FCLASS_GR": null, "FCLASS_IT": null, "FCLASS_NL": null, "FCLASS_SE": null, "FCLASS_BD": null, "FCLASS_UA": null, "FCLASS_TLC": null}, "bbox": [13.599306, 45.897199, 13.68731, 45.945912], "geometry": {"type": "Polygon", "coordinates": [[[13.599306, 45.912327], [13.608244, 45.926552], [13.615325, 45.945912], [13.632998, 45.941796], [13.639354, 45.940814], [13.64664, 45.938075], [13.655787, 45.931822], [13.66049, 45.929962], [13.66545, 45.929497], [13.669481, 45.929807], [13.672427, 45.929393], [13.674442, 45.928437], [13.676613, 45.926809], [13.679248, 45.925879], [13.682659, 45.925569], [13.686224, 45.92575], [13.68731, 45.92221], [13.686379, 45.915286], [13.685139, 45.91296], [13.682504, 45.91172], [13.677233, 45.91265], [13.666536, 45.910066], [13.64695, 45.897199], [13.613619, 45.90402], [13.599306, 45.912327]]]}}, {"type": "Feature", "properties": {"featurecla": "Admin-1 states provinces", "scalerank": 10, "adm1_code": "SVN-1032", "diss_me": 1032, "iso_3166_2": "SI-075", "wikipedia": null, "iso_a2": "SI", "adm0_sr": 1, "name": "Miren-Kostanjevica", "name_alt": null, "name_local": null, "type": "Opcine", "type_en": "Commune|Municipality", "code_local": null, "code_hasc": "SI.SP.MK", "note": null, "hasc_maybe": null, "region": "Gori\u0161ka", "region_cod": null, "provnum_ne": 94, "gadm_level": 2, "check_me": 0, "datarank": 8, "abbrev": null, "postal": "MK", "area_sqkm": 0, "sameascity": -99, "labelrank": 10, "name_len": 18, "mapcolor9": 2, "mapcolor13": 12, "fips": "SIJ5", "fips_alt": null, "woe_id": -55848371, "woe_label": null, "woe_name": null, "latitude": 45.8477, "longitude": 13.6373, "sov_a3": "SVN", "adm0_a3": "SVN", "adm0_label": 2, "admin": "Slovenia", "geonunit": "Slovenia", "gu_a3": "SVN", "gn_id": 3239080, "gn_name": "Obcina Miren-Kostanjevica", "gns_id": 243472, "gns_name": "Miren-Kostanjevica, Obcina", "gn_level": 1, "gn_region": null, "gn_a1_code": "SI.J5", "region_sub": null, "sub_code": null, "gns_level": 1, "gns_lang": "div", "gns_adm1": "SI49", "gns_region": null, "min_label": 11, "max_label": 11, "min_zoom": 11, "wikidataid": "Q658076", "name_ar": "\u0628\u0644\u062f\u064a\u0629 \u0645\u064a\u0631\u064a\u0646-\u0643\u0648\u0633\u0641\u0627\u0646\u064a\u0641\u064a\u062a\u0633\u0627", "name_bn": "\u09ae\u09bf\u09b0\u09c7\u09a8\u0995\u09b8\u09cd\u09a4\u09a3\u099c\u09c7\u09ad \u09aa\u09cc\u09b0\u09b8\u09ad\u09be", "name_de": "Miren-Kostanjevica", "name_en": "Miren\u2013Kostanjevica", "name_es": "Miren-Kostanjevica", "name_fr": "Miren-Kostanjevica", "name_el": "\u039c\u03b9\u03c1\u03ad\u03bd-\u039a\u03bf\u03c3\u03c4\u03b1\u03bd\u03c4\u03b6\u03b5\u03b2\u03af\u03ba\u03b1", "name_hi": "\u092e\u093f\u0930\u0947\u0928-\u0915\u094b\u0938\u094d\u091f\u093e\u0928\u092f\u0947\u0935\u093f\u0915\u093e \u0928\u0917\u0930 \u092a\u093e\u0932\u093f\u0915\u093e", "name_hu": "Miren-Kostanjevica", "name_id": "Miren\u2013Kostanjevica", "name_it": "Merna-Castagnevizza", "name_ja": "\u30df\u30ec\u30f3\uff1d\u30b3\u30b9\u30bf\u30cb\u30a7\u30f4\u30a3\u30c4\u30a1", "name_ko": "\ubbf8\ub80c\ucf54\uc2a4\ud0c0\ub124\ube44\ucc28", "name_nl": "Miren-Kostanjevica", "name_pl": "Gmina Miren-Kostanjevica", "name_pt": "Miren-Kostanjevica", "name_ru": "\u041c\u0438\u0440\u0435\u043d-\u041a\u043e\u0441\u0442\u0430\u043d\u044c\u0435\u0432\u0438\u0446\u0430", "name_sv": "Miren-kostanjevica", "name_tr": "Miren-Kostanjevica", "name_vi": "Miren-Kostanjevica", "name_zh": "\u7c73\u4f26-\u79d1\u65af\u5854\u6d85\u7ef4\u5bdf", "ne_id": 1159310875, "name_he": "\u05de\u05d9\u05e8\u05e0\u05d4 \u05e4\u05e7", "name_uk": "\u041c\u0438\u0440\u0435\u043d-\u041a\u043e\u0441\u0442\u0430\u043d\u0454\u0432\u0438\u0446\u044f", "name_ur": "\u0645\u06cc\u0631\u06cc\u0646\u2013\u06a9\u0648\u0633\u062a\u0627\u0646\u062c\u06cc\u0648\u06cc\u06a9\u0627 \u0645\u06cc\u0648\u0646\u0633\u067e\u0644\u0679\u06cc", "name_fa": "\u0645\u06cc\u0631\u0646-\u06a9\u0648\u0632\u062a\u0627\u0646\u062c\u0648\u06cc\u06a9\u0627", "name_zht": "\u7c73\u4f26-\u79d1\u65af\u5854\u6d85\u7ef4\u5bdf", "FCLASS_ISO": null, "FCLASS_US": null, "FCLASS_FR": null, "FCLASS_RU": null, "FCLASS_ES": null, "FCLASS_CN": null, "FCLASS_TW": null, "FCLASS_IN": null, "FCLASS_NP": null, "FCLASS_PK": null, "FCLASS_DE": null, "FCLASS_GB": null, "FCLASS_BR": null, "FCLASS_IL": null, "FCLASS_PS": null, "FCLASS_SA": null, "FCLASS_EG": null, "FCLASS_MA": null, "FCLASS_PT": null, "FCLASS_AR": null, "FCLASS_JP": null, "FCLASS_KO": null, "FCLASS_VN": null, "FCLASS_TR": null, "FCLASS_ID": null, "FCLASS_PL": null, "FCLASS_GR": null, "FCLASS_IT": null, "FCLASS_NL": null, "FCLASS_SE": null, "FCLASS_BD": null, "FCLASS_UA": null, "FCLASS_TLC": null}, "bbox": [13.565973, 45.819028, 13.709169, 45.912327], "geometry": {"type": "Polygon", "coordinates": [[[13.574172, 45.819028], [13.565973, 45.83033], [13.56928, 45.86454], [13.599306, 45.912327], [13.613619, 45.90402], [13.64695, 45.897199], [13.639509, 45.892625], [13.633928, 45.891695], [13.625556, 45.891153], [13.620595, 45.889215], [13.62044, 45.886037], [13.629277, 45.879009], [13.639199, 45.874306], [13.665295, 45.868027], [13.679248, 45.868518], [13.709169, 45.865004], [13.706378, 45.846427], [13.700642, 45.842887], [13.693976, 45.836298], [13.682039, 45.831673], [13.670101, 45.822604], [13.648966, 45.820046], [13.592018, 45.821183], [13.574172, 45.819028]]]}}, {"type": "Feature", "properties": {"featurecla": "Admin-1 states provinces", "scalerank": 10, "adm1_code": "SVN-1030", "diss_me": 1030, "iso_3166_2": "SI-049", "wikipedia": null, "iso_a2": "SI", "adm0_sr": 1, "name": "Komen", "name_alt": null, "name_local": null, "type": "Opcine", "type_en": "Commune|Municipality", "code_local": null, "code_hasc": "SI.JP.KM", "note": null, "hasc_maybe": null, "region": "Obalno-kra\u0161ka", "region_cod": null, "provnum_ne": 92, "gadm_level": 2, "check_me": 0, "datarank": 8, "abbrev": null, "postal": "KM", "area_sqkm": 0, "sameascity": -99, "labelrank": 10, "name_len": 5, "mapcolor9": 2, "mapcolor13": 12, "fips": "SI49", "fips_alt": null, "woe_id": -55848385, "woe_label": null, "woe_name": null, "latitude": 45.8225, "longitude": 13.7382, "sov_a3": "SVN", "adm0_a3": "SVN", "adm0_label": 2, "admin": "Slovenia", "geonunit": "Slovenia", "gu_a3": "SVN", "gn_id": 3239078, "gn_name": "Obcina Komen", "gns_id": 243470, "gns_name": "Komen, Obcina", "gn_level": 1, "gn_region": null, "gn_a1_code": "SI.49", "region_sub": null, "sub_code": null, "gns_level": 1, "gns_lang": "div", "gns_adm1": "SI49", "gns_region": null, "min_label": 11, "max_label": 11, "min_zoom": 11, "wikidataid": "Q556210", "name_ar": "\u0643\u0648\u0645\u0646", "name_bn": "\u0995\u09cb\u09ae\u09c7\u09a8", "name_de": "Komen", "name_en": "Komen", "name_es": "Komen", "name_fr": "Komen", "name_el": "\u039a\u03bf\u03bc\u03ad\u03bd", "name_hi": "\u0915\u094b\u092e\u0947\u0928", "name_hu": "Komen", "name_id": "Komen", "name_it": "Comeno", "name_ja": "\u30b3\u30e1\u30f3", "name_ko": "\ucf54\uba58", "name_nl": "Komen", "name_pl": "Komen", "name_pt": "Komen", "name_ru": "\u041a\u043e\u043c\u0435\u043d", "name_sv": "Komen", "name_tr": "Komen", "name_vi": "Komen", "name_zh": "\u79d1\u9580", "ne_id": 1159310869, "name_he": "\u05e7\u05d5\u05de\u05df", "name_uk": "\u041a\u043e\u043c\u0435\u043d", "name_ur": "\u06a9\u0648\u0645\u06cc\u0646", "name_fa": "\u06a9\u0648\u0645\u0646", "name_zht": "\u79d1\u9580", "FCLASS_ISO": null, "FCLASS_US": null, "FCLASS_FR": null, "FCLASS_RU": null, "FCLASS_ES": null, "FCLASS_CN": null, "FCLASS_TW": null, "FCLASS_IN": null, "FCLASS_NP": null, "FCLASS_PK": null, "FCLASS_DE": null, "FCLASS_GB": null, "FCLASS_BR": null, "FCLASS_IL": null, "FCLASS_PS": null, "FCLASS_SA": null, "FCLASS_EG": null, "FCLASS_MA": null, "FCLASS_PT": null, "FCLASS_AR": null, "FCLASS_JP": null, "FCLASS_KO": null, "FCLASS_VN": null, "FCLASS_TR": null, "FCLASS_ID": null, "FCLASS_PL": null, "FCLASS_GR": null, "FCLASS_IT": null, "FCLASS_NL": null, "FCLASS_SE": null, "FCLASS_BD": null, "FCLASS_UA": null, "FCLASS_TLC": null}, "bbox": [13.574172, 45.770524, 13.902542, 45.865004], "geometry": {"type": "Polygon", "coordinates": [[[13.588514, 45.806482], [13.581269, 45.809246], [13.574172, 45.819028], [13.592018, 45.821183], [13.648966, 45.820046], [13.670101, 45.822604], [13.682039, 45.831673], [13.693976, 45.836298], [13.700642, 45.842887], [13.706378, 45.846427], [13.709169, 45.865004], [13.762395, 45.844489], [13.779655, 45.840949], [13.801049, 45.841027], [13.811901, 45.842008], [13.833967, 45.835497], [13.857997, 45.826505], [13.863733, 45.826195], [13.885902, 45.82865], [13.902542, 45.810227], [13.852726, 45.799582], [13.753094, 45.790875], [13.731855, 45.79134], [13.725809, 45.789763], [13.705758, 45.779738], [13.699908, 45.770524], [13.660334, 45.792038], [13.643591, 45.795655], [13.609174, 45.798601], [13.588514, 45.806482]]]}}, {"type": "Feature", "properties": {"featurecla": "Admin-1 states provinces", "scalerank": 10, "adm1_code": "SVN-1034", "diss_me": 1034, "iso_3166_2": "SI-111", "wikipedia": null, "iso_a2": "SI", "adm0_sr": 1, "name": "Se\u017eana", "name_alt": null, "name_local": null, "type": "Opcine", "type_en": "Commune|Municipality", "code_local": null, "code_hasc": "SI.JP.SE", "note": null, "hasc_maybe": null, "region": "Obalno-kra\u0161ka", "region_cod": null, "provnum_ne": 97, "gadm_level": 2, "check_me": 0, "datarank": 8, "abbrev": null, "postal": "SE", "area_sqkm": 0, "sameascity": -99, "labelrank": 10, "name_len": 6, "mapcolor9": 2, "mapcolor13": 12, "fips": "SIB7", "fips_alt": null, "woe_id": 55848385, "woe_label": "Sezana, SI, Slovenia", "woe_name": "Se\u017eana", "latitude": 45.7319, "longitude": 13.8449, "sov_a3": "SVN", "adm0_a3": "SVN", "adm0_label": 2, "admin": "Slovenia", "geonunit": "Slovenia", "gu_a3": "SVN", "gn_id": 3190944, "gn_name": "Obcina Sezana", "gns_id": -95495, "gns_name": "Sezana, Obcina", "gn_level": 1, "gn_region": null, "gn_a1_code": "SI.B7", "region_sub": null, "sub_code": null, "gns_level": 1, "gns_lang": "sqi", "gns_adm1": "SI25", "gns_region": null, "min_label": 11, "max_label": 11, "min_zoom": 11, "wikidataid": "Q554854", "name_ar": "\u0628\u0644\u062f\u064a\u0629 \u0633\u064a\u062c\u0627\u0646\u0627", "name_bn": "\u09b8\u09c7\u099c\u09be\u09a8\u09be \u09aa\u09cc\u09b0\u09b8\u09ad\u09be", "name_de": "Gemeinde Se\u017eana", "name_en": "Se\u017eana", "name_es": "Municipalidad del Se\u017eana", "name_fr": "Municipalit\u00e9 de Se\u017eana", "name_el": "\u03a3\u03b5\u03b6\u03ac\u03bd\u03b1", "name_hi": "\u0938\u0947\u091c\u093e\u0928\u093e \u0928\u0917\u0930 \u092a\u093e\u0932\u093f\u0915\u093e", "name_hu": "Se\u017eana", "name_id": "Se\u017eana", "name_it": "Sesana", "name_ja": "\u30bb\u30b8\u30e3\u30fc\u30ca", "name_ko": "\uc138\uc790\ub098 \uc9c0\ubc29 \uc790\uce58\uc81c", "name_nl": "Se\u017eana", "name_pl": "Gmina Se\u017eana", "name_pt": "Sezana", "name_ru": "\u0421\u0435\u0436\u0430\u043d\u0430", "name_sv": "Sezana", "name_tr": "Sezana Belediyesi", "name_vi": "\u0110\u00f4 th\u1ecb t\u1ef1 tr\u1ecb Sezana", "name_zh": "\u585e\u624e\u7d0d\u93ae", "ne_id": 1159310879, "name_he": "\u05e1\u05d6'\u05d0\u05e0\u05d4", "name_uk": "\u0421\u0435\u0436\u0430\u043d\u0430", "name_ur": "\u0633\u06cc\u0632\u0627\u0646\u0627 \u0645\u06cc\u0648\u0646\u0633\u067e\u0644\u0679\u06cc", "name_fa": "\u0634\u0647\u0631\u062f\u0627\u0631\u06cc \u0633\u0648\u0646\u0627", "name_zht": "\u585e\u624e\u7d0d\u93ae", "FCLASS_ISO": null, "FCLASS_US": null, "FCLASS_FR": null, "FCLASS_RU": null, "FCLASS_ES": null, "FCLASS_CN": null, "FCLASS_TW": null, "FCLASS_IN": null, "FCLASS_NP": null, "FCLASS_PK": null, "FCLASS_DE": null, "FCLASS_GB": null, "FCLASS_BR": null, "FCLASS_IL": null, "FCLASS_PS": null, "FCLASS_SA": null, "FCLASS_EG": null, "FCLASS_MA": null, "FCLASS_PT": null, "FCLASS_AR": null, "FCLASS_JP": null, "FCLASS_KO": null, "FCLASS_VN": null, "FCLASS_TR": null, "FCLASS_ID": null, "FCLASS_PL": null, "FCLASS_GR": null, "FCLASS_IT": null, "FCLASS_NL": null, "FCLASS_SE": null, "FCLASS_BD": null, "FCLASS_UA": null, "FCLASS_TLC": null}, "bbox": [13.699908, 45.633758, 13.989875, 45.810227], "geometry": {"type": "Polygon", "coordinates": [[[13.893641, 45.633758], [13.893136, 45.634683], [13.884144, 45.635148], [13.869158, 45.641143], [13.858409, 45.649359], [13.778724, 45.743411], [13.709478, 45.765321], [13.699908, 45.770524], [13.705758, 45.779738], [13.725809, 45.789763], [13.731855, 45.79134], [13.753094, 45.790875], [13.852726, 45.799582], [13.902542, 45.810227], [13.931377, 45.793226], [13.983519, 45.772943], [13.989875, 45.76501], [13.975612, 45.748474], [13.96445, 45.74434], [13.956699, 45.739973], [13.955614, 45.733281], [13.959644, 45.722093], [13.96507, 45.714109], [13.967861, 45.705273], [13.962435, 45.698115], [13.936493, 45.670391], [13.943676, 45.661141], [13.938354, 45.642641], [13.908898, 45.643778], [13.893641, 45.633758]]]}}, {"type": "Feature", "properties": {"featurecla": "Admin-1 states provinces", "scalerank": 10, "adm1_code": "SVN-1026", "diss_me": 1026, "iso_3166_2": "SI-035", "wikipedia": null, "iso_a2": "SI", "adm0_sr": 1, "name": "Hrpelje-Kozina", "name_alt": null, "name_local": null, "type": "Opcine", "type_en": "Commune|Municipality", "code_local": null, "code_hasc": "SI.JP.HK", "note": null, "hasc_maybe": null, "region": "Obalno-kra\u0161ka", "region_cod": null, "provnum_ne": 88, "gadm_level": 2, "check_me": 0, "datarank": 8, "abbrev": null, "postal": "HK", "area_sqkm": 0, "sameascity": -99, "labelrank": 10, "name_len": 14, "mapcolor9": 2, "mapcolor13": 12, "fips": "SI35", "fips_alt": null, "woe_id": -55848385, "woe_label": null, "woe_name": null, "latitude": 45.5679, "longitude": 13.9929, "sov_a3": "SVN", "adm0_a3": "SVN", "adm0_label": 2, "admin": "Slovenia", "geonunit": "Slovenia", "gu_a3": "SVN", "gn_id": 3239050, "gn_name": "Obcina Hrpelje-Kozina", "gns_id": 243438, "gns_name": "Hrpelje-Kozina, Obcina", "gn_level": 1, "gn_region": null, "gn_a1_code": "SI.35", "region_sub": null, "sub_code": null, "gns_level": 1, "gns_lang": "div", "gns_adm1": "SI35", "gns_region": null, "min_label": 11, "max_label": 11, "min_zoom": 11, "wikidataid": "Q556206", "name_ar": "\u0628\u0644\u062f\u064a\u0629 \u0647\u0631\u0628\u064a\u0644\u064a\u0647 - \u0643\u0648\u0632\u064a\u0646\u0627", "name_bn": "\u09b9\u09cd\u09b0\u09be\u09b0\u09be\u09aa\u09c7\u09b2\u09bf-\u0995\u09cb\u099c\u09bf\u09a8\u09be \u09aa\u09cc\u09b0\u09b8\u09ad\u09be", "name_de": "Hrpelje-Kozina", "name_en": "Hrpelje-Kozina", "name_es": "Municipalidad del Hrpelje-Kozina", "name_fr": "Hrpelje-Kozina", "name_el": "\u03a7\u03c1\u03c0\u03ad\u03bb\u03c4\u03b6\u03b5-\u039a\u03bf\u03b6\u03af\u03bd\u03b1", "name_hi": "\u0939\u094d\u0930\u092a\u0947\u0932\u093f\u090f-\u0915\u094b\u091c\u093c\u093f\u0928\u093e \u0928\u0917\u0930\u092a\u093e\u0932\u093f\u0915\u093e", "name_hu": "Hrpelje-Kozina", "name_id": "Hrpelje\u2013Kozina", "name_it": "Erpelle-Cosina", "name_ja": "\u30d5\u30eb\u30da\u30ea\u30a7\uff1d\u30b3\u30b8\u30ca", "name_ko": "\ud750\ub974\ud3a0\ub808\ucf54\uc9c0\ub098", "name_nl": "Hrpelje-Kozina", "name_pl": "Gmina Hrpelje-Kozina", "name_pt": "Hrpelje-Kozina", "name_ru": "\u0425\u0440\u043f\u0435\u043b\u044c\u0435-\u041a\u043e\u0437\u0438\u043d\u0430", "name_sv": "Hrpelje-Kozina", "name_tr": "Hrpelje-Kozina", "name_vi": "Hrpelje-Kozina", "name_zh": "\u8d6b\u5c14\u4f69\u5217-\u79d1\u6d4e\u7eb3", "ne_id": 1159310861, "name_he": "\u05d4\u05e8\u05e4\u05dc\u05d9\u05d4-\u05e7\u05d5\u05d6\u05d9\u05e0\u05d4", "name_uk": "\u0425\u0440\u043f\u0435\u043b\u0454-\u041a\u043e\u0437\u0438\u043d\u0430", "name_ur": "\u062d\u0631\u067e\u06cc\u0644\u062c\u06cc\u2013\u06a9\u0648\u0632\u06cc\u0646\u0627 \u0645\u06cc\u0648\u0646\u0633\u067e\u0644\u0679\u06cc", "name_fa": "\u0647\u0631\u067e\u0644\u062c\u0647 - \u06a9\u0648\u0632\u06cc\u0646\u0627", "name_zht": "\u8d6b\u5c14\u4f69\u5217-\u79d1\u6d4e\u7eb3", "FCLASS_ISO": null, "FCLASS_US": null, "FCLASS_FR": null, "FCLASS_RU": null, "FCLASS_ES": null, "FCLASS_CN": null, "FCLASS_TW": null, "FCLASS_IN": null, "FCLASS_NP": null, "FCLASS_PK": null, "FCLASS_DE": null, "FCLASS_GB": null, "FCLASS_BR": null, "FCLASS_IL": null, "FCLASS_PS": null, "FCLASS_SA": null, "FCLASS_EG": null, "FCLASS_MA": null, "FCLASS_PT": null, "FCLASS_AR": null, "FCLASS_JP": null, "FCLASS_KO": null, "FCLASS_VN": null, "FCLASS_TR": null, "FCLASS_ID": null, "FCLASS_PL": null, "FCLASS_GR": null, "FCLASS_IT": null, "FCLASS_NL": null, "FCLASS_SE": null, "FCLASS_BD": null, "FCLASS_UA": null, "FCLASS_TLC": null}, "bbox": [13.867926, 45.472998, 14.118239, 45.643778], "geometry": {"type": "Polygon", "coordinates": [[[13.867926, 45.602169], [13.887038, 45.618767], [13.894686, 45.631841], [13.893641, 45.633758], [13.908898, 45.643778], [13.938354, 45.642641], [13.950808, 45.635974], [13.971427, 45.633081], [13.987705, 45.627138], [14.006205, 45.617784], [14.024963, 45.611428], [14.039691, 45.602436], [14.059587, 45.599594], [14.066408, 45.600989], [14.071989, 45.603573], [14.07726, 45.609878], [14.089817, 45.614089], [14.104545, 45.60471], [14.10222, 45.601455], [14.099119, 45.594065], [14.093693, 45.586546], [14.089507, 45.574686], [14.090437, 45.57019], [14.093693, 45.567451], [14.099584, 45.568666], [14.10563, 45.565953], [14.104855, 45.56032], [14.102685, 45.550398], [14.094468, 45.531175], [14.087182, 45.517997], [14.089197, 45.515284], [14.107491, 45.504768], [14.112142, 45.501357], [14.118239, 45.491797], [14.118084, 45.479524], [14.116792, 45.47322], [14.116747, 45.472998], [14.092917, 45.473918], [14.066665, 45.480274], [14.041551, 45.493142], [14.028322, 45.50265], [14.013956, 45.507973], [13.987476, 45.511909], [13.987395, 45.51208], [13.983829, 45.519547], [13.952203, 45.545954], [13.910448, 45.552026], [13.894635, 45.559778], [13.884817, 45.56771], [13.880011, 45.572464], [13.870554, 45.597475], [13.867926, 45.602169]]]}}, {"type": "Feature", "properties": {"featurecla": "Admin-1 states provinces", "scalerank": 10, "adm1_code": "SVN-1031", "diss_me": 1031, "iso_3166_2": "SI-050", "wikipedia": null, "iso_a2": "SI", "adm0_sr": 1, "name": "Koper", "name_alt": "Capodistria", "name_local": null, "type": "Opcine", "type_en": "Commune|Municipality", "code_local": null, "code_hasc": "SI.JP.KP", "note": null, "hasc_maybe": null, "region": "Obalno-kra\u0161ka", "region_cod": null, "provnum_ne": 91, "gadm_level": 2, "check_me": 0, "datarank": 8, "abbrev": null, "postal": "KP", "area_sqkm": 0, "sameascity": -99, "labelrank": 10, "name_len": 5, "mapcolor9": 2, "mapcolor13": 12, "fips": "SI50", "fips_alt": null, "woe_id": 55848357, "woe_label": "Koper, SI, Slovenia", "woe_name": "Koper", "latitude": 45.5076, "longitude": 13.8237, "sov_a3": "SVN", "adm0_a3": "SVN", "adm0_label": 2, "admin": "Slovenia", "geonunit": "Slovenia", "gu_a3": "SVN", "gn_id": 3197752, "gn_name": "Mestna Obcina Koper", "gns_id": -85071, "gns_name": "Koper, Mestna Obcina", "gn_level": 1, "gn_region": null, "gn_a1_code": "SI.50", "region_sub": null, "sub_code": null, "gns_level": 1, "gns_lang": "slv", "gns_adm1": "SI50", "gns_region": null, "min_label": 11, "max_label": 11, "min_zoom": 11, "wikidataid": "Q556203", "name_ar": "\u0643\u0648\u0628\u0631", "name_bn": "\u0995\u09cb\u09aa\u09c7\u09b0", "name_de": "Koper", "name_en": "Koper", "name_es": "Municipio de Koper", "name_fr": "Koper", "name_el": "\u0391\u03c3\u03c4\u03b9\u03ba\u03cc\u03c2 \u03c4\u03bf\u03c5 \u039a\u03cc\u03c0\u03b5\u03c1", "name_hi": "\u0915\u094b\u092a\u0947\u0930", "name_hu": "Koper v\u00e1rosi k\u00f6zs\u00e9g", "name_id": "Koper", "name_it": "Capodistria", "name_ja": "\u30b3\u30da\u30eb", "name_ko": "\ucf54\ud398\ub974", "name_nl": "Koper", "name_pl": "Gmina miejska Koper", "name_pt": "Koper", "name_ru": "\u041a\u043e\u043f\u0435\u0440", "name_sv": "Koper", "name_tr": "Koper \u015eehir Belediyesi", "name_vi": "Koper", "name_zh": "\u79d1\u4f69\u723e\u5e02", "ne_id": 1159310873, "name_he": "\u05e7\u05d5\u05e4\u05e8", "name_uk": "\u041a\u043e\u043f\u0435\u0440", "name_ur": "\u06a9\u0648\u067e\u0631", "name_fa": "\u0634\u0647\u0631\u062f\u0627\u0631\u06cc \u0634\u0647\u0631 \u06a9\u0648\u067e\u0631", "name_zht": "\u79d1\u4f69\u723e\u5e02", "FCLASS_ISO": null, "FCLASS_US": null, "FCLASS_FR": null, "FCLASS_RU": null, "FCLASS_ES": null, "FCLASS_CN": null, "FCLASS_TW": null, "FCLASS_IN": null, "FCLASS_NP": null, "FCLASS_PK": null, "FCLASS_DE": null, "FCLASS_GB": null, "FCLASS_BR": null, "FCLASS_IL": null, "FCLASS_PS": null, "FCLASS_SA": null, "FCLASS_EG": null, "FCLASS_MA": null, "FCLASS_PT": null, "FCLASS_AR": null, "FCLASS_JP": null, "FCLASS_KO": null, "FCLASS_VN": null, "FCLASS_TR": null, "FCLASS_ID": null, "FCLASS_PL": null, "FCLASS_GR": null, "FCLASS_IT": null, "FCLASS_NL": null, "FCLASS_SE": null, "FCLASS_BD": null, "FCLASS_UA": null, "FCLASS_TLC": null}, "bbox": [13.65997, 45.423637, 13.987476, 45.602169], "geometry": {"type": "Polygon", "coordinates": [[[13.800532, 45.58125], [13.847764, 45.584661], [13.867926, 45.602169], [13.870554, 45.597475], [13.880011, 45.572464], [13.884817, 45.56771], [13.894635, 45.559778], [13.910448, 45.552026], [13.952203, 45.545954], [13.983829, 45.519547], [13.987395, 45.51208], [13.987476, 45.511909], [13.971891, 45.514226], [13.964966, 45.51097], [13.961452, 45.50389], [13.961452, 45.493142], [13.98264, 45.475313], [13.969824, 45.462963], [13.923005, 45.448958], [13.908432, 45.438881], [13.899647, 45.429218], [13.889002, 45.423637], [13.835568, 45.429114], [13.819859, 45.432628], [13.806526, 45.442137], [13.759294, 45.463169], [13.65997, 45.459978], [13.660024, 45.460223], [13.66142, 45.466476], [13.666071, 45.468801], [13.667001, 45.46906], [13.670876, 45.47123], [13.672427, 45.474201], [13.674752, 45.477534], [13.677698, 45.482909], [13.688705, 45.490867], [13.693201, 45.495389], [13.691495, 45.497792], [13.68979, 45.499445], [13.662763, 45.50699], [13.674287, 45.520684], [13.675141, 45.544745], [13.75294, 45.552883], [13.75294, 45.559068], [13.742361, 45.56977], [13.727387, 45.581204], [13.711762, 45.593207], [13.761051, 45.596236], [13.800532, 45.58125]]]}}, {"type": "Feature", "properties": {"featurecla": "Admin-1 states provinces", "scalerank": 10, "adm1_code": "SVN-931", "diss_me": 931, "iso_3166_2": "SI-105", "wikipedia": null, "iso_a2": "SI", "adm0_sr": 1, "name": "Roga\u0161ovci", "name_alt": null, "name_local": null, "type": "Opcine", "type_en": "Commune|Municipality", "code_local": null, "code_hasc": "SI.PM.RO", "note": null, "hasc_maybe": null, "region": "Pomurska", "region_cod": null, "provnum_ne": 4, "gadm_level": 2, "check_me": 0, "datarank": 8, "abbrev": null, "postal": "RO", "area_sqkm": 0, "sameascity": -99, "labelrank": 10, "name_len": 9, "mapcolor9": 2, "mapcolor13": 12, "fips": "SIA6", "fips_alt": null, "woe_id": -55848370, "woe_label": null, "woe_name": null, "latitude": 46.799, "longitude": 16.017, "sov_a3": "SVN", "adm0_a3": "SVN", "adm0_label": 2, "admin": "Slovenia", "geonunit": "Slovenia", "gu_a3": "SVN", "gn_id": 3239270, "gn_name": "Obcina Rogasovci", "gns_id": 244013, "gns_name": "Rogasovci, Obcina", "gn_level": 1, "gn_region": null, "gn_a1_code": "SI.A6", "region_sub": null, "sub_code": null, "gns_level": 1, "gns_lang": "slv", "gns_adm1": "SI97", "gns_region": null, "min_label": 11, "max_label": 11, "min_zoom": 11, "wikidataid": "Q599480", "name_ar": "\u0628\u0644\u062f\u064a\u0629 \u0631\u0648\u063a\u0627\u0634\u0648\u0641\u062a\u0633\u064a", "name_bn": "\u09b0\u09cb\u0997\u09be\u09b8\u09ad\u099a\u09bf \u09aa\u09cc\u09b0\u09b8\u09ad\u09be", "name_de": "Roga\u0161ovci", "name_en": "Roga\u0161ovci", "name_es": "Roga\u0161ovci", "name_fr": "Roga\u0161ovci", "name_el": "\u03a1\u03bf\u03b3\u03ba\u03b1\u03c3\u03cc\u03b2\u03ba\u03b9", "name_hi": "\u0930\u094b\u0917\u093e\u0938\u094d\u092f\u094b\u0935\u094d\u0915\u0940 \u0928\u0917\u0930 \u092a\u093e\u0932\u093f\u0915\u093e", "name_hu": "Szarvaslak", "name_id": "Roga\u0161ovci", "name_it": "Roga\u0161ovci", "name_ja": "\u30ed\u30ac\u30b7\u30e7\u30d5\u30c4\u30a3", "name_ko": "\ub85c\uac00\uc1fc\uc6b0\uce58", "name_nl": "Roga\u0161ovci", "name_pl": "Gmina Roga\u0161ovci", "name_pt": "Roga\u0161ovci", "name_ru": "\u0420\u043e\u0433\u0430\u0448\u043e\u0432\u0446\u0438", "name_sv": "Rogasovci", "name_tr": "Roga\u0161ovci Belediyesi", "name_vi": "Roga\u0161ovci", "name_zh": "\u7f85\u52a0\u820d\u592b\u9f4a", "ne_id": 1159310661, "name_he": "\u05e8\u05d5\u05d2\u05d0\u05e9\u05d5\u05d1\u05e1\u05e7\u05d9", "name_uk": "\u0420\u043e\u0433\u0430\u0448\u043e\u0432\u0446\u0456", "name_ur": "\u0631\u0648\u062c\u0627\u0633\u0648\u0648\u06a9\u06cc \u0645\u06cc\u0648\u0646\u0633\u067e\u0644\u0679\u06cc", "name_fa": "\u0631\u0648\u06af\u0627\u0633\u0648\u0648\u0686\u06cc", "name_zht": "\u7f85\u52a0\u820d\u592b\u9f4a", "FCLASS_ISO": null, "FCLASS_US": null, "FCLASS_FR": null, "FCLASS_RU": null, "FCLASS_ES": null, "FCLASS_CN": null, "FCLASS_TW": null, "FCLASS_IN": null, "FCLASS_NP": null, "FCLASS_PK": null, "FCLASS_DE": null, "FCLASS_GB": null, "FCLASS_BR": null, "FCLASS_IL": null, "FCLASS_PS": null, "FCLASS_SA": null, "FCLASS_EG": null, "FCLASS_MA": null, "FCLASS_PT": null, "FCLASS_AR": null, "FCLASS_JP": null, "FCLASS_KO": null, "FCLASS_VN": null, "FCLASS_TR": null, "FCLASS_ID": null, "FCLASS_PL": null, "FCLASS_GR": null, "FCLASS_IT": null, "FCLASS_NL": null, "FCLASS_SE": null, "FCLASS_BD": null, "FCLASS_UA": null, "FCLASS_TLC": null}, "bbox": [15.970985, 46.755958, 16.063599, 46.84606], "geometry": {"type": "Polygon", "coordinates": [[[16.028441, 46.836947], [16.032024, 46.837556], [16.052936, 46.84606], [16.056002, 46.816057], [16.051661, 46.775672], [16.052126, 46.770091], [16.063599, 46.764174], [16.055537, 46.755958], [16.024841, 46.758955], [16.018485, 46.761642], [16.007116, 46.770272], [16.004946, 46.774045], [15.987738, 46.775827], [15.970985, 46.77505], [15.971252, 46.778076], [15.978177, 46.809134], [15.97735, 46.816213], [15.972906, 46.818435], [15.971976, 46.820632], [15.981691, 46.827685], [15.987582, 46.830011], [16.028441, 46.836947]]]}}, {"type": "Feature", "properties": {"featurecla": "Admin-1 states provinces", "scalerank": 10, "adm1_code": "SVN-926", "diss_me": 926, "iso_3166_2": "SI-152", "wikipedia": null, "iso_a2": "SI", "adm0_sr": 1, "name": "Cankova", "name_alt": null, "name_local": null, "type": "Opcine", "type_en": "Commune|Municipality", "code_local": null, "code_hasc": "SI.PM.CA", "note": null, "hasc_maybe": null, "region": "Pomurska", "region_cod": null, "provnum_ne": 9, "gadm_level": 2, "check_me": 10, "datarank": 8, "abbrev": null, "postal": "CA", "area_sqkm": 0, "sameascity": -99, "labelrank": 10, "name_len": 7, "mapcolor9": 2, "mapcolor13": 12, "fips": "SI10", "fips_alt": "SIF8", "woe_id": -55848370, "woe_label": null, "woe_name": null, "latitude": 46.7083, "longitude": 16.0462, "sov_a3": "SVN", "adm0_a3": "SVN", "adm0_label": 2, "admin": "Slovenia", "geonunit": "Slovenia", "gu_a3": "SVN", "gn_id": 3344938, "gn_name": "Obcina Cankova", "gns_id": 9123484, "gns_name": "Cankova, Obcina", "gn_level": 1, "gn_region": null, "gn_a1_code": "SI.F8", "region_sub": null, "sub_code": null, "gns_level": 1, "gns_lang": "slv", "gns_adm1": "SI72", "gns_region": null, "min_label": 11, "max_label": 11, "min_zoom": 11, "wikidataid": "Q13377751", "name_ar": "\u0628\u0644\u062f\u064a\u0629 \u0643\u0627\u0646\u0643\u0648\u0641\u0627", "name_bn": "\u0995\u09cd\u09af\u09be\u0999\u09cd\u0995\u09ad\u09be \u09aa\u09cc\u09b0\u09b8\u09ad\u09be", "name_de": "Gemeinde Cankova", "name_en": "Cankova", "name_es": "Municipalidad del Cankova", "name_fr": "Cankova", "name_el": "\u039a\u03ac\u03bd\u03ba\u03bf\u03b2\u03b1", "name_hi": "\u0915\u0948\u0902\u0915\u094b\u0935\u093e \u0928\u0917\u0930\u092a\u093e\u0932\u093f\u0915\u093e", "name_hu": "Vashidegk\u00fat k\u00f6zs\u00e9g", "name_id": "Cankova", "name_it": "Cankova", "name_ja": "\u30c4\u30a1\u30f3\u30b3\u30f4\u30a1", "name_ko": "\ucc2c\ud1a0\ubc14 \uc9c0\ubc29 \uc790\uce58\uc81c", "name_nl": "Cankova", "name_pl": "Gmina Cankova", "name_pt": "Cankova", "name_ru": "\u041a\u0430\u043d\u043a\u043e\u0432\u0430", "name_sv": "Cankova", "name_tr": "Cankova Belediyesi", "name_vi": "\u0110\u00f4 th\u1ecb t\u1ef1 tr\u1ecb Cankova", "name_zh": "\u707f\u79d1\u74e6", "ne_id": 1159309555, "name_he": "\u05e7\u05e0\u05e7\u05d5\u05d1\u05d4", "name_uk": "\u0426\u0430\u043d\u043a\u043e\u0432\u0430", "name_ur": "\u0628\u0644\u062f\u06cc\u06c1 \u062a\u0633\u0627\u0646\u06a9\u0648\u0648\u0627", "name_fa": "\u0634\u0647\u0631\u062f\u0627\u0631\u06cc \u06a9\u0627\u0646\u06a9\u0648\u0648\u0627", "name_zht": "\u707f\u79d1\u74e6", "FCLASS_ISO": null, "FCLASS_US": null, "FCLASS_FR": null, "FCLASS_RU": null, "FCLASS_ES": null, "FCLASS_CN": null, "FCLASS_TW": null, "FCLASS_IN": null, "FCLASS_NP": null, "FCLASS_PK": null, "FCLASS_DE": null, "FCLASS_GB": null, "FCLASS_BR": null, "FCLASS_IL": null, "FCLASS_PS": null, "FCLASS_SA": null, "FCLASS_EG": null, "FCLASS_MA": null, "FCLASS_PT": null, "FCLASS_AR": null, "FCLASS_JP": null, "FCLASS_KO": null, "FCLASS_VN": null, "FCLASS_TR": null, "FCLASS_ID": null, "FCLASS_PL": null, "FCLASS_GR": null, "FCLASS_IT": null, "FCLASS_NL": null, "FCLASS_SE": null, "FCLASS_BD": null, "FCLASS_UA": null, "FCLASS_TLC": null}, "bbox": [15.969702, 46.623873, 16.123027, 46.775827], "geometry": {"type": "Polygon", "coordinates": [[[16.016723, 46.670691], [16.014557, 46.693714], [16.003291, 46.709191], [15.982001, 46.718545], [15.970529, 46.743014], [15.969702, 46.760532], [15.970985, 46.77505], [15.987738, 46.775827], [16.004946, 46.774045], [16.007116, 46.770272], [16.018485, 46.761642], [16.024841, 46.758955], [16.055537, 46.755958], [16.057863, 46.735365], [16.056467, 46.728931], [16.053367, 46.71981], [16.059103, 46.709191], [16.066544, 46.704333], [16.075123, 46.70131], [16.084114, 46.699605], [16.092331, 46.694928], [16.108299, 46.69038], [16.103028, 46.676789], [16.104423, 46.67157], [16.108454, 46.661545], [16.114035, 46.656455], [16.118686, 46.650745], [16.123027, 46.643872], [16.120391, 46.636947], [16.110314, 46.623873], [16.067113, 46.644337], [16.04205, 46.662682], [16.04174, 46.662733], [16.027839, 46.665059], [16.016723, 46.670691]]]}}, {"type": "Feature", "properties": {"featurecla": "Admin-1 states provinces", "scalerank": 10, "adm1_code": "SVN-927", "diss_me": 927, "iso_3166_2": "SI-029", "wikipedia": null, "iso_a2": "SI", "adm0_sr": 1, "name": "Gornja Radgona", "name_alt": null, "name_local": null, "type": "Opcine", "type_en": "Commune|Municipality", "code_local": null, "code_hasc": "SI.PM.GR", "note": null, "hasc_maybe": null, "region": "Pomurska", "region_cod": null, "provnum_ne": 22, "gadm_level": 2, "check_me": 11, "datarank": 8, "abbrev": null, "postal": "GR", "area_sqkm": 0, "sameascity": -99, "labelrank": 10, "name_len": 14, "mapcolor9": 2, "mapcolor13": 12, "fips": "SI29", "fips_alt": null, "woe_id": 55848348, "woe_label": "Gornja Radgona, SI, Slovenia", "woe_name": "Gornja Radgona", "latitude": 46.6256, "longitude": 15.9663, "sov_a3": "SVN", "adm0_a3": "SVN", "adm0_label": 2, "admin": "Slovenia", "geonunit": "Slovenia", "gu_a3": "SVN", "gn_id": 3200196, "gn_name": "Obcina Gornja Radgona", "gns_id": -81376, "gns_name": "Gornja Radgona, Obcina", "gn_level": 1, "gn_region": null, "gn_a1_code": "SI.29", "region_sub": null, "sub_code": null, "gns_level": 1, "gns_lang": "sqi", "gns_adm1": "SI29", "gns_region": null, "min_label": 11, "max_label": 11, "min_zoom": 11, "wikidataid": "Q570397", "name_ar": "\u062c\u0648\u0631\u0646\u062c\u0627 \u0631\u0627\u062f\u063a\u0648\u0646\u0627", "name_bn": "\u0997\u09cb\u09b0\u099e\u09cd\u099c\u09be \u09b0\u09be\u09a1\u0997\u09cb\u09a8\u09be", "name_de": "Gemeinde Gornja Radgona", "name_en": "Gornja Radgona", "name_es": "Gornja Radgona", "name_fr": "Gornja Radgona", "name_el": "\u0393\u03ba\u03cc\u03c1\u03bd\u03c4\u03b6\u03b1 \u03a1\u03ac\u03bd\u03c4\u03b3\u03ba\u03bf\u03bd\u03b1", "name_hi": "\u0917\u094b\u0930\u0902\u091c\u093e \u0930\u093e\u0921\u0917\u094b\u0928\u093e", "name_hu": "Gornja Radgona", "name_id": "Gornja Radgona", "name_it": "Gornja Radgona", "name_ja": "\u30b4\u30eb\u30cb\u30e3\u30fb\u30e9\u30c9\u30b4\u30ca", "name_ko": "\uace0\ub974\ub0d0 \ub77c\ub4dc\uace0\ub098", "name_nl": "Gornja Radgona", "name_pl": "Gmina Gornja Radgona", "name_pt": "Gornja Radgona", "name_ru": "\u0413\u043e\u0440\u043d\u044f \u0420\u0430\u0434\u0433\u043e\u043d\u0430", "name_sv": "Gornja Radgona", "name_tr": "Gornja Radgona", "name_vi": "Gornja Radgona", "name_zh": "\u4e0a\u62c9\u5fb7\u6208\u7d0d\u93ae", "ne_id": 1159309559, "name_he": "\u05d2\u05d5\u05e8\u05e0\u05d9\u05d4 \u05e8\u05d3\u05d2\u05d5\u05e0\u05d4", "name_uk": "\u0413\u043e\u0440\u043d\u044f \u0420\u0430\u0434\u0433\u043e\u043d\u0430", "name_ur": "\u06af\u0648\u0631\u0646\u062c\u0627 \u0631\u06cc\u0688\u06af\u0648\u0646\u0627", "name_fa": "\u06af\u0648\u0631\u0646\u062c\u0627 \u0631\u0627\u062f\u06af\u0648\u0646\u0627", "name_zht": "\u4e0a\u62c9\u5fb7\u6208\u7d0d\u93ae", "FCLASS_ISO": null, "FCLASS_US": null, "FCLASS_FR": null, "FCLASS_RU": null, "FCLASS_ES": null, "FCLASS_CN": null, "FCLASS_TW": null, "FCLASS_IN": null, "FCLASS_NP": null, "FCLASS_PK": null, "FCLASS_DE": null, "FCLASS_GB": null, "FCLASS_BR": null, "FCLASS_IL": null, "FCLASS_PS": null, "FCLASS_SA": null, "FCLASS_EG": null, "FCLASS_MA": null, "FCLASS_PT": null, "FCLASS_AR": null, "FCLASS_JP": null, "FCLASS_KO": null, "FCLASS_VN": null, "FCLASS_TR": null, "FCLASS_ID": null, "FCLASS_PL": null, "FCLASS_GR": null, "FCLASS_IT": null, "FCLASS_NL": null, "FCLASS_SE": null, "FCLASS_BD": null, "FCLASS_UA": null, "FCLASS_TLC": null}, "bbox": [15.888106, 46.585968, 16.04174, 46.694555], "geometry": {"type": "Polygon", "coordinates": [[[15.9676, 46.694555], [15.986962, 46.69219], [15.997917, 46.686919], [16.016593, 46.670757], [16.016723, 46.670691], [16.027839, 46.665059], [16.04174, 46.662733], [16.007736, 46.632839], [16.006806, 46.621392], [16.013628, 46.593694], [15.978281, 46.585968], [15.955905, 46.588216], [15.933271, 46.596407], [15.916373, 46.610799], [15.913582, 46.61855], [15.913272, 46.624079], [15.928465, 46.633485], [15.9311, 46.638265], [15.928, 46.639505], [15.922884, 46.640719], [15.918388, 46.639944], [15.913272, 46.63966], [15.909241, 46.639841], [15.904384, 46.641649], [15.900663, 46.642115], [15.888106, 46.645887], [15.888571, 46.662785], [15.911257, 46.663633], [15.932116, 46.665178], [15.946794, 46.674448], [15.9676, 46.694555]]]}}, {"type": "Feature", "properties": {"featurecla": "Admin-1 states provinces", "scalerank": 10, "adm1_code": "SVN-5884", "diss_me": 5884, "iso_3166_2": "SI-195", "wikipedia": null, "iso_a2": "SI", "adm0_sr": 1, "name": "Apace", "name_alt": null, "name_local": null, "type": "Opcine", "type_en": "Commune|Municipality", "code_local": null, "code_hasc": "SI.PM.GR", "note": null, "hasc_maybe": null, "region": "Pomurska", "region_cod": null, "provnum_ne": 22, "gadm_level": 2, "check_me": 11, "datarank": 8, "abbrev": null, "postal": "GR", "area_sqkm": 0, "sameascity": -99, "labelrank": 10, "name_len": 5, "mapcolor9": 2, "mapcolor13": 12, "fips": "SI29", "fips_alt": null, "woe_id": 55848348, "woe_label": "Gornja Radgona, SI, Slovenia", "woe_name": "Gornja Radgona", "latitude": 46.6914, "longitude": 15.8873, "sov_a3": "SVN", "adm0_a3": "SVN", "adm0_label": 2, "admin": "Slovenia", "geonunit": "Slovenia", "gu_a3": "SVN", "gn_id": 8133579, "gn_name": "Obcina Apace", "gns_id": 11284563, "gns_name": "Apace, Obcina", "gn_level": 1, "gn_region": null, "gn_a1_code": "SI.N9", "region_sub": null, "sub_code": null, "gns_level": 1, "gns_lang": "div", "gns_adm1": "SI54", "gns_region": null, "min_label": 11, "max_label": 11, "min_zoom": 11, "wikidataid": "Q3278915", "name_ar": "\u0623\u0628\u0627\u0633", "name_bn": "\u0986\u09aa\u09c7\u09b8", "name_de": "Apa\u010de", "name_en": "Apa\u010de", "name_es": "Municipio de Apa\u010de", "name_fr": "Apace", "name_el": "\u0391\u03c0\u03ac\u03c4\u03c3\u03b5", "name_hi": "\u090f\u092a\u0947\u0938", "name_hu": "Apa\u010de", "name_id": "Apa\u010de", "name_it": "Apa\u010de", "name_ja": "\u30a2\u30d1\u30c1\u30a7", "name_ko": "\uc544\ud398\uc2a4", "name_nl": "Apa\u010de", "name_pl": "Gmina Apa\u010de", "name_pt": "Apa\u010de", "name_ru": "\u0410\u043f\u0430\u0447\u0435", "name_sv": "Apace", "name_tr": "Apace", "name_vi": "Apace", "name_zh": "\u963f\u5e15\u5207\u93ae", "ne_id": 1159317883, "name_he": "\u05d0\u05e4\u05d0\u05e6'\u05d4", "name_uk": "\u0410\u043f\u0430\u0447\u0435", "name_ur": "\u0628\u0644\u062f\u06cc\u06c1 \u0622\u067e\u0627\u0686\u06d2", "name_fa": "\u0634\u0647\u0631\u062f\u0627\u0631\u06cc \u0622\u067e\u0627\u0686\u0647", "name_zht": "\u963f\u5e15\u5207\u93ae", "FCLASS_ISO": null, "FCLASS_US": null, "FCLASS_FR": null, "FCLASS_RU": null, "FCLASS_ES": null, "FCLASS_CN": null, "FCLASS_TW": null, "FCLASS_IN": null, "FCLASS_NP": null, "FCLASS_PK": null, "FCLASS_DE": null, "FCLASS_GB": null, "FCLASS_BR": null, "FCLASS_IL": null, "FCLASS_PS": null, "FCLASS_SA": null, "FCLASS_EG": null, "FCLASS_MA": null, "FCLASS_PT": null, "FCLASS_AR": null, "FCLASS_JP": null, "FCLASS_KO": null, "FCLASS_VN": null, "FCLASS_TR": null, "FCLASS_ID": null, "FCLASS_PL": null, "FCLASS_GR": null, "FCLASS_IT": null, "FCLASS_NL": null, "FCLASS_SE": null, "FCLASS_BD": null, "FCLASS_UA": null, "FCLASS_TLC": null}, "bbox": [15.78461, 46.662785, 15.9676, 46.724488], "geometry": {"type": "Polygon", "coordinates": [[[15.850743, 46.724488], [15.878545, 46.720715], [15.946344, 46.697151], [15.9676, 46.694555], [15.946794, 46.674448], [15.932116, 46.665178], [15.911257, 46.663633], [15.888571, 46.662785], [15.876788, 46.668366], [15.858805, 46.671596], [15.827282, 46.686375], [15.818291, 46.696168], [15.804338, 46.69976], [15.786613, 46.709992], [15.78461, 46.7122], [15.822941, 46.722834], [15.850743, 46.724488]]]}}, {"type": "Feature", "properties": {"featurecla": "Admin-1 states provinces", "scalerank": 10, "adm1_code": "SVN-986", "diss_me": 986, "iso_3166_2": "SI-118", "wikipedia": null, "iso_a2": "SI", "adm0_sr": 1, "name": "\u0160entilj", "name_alt": null, "name_local": null, "type": "Opcine", "type_en": "Commune|Municipality", "code_local": null, "code_hasc": "SI.PD.SE", "note": null, "hasc_maybe": null, "region": "Podravska", "region_cod": null, "provnum_ne": 19, "gadm_level": 2, "check_me": 0, "datarank": 8, "abbrev": null, "postal": "SE", "area_sqkm": 0, "sameascity": -99, "labelrank": 10, "name_len": 7, "mapcolor9": 2, "mapcolor13": 12, "fips": "SIB3", "fips_alt": null, "woe_id": -55848374, "woe_label": null, "woe_name": null, "latitude": 46.6904, "longitude": 15.713, "sov_a3": "SVN", "adm0_a3": "SVN", "adm0_label": 2, "admin": "Slovenia", "geonunit": "Slovenia", "gu_a3": "SVN", "gn_id": 3239214, "gn_name": "Obcina Sentilj", "gns_id": 243907, "gns_name": "Sentilj, Obcina", "gn_level": 1, "gn_region": null, "gn_a1_code": "SI.B3", "region_sub": null, "sub_code": null, "gns_level": 1, "gns_lang": "slv", "gns_adm1": "SI55", "gns_region": null, "min_label": 11, "max_label": 11, "min_zoom": 11, "wikidataid": "Q391446", "name_ar": "\u0628\u0644\u062f\u064a\u0629 \u0634\u064a\u0646\u062a\u064a\u0644\u064a", "name_bn": "\u09b8\u09c7\u09a8\u09cd\u099f\u09bf\u09b2\u09bf \u09aa\u09cc\u09b0\u09b8\u09ad\u09be", "name_de": "\u0160entilj", "name_en": "\u0160entilj", "name_es": "\u0160entilj", "name_fr": "\u0160entilj", "name_el": "\u03a3\u03b5\u03bd\u03c4\u03af\u03bb\u03c4\u03b6", "name_hi": "\u0938\u0947\u0902\u0924\u093f\u0932\u094d\u091c \u0928\u0917\u0930 \u092a\u093e\u0932\u093f\u0915\u093e", "name_hu": "\u0160entilj", "name_id": "\u0160entilj", "name_it": "\u0160entilj", "name_ja": "\u30b7\u30a7\u30f3\u30c6\u30a3\u30ea", "name_ko": "\uc174\ud2f8", "name_nl": "\u0160entilj", "name_pl": "Gmina \u0160entilj", "name_pt": "\u0160entilj", "name_ru": "\u0428\u0435\u043d\u0442\u0438\u043b\u044c", "name_sv": "\u0160entilj", "name_tr": "\u0160entilj Belediyesi", "name_vi": "\u0160entilj", "name_zh": "\u7533\u8482\u5229", "ne_id": 1159310773, "name_he": "\u05e9\u05e0\u05d8\u05d9\u05dc\u05d9", "name_uk": "\u0428\u0435\u043d\u0442\u0438\u043b\u044c", "name_ur": "\u0633\u06cc\u0646\u062a\u06cc\u0644\u062c \u0645\u06cc\u0648\u0646\u0633\u067e\u0644\u0679\u06cc", "name_fa": "\u0633\u0646\u062a\u06cc\u0644\u06cc", "name_zht": "\u7533\u8482\u5229", "FCLASS_ISO": null, "FCLASS_US": null, "FCLASS_FR": null, "FCLASS_RU": null, "FCLASS_ES": null, "FCLASS_CN": null, "FCLASS_TW": null, "FCLASS_IN": null, "FCLASS_NP": null, "FCLASS_PK": null, "FCLASS_DE": null, "FCLASS_GB": null, "FCLASS_BR": null, "FCLASS_IL": null, "FCLASS_PS": null, "FCLASS_SA": null, "FCLASS_EG": null, "FCLASS_MA": null, "FCLASS_PT": null, "FCLASS_AR": null, "FCLASS_JP": null, "FCLASS_KO": null, "FCLASS_VN": null, "FCLASS_TR": null, "FCLASS_ID": null, "FCLASS_PL": null, "FCLASS_GR": null, "FCLASS_IT": null, "FCLASS_NL": null, "FCLASS_SE": null, "FCLASS_BD": null, "FCLASS_UA": null, "FCLASS_TLC": null}, "bbox": [15.621745, 46.63426, 15.804338, 46.717563], "geometry": {"type": "Polygon", "coordinates": [[[15.728683, 46.70299], [15.755141, 46.704024], [15.78461, 46.7122], [15.786613, 46.709992], [15.804338, 46.69976], [15.803873, 46.682526], [15.799997, 46.676273], [15.799067, 46.670485], [15.792814, 46.665679], [15.792504, 46.660873], [15.794416, 46.654724], [15.800152, 46.646869], [15.778396, 46.648161], [15.776226, 46.645267], [15.77328, 46.643277], [15.770645, 46.63426], [15.760723, 46.64413], [15.756227, 46.647696], [15.752817, 46.651985], [15.748941, 46.65524], [15.744445, 46.657566], [15.738812, 46.662113], [15.738089, 46.664645], [15.737572, 46.667591], [15.735247, 46.670433], [15.730596, 46.673327], [15.716488, 46.676118], [15.704551, 46.675472], [15.69866, 46.676867], [15.694164, 46.676789], [15.691528, 46.676402], [15.687963, 46.673172], [15.685172, 46.665782], [15.678454, 46.657152], [15.676749, 46.652269], [15.677059, 46.649944], [15.677834, 46.648936], [15.675044, 46.647696], [15.672408, 46.646042], [15.645743, 46.642761], [15.622437, 46.666713], [15.621745, 46.678175], [15.626984, 46.680873], [15.632978, 46.689632], [15.632875, 46.702473], [15.635975, 46.717563], [15.652098, 46.710819], [15.728683, 46.70299]]]}}, {"type": "Feature", "properties": {"featurecla": "Admin-1 states provinces", "scalerank": 10, "adm1_code": "SVN-959", "diss_me": 959, "iso_3166_2": "SI-055", "wikipedia": null, "iso_a2": "SI", "adm0_sr": 1, "name": "Kungota", "name_alt": null, "name_local": null, "type": "Opcine", "type_en": "Commune|Municipality", "code_local": null, "code_hasc": "SI.PD.KU", "note": null, "hasc_maybe": null, "region": "Podravska", "region_cod": null, "provnum_ne": 20, "gadm_level": 2, "check_me": 0, "datarank": 8, "abbrev": null, "postal": "KU", "area_sqkm": 0, "sameascity": -99, "labelrank": 10, "name_len": 7, "mapcolor9": 2, "mapcolor13": 12, "fips": "SI55", "fips_alt": null, "woe_id": -55848374, "woe_label": null, "woe_name": null, "latitude": 46.6527, "longitude": 15.5921, "sov_a3": "SVN", "adm0_a3": "SVN", "adm0_label": 2, "admin": "Slovenia", "geonunit": "Slovenia", "gu_a3": "SVN", "gn_id": 3239213, "gn_name": "Obcina Kungota", "gns_id": 243904, "gns_name": "Kungota, Obcina", "gn_level": 1, "gn_region": null, "gn_a1_code": "SI.55", "region_sub": null, "sub_code": null, "gns_level": 1, "gns_lang": "slv", "gns_adm1": "SI55", "gns_region": null, "min_label": 11, "max_label": 11, "min_zoom": 11, "wikidataid": "Q998566", "name_ar": "\u0628\u0644\u062f\u064a\u0629 \u0643\u0648\u0646\u063a\u0648\u062a\u0627", "name_bn": "\u0995\u09c1\u09a8\u0997\u099f\u09be \u09aa\u09cc\u09b0\u09b8\u09ad\u09be", "name_de": "Kungota", "name_en": "Kungota", "name_es": "Kungota", "name_fr": "Kungota", "name_el": "\u039a\u03bf\u03c5\u03bd\u03b3\u03ba\u03cc\u03c4\u03b1", "name_hi": "\u0915\u0941\u0902\u0917\u094b\u0924\u093e \u0928\u0917\u0930 \u092a\u093e\u0932\u093f\u0915\u093e", "name_hu": "Kungota", "name_id": "Kungota", "name_it": "Kungota", "name_ja": "\u30af\u30f3\u30b4\u30bf", "name_ko": "\ucfe4\uace0\ud0c0", "name_nl": "Kungota", "name_pl": "Gmina Kungota", "name_pt": "Kungota", "name_ru": "\u041a\u0443\u043d\u0433\u043e\u0442\u0430", "name_sv": "Kungota", "name_tr": "Kungato Belediyesi", "name_vi": "Kungota", "name_zh": "\u6606\u6208\u5854", "ne_id": 1159310713, "name_he": "\u05e7\u05d5\u05e0\u05d2\u05d5\u05d8\u05d4", "name_uk": "\u041a\u0443\u043d\u0433\u043e\u0442\u0430", "name_ur": "\u06a9\u0648\u0646\u062c\u0648\u062a\u0627 \u0645\u06cc\u0648\u0646\u0633\u067e\u0644\u0679\u06cc", "name_fa": "\u0634\u0647\u0631\u062f\u0627\u0631\u06cc \u06a9\u0648\u0646\u06af\u0648\u062a\u0627", "name_zht": "\u6606\u6208\u5854", "FCLASS_ISO": null, "FCLASS_US": null, "FCLASS_FR": null, "FCLASS_RU": null, "FCLASS_ES": null, "FCLASS_CN": null, "FCLASS_TW": null, "FCLASS_IN": null, "FCLASS_NP": null, "FCLASS_PK": null, "FCLASS_DE": null, "FCLASS_GB": null, "FCLASS_BR": null, "FCLASS_IL": null, "FCLASS_PS": null, "FCLASS_SA": null, "FCLASS_EG": null, "FCLASS_MA": null, "FCLASS_PT": null, "FCLASS_AR": null, "FCLASS_JP": null, "FCLASS_KO": null, "FCLASS_VN": null, "FCLASS_TR": null, "FCLASS_ID": null, "FCLASS_PL": null, "FCLASS_GR": null, "FCLASS_IT": null, "FCLASS_NL": null, "FCLASS_SE": null, "FCLASS_BD": null, "FCLASS_UA": null, "FCLASS_TLC": null}, "bbox": [15.520308, 46.594081, 15.664347, 46.678175], "geometry": {"type": "Polygon", "coordinates": [[[15.603729, 46.673018], [15.616648, 46.67555], [15.621745, 46.678175], [15.622437, 46.666713], [15.645743, 46.642761], [15.664347, 46.603564], [15.647138, 46.594081], [15.63086, 46.60253], [15.627295, 46.609662], [15.613755, 46.618292], [15.605384, 46.622064], [15.598407, 46.628059], [15.590811, 46.630384], [15.570761, 46.629971], [15.536809, 46.636275], [15.520308, 46.64772], [15.52084, 46.649608], [15.530659, 46.663845], [15.545955, 46.671881], [15.567349, 46.675757], [15.58864, 46.675963], [15.603729, 46.673018]]]}}, {"type": "Feature", "properties": {"featurecla": "Admin-1 states provinces", "scalerank": 10, "adm1_code": "SVN-256", "diss_me": 256, "iso_3166_2": "SI-070", "wikipedia": null, "iso_a2": "SI", "adm0_sr": 1, "name": "Maribor", "name_alt": null, "name_local": null, "type": "Opcine", "type_en": "Commune|Municipality", "code_local": null, "code_hasc": "SI.PD.MB", "note": null, "hasc_maybe": null, "region": "Podravska", "region_cod": null, "provnum_ne": 21, "gadm_level": 2, "check_me": 10, "datarank": 8, "abbrev": null, "postal": "MB", "area_sqkm": 0, "sameascity": -99, "labelrank": 10, "name_len": 7, "mapcolor9": 2, "mapcolor13": 12, "fips": "SI70", "fips_alt": "SIJ2", "woe_id": 55848367, "woe_label": "Maribor, SI, Slovenia", "woe_name": "Maribor", "latitude": 46.556, "longitude": 15.6414, "sov_a3": "SVN", "adm0_a3": "SVN", "adm0_label": 2, "admin": "Slovenia", "geonunit": "Slovenia", "gu_a3": "SVN", "gn_id": 3195505, "gn_name": "Mestna Obcina Maribor", "gns_id": -88557, "gns_name": "Maribor, Mestna Obcina", "gn_level": 1, "gn_region": null, "gn_a1_code": "SI.J2", "region_sub": null, "sub_code": null, "gns_level": 1, "gns_lang": "sqi", "gns_adm1": "SI73", "gns_region": null, "min_label": 11, "max_label": 11, "min_zoom": 11, "wikidataid": "Q3435104", "name_ar": "\u0628\u0644\u062f\u064a\u0629 \u0645\u0627\u0631\u064a\u0628\u0648\u0631 \u0633\u062a\u064a", "name_bn": "\u09ae\u09be\u09b0\u09bf\u09ac\u09b0 \u09b6\u09b9\u09b0 \u09aa\u09cc\u09b0\u09b8\u09ad\u09be", "name_de": "Maribor", "name_en": "Maribor", "name_es": "Ciudad Maribor", "name_fr": "Maribor", "name_el": "\u039c\u03ac\u03c1\u03b9\u03bc\u03c0\u03bf\u03c1", "name_hi": "\u092e\u093e\u0930\u0940\u092c\u094b\u0930 \u0936\u0939\u0930 \u0928\u0917\u0930\u092a\u093e\u0932\u093f\u0915\u093e", "name_hu": "Maribor v\u00e1rosi k\u00f6zs\u00e9g", "name_id": "Maribor", "name_it": "Maribor", "name_ja": "\u30de\u30ea\u30dc\u30eb", "name_ko": "\ub9c8\ub9ac\ubcf4\ub974 \ub3c4\uc2dc \uc9c0\ubc29 \uc790\uce58\uc81c", "name_nl": "Maribor", "name_pl": "Gmina miejska Maribor", "name_pt": "Cidade Municipal de Maribor", "name_ru": "\u041c\u0430\u0440\u0438\u0431\u043e\u0440", "name_sv": "Maribor", "name_tr": "Maribot Belediyesi", "name_vi": "\u0110\u00f4 th\u1ecb t\u1ef1 tr\u1ecb Maribor", "name_zh": "\u99ac\u91cc\u535a\u723e\u5e02", "ne_id": 1159308671, "name_he": "\u05e2\u05d9\u05e8\u05d9\u05d9\u05ea \u05de\u05e8\u05d9\u05d1\u05d5\u05e8", "name_uk": "\u041c\u0430\u0440\u0438\u0431\u043e\u0440", "name_ur": "\u0645\u0631\u06cc\u0628\u0648\u0631 \u0634\u06c1\u0631 \u0645\u06cc\u0648\u0646\u0633\u067e\u0644\u0679\u06cc", "name_fa": "\u0634\u0647\u0631\u062f\u0627\u0631\u06cc \u0634\u0647\u0631 \u0645\u0627\u0631\u06cc\u0628\u0648\u0631", "name_zht": "\u99ac\u91cc\u535a\u723e\u5e02", "FCLASS_ISO": null, "FCLASS_US": null, "FCLASS_FR": null, "FCLASS_RU": null, "FCLASS_ES": null, "FCLASS_CN": null, "FCLASS_TW": null, "FCLASS_IN": null, "FCLASS_NP": null, "FCLASS_PK": null, "FCLASS_DE": null, "FCLASS_GB": null, "FCLASS_BR": null, "FCLASS_IL": null, "FCLASS_PS": null, "FCLASS_SA": null, "FCLASS_EG": null, "FCLASS_MA": null, "FCLASS_PT": null, "FCLASS_AR": null, "FCLASS_JP": null, "FCLASS_KO": null, "FCLASS_VN": null, "FCLASS_TR": null, "FCLASS_ID": null, "FCLASS_PL": null, "FCLASS_GR": null, "FCLASS_IT": null, "FCLASS_NL": null, "FCLASS_SE": null, "FCLASS_BD": null, "FCLASS_UA": null, "FCLASS_TLC": null}, "bbox": [15.513939, 46.504759, 15.76925, 46.64772], "geometry": {"type": "Polygon", "coordinates": [[[15.513939, 46.632545], [15.517636, 46.63824], [15.520308, 46.64772], [15.536809, 46.636275], [15.570761, 46.629971], [15.590811, 46.630384], [15.598407, 46.628059], [15.605384, 46.622064], [15.613755, 46.618292], [15.627295, 46.609662], [15.63086, 46.60253], [15.647138, 46.594081], [15.679849, 46.592815], [15.69897, 46.579483], [15.720674, 46.569302], [15.744755, 46.568527], [15.754677, 46.573282], [15.760413, 46.567597], [15.763669, 46.565013], [15.765684, 46.561293], [15.76925, 46.559406], [15.753747, 46.546978], [15.738089, 46.532664], [15.723154, 46.527083], [15.720829, 46.523621], [15.720054, 46.521295], [15.721294, 46.518453], [15.724395, 46.513544], [15.731681, 46.504759], [15.696489, 46.512148], [15.608484, 46.516644], [15.563784, 46.509875], [15.550297, 46.518014], [15.560374, 46.562119], [15.548591, 46.572248], [15.548591, 46.578708], [15.547041, 46.588113], [15.541925, 46.592815], [15.537429, 46.595012], [15.532003, 46.596743], [15.527972, 46.600748], [15.524407, 46.60638], [15.524717, 46.613848], [15.520221, 46.627206], [15.513939, 46.632545]]]}}, {"type": "Feature", "properties": {"featurecla": "Admin-1 states provinces", "scalerank": 10, "adm1_code": "SVN-234", "diss_me": 234, "iso_3166_2": "SI-178", "wikipedia": null, "iso_a2": "SI", "adm0_sr": 1, "name": "Selnica ob Dravi", "name_alt": null, "name_local": null, "type": "Opcine", "type_en": "Commune|Municipality", "code_local": null, "code_hasc": "SI.PD.SD", "note": null, "hasc_maybe": null, "region": "Podravska", "region_cod": null, "provnum_ne": 23, "gadm_level": 2, "check_me": 10, "datarank": 8, "abbrev": null, "postal": "SD", "area_sqkm": 0, "sameascity": -99, "labelrank": 10, "name_len": 16, "mapcolor9": 2, "mapcolor13": 12, "fips": "SI00", "fips_alt": "SIL5", "woe_id": -55848382, "woe_label": null, "woe_name": null, "latitude": 46.5799, "longitude": 15.4976, "sov_a3": "SVN", "adm0_a3": "SVN", "adm0_label": 2, "admin": "Slovenia", "geonunit": "Slovenia", "gu_a3": "SVN", "gn_id": 3344919, "gn_name": "Obcina Selnica ob Dravi", "gns_id": 9123435, "gns_name": "Selnica ob Dravi, Obcina", "gn_level": 1, "gn_region": null, "gn_a1_code": "SI.L5", "region_sub": null, "sub_code": null, "gns_level": 1, "gns_lang": "kat", "gns_adm1": "SI72", "gns_region": null, "min_label": 11, "max_label": 11, "min_zoom": 11, "wikidataid": "Q919934", "name_ar": "\u0628\u0644\u062f\u064a\u0629 \u0633\u064a\u0644\u0646\u064a\u0643\u0627 \u0623\u0648\u0628 \u062f\u0631\u0627\u0641\u064a", "name_bn": "\u09b8\u09c7\u09b2\u09a8\u09bf\u0995\u09be \u0985\u09ac \u09a6\u09cd\u09b0\u09be\u09ad\u09bf \u09aa\u09cc\u09b0\u09b8\u09ad\u09be", "name_de": "Selnica ob Dravi", "name_en": "Selnica ob Dravi", "name_es": "Selnica ob Dravi", "name_fr": "Selnica ob Dravi", "name_el": "\u03a3\u03ad\u03bb\u03bd\u03b9\u03ba\u03b1 \u03bf\u03bc\u03c0 \u039d\u03c4\u03c1\u03b1\u03b2\u03af", "name_hi": "\u0938\u0947\u0932\u094d\u0928\u093f\u0915\u093e \u0913\u092c \u0926\u094d\u0930\u093e\u0935\u0940 \u0928\u0917\u0930\u092a\u093e\u0932\u093f\u0915\u093e", "name_hu": "Selnica ob Dravi", "name_id": "Selnica ob Dravi", "name_it": "Selnica ob Dravi", "name_ja": "\u30bb\u30eb\u30cb\u30c4\u30a1\u30fb\u30aa\u30d6\u30fb\u30c9\u30e9\u30f4\u30a3", "name_ko": "\uc140\ub2c8\ucc28\uc624\ube0c\ub4dc\ub77c\ube44", "name_nl": "Selnica ob Dravi", "name_pl": "Gmina Selnica ob Dravi", "name_pt": "Selnica ob Dravi", "name_ru": "\u0421\u0435\u043b\u044c\u043d\u0438\u0446\u0430-\u043e\u0431-\u0414\u0440\u0430\u0432\u0438", "name_sv": "Selnica ob Dravi", "name_tr": "Selnica ob Dravi", "name_vi": "Selnica ob Dravi", "name_zh": "\u5fb7\u62c9\u7dad\u6cb3\u7554\u8cfd\u723e\u5c3c\u5bdf", "ne_id": 1159308625, "name_he": "\u05e1\u05dc\u05e0\u05d9\u05e7\u05d4 \u05d0\u05d5\u05d1 \u05d3\u05e8\u05d0\u05d1\u05d9", "name_uk": "\u0421\u0435\u043b\u043d\u0438\u0446\u044f-\u043e\u0431-\u0414\u0440\u0430\u0432\u0456", "name_ur": "\u0633\u06cc\u0644\u0646\u06cc\u06a9\u0627 \u0627\u0648\u0628 \u062f\u0631\u0627\u0648\u06cc \u0645\u06cc\u0648\u0646\u0633\u067e\u0644\u0679\u06cc", "name_fa": "\u0633\u0644\u0646\u06cc\u06a9\u0627 \u0627\u0648\u0628 \u062f\u0631\u0627\u0648\u06cc", "name_zht": "\u5fb7\u62c9\u7dad\u6cb3\u7554\u8cfd\u723e\u5c3c\u5bdf", "FCLASS_ISO": null, "FCLASS_US": null, "FCLASS_FR": null, "FCLASS_RU": null, "FCLASS_ES": null, "FCLASS_CN": null, "FCLASS_TW": null, "FCLASS_IN": null, "FCLASS_NP": null, "FCLASS_PK": null, "FCLASS_DE": null, "FCLASS_GB": null, "FCLASS_BR": null, "FCLASS_IL": null, "FCLASS_PS": null, "FCLASS_SA": null, "FCLASS_EG": null, "FCLASS_MA": null, "FCLASS_PT": null, "FCLASS_AR": null, "FCLASS_JP": null, "FCLASS_KO": null, "FCLASS_VN": null, "FCLASS_TR": null, "FCLASS_ID": null, "FCLASS_PL": null, "FCLASS_GR": null, "FCLASS_IT": null, "FCLASS_NL": null, "FCLASS_SE": null, "FCLASS_BD": null, "FCLASS_UA": null, "FCLASS_TLC": null}, "bbox": [15.434852, 46.534498, 15.560374, 46.632545], "geometry": {"type": "Polygon", "coordinates": [[[15.462653, 46.614649], [15.492625, 46.618293], [15.511228, 46.628369], [15.513939, 46.632545], [15.520221, 46.627206], [15.524717, 46.613848], [15.524407, 46.60638], [15.527972, 46.600748], [15.532003, 46.596743], [15.537429, 46.595012], [15.541925, 46.592815], [15.547041, 46.588113], [15.548591, 46.578708], [15.548591, 46.572248], [15.560374, 46.562119], [15.495985, 46.537754], [15.482807, 46.534498], [15.458106, 46.538607], [15.459656, 46.550027], [15.461723, 46.568269], [15.457486, 46.576641], [15.45113, 46.581085], [15.443378, 46.584702], [15.440433, 46.590335], [15.434852, 46.592454], [15.434852, 46.596949], [15.436402, 46.602375], [15.439657, 46.609662], [15.441208, 46.619584], [15.435472, 46.627077], [15.435381, 46.627195], [15.440018, 46.62439], [15.462653, 46.614649]]]}}, {"type": "Feature", "properties": {"featurecla": "Admin-1 states provinces", "scalerank": 10, "adm1_code": "SVN-981", "diss_me": 981, "iso_3166_2": "SI-101", "wikipedia": null, "iso_a2": "SI", "adm0_sr": 1, "name": "Radlje ob Dravi", "name_alt": null, "name_local": null, "type": "Opcine", "type_en": "Commune|Municipality", "code_local": null, "code_hasc": "SI.KO.RD", "note": null, "hasc_maybe": null, "region": "Koro\u0161ka", "region_cod": null, "provnum_ne": 15, "gadm_level": 2, "check_me": 0, "datarank": 8, "abbrev": null, "postal": "RD", "area_sqkm": 0, "sameascity": -99, "labelrank": 10, "name_len": 15, "mapcolor9": 2, "mapcolor13": 12, "fips": "SIA2", "fips_alt": null, "woe_id": 55848378, "woe_label": "Radlje Ob Dravi, SI, Slovenia", "woe_name": "Radlje ob Dravi", "latitude": 46.6029, "longitude": 15.2526, "sov_a3": "SVN", "adm0_a3": "SVN", "adm0_label": 2, "admin": "Slovenia", "geonunit": "Slovenia", "gu_a3": "SVN", "gn_id": 3192120, "gn_name": "Obcina Radlje ob Dravi", "gns_id": -93627, "gns_name": "Radlje ob Dravi, Obcina", "gn_level": 1, "gn_region": null, "gn_a1_code": "SI.A2", "region_sub": null, "sub_code": null, "gns_level": 1, "gns_lang": "mkd", "gns_adm1": "SI86", "gns_region": null, "min_label": 11, "max_label": 11, "min_zoom": 11, "wikidataid": "Q1005364", "name_ar": "\u0628\u0644\u062f\u064a\u0629 \u0631\u0627\u062f\u0644\u064a \u0623\u0648\u0628 \u062f\u0631\u0627\u0641\u064a", "name_bn": "\u09b0\u09be\u09a6\u09b2\u09c7\u099c\u09c7 \u0985\u09ac \u09a6\u09cd\u09b0\u09be\u09ad\u09bf \u09aa\u09cc\u09b0\u09b8\u09ad\u09be", "name_de": "Radlje ob Dravi", "name_en": "Radlje ob Dravi", "name_es": "Municipalidad de Radjle del Dravi", "name_fr": "Radlje ob Dravi", "name_el": "\u03a1\u03ac\u03bd\u03c4\u03bb\u03c4\u03b6\u03b5 \u03bf\u03bc\u03c0 \u039d\u03c4\u03c1\u03b1\u03b2\u03af", "name_hi": "\u0930\u093e\u0921\u093f\u092f\u0947 \u0911\u092c \u0921\u094d\u0930\u093e\u0935\u0940 \u0928\u0917\u0930 \u092a\u093e\u0932\u093f\u0915\u093e", "name_hu": "Radlje ob Dravi", "name_id": "Radlje ob Dravi", "name_it": "Radlje ob Dravi", "name_ja": "\u30e9\u30c9\u30ea\u30a7\u30fb\u30aa\u30d6\u30fb\u30c9\u30e9\u30f4\u30a3", "name_ko": "\ub77c\ub4e4\ub808\uc624\ube0c\ub4dc\ub77c\ube44", "name_nl": "Radlje ob Dravi", "name_pl": "Gmina Radlje ob Dravi", "name_pt": "Radlje ob Dravi", "name_ru": "\u0420\u0430\u0434\u043b\u0435-\u043e\u0431-\u0414\u0440\u0430\u0432\u0438", "name_sv": "Radlje ob Dravi", "name_tr": "Radje ob Dravi Belediyesi", "name_vi": "Radlje ob Dravi", "name_zh": "\u5fb7\u62c9\u74e6\u6cb3\u7554\u62c9\u5fb7\u5217", "ne_id": 1159310761, "name_he": "\u05e8\u05d0\u05d3\u05d9\u05d9\u05d4 \u05d0\u05d5\u05d1 \u05d3\u05e8\u05d0\u05d1\u05d9", "name_uk": "\u0420\u0430\u0434\u043b\u0454-\u043e\u0431-\u0414\u0440\u0430\u0432\u0456", "name_ur": "\u0631\u0627\u062f\u0644\u062c\u06cc \u0627\u0648\u0628 \u062f\u0631\u0627\u0648\u06cc \u0645\u06cc\u0648\u0646\u0633\u067e\u0644\u0679\u06cc", "name_fa": "\u0631\u0627\u062f\u06cc\u062c \u0627\u064f\u0628 \u062f\u0631\u0627\u0648\u06cc", "name_zht": "\u5fb7\u62c9\u74e6\u6cb3\u7554\u62c9\u5fb7\u5217", "FCLASS_ISO": null, "FCLASS_US": null, "FCLASS_FR": null, "FCLASS_RU": null, "FCLASS_ES": null, "FCLASS_CN": null, "FCLASS_TW": null, "FCLASS_IN": null, "FCLASS_NP": null, "FCLASS_PK": null, "FCLASS_DE": null, "FCLASS_GB": null, "FCLASS_BR": null, "FCLASS_IL": null, "FCLASS_PS": null, "FCLASS_SA": null, "FCLASS_EG": null, "FCLASS_MA": null, "FCLASS_PT": null, "FCLASS_AR": null, "FCLASS_JP": null, "FCLASS_KO": null, "FCLASS_VN": null, "FCLASS_TR": null, "FCLASS_ID": null, "FCLASS_PL": null, "FCLASS_GR": null, "FCLASS_IT": null, "FCLASS_NL": null, "FCLASS_SE": null, "FCLASS_BD": null, "FCLASS_UA": null, "FCLASS_TLC": null}, "bbox": [15.172557, 46.529202, 15.332784, 46.64358], "geometry": {"type": "Polygon", "coordinates": [[[15.172557, 46.64136], [15.204891, 46.638963], [15.332784, 46.64358], [15.332584, 46.635035], [15.329173, 46.619222], [15.320957, 46.614623], [15.304679, 46.6093], [15.297857, 46.607801], [15.284473, 46.598577], [15.270365, 46.572584], [15.220239, 46.550854], [15.214813, 46.547547], [15.210317, 46.543258], [15.209077, 46.535609], [15.19931, 46.529202], [15.180552, 46.533956], [15.175539, 46.54256], [15.176056, 46.547495], [15.178226, 46.55411], [15.183652, 46.560802], [15.187373, 46.568837], [15.186753, 46.573127], [15.183807, 46.577261], [15.185978, 46.578398], [15.189543, 46.578294], [15.1959, 46.579483], [15.201636, 46.581963], [15.209852, 46.591937], [15.211558, 46.597466], [15.211558, 46.601652], [15.209232, 46.60483], [15.203186, 46.608241], [15.197295, 46.609713], [15.19497, 46.610695], [15.191869, 46.612581], [15.183497, 46.619454], [15.183962, 46.625578], [15.181637, 46.629557], [15.173679, 46.637774], [15.172557, 46.64136]]]}}, {"type": "Feature", "properties": {"featurecla": "Admin-1 states provinces", "scalerank": 10, "adm1_code": "SVN-974", "diss_me": 974, "iso_3166_2": "SI-081", "wikipedia": null, "iso_a2": "SI", "adm0_sr": 1, "name": "Muta", "name_alt": null, "name_local": null, "type": "Opcine", "type_en": "Commune|Municipality", "code_local": null, "code_hasc": "SI.KO.MU", "note": null, "hasc_maybe": null, "region": "Koro\u0161ka", "region_cod": null, "provnum_ne": 14, "gadm_level": 2, "check_me": 0, "datarank": 8, "abbrev": null, "postal": "MU", "area_sqkm": 0, "sameascity": -99, "labelrank": 10, "name_len": 4, "mapcolor9": 2, "mapcolor13": 12, "fips": "SI81", "fips_alt": null, "woe_id": -55848347, "woe_label": null, "woe_name": null, "latitude": 46.6223, "longitude": 15.1348, "sov_a3": "SVN", "adm0_a3": "SVN", "adm0_label": 2, "admin": "Slovenia", "geonunit": "Slovenia", "gu_a3": "SVN", "gn_id": 3239179, "gn_name": "Obcina Muta", "gns_id": 243847, "gns_name": "Muta, Obcina", "gn_level": 1, "gn_region": null, "gn_a1_code": "SI.81", "region_sub": null, "sub_code": null, "gns_level": 1, "gns_lang": "slv", "gns_adm1": "SI81", "gns_region": null, "min_label": 11, "max_label": 11, "min_zoom": 11, "wikidataid": "Q6309297", "name_ar": "\u0628\u0644\u062f\u064a\u0629 \u0645\u0648\u062a\u0627", "name_bn": "\u09ae\u09c1\u09a4\u09be \u09aa\u09cc\u09b0\u09b8\u09ad\u09be", "name_de": "Muta", "name_en": "Muta", "name_es": "Muta", "name_fr": "Muta", "name_el": "\u039c\u03bf\u03cd\u03c4\u03b1", "name_hi": "\u092e\u0942\u091f\u093e \u0928\u0917\u0930 \u092a\u093e\u0932\u093f\u0915\u093e", "name_hu": "Muta", "name_id": "Muta", "name_it": "Muta", "name_ja": "\u30e0\u30bf", "name_ko": "\ubb34\ud0c0", "name_nl": "Muta", "name_pl": "Gmina Muta", "name_pt": "Muta", "name_ru": "\u041c\u0443\u0442\u0430", "name_sv": "Muta", "name_tr": "Muta Belediyesi", "name_vi": "\u0110\u00f4 th\u1ecb t\u1ef1 tr\u1ecb Muta", "name_zh": "\u7a46\u5854", "ne_id": 1159310747, "name_he": "\u05de\u05d5\u05d9\u05e0\u05d2\u05d4", "name_uk": "\u041c\u0443\u0442\u0430", "name_ur": "\u0645\u062a\u0627 \u0645\u06cc\u0648\u0646\u0633\u067e\u0644\u0679\u06cc", "name_fa": "\u0634\u0647\u0631\u062f\u0627\u0631\u06cc \u0645\u0648\u062a\u0627", "name_zht": "\u7a46\u5854", "FCLASS_ISO": null, "FCLASS_US": null, "FCLASS_FR": null, "FCLASS_RU": null, "FCLASS_ES": null, "FCLASS_CN": null, "FCLASS_TW": null, "FCLASS_IN": null, "FCLASS_NP": null, "FCLASS_PK": null, "FCLASS_DE": null, "FCLASS_GB": null, "FCLASS_BR": null, "FCLASS_IL": null, "FCLASS_PS": null, "FCLASS_SA": null, "FCLASS_EG": null, "FCLASS_MA": null, "FCLASS_PT": null, "FCLASS_AR": null, "FCLASS_JP": null, "FCLASS_KO": null, "FCLASS_VN": null, "FCLASS_TR": null, "FCLASS_ID": null, "FCLASS_PL": null, "FCLASS_GR": null, "FCLASS_IT": null, "FCLASS_NL": null, "FCLASS_SE": null, "FCLASS_BD": null, "FCLASS_UA": null, "FCLASS_TLC": null}, "bbox": [15.085723, 46.599792, 15.183962, 46.647795], "geometry": {"type": "Polygon", "coordinates": [[[15.105591, 46.646323], [15.172557, 46.64136], [15.173679, 46.637774], [15.181637, 46.629557], [15.183962, 46.625578], [15.183497, 46.619454], [15.154455, 46.603616], [15.140192, 46.599792], [15.125775, 46.601239], [15.104794, 46.611651], [15.093787, 46.625501], [15.088826, 46.634363], [15.085723, 46.647795], [15.105591, 46.646323]]]}}, {"type": "Feature", "properties": {"featurecla": "Admin-1 states provinces", "scalerank": 10, "adm1_code": "SVN-947", "diss_me": 947, "iso_3166_2": "SI-025", "wikipedia": null, "iso_a2": "SI", "adm0_sr": 1, "name": "Dravograd", "name_alt": null, "name_local": null, "type": "Opcine", "type_en": "Commune|Municipality", "code_local": null, "code_hasc": "SI.KO.DR", "note": null, "hasc_maybe": null, "region": "Koro\u0161ka", "region_cod": null, "provnum_ne": 13, "gadm_level": 2, "check_me": 0, "datarank": 8, "abbrev": null, "postal": "DR", "area_sqkm": 0, "sameascity": -99, "labelrank": 10, "name_len": 9, "mapcolor9": 2, "mapcolor13": 12, "fips": "SI25", "fips_alt": null, "woe_id": 55848347, "woe_label": "Dravograd, SI, Slovenia", "woe_name": "Dravograd", "latitude": 46.5906, "longitude": 15.0226, "sov_a3": "SVN", "adm0_a3": "SVN", "adm0_label": 2, "admin": "Slovenia", "geonunit": "Slovenia", "gu_a3": "SVN", "gn_id": 3201252, "gn_name": "Obcina Dravograd", "gns_id": -79668, "gns_name": "Dravograd, Obcina", "gn_level": 1, "gn_region": null, "gn_a1_code": "SI.25", "region_sub": null, "sub_code": null, "gns_level": 1, "gns_lang": "sqi", "gns_adm1": "SI25", "gns_region": null, "min_label": 11, "max_label": 11, "min_zoom": 11, "wikidataid": "Q3503123", "name_ar": "\u0628\u0644\u062f\u064a\u0629 \u062f\u0631\u0627\u0641\u0648\u063a\u0631\u0627\u062f", "name_bn": "\u09a1\u09cd\u09b0\u09be\u09ad\u09cb\u0997\u09cd\u09b0\u09be\u09a1 \u09aa\u09cc\u09b0\u09b8\u09ad\u09be", "name_de": "Gemeinde Dravograd", "name_en": "Dravograd", "name_es": "Dravograd", "name_fr": "Dravograd", "name_el": "\u039d\u03c4\u03c1\u03b1\u03b2\u03bf\u03b3\u03ba\u03c1\u03ac\u03bd\u03c4", "name_hi": "\u0921\u094d\u0930\u0947\u0935\u094b\u0917\u094d\u0930\u093e\u0926 \u0928\u0917\u0930\u092a\u093e\u0932\u093f\u0915\u093e", "name_hu": "Dravograd", "name_id": "Dravograd", "name_it": "Dravograd", "name_ja": "\u30c9\u30e9\u30dc\u30b0\u30e9\u30fc\u30c9", "name_ko": "\ub4dc\ub77c\ubcf4\uadf8\ub77c\ub4dc \uc9c0\ubc29 \uc790\uce58\uc81c", "name_nl": "Dravograd", "name_pl": "Gmina Dravograd", "name_pt": "Dravograd", "name_ru": "\u0414\u0440\u0430\u0432\u043e\u0433\u0440\u0430\u0434", "name_sv": "Dravograd", "name_tr": "Dravograd Belediyesi", "name_vi": "\u0110\u00f4 th\u1ecb t\u1ef1 tr\u1ecb Dravograd", "name_zh": "\u5fb7\u62c9\u6c83\u683c\u52d2\u93ae", "ne_id": 1159310685, "name_he": "\u05d3\u05e8\u05d0\u05d1\u05d5\u05d2\u05e8\u05d0\u05d3", "name_uk": "\u0414\u0440\u0430\u0432\u043e\u0433\u0440\u0430\u0434", "name_ur": "\u062f\u0631\u0627\u0648\u0648\u062c\u0631\u0627\u062f \u0645\u06cc\u0648\u0646\u0633\u067e\u0644\u0679\u06cc", "name_fa": "\u0634\u0647\u0631\u062f\u0627\u0631\u06cc \u062f\u0631\u0627\u0648\u0648\u06af\u0631\u0627\u062f", "name_zht": "\u5fb7\u62c9\u6c83\u683c\u52d2\u93ae", "FCLASS_ISO": null, "FCLASS_US": null, "FCLASS_FR": null, "FCLASS_RU": null, "FCLASS_ES": null, "FCLASS_CN": null, "FCLASS_TW": null, "FCLASS_IN": null, "FCLASS_NP": null, "FCLASS_PK": null, "FCLASS_DE": null, "FCLASS_GB": null, "FCLASS_BR": null, "FCLASS_IL": null, "FCLASS_PS": null, "FCLASS_SA": null, "FCLASS_EG": null, "FCLASS_MA": null, "FCLASS_PT": null, "FCLASS_AR": null, "FCLASS_JP": null, "FCLASS_KO": null, "FCLASS_VN": null, "FCLASS_TR": null, "FCLASS_ID": null, "FCLASS_PL": null, "FCLASS_GR": null, "FCLASS_IT": null, "FCLASS_NL": null, "FCLASS_SE": null, "FCLASS_BD": null, "FCLASS_UA": null, "FCLASS_TLC": null}, "bbox": [14.919507, 46.53809, 15.125775, 46.649557], "geometry": {"type": "Polygon", "coordinates": [[[15.061954, 46.649557], [15.085723, 46.647795], [15.088826, 46.634363], [15.093787, 46.625501], [15.104794, 46.611651], [15.125775, 46.601239], [15.111925, 46.598655], [15.10867, 46.594934], [15.103864, 46.586769], [15.106034, 46.579224], [15.103399, 46.570026], [15.070998, 46.550337], [15.068982, 46.545738], [15.064331, 46.542327], [15.060249, 46.541501], [15.048777, 46.544601], [15.03622, 46.541552], [15.033584, 46.540002], [15.030328, 46.538607], [15.028158, 46.53809], [15.024592, 46.538142], [15.010485, 46.550441], [15.014205, 46.559071], [15.012345, 46.562533], [15.007487, 46.568941], [14.997876, 46.573101], [14.981908, 46.582015], [14.970901, 46.591601], [14.96625, 46.596898], [14.960203, 46.599688], [14.943409, 46.600748], [14.920154, 46.613641], [14.919507, 46.615017], [14.933589, 46.621135], [14.947955, 46.619274], [14.967179, 46.600257], [15.004386, 46.636844], [15.061954, 46.649557]]]}}, {"type": "Feature", "properties": {"featurecla": "Admin-1 states provinces", "scalerank": 10, "adm1_code": "SVN-214", "diss_me": 214, "iso_3166_2": "SI-093", "wikipedia": null, "iso_a2": "SI", "adm0_sr": 1, "name": "Podvelka", "name_alt": null, "name_local": null, "type": "Opcine", "type_en": "Commune|Municipality", "code_local": null, "code_hasc": "SI.KO.PO", "note": null, "hasc_maybe": null, "region": "Koro\u0161ka", "region_cod": null, "provnum_ne": 18, "gadm_level": 2, "check_me": 10, "datarank": 8, "abbrev": null, "postal": "PO", "area_sqkm": 0, "sameascity": -99, "labelrank": 10, "name_len": 8, "mapcolor9": 2, "mapcolor13": 12, "fips": "SI93", "fips_alt": "SIK2", "woe_id": -55848378, "woe_label": null, "woe_name": null, "latitude": 46.6021, "longitude": 15.3569, "sov_a3": "SVN", "adm0_a3": "SVN", "adm0_label": 2, "admin": "Slovenia", "geonunit": "Slovenia", "gu_a3": "SVN", "gn_id": 3344916, "gn_name": "Obcina Podvelka", "gns_id": 9123432, "gns_name": "Podvelka, Obcina", "gn_level": 1, "gn_region": null, "gn_a1_code": "SI.K2", "region_sub": null, "sub_code": null, "gns_level": 1, "gns_lang": "kat", "gns_adm1": "SI72", "gns_region": null, "min_label": 11, "max_label": 11, "min_zoom": 11, "wikidataid": "Q1016800", "name_ar": "\u0628\u0644\u062f\u064a\u0629 \u0628\u0648\u062f\u0641\u064a\u0644\u0643\u0627", "name_bn": "\u09aa\u09cb\u09a1\u09ad\u09c7\u09b2\u09cd\u0995\u09be \u09aa\u09cc\u09b0\u09b8\u09ad\u09be", "name_de": "Podvelka", "name_en": "Podvelka", "name_es": "Podvelka", "name_fr": "Podvelka", "name_el": "\u03a0\u03bf\u03bd\u03c4\u03b2\u03ad\u03bb\u03ba\u03b1", "name_hi": "\u092a\u094b\u0921\u0935\u0947\u0932\u0915\u093e \u0928\u0917\u0930\u092a\u093e\u0932\u093f\u0915\u093e", "name_hu": "Podvelka", "name_id": "Podvelka", "name_it": "Podvelka", "name_ja": "\u30dd\u30c9\u30f4\u30a7\u30eb\u30ab", "name_ko": "\ud3ec\ub4dc\ubca8\uce74", "name_nl": "Podvelka", "name_pl": "Gmina Podvelka", "name_pt": "Podvelka", "name_ru": "\u041f\u043e\u0434\u0432\u0435\u043b\u043a\u0430", "name_sv": "Podvelka", "name_tr": "Podvelka Belediyesi", "name_vi": "Podvelka", "name_zh": "\u6ce2\u5fb7\u97e6\u5c14\u5361", "ne_id": 1159308579, "name_he": "\u05e4\u05d5\u05d3\u05d5\u05d5\u05dc\u05e7\u05d4", "name_uk": "\u041f\u043e\u0434\u0432\u0435\u043b\u043a\u0430", "name_ur": "\u067e\u0648\u062f\u0648\u06cc\u0644\u06a9\u0627 \u0645\u06cc\u0648\u0646\u0633\u067e\u0644\u0679\u06cc", "name_fa": "\u0634\u0647\u0631\u062f\u0627\u0631\u06cc \u067e\u0648\u062f\u0648\u0644\u06a9\u0627", "name_zht": "\u6ce2\u5fb7\u97e6\u5c14\u5361", "FCLASS_ISO": null, "FCLASS_US": null, "FCLASS_FR": null, "FCLASS_RU": null, "FCLASS_ES": null, "FCLASS_CN": null, "FCLASS_TW": null, "FCLASS_IN": null, "FCLASS_NP": null, "FCLASS_PK": null, "FCLASS_DE": null, "FCLASS_GB": null, "FCLASS_BR": null, "FCLASS_IL": null, "FCLASS_PS": null, "FCLASS_SA": null, "FCLASS_EG": null, "FCLASS_MA": null, "FCLASS_PT": null, "FCLASS_AR": null, "FCLASS_JP": null, "FCLASS_KO": null, "FCLASS_VN": null, "FCLASS_TR": null, "FCLASS_ID": null, "FCLASS_PL": null, "FCLASS_GR": null, "FCLASS_IT": null, "FCLASS_NL": null, "FCLASS_SE": null, "FCLASS_BD": null, "FCLASS_UA": null, "FCLASS_TLC": null}, "bbox": [15.270365, 46.51065, 15.443378, 46.645578], "geometry": {"type": "Polygon", "coordinates": [[[15.388135, 46.645578], [15.417591, 46.637955], [15.435381, 46.627195], [15.435472, 46.627077], [15.441208, 46.619584], [15.439657, 46.609662], [15.436402, 46.602375], [15.434852, 46.596949], [15.434852, 46.592454], [15.440433, 46.590335], [15.443378, 46.584702], [15.435937, 46.57478], [15.430356, 46.57478], [15.42555, 46.575142], [15.410202, 46.582428], [15.407566, 46.583358], [15.388291, 46.587803], [15.376044, 46.588733], [15.371393, 46.587338], [15.369067, 46.583927], [15.369222, 46.575452], [15.366587, 46.568837], [15.348449, 46.551319], [15.33925, 46.534498], [15.329173, 46.524757], [15.322817, 46.51065], [15.317236, 46.527496], [15.317546, 46.532018], [15.319871, 46.534679], [15.320647, 46.53747], [15.317546, 46.540545], [15.301888, 46.546642], [15.293516, 46.557107], [15.270365, 46.572584], [15.284473, 46.598577], [15.297857, 46.607801], [15.304679, 46.6093], [15.320957, 46.614623], [15.329173, 46.619222], [15.332584, 46.635035], [15.332784, 46.64358], [15.388135, 46.645578]]]}}, {"type": "Feature", "properties": {"featurecla": "Admin-1 states provinces", "scalerank": 10, "adm1_code": "SVN-217", "diss_me": 217, "iso_3166_2": "SI-103", "wikipedia": null, "iso_a2": "SI", "adm0_sr": 1, "name": "Ravne na Koro\u0161kem", "name_alt": null, "name_local": null, "type": "Opcine", "type_en": "Commune|Municipality", "code_local": null, "code_hasc": "SI.KO.RK", "note": null, "hasc_maybe": null, "region": "Koro\u0161ka", "region_cod": null, "provnum_ne": 16, "gadm_level": 2, "check_me": 10, "datarank": 8, "abbrev": null, "postal": "RK", "area_sqkm": 0, "sameascity": -99, "labelrank": 10, "name_len": 17, "mapcolor9": 2, "mapcolor13": 12, "fips": "SIA4", "fips_alt": "SIK8", "woe_id": 55848380, "woe_label": "Ravne Na Koroskem, SI, Slovenia", "woe_name": "Ravne na Koro\u0161kem", "latitude": 46.5451, "longitude": 14.9541, "sov_a3": "SVN", "adm0_a3": "SVN", "adm0_label": 2, "admin": "Slovenia", "geonunit": "Slovenia", "gu_a3": "SVN", "gn_id": 3239175, "gn_name": "Obcina Ravne na Koroskem", "gns_id": 243842, "gns_name": "Ravne na Koroskem, Obcina", "gn_level": 1, "gn_region": null, "gn_a1_code": "SI.K8", "region_sub": null, "sub_code": null, "gns_level": 1, "gns_lang": "slv", "gns_adm1": "SI30", "gns_region": null, "min_label": 11, "max_label": 11, "min_zoom": 11, "wikidataid": "Q15911", "name_ar": "\u0631\u0627\u0641\u0646\u0647 \u0646\u0627\u062f \u0643\u0631\u0648\u0634\u0643\u064a\u0645", "name_bn": "\u09b0\u09be\u09ad\u09a8\u09c7 \u09a8\u09be \u0995\u09b0\u09cb\u09b8\u09cd\u0995\u09c7", "name_de": "Ravne na Koro\u0161kem", "name_en": "Ravne na Koro\u0161kem", "name_es": "Ravne na Koro\u0161kem", "name_fr": "Ravne na Koro\u0161kem", "name_el": "\u03a1\u03b1\u03b2\u03bd\u03ad \u03bd\u03b1 \u039a\u03bf\u03c1\u03cc\u03c3\u03ba\u03b5\u03bc", "name_hi": "\u0930\u0935\u0928\u0947 \u0928\u093e \u0915\u094b\u0930\u094b\u0938\u0915\u0947\u092e", "name_hu": "Ravne na Koro\u0161kem", "name_id": "Ravne na Koro\u0161kem", "name_it": "Ravne na Koro\u0161kem", "name_ja": "\u30e9\u30f4\u30cd\u30fb\u30ca\u30fb\u30b3\u30ed\u30b7\u30e5\u30b1\u30e0", "name_ko": "\ub77c\uc6b0\ub124\ub098\ucf54\ub85c\uc288\ucf10", "name_nl": "Ravne na Koro\u0161kem", "name_pl": "Ravne na Koro\u0161kem", "name_pt": "Ravne na Koro\u0161kem", "name_ru": "\u0420\u0430\u0432\u043d\u0435-\u043d\u0430-\u041a\u043e\u0440\u043e\u0448\u043a\u0435\u043c", "name_sv": "Ravne na Koroskem", "name_tr": "Ravne na Koro\u0161kem", "name_vi": "Ravne na Koro\u0161kem", "name_zh": "\u62c9\u592b\u5185\u7eb3\u79d1\u7f57\u4ec0\u51ef\u59c6", "ne_id": 1159308587, "name_he": "\u05e8\u05d0\u05d1\u05e0\u05d4 \u05e0\u05d4 \u05e7\u05d5\u05e8\u05d5\u05e9\u05e7\u05dd", "name_uk": "\u0420\u0430\u0432\u043d\u0435-\u043d\u0430-\u041a\u043e\u0440\u043e\u0448\u043a\u0435\u043c", "name_ur": "\u0631\u0627\u0648\u0646\u06cc \u0646\u0627 \u06a9\u0648\u0631\u0648\u0633\u06a9\u06cc\u0645", "name_fa": "\u0631\u0627\u0648\u0646\u0647 \u0646\u0627\u062f \u06a9\u0631\u0634\u06a9\u0645", "name_zht": "\u62c9\u592b\u5167\u7d0d\u79d1\u7f85\u4ec0\u51f1\u59c6", "FCLASS_ISO": null, "FCLASS_US": null, "FCLASS_FR": null, "FCLASS_RU": null, "FCLASS_ES": null, "FCLASS_CN": null, "FCLASS_TW": null, "FCLASS_IN": null, "FCLASS_NP": null, "FCLASS_PK": null, "FCLASS_DE": null, "FCLASS_GB": null, "FCLASS_BR": null, "FCLASS_IL": null, "FCLASS_PS": null, "FCLASS_SA": null, "FCLASS_EG": null, "FCLASS_MA": null, "FCLASS_PT": null, "FCLASS_AR": null, "FCLASS_JP": null, "FCLASS_KO": null, "FCLASS_VN": null, "FCLASS_TR": null, "FCLASS_ID": null, "FCLASS_PL": null, "FCLASS_GR": null, "FCLASS_IT": null, "FCLASS_NL": null, "FCLASS_SE": null, "FCLASS_BD": null, "FCLASS_UA": null, "FCLASS_TLC": null}, "bbox": [14.894063, 46.489462, 15.014205, 46.615017], "geometry": {"type": "Polygon", "coordinates": [[[14.894063, 46.605215], [14.897726, 46.605554], [14.919507, 46.615017], [14.920154, 46.613641], [14.943409, 46.600748], [14.960203, 46.599688], [14.96625, 46.596898], [14.970901, 46.591601], [14.981908, 46.582015], [14.997876, 46.573101], [15.007487, 46.568941], [15.012345, 46.562533], [15.014205, 46.559071], [15.010485, 46.550441], [15.003767, 46.531889], [15.002216, 46.514241], [14.998496, 46.505792], [14.991984, 46.498687], [14.986713, 46.49587], [14.96563, 46.489462], [14.943409, 46.490806], [14.940618, 46.492408], [14.92403, 46.504784], [14.947904, 46.521398], [14.950695, 46.530597], [14.948525, 46.532664], [14.947284, 46.534214], [14.946974, 46.53592], [14.946819, 46.539537], [14.946199, 46.544963], [14.946664, 46.557159], [14.945269, 46.56274], [14.942633, 46.565918], [14.934572, 46.567158], [14.931626, 46.569302], [14.926821, 46.575762], [14.92279, 46.582428], [14.919224, 46.586511], [14.915658, 46.58925], [14.912868, 46.590593], [14.910852, 46.592221], [14.908837, 46.593151], [14.906357, 46.59297], [14.903256, 46.593022], [14.900931, 46.594521], [14.895453, 46.602505], [14.894063, 46.605215]]]}}, {"type": "Feature", "properties": {"featurecla": "Admin-1 states provinces", "scalerank": 10, "adm1_code": "SVN-233", "diss_me": 233, "iso_3166_2": "SI-175", "wikipedia": null, "iso_a2": "SI", "adm0_sr": 1, "name": "Prevalje", "name_alt": null, "name_local": null, "type": "Opcine", "type_en": "Commune|Municipality", "code_local": null, "code_hasc": "SI.KO.PR", "note": null, "hasc_maybe": null, "region": "Koro\u0161ka", "region_cod": null, "provnum_ne": 17, "gadm_level": 2, "check_me": 10, "datarank": 8, "abbrev": null, "postal": "PR", "area_sqkm": 0, "sameascity": -99, "labelrank": 10, "name_len": 8, "mapcolor9": 2, "mapcolor13": 12, "fips": "SI00", "fips_alt": "SIK6", "woe_id": -55848380, "woe_label": null, "woe_name": null, "latitude": 46.5675, "longitude": 14.8823, "sov_a3": "SVN", "adm0_a3": "SVN", "adm0_label": 2, "admin": "Slovenia", "geonunit": "Slovenia", "gu_a3": "SVN", "gn_id": 3344902, "gn_name": "Obcina Prevalje", "gns_id": 9123316, "gns_name": "Prevalje, Obcina", "gn_level": 1, "gn_region": null, "gn_a1_code": "SI.K6", "region_sub": null, "sub_code": null, "gns_level": 1, "gns_lang": "kat", "gns_adm1": "SI72", "gns_region": null, "min_label": 11, "max_label": 11, "min_zoom": 11, "wikidataid": "Q650009", "name_ar": "\u0628\u0631\u064a\u0641\u0627\u0644\u062c\u0647", "name_bn": "\u09aa\u09cd\u09b0\u09bf\u09ad\u09cd\u09b2\u09bf\u099c \u09aa\u09cc\u09b0\u09b8\u09ad\u09be", "name_de": "Prevalje", "name_en": "Prevalje", "name_es": "Prevalje", "name_fr": "Prevalje", "name_el": "\u03a0\u03c1\u03b5\u03b2\u03b1\u03bb\u03c4\u03b6\u03ad", "name_hi": "\u092a\u094d\u0930\u0940\u0935\u0947\u0932\u093f\u092f\u0947 \u0928\u0917\u0930\u092a\u093e\u0932\u093f\u0915\u093e", "name_hu": "Prevalje", "name_id": "Prevalje", "name_it": "Prevalje", "name_ja": "\u30d7\u30ec\u30f4\u30a1\u30ea\u30a7", "name_ko": "\ud504\ub808\ubc1c\ub808", "name_nl": "Prevalje", "name_pl": "Gmina Prevalje", "name_pt": "Prevalje", "name_ru": "\u041f\u0440\u0435\u0432\u0430\u043b\u044c\u0435", "name_sv": "Prevalje", "name_tr": "Prevalje Belediyesi", "name_vi": "Prevalje", "name_zh": "\u666e\u96f7\u74e6\u5217", "ne_id": 1159308623, "name_he": "\u05e4\u05e8\u05d5\u05d5\u05d0\u05dc\u05d9\u05d9\u05d4", "name_uk": "\u041f\u0440\u0435\u0432\u0430\u043b\u0454", "name_ur": "\u067e\u0631\u06cc\u0648\u0627\u0644\u062c\u06cc \u0645\u06cc\u0648\u0646\u0633\u067e\u0644\u0679\u06cc", "name_fa": "\u067e\u0631\u0648\u0627\u0644\u06cc\u0647", "name_zht": "\u666e\u96f7\u74e6\u5217", "FCLASS_ISO": null, "FCLASS_US": null, "FCLASS_FR": null, "FCLASS_RU": null, "FCLASS_ES": null, "FCLASS_CN": null, "FCLASS_TW": null, "FCLASS_IN": null, "FCLASS_NP": null, "FCLASS_PK": null, "FCLASS_DE": null, "FCLASS_GB": null, "FCLASS_BR": null, "FCLASS_IL": null, "FCLASS_PS": null, "FCLASS_SA": null, "FCLASS_EG": null, "FCLASS_MA": null, "FCLASS_PT": null, "FCLASS_AR": null, "FCLASS_JP": null, "FCLASS_KO": null, "FCLASS_VN": null, "FCLASS_TR": null, "FCLASS_ID": null, "FCLASS_PL": null, "FCLASS_GR": null, "FCLASS_IT": null, "FCLASS_NL": null, "FCLASS_SE": null, "FCLASS_BD": null, "FCLASS_UA": null, "FCLASS_TLC": null}, "bbox": [14.814519, 46.504449, 14.950695, 46.605215], "geometry": {"type": "Polygon", "coordinates": [[[14.877055, 46.603642], [14.894063, 46.605215], [14.895453, 46.602505], [14.900931, 46.594521], [14.903256, 46.593022], [14.906357, 46.59297], [14.908837, 46.593151], [14.910852, 46.592221], [14.912868, 46.590593], [14.915658, 46.58925], [14.919224, 46.586511], [14.92279, 46.582428], [14.926821, 46.575762], [14.931626, 46.569302], [14.934572, 46.567158], [14.942633, 46.565918], [14.945269, 46.56274], [14.946664, 46.557159], [14.946199, 46.544963], [14.946819, 46.539537], [14.946974, 46.53592], [14.947284, 46.534214], [14.948525, 46.532664], [14.950695, 46.530597], [14.947904, 46.521398], [14.92403, 46.504784], [14.899535, 46.504449], [14.902636, 46.516567], [14.898915, 46.519435], [14.891887, 46.523414], [14.88181, 46.530855], [14.878555, 46.537289], [14.87809, 46.542095], [14.872664, 46.545325], [14.866928, 46.547185], [14.863362, 46.551939], [14.857161, 46.552508], [14.85313, 46.553464], [14.849564, 46.552818], [14.847084, 46.552146], [14.843828, 46.551784], [14.841193, 46.552146], [14.825638, 46.552611], [14.814519, 46.551337], [14.822278, 46.567546], [14.833647, 46.584393], [14.85039, 46.601136], [14.862999, 46.604831], [14.877055, 46.603642]]]}}, {"type": "Feature", "properties": {"featurecla": "Admin-1 states provinces", "scalerank": 10, "adm1_code": "SVN-970", "diss_me": 970, "iso_3166_2": "SI-074", "wikipedia": null, "iso_a2": "SI", "adm0_sr": 1, "name": "Me\u017eica", "name_alt": null, "name_local": null, "type": "Opcine", "type_en": "Commune|Municipality", "code_local": null, "code_hasc": "SI.KO.ME", "note": null, "hasc_maybe": null, "region": "Koro\u0161ka", "region_cod": null, "provnum_ne": 8, "gadm_level": 2, "check_me": 0, "datarank": 8, "abbrev": null, "postal": "ME", "area_sqkm": 0, "sameascity": -99, "labelrank": 10, "name_len": 6, "mapcolor9": 2, "mapcolor13": 12, "fips": "SI74", "fips_alt": null, "woe_id": -55848380, "woe_label": null, "woe_name": null, "latitude": 46.5281, "longitude": 14.8493, "sov_a3": "SVN", "adm0_a3": "SVN", "adm0_label": 2, "admin": "Slovenia", "geonunit": "Slovenia", "gu_a3": "SVN", "gn_id": 3239177, "gn_name": "Obcina Mezica", "gns_id": 243845, "gns_name": "Mezica, Obcina", "gn_level": 1, "gn_region": null, "gn_a1_code": "SI.74", "region_sub": null, "sub_code": null, "gns_level": 1, "gns_lang": "slv", "gns_adm1": "SI74", "gns_region": null, "min_label": 11, "max_label": 11, "min_zoom": 11, "wikidataid": "Q678147", "name_ar": "\u0645\u062c\u064a\u0633\u062a\u0627", "name_bn": "\u09ae\u09c7\u099c\u09bf\u0995\u09be", "name_de": "Me\u017eica", "name_en": "Me\u017eica", "name_es": "Me\u017eica", "name_fr": "Me\u017eica", "name_el": "\u039c\u03ad\u03b6\u03b9\u03ba\u03b1", "name_hi": "\u092e\u0947\u095b\u0940\u0915\u093e", "name_hu": "Me\u017eica", "name_id": "Me\u017eica", "name_it": "Me\u017eica", "name_ja": "\u30e1\u30fc\u30b8\u30c4\u30a1", "name_ko": "\uba54\uc9c0\uce74", "name_nl": "Me\u017eica", "name_pl": "Gmina Me\u017eica", "name_pt": "Me\u017eica", "name_ru": "\u041c\u0435\u0436\u0438\u0446\u0430", "name_sv": "Me\u017eica", "name_tr": "Me\u017eica", "name_vi": "Me\u017eica", "name_zh": "\u6885\u65e5\u5bdf", "ne_id": 1159310737, "name_he": "\u05de\u05d2'\u05d0\u05e8", "name_uk": "\u041c\u0435\u0436\u0438\u0446\u044f", "name_ur": "\u0645\u06cc\u0632\u06cc\u06a9\u0627", "name_fa": "\u0645\u0632\u06cc\u0633\u0627", "name_zht": "\u6885\u65e5\u5bdf", "FCLASS_ISO": null, "FCLASS_US": null, "FCLASS_FR": null, "FCLASS_RU": null, "FCLASS_ES": null, "FCLASS_CN": null, "FCLASS_TW": null, "FCLASS_IN": null, "FCLASS_NP": null, "FCLASS_PK": null, "FCLASS_DE": null, "FCLASS_GB": null, "FCLASS_BR": null, "FCLASS_IL": null, "FCLASS_PS": null, "FCLASS_SA": null, "FCLASS_EG": null, "FCLASS_MA": null, "FCLASS_PT": null, "FCLASS_AR": null, "FCLASS_JP": null, "FCLASS_KO": null, "FCLASS_VN": null, "FCLASS_TR": null, "FCLASS_ID": null, "FCLASS_PL": null, "FCLASS_GR": null, "FCLASS_IT": null, "FCLASS_NL": null, "FCLASS_SE": null, "FCLASS_BD": null, "FCLASS_UA": null, "FCLASS_TLC": null}, "bbox": [14.796663, 46.49649, 14.902636, 46.553464], "geometry": {"type": "Polygon", "coordinates": [[[14.796663, 46.519401], [14.807189, 46.536024], [14.814519, 46.551337], [14.825638, 46.552611], [14.841193, 46.552146], [14.843828, 46.551784], [14.847084, 46.552146], [14.849564, 46.552818], [14.85313, 46.553464], [14.857161, 46.552508], [14.863362, 46.551939], [14.866928, 46.547185], [14.872664, 46.545325], [14.87809, 46.542095], [14.878555, 46.537289], [14.88181, 46.530855], [14.891887, 46.523414], [14.898915, 46.519435], [14.902636, 46.516567], [14.899535, 46.504449], [14.894678, 46.497731], [14.886151, 46.49649], [14.873439, 46.497317], [14.85158, 46.502278], [14.831374, 46.513544], [14.812926, 46.517213], [14.796663, 46.519401]]]}}, {"type": "Feature", "properties": {"featurecla": "Admin-1 states provinces", "scalerank": 10, "adm1_code": "SVN-944", "diss_me": 944, "iso_3166_2": "SI-016", "wikipedia": null, "iso_a2": "SI", "adm0_sr": 1, "name": "\u010crna na Koro\u0161kem", "name_alt": null, "name_local": null, "type": "Opcine", "type_en": "Commune|Municipality", "code_local": null, "code_hasc": "SI.KO.CK", "note": null, "hasc_maybe": null, "region": "Koro\u0161ka", "region_cod": null, "provnum_ne": 64, "gadm_level": 2, "check_me": 0, "datarank": 8, "abbrev": null, "postal": "CK", "area_sqkm": 0, "sameascity": -99, "labelrank": 10, "name_len": 16, "mapcolor9": 2, "mapcolor13": 12, "fips": "SI16", "fips_alt": null, "woe_id": -55848380, "woe_label": null, "woe_name": null, "latitude": 46.4704, "longitude": 14.819, "sov_a3": "SVN", "adm0_a3": "SVN", "adm0_label": 2, "admin": "Slovenia", "geonunit": "Slovenia", "gu_a3": "SVN", "gn_id": 3239181, "gn_name": "Obcina Crna na Koroskem", "gns_id": 243850, "gns_name": "Crna na Koroskem, Obcina", "gn_level": 1, "gn_region": null, "gn_a1_code": "SI.16", "region_sub": null, "sub_code": null, "gns_level": 1, "gns_lang": "slv", "gns_adm1": "SI16", "gns_region": null, "min_label": 11, "max_label": 11, "min_zoom": 11, "wikidataid": "Q279072", "name_ar": "\u0628\u0644\u062f\u064a\u0629 \u062a\u0634\u0631\u0646\u0627 \u0646\u0627 \u0643\u0648\u0631\u0648\u0634\u0643\u064a\u0645", "name_bn": "\u0995\u09be\u09b0\u09cd\u09a8\u09be \u09a8\u09be \u0995\u09b0\u09cb\u0981\u0995\u09c7 \u09aa\u09cc\u09b0\u09b8\u09ad\u09be", "name_de": "\u010crna na Koro\u0161kem", "name_en": "\u010crna na Koro\u0161kem", "name_es": "\u010crna na Koro\u0161kem", "name_fr": "\u010crna na Koro\u0161kem", "name_el": "\u039a\u03c1\u03bd\u03b1 \u03bd\u03b1 \u039a\u03bf\u03c1\u03cc\u03c3\u03ba\u03b5\u03bc", "name_hi": "\u0915\u094d\u0930\u0928\u093e \u0928\u093e \u0915\u094b\u0930\u094b\u0938\u094d\u0915\u0947\u092e \u0928\u0917\u0930\u092a\u093e\u0932\u093f\u0915\u093e", "name_hu": "\u010crna na Koro\u0161kem", "name_id": "\u010crna na Koro\u0161kem", "name_it": "\u010crna na Koro\u0161kem", "name_ja": "\u30c1\u30e5\u30eb\u30ca\u30fb\u30ca\u30fb\u30b3\u30ed\u30b7\u30e5\u30b1\u30e0", "name_ko": "\uce58\ub974\ub098\ub098\ucf54\ub85c\uc288\ucf10", "name_nl": "\u010crna na Koro\u0161kem", "name_pl": "Gmina \u010crna na Koro\u0161kem", "name_pt": "\u010crna na Koro\u0161kem", "name_ru": "\u0427\u0440\u043d\u0430-\u043d\u0430-\u041a\u043e\u0440\u043e\u0448\u043a\u0435\u043c", "name_sv": "\u010crna na Koro\u0161kem", "name_tr": "Crna Na Koroske Belediyesi", "name_vi": "\u0110\u00f4 th\u1ecb t\u1ef1 tr\u1ecb Crna na Koroskem", "name_zh": "\u79d1\u7f57\u4ec0\u5361\u5730\u533a\u5947\u5c14\u7eb3", "ne_id": 1159310679, "name_he": "\u05e6'\u05e8\u05e0\u05d4 \u05e0\u05d4 \u05e7\u05d5\u05e8\u05d5\u05e9\u05e7\u05dd", "name_uk": "\u0427\u0440\u043d\u0430-\u043d\u0430-\u041a\u043e\u0440\u043e\u0448\u043a\u0435\u043c", "name_ur": "\u0628\u0644\u062f\u06cc\u06c1 \u0686\u0631\u0646\u0627 \u0646\u0627 \u06a9\u0648\u0631\u0648\u0634\u06a9\u06cc\u0645", "name_fa": "\u06a9\u0631\u0646\u0627 \u0646\u0627 \u06a9\u0648\u0631\u0648\u0633\u06a9\u0645", "name_zht": "\u79d1\u7f57\u4ec0\u5361\u5730\u533a\u5947\u5c14\u7eb3", "FCLASS_ISO": null, "FCLASS_US": null, "FCLASS_FR": null, "FCLASS_RU": null, "FCLASS_ES": null, "FCLASS_CN": null, "FCLASS_TW": null, "FCLASS_IN": null, "FCLASS_NP": null, "FCLASS_PK": null, "FCLASS_DE": null, "FCLASS_GB": null, "FCLASS_BR": null, "FCLASS_IL": null, "FCLASS_PS": null, "FCLASS_SA": null, "FCLASS_EG": null, "FCLASS_MA": null, "FCLASS_PT": null, "FCLASS_AR": null, "FCLASS_JP": null, "FCLASS_KO": null, "FCLASS_VN": null, "FCLASS_TR": null, "FCLASS_ID": null, "FCLASS_PL": null, "FCLASS_GR": null, "FCLASS_IT": null, "FCLASS_NL": null, "FCLASS_SE": null, "FCLASS_BD": null, "FCLASS_UA": null, "FCLASS_TLC": null}, "bbox": [14.672546, 46.421456, 14.96563, 46.519401], "geometry": {"type": "Polygon", "coordinates": [[[14.735255, 46.493339], [14.760887, 46.496284], [14.783004, 46.503261], [14.788585, 46.506646], [14.796663, 46.519401], [14.812926, 46.517213], [14.831374, 46.513544], [14.85158, 46.502278], [14.873439, 46.497317], [14.886151, 46.49649], [14.894678, 46.497731], [14.899535, 46.504449], [14.92403, 46.504784], [14.940618, 46.492408], [14.943409, 46.490806], [14.96563, 46.489462], [14.956328, 46.459852], [14.955863, 46.447243], [14.942013, 46.440008], [14.891732, 46.423549], [14.804089, 46.425125], [14.775667, 46.431895], [14.769931, 46.431275], [14.754583, 46.421456], [14.733654, 46.442385], [14.72213, 46.447992], [14.675776, 46.454348], [14.672546, 46.459791], [14.679961, 46.458871], [14.687093, 46.471221], [14.698772, 46.480962], [14.703733, 46.487758], [14.709727, 46.492512], [14.726367, 46.497706], [14.735255, 46.493339]]]}}, {"type": "Feature", "properties": {"featurecla": "Admin-1 states provinces", "scalerank": 10, "adm1_code": "SVN-1019", "diss_me": 1019, "iso_3166_2": "SI-131", "wikipedia": null, "iso_a2": "SI", "adm0_sr": 1, "name": "Tr\u017ei\u010d", "name_alt": null, "name_local": null, "type": "Opcine", "type_en": "Commune|Municipality", "code_local": null, "code_hasc": "SI.GO.TR", "note": null, "hasc_maybe": null, "region": "Gorenjska", "region_cod": null, "provnum_ne": 80, "gadm_level": 2, "check_me": 0, "datarank": 8, "abbrev": null, "postal": "TR", "area_sqkm": 0, "sameascity": -99, "labelrank": 10, "name_len": 5, "mapcolor9": 2, "mapcolor13": 12, "fips": "SID5", "fips_alt": null, "woe_id": 55848394, "woe_label": "Trzic, SI, Slovenia", "woe_name": "Tr\u017ei\u010d", "latitude": 46.3883, "longitude": 14.3377, "sov_a3": "SVN", "adm0_a3": "SVN", "adm0_label": 2, "admin": "Slovenia", "geonunit": "Slovenia", "gu_a3": "SVN", "gn_id": 3188687, "gn_name": "Obcina Trzic", "gns_id": -98897, "gns_name": "Trzic, Obcina", "gn_level": 1, "gn_region": null, "gn_a1_code": "SI.D5", "region_sub": null, "sub_code": null, "gns_level": 1, "gns_lang": "sqi", "gns_adm1": "SI00", "gns_region": null, "min_label": 11, "max_label": 11, "min_zoom": 11, "wikidataid": "Q15927", "name_ar": "\u062a\u0631\u064a\u062c\u064a\u0643", "name_bn": "\u099f\u09cd\u09b0\u099c\u09bf\u0995 \u09aa\u09cc\u09b0\u09b8\u09ad\u09be", "name_de": "Tr\u017ei\u010d", "name_en": "Tr\u017ei\u010d", "name_es": "Tr\u017ei\u010d", "name_fr": "Tr\u017ei\u010d", "name_el": "\u03a4\u03c1\u03b6\u03b9\u03ba", "name_hi": "\u0924\u0930\u094d\u091c\u093c\u093f\u0915 \u092e\u0939\u093e\u0928\u0917\u0930\u092a\u093e\u0932\u093f\u0915\u093e", "name_hu": "Tr\u017ei\u010d", "name_id": "Tr\u017ei\u010d", "name_it": "Tr\u017ei\u010d", "name_ja": "\u30c8\u30eb\u30b8\u30c3\u30c1", "name_ko": "\ud2b8\ub974\uc9c0\uce58", "name_nl": "Tr\u017ei\u010d", "name_pl": "Gmina Tr\u017ei\u010d", "name_pt": "Tr\u017ei\u010d", "name_ru": "\u0422\u0440\u0436\u0438\u0447", "name_sv": "Trzic", "name_tr": "Trizic Belediyesi", "name_vi": "Tr\u017ei\u010d", "name_zh": "\u7279\u5c14\u65e5\u5947", "ne_id": 1159310845, "name_he": "\u05d8\u05e8\u05d6'\u05d9\u05e5'", "name_uk": "\u0422\u0440\u0436\u0438\u0447", "name_ur": "\u062a\u0631\u0632\u06cc\u06a9 \u0645\u06cc\u0648\u0646\u0633\u067e\u0644\u0679\u06cc", "name_fa": "\u062a\u0631\u0698\u06cc\u0686", "name_zht": "\u7279\u723e\u65e5\u5947", "FCLASS_ISO": null, "FCLASS_US": null, "FCLASS_FR": null, "FCLASS_RU": null, "FCLASS_ES": null, "FCLASS_CN": null, "FCLASS_TW": null, "FCLASS_IN": null, "FCLASS_NP": null, "FCLASS_PK": null, "FCLASS_DE": null, "FCLASS_GB": null, "FCLASS_BR": null, "FCLASS_IL": null, "FCLASS_PS": null, "FCLASS_SA": null, "FCLASS_EG": null, "FCLASS_MA": null, "FCLASS_PT": null, "FCLASS_AR": null, "FCLASS_JP": null, "FCLASS_KO": null, "FCLASS_VN": null, "FCLASS_TR": null, "FCLASS_ID": null, "FCLASS_PL": null, "FCLASS_GR": null, "FCLASS_IT": null, "FCLASS_NL": null, "FCLASS_SE": null, "FCLASS_BD": null, "FCLASS_UA": null, "FCLASS_TLC": null}, "bbox": [14.23818, 46.318982, 14.437145, 46.440991], "geometry": {"type": "Polygon", "coordinates": [[[14.242323, 46.438237], [14.362151, 46.435875], [14.395844, 46.440991], [14.40649, 46.439337], [14.411244, 46.434635], [14.414448, 46.429002], [14.420029, 46.424351], [14.437145, 46.418884], [14.434292, 46.416082], [14.422665, 46.396471], [14.41879, 46.386962], [14.408248, 46.373035], [14.408558, 46.364121], [14.405457, 46.351641], [14.359517, 46.350815], [14.350525, 46.348386], [14.338123, 46.340169], [14.330319, 46.33681], [14.326289, 46.321359], [14.300709, 46.318982], [14.295128, 46.319705], [14.289237, 46.322392], [14.267171, 46.326139], [14.260195, 46.330351], [14.256319, 46.337508], [14.258334, 46.342236], [14.253063, 46.344407], [14.250428, 46.347507], [14.248567, 46.353347], [14.255234, 46.390192], [14.252908, 46.413498], [14.23818, 46.425254], [14.242056, 46.437114], [14.242211, 46.437528], [14.242323, 46.438237]]]}}, {"type": "Feature", "properties": {"featurecla": "Admin-1 states provinces", "scalerank": 10, "adm1_code": "SVN-259", "diss_me": 259, "iso_3166_2": "SI-192", "wikipedia": null, "iso_a2": "SI", "adm0_sr": 1, "name": "\u017dirovnica", "name_alt": null, "name_local": null, "type": "Opcine", "type_en": "Commune|Municipality", "code_local": null, "code_hasc": "SI.GO.ZV", "note": null, "hasc_maybe": null, "region": "Gorenjska", "region_cod": null, "provnum_ne": 84, "gadm_level": 2, "check_me": 10, "datarank": 8, "abbrev": null, "postal": "ZV", "area_sqkm": 0, "sameascity": -99, "labelrank": 10, "name_len": 9, "mapcolor9": 2, "mapcolor13": 12, "fips": "SI00", "fips_alt": "SIN7", "woe_id": -55848354, "woe_label": null, "woe_name": null, "latitude": 46.4111, "longitude": 14.1816, "sov_a3": "SVN", "adm0_a3": "SVN", "adm0_label": 2, "admin": "Slovenia", "geonunit": "Slovenia", "gu_a3": "SVN", "gn_id": 3344893, "gn_name": "Obcina Zirovnica", "gns_id": 9123299, "gns_name": "Zirovnica, Obcina", "gn_level": 1, "gn_region": null, "gn_a1_code": "SI.N7", "region_sub": null, "sub_code": null, "gns_level": 1, "gns_lang": "kat", "gns_adm1": "SI72", "gns_region": null, "min_label": 11, "max_label": 11, "min_zoom": 11, "wikidataid": "Q394103", "name_ar": "\u0628\u0644\u062f\u064a\u0629 \u062c\u064a\u0631\u0648\u0641\u0646\u064a\u062a\u0633\u0627", "name_bn": "\u099c\u09bf\u09b0\u09cb\u09ad\u09a8\u09bf\u0995\u09be \u09aa\u09cc\u09b0\u09b8\u09ad\u09be", "name_de": "\u017dirovnica", "name_en": "\u017dirovnica", "name_es": "\u017dirovnica", "name_fr": "\u017dirovnica", "name_el": "\u0396\u03b9\u03c1\u03bf\u03b2\u03bd\u03af\u03ba\u03b1", "name_hi": "\u091c\u093c\u093f\u0930\u094b\u0935\u0928\u093f\u0915\u093e \u0928\u0917\u0930\u092a\u093e\u0932\u093f\u0915\u093e", "name_hu": "\u017dirovnica", "name_id": "\u017dirovnica", "name_it": "\u017dirovnica", "name_ja": "\u30b8\u30ed\u30f4\u30cb\u30c4\u30a1", "name_ko": "\uc9c0\ub85c\uc6b0\ub2c8\ucc28", "name_nl": "\u017dirovnica", "name_pl": "Gmina \u017dirovnica", "name_pt": "\u017dirovnica", "name_ru": "\u0416\u0438\u0440\u043e\u0432\u043d\u0438\u0446\u0430", "name_sv": "Zirovnica", "name_tr": "Zirovnica Belediyesi", "name_vi": "\u017dirovnica", "name_zh": "\u65e5\u7f85\u592b\u5c3c\u5bdf", "ne_id": 1159308679, "name_he": "\u05d6'\u05d9\u05e8\u05d5\u05d1\u05e0\u05d9\u05e6\u05d4", "name_uk": "\u0416\u0438\u0440\u043e\u0432\u043d\u0456\u0446\u0430", "name_ur": "\u0632\u06cc\u0631\u0648\u0648\u0646\u06cc\u06a9\u0627 \u0645\u06cc\u0648\u0646\u0633\u067e\u0644\u0679\u06cc", "name_fa": "\u0634\u0647\u0631\u062f\u0627\u0631\u06cc \u0634\u06cc\u0631\u0648\u0648\u0646\u06cc\u06a9\u0627", "name_zht": "\u65e5\u7f85\u592b\u5c3c\u5bdf", "FCLASS_ISO": null, "FCLASS_US": null, "FCLASS_FR": null, "FCLASS_RU": null, "FCLASS_ES": null, "FCLASS_CN": null, "FCLASS_TW": null, "FCLASS_IN": null, "FCLASS_NP": null, "FCLASS_PK": null, "FCLASS_DE": null, "FCLASS_GB": null, "FCLASS_BR": null, "FCLASS_IL": null, "FCLASS_PS": null, "FCLASS_SA": null, "FCLASS_EG": null, "FCLASS_MA": null, "FCLASS_PT": null, "FCLASS_AR": null, "FCLASS_JP": null, "FCLASS_KO": null, "FCLASS_VN": null, "FCLASS_TR": null, "FCLASS_ID": null, "FCLASS_PL": null, "FCLASS_GR": null, "FCLASS_IT": null, "FCLASS_NL": null, "FCLASS_SE": null, "FCLASS_BD": null, "FCLASS_UA": null, "FCLASS_TLC": null}, "bbox": [14.120875, 46.372157, 14.242323, 46.440425], "geometry": {"type": "Polygon", "coordinates": [[[14.147933, 46.440425], [14.149865, 46.440061], [14.242323, 46.438237], [14.242211, 46.437528], [14.242056, 46.437114], [14.23818, 46.425254], [14.223143, 46.421766], [14.214564, 46.416986], [14.200147, 46.403835], [14.194876, 46.39368], [14.190535, 46.386936], [14.180148, 46.381769], [14.168676, 46.381045], [14.159322, 46.381717], [14.137463, 46.372157], [14.120875, 46.392724], [14.127851, 46.406832], [14.129401, 46.425125], [14.137773, 46.434117], [14.140874, 46.436391], [14.147933, 46.440425]]]}}, {"type": "Feature", "properties": {"featurecla": "Admin-1 states provinces", "scalerank": 10, "adm1_code": "SVN-258", "diss_me": 258, "iso_3166_2": "SI-041", "wikipedia": null, "iso_a2": "SI", "adm0_sr": 1, "name": "Jesenice", "name_alt": null, "name_local": null, "type": "Opcine", "type_en": "Commune|Municipality", "code_local": null, "code_hasc": "SI.GO.JS", "note": null, "hasc_maybe": null, "region": "Gorenjska", "region_cod": null, "provnum_ne": 85, "gadm_level": 2, "check_me": 0, "datarank": 8, "abbrev": null, "postal": "JS", "area_sqkm": 0, "sameascity": -99, "labelrank": 10, "name_len": 8, "mapcolor9": 2, "mapcolor13": 12, "fips": "SIH4", "fips_alt": null, "woe_id": 55848354, "woe_label": "Jesenice, SI, Slovenia", "woe_name": "Jesenice", "latitude": 46.4477, "longitude": 14.0702, "sov_a3": "SVN", "adm0_a3": "SVN", "adm0_label": 2, "admin": "Slovenia", "geonunit": "Slovenia", "gu_a3": "SVN", "gn_id": 3198646, "gn_name": "Obcina Jesenice", "gns_id": -83665, "gns_name": "Jesenice, Obcina", "gn_level": 1, "gn_region": null, "gn_a1_code": "SI.H4", "region_sub": null, "sub_code": null, "gns_level": 1, "gns_lang": "srp", "gns_adm1": "SI09", "gns_region": null, "min_label": 11, "max_label": 11, "min_zoom": 11, "wikidataid": "Q15881", "name_ar": "\u0628\u0644\u062f\u064a\u0629 \u064a\u0633\u064a\u0646\u064a\u062a\u0633\u0647", "name_bn": "\u099c\u09c7\u09b8\u09c7\u09a8\u09bf\u099a \u09aa\u09cc\u09b0\u09b8\u09ad\u09be", "name_de": "Gemeinde Jesenice", "name_en": "Jesenice", "name_es": "Jesenice", "name_fr": "Jesenice", "name_el": "\u03a4\u03b6\u03b5\u03c3\u03b5\u03bd\u03af\u03ba\u03b5", "name_hi": "\u091c\u0947\u0938\u0947\u0928\u0940\u0915 \u0928\u0917\u0930\u092a\u093e\u0932\u093f\u0915\u093e", "name_hu": "Jesenice", "name_id": "Jesenice", "name_it": "Jesenice", "name_ja": "\u30a4\u30a7\u30bb\u30cb\u30c4\u30a7", "name_ko": "\uc608\uc138\ub2c8\uccb4", "name_nl": "Jesenice", "name_pl": "Gmina Jesenice", "name_pt": "Jesenice", "name_ru": "\u0415\u0441\u0435\u043d\u0438\u0446\u0435", "name_sv": "Jesenice", "name_tr": "Jesenice Belediyesi", "name_vi": "Jesenice", "name_zh": "\u8036\u585e\u5c3c\u91c7", "ne_id": 1159308677, "name_he": "\u05d2'\u05e1\u05e0\u05d9\u05e6\u05d4", "name_uk": "\u0404\u0441\u0435\u043d\u0456\u0446\u0435", "name_ur": "\u0628\u0644\u062f\u06cc\u06c1 \u06cc\u0633\u06cc\u0646\u06cc\u062a\u0633\u06d2", "name_fa": "\u062c\u0633\u0646\u06cc\u0633", "name_zht": "\u8036\u585e\u5c3c\u91c7", "FCLASS_ISO": null, "FCLASS_US": null, "FCLASS_FR": null, "FCLASS_RU": null, "FCLASS_ES": null, "FCLASS_CN": null, "FCLASS_TW": null, "FCLASS_IN": null, "FCLASS_NP": null, "FCLASS_PK": null, "FCLASS_DE": null, "FCLASS_GB": null, "FCLASS_BR": null, "FCLASS_IL": null, "FCLASS_PS": null, "FCLASS_SA": null, "FCLASS_EG": null, "FCLASS_MA": null, "FCLASS_PT": null, "FCLASS_AR": null, "FCLASS_JP": null, "FCLASS_KO": null, "FCLASS_VN": null, "FCLASS_TR": null, "FCLASS_ID": null, "FCLASS_PL": null, "FCLASS_GR": null, "FCLASS_IT": null, "FCLASS_NL": null, "FCLASS_SE": null, "FCLASS_BD": null, "FCLASS_UA": null, "FCLASS_TLC": null}, "bbox": [13.992356, 46.403576, 14.147933, 46.484709], "geometry": {"type": "Polygon", "coordinates": [[[14.032456, 46.484709], [14.050026, 46.484399], [14.066355, 46.48104], [14.081032, 46.47595], [14.137255, 46.442438], [14.147933, 46.440425], [14.140874, 46.436391], [14.137773, 46.434117], [14.129401, 46.425125], [14.127851, 46.406832], [14.1016, 46.403576], [14.096639, 46.40461], [14.081911, 46.409209], [14.072764, 46.414583], [13.992356, 46.444814], [13.999694, 46.452927], [14.004655, 46.455459], [14.012251, 46.460627], [14.014266, 46.468973], [14.014922, 46.482531], [14.032456, 46.484709]]]}}, {"type": "Feature", "properties": {"featurecla": "Admin-1 states provinces", "scalerank": 10, "adm1_code": "SVN-251", "diss_me": 251, "iso_3166_2": "SI-180", "wikipedia": null, "iso_a2": "SI", "adm0_sr": 1, "name": "Solcava", "name_alt": null, "name_local": null, "type": "Opcine", "type_en": "Commune|Municipality", "code_local": null, "code_hasc": "SI.SA.SL", "note": null, "hasc_maybe": null, "region": "Savinjska", "region_cod": null, "provnum_ne": 81, "gadm_level": 2, "check_me": 10, "datarank": 8, "abbrev": null, "postal": "SL", "area_sqkm": 0, "sameascity": -99, "labelrank": 10, "name_len": 7, "mapcolor9": 2, "mapcolor13": 12, "fips": "SI00", "fips_alt": "SIM2", "woe_id": -55848369, "woe_label": null, "woe_name": null, "latitude": 46.4114, "longitude": 14.6582, "sov_a3": "SVN", "adm0_a3": "SVN", "adm0_label": 2, "admin": "Slovenia", "geonunit": "Slovenia", "gu_a3": "SVN", "gn_id": 3344895, "gn_name": "Obcina Solcava", "gns_id": 9123301, "gns_name": "Solcava, Obcina", "gn_level": 1, "gn_region": null, "gn_a1_code": "SI.M2", "region_sub": null, "sub_code": null, "gns_level": 1, "gns_lang": "kat", "gns_adm1": "SI72", "gns_region": null, "min_label": 11, "max_label": 11, "min_zoom": 11, "wikidataid": "Q1313614", "name_ar": "\u0633\u0648\u0644\u0643\u0627\u0641\u0627", "name_bn": "\u09b8\u09b2\u0995\u09be\u09ad\u09be", "name_de": "Sol\u010dava", "name_en": "Sol\u010dava", "name_es": "Solcava", "name_fr": "Sol\u010dava", "name_el": "\u03a3\u03bf\u03bb\u03ba\u03ac\u03b2\u03b1", "name_hi": "\u0938\u094b\u0932\u0915\u093e\u0935\u093e", "name_hu": "Sol\u010dava k\u00f6zs\u00e9g", "name_id": "Sol\u010dava", "name_it": "Sol\u010dava", "name_ja": "\u30bd\u30eb\u30c1\u30e3\u30f4\u30a1", "name_ko": "\uc194\uce74\ubc14", "name_nl": "Sol\u010dava", "name_pl": "Gmina Sol\u010dava", "name_pt": "Sol\u010dava", "name_ru": "\u0421\u043e\u043b\u0447\u0430\u0432\u0430", "name_sv": "Solcava", "name_tr": "Solcava", "name_vi": "Solcava", "name_zh": "\u7d22\u5c14\u5361\u74e6", "ne_id": 1159308661, "name_he": "\u05e1\u05d5\u05dc\u05e7\u05d5\u05d5\u05d4", "name_uk": "\u0421\u043e\u043b\u0447\u0430\u0432\u0430", "name_ur": "\u0633\u0648\u0644\u06a9\u0627\u0648\u0627", "name_fa": "\u0633\u0648\u0644\u0633\u0627\u0648\u0627", "name_zht": "\u7d22\u723e\u5bdf\u74e6", "FCLASS_ISO": null, "FCLASS_US": null, "FCLASS_FR": null, "FCLASS_RU": null, "FCLASS_ES": null, "FCLASS_CN": null, "FCLASS_TW": null, "FCLASS_IN": null, "FCLASS_NP": null, "FCLASS_PK": null, "FCLASS_DE": null, "FCLASS_GB": null, "FCLASS_BR": null, "FCLASS_IL": null, "FCLASS_PS": null, "FCLASS_SA": null, "FCLASS_EG": null, "FCLASS_MA": null, "FCLASS_PT": null, "FCLASS_AR": null, "FCLASS_JP": null, "FCLASS_KO": null, "FCLASS_VN": null, "FCLASS_TR": null, "FCLASS_ID": null, "FCLASS_PL": null, "FCLASS_GR": null, "FCLASS_IT": null, "FCLASS_NL": null, "FCLASS_SE": null, "FCLASS_BD": null, "FCLASS_UA": null, "FCLASS_TLC": null}, "bbox": [14.562108, 46.361408, 14.754583, 46.460524], "geometry": {"type": "Polygon", "coordinates": [[[14.666629, 46.460524], [14.672546, 46.459791], [14.675776, 46.454348], [14.72213, 46.447992], [14.733654, 46.442385], [14.754583, 46.421456], [14.740165, 46.40709], [14.739855, 46.398615], [14.741871, 46.395696], [14.742956, 46.392879], [14.73753, 46.388952], [14.726471, 46.383422], [14.669369, 46.364586], [14.639913, 46.366369], [14.609786, 46.361977], [14.595678, 46.361408], [14.568703, 46.368798], [14.562967, 46.389727], [14.562108, 46.391737], [14.566997, 46.400373], [14.575368, 46.419726], [14.590148, 46.434428], [14.599863, 46.437167], [14.621567, 46.43851], [14.631696, 46.440577], [14.642031, 46.445228], [14.662081, 46.459698], [14.666629, 46.460524]]]}}, {"type": "Feature", "properties": {"featurecla": "Admin-1 states provinces", "scalerank": 10, "adm1_code": "SVN-237", "diss_me": 237, "iso_3166_2": "SI-163", "wikipedia": null, "iso_a2": "SI", "adm0_sr": 1, "name": "Jezersko", "name_alt": null, "name_local": null, "type": "Opcine", "type_en": "Commune|Municipality", "code_local": null, "code_hasc": "SI.GO.JZ", "note": null, "hasc_maybe": null, "region": "Gorenjska", "region_cod": null, "provnum_ne": 82, "gadm_level": 2, "check_me": 10, "datarank": 8, "abbrev": null, "postal": "JZ", "area_sqkm": 0, "sameascity": -99, "labelrank": 10, "name_len": 8, "mapcolor9": 2, "mapcolor13": 12, "fips": "SI00", "fips_alt": "SIH5", "woe_id": -55848358, "woe_label": null, "woe_name": null, "latitude": 46.3897, "longitude": 14.4871, "sov_a3": "SVN", "adm0_a3": "SVN", "adm0_label": 2, "admin": "Slovenia", "geonunit": "Slovenia", "gu_a3": "SVN", "gn_id": 3344894, "gn_name": "Obcina Jezersko", "gns_id": 9123300, "gns_name": "Jezersko, Obcina", "gn_level": 1, "gn_region": null, "gn_a1_code": "SI.H5", "region_sub": null, "sub_code": null, "gns_level": 1, "gns_lang": "kat", "gns_adm1": "SI72", "gns_region": null, "min_label": 11, "max_label": 11, "min_zoom": 11, "wikidataid": "Q1688771", "name_ar": "\u0628\u0644\u062f\u064a\u0629 \u062c\u064a\u0632\u0631\u0633\u0643\u0648", "name_bn": "\u099c\u09c7\u099c\u09c7\u09b0\u09b8\u09cd\u0995\u09cb \u09aa\u09cc\u09b0\u09b8\u09ad\u09be", "name_de": "Jezersko", "name_en": "Jezersko", "name_es": "Municipalidad del Jezersko", "name_fr": "Jezersko", "name_el": "\u03a4\u03b6\u03b5\u03b6\u03ad\u03c1\u03c3\u03ba\u03bf", "name_hi": "\u091c\u0947\u091c\u093c\u0947\u0930\u094d\u0938\u0915\u094b \u0928\u0917\u0930\u092a\u093e\u0932\u093f\u0915\u093e", "name_hu": "Jezersko", "name_id": "Jezersko", "name_it": "Jezersko", "name_ja": "\u30a4\u30a7\u30bc\u30eb\u30b9\u30b3", "name_ko": "\uc608\uc81c\ub974\uc2a4\ucf54", "name_nl": "Jezersko", "name_pl": "Gmina Jezersko", "name_pt": "Jezersko", "name_ru": "\u0415\u0437\u0435\u0440\u0441\u043a\u043e", "name_sv": "Jezersko", "name_tr": "Jezersko Belediyesi", "name_vi": "\u0110\u00f4 th\u1ecb t\u1ef1 tr\u1ecb Jezersko", "name_zh": "\u8036\u6cfd\u5c14\u65af\u79d1", "ne_id": 1159308631, "name_he": "\u05d9\u05d6\u05e8\u05e1\u05e7\u05d5", "name_uk": "\u0404\u0437\u0435\u0440\u0441\u043a\u043e", "name_ur": "\u062c\u06cc\u0632\u06cc\u0631\u0633\u06a9\u0648 \u0645\u06cc\u0648\u0646\u0633\u067e\u0644\u0679\u06cc", "name_fa": "\u062c\u0632\u0631\u0633\u06a9\u0648", "name_zht": "\u8036\u6cfd\u5c14\u65af\u79d1", "FCLASS_ISO": null, "FCLASS_US": null, "FCLASS_FR": null, "FCLASS_RU": null, "FCLASS_ES": null, "FCLASS_CN": null, "FCLASS_TW": null, "FCLASS_IN": null, "FCLASS_NP": null, "FCLASS_PK": null, "FCLASS_DE": null, "FCLASS_GB": null, "FCLASS_BR": null, "FCLASS_IL": null, "FCLASS_PS": null, "FCLASS_SA": null, "FCLASS_EG": null, "FCLASS_MA": null, "FCLASS_PT": null, "FCLASS_AR": null, "FCLASS_JP": null, "FCLASS_KO": null, "FCLASS_VN": null, "FCLASS_TR": null, "FCLASS_ID": null, "FCLASS_PL": null, "FCLASS_GR": null, "FCLASS_IT": null, "FCLASS_NL": null, "FCLASS_SE": null, "FCLASS_BD": null, "FCLASS_UA": null, "FCLASS_TLC": null}, "bbox": [14.405457, 46.350504, 14.568703, 46.418884], "geometry": {"type": "Polygon", "coordinates": [[[14.540332, 46.378643], [14.557695, 46.38394], [14.562108, 46.391737], [14.562967, 46.389727], [14.568703, 46.368798], [14.53594, 46.360323], [14.469226, 46.364276], [14.454653, 46.366886], [14.449847, 46.367093], [14.444679, 46.366369], [14.440494, 46.364715], [14.437238, 46.360504], [14.433982, 46.355388], [14.432122, 46.353528], [14.427006, 46.350504], [14.405457, 46.351641], [14.408558, 46.364121], [14.408248, 46.373035], [14.41879, 46.386962], [14.422665, 46.396471], [14.434292, 46.416082], [14.437145, 46.418884], [14.450931, 46.414481], [14.467675, 46.412672], [14.502194, 46.418356], [14.515837, 46.40536], [14.527102, 46.388229], [14.540332, 46.378643]]]}}, {"type": "Feature", "properties": {"featurecla": "Admin-1 states provinces", "scalerank": 10, "adm1_code": "SVN-263", "diss_me": 263, "iso_3166_2": "SI-015", "wikipedia": null, "iso_a2": "SI", "adm0_sr": 1, "name": "\u010cren\u0161ovci", "name_alt": null, "name_local": null, "type": "Opcine", "type_en": "Commune|Municipality", "code_local": null, "code_hasc": "SI.PM.CR", "note": null, "hasc_maybe": null, "region": "Pomurska", "region_cod": null, "provnum_ne": 65, "gadm_level": 2, "check_me": 0, "datarank": 8, "abbrev": null, "postal": "CR", "area_sqkm": 0, "sameascity": -99, "labelrank": 10, "name_len": 9, "mapcolor9": 2, "mapcolor13": 12, "fips": "SI15", "fips_alt": null, "woe_id": -55848362, "woe_label": null, "woe_name": null, "latitude": 46.5592, "longitude": 16.2936, "sov_a3": "SVN", "adm0_a3": "SVN", "adm0_label": 2, "admin": "Slovenia", "geonunit": "Slovenia", "gu_a3": "SVN", "gn_id": 3239286, "gn_name": "Obcina Crensovci", "gns_id": 244034, "gns_name": "Crensovci, Obcina", "gn_level": 1, "gn_region": null, "gn_a1_code": "SI.15", "region_sub": null, "sub_code": null, "gns_level": 1, "gns_lang": "slv", "gns_adm1": "SI15", "gns_region": null, "min_label": 11, "max_label": 11, "min_zoom": 11, "wikidataid": "Q341658", "name_ar": "\u0628\u0644\u062f\u064a\u0629 \u062a\u0634\u0631\u064a\u0646\u0634\u0648\u0641\u062a\u0633\u064a", "name_bn": "\u0995\u09cd\u09b0\u09c7\u09a8\u09cd\u09b8\u09cb\u09ad\u0995\u09bf \u09aa\u09cc\u09b0\u09b8\u09ad\u09be", "name_de": "\u010cren\u0161ovci", "name_en": "\u010cren\u0161ovci", "name_es": "Municipalidad del \u010cren\u0161ovci", "name_fr": "\u010cren\u0161ovci", "name_el": "\u039a\u03c1\u03b5\u03bd\u03c3\u03cc\u03b2\u03ba\u03b9", "name_hi": "\u0915\u094d\u0930\u0947\u0902\u0938\u094b\u0935\u094d\u0915\u0940 \u0928\u0917\u0930\u092a\u093e\u0932\u093f\u0915\u093e", "name_hu": "Cserf\u00f6ld", "name_id": "\u010cren\u0161ovci", "name_it": "\u010cren\u0161ovci", "name_ja": "\u30c1\u30e5\u30ec\u30f3\u30b7\u30e7\u30d5\u30c4\u30a3", "name_ko": "\uce58\ub80c\uc1fc\uc6b0\uce58", "name_nl": "\u010cren\u0161ovci", "name_pl": "Gmina \u010cren\u0161ovci", "name_pt": "\u010cren\u0161ovci", "name_ru": "\u041a\u0440\u0435\u043d\u0448\u043e\u0432\u0446\u044b", "name_sv": "Crensovci", "name_tr": "Crensovci Belediyesi", "name_vi": "\u010cren\u0161ovci", "name_zh": "\u5947\u4f26\u7ecd\u592b\u9f50", "ne_id": 1159308685, "name_he": "\u05e6'\u05e8\u05e0\u05e9\u05d5\u05d1\u05e6\u05d9", "name_uk": "\u0427\u0440\u0435\u043d\u0448\u043e\u0432\u0446\u0456", "name_ur": "\u0628\u0644\u062f\u06cc\u06c1 \u0686\u0631\u06cc\u0646\u0634\u0648\u0648\u062a\u0633\u06cc", "name_fa": "\u06a9\u0631\u0646\u0633\u0648\u0648\u0633\u06cc", "name_zht": "\u5947\u502b\u7d39\u592b\u9f4a", "FCLASS_ISO": null, "FCLASS_US": null, "FCLASS_FR": null, "FCLASS_RU": null, "FCLASS_ES": null, "FCLASS_CN": null, "FCLASS_TW": null, "FCLASS_IN": null, "FCLASS_NP": null, "FCLASS_PK": null, "FCLASS_DE": null, "FCLASS_GB": null, "FCLASS_BR": null, "FCLASS_IL": null, "FCLASS_PS": null, "FCLASS_SA": null, "FCLASS_EG": null, "FCLASS_MA": null, "FCLASS_PT": null, "FCLASS_AR": null, "FCLASS_JP": null, "FCLASS_KO": null, "FCLASS_VN": null, "FCLASS_TR": null, "FCLASS_ID": null, "FCLASS_PL": null, "FCLASS_GR": null, "FCLASS_IT": null, "FCLASS_NL": null, "FCLASS_SE": null, "FCLASS_BD": null, "FCLASS_UA": null, "FCLASS_TLC": null}, "bbox": [16.247515, 46.530985, 16.340276, 46.597337], "geometry": {"type": "Polygon", "coordinates": [[[16.340276, 46.543827], [16.32999, 46.535455], [16.310663, 46.530985], [16.292164, 46.534731], [16.281622, 46.547237], [16.274645, 46.544498], [16.271803, 46.542741], [16.267979, 46.539769], [16.254078, 46.547418], [16.247515, 46.553851], [16.265964, 46.569147], [16.279451, 46.576511], [16.287048, 46.578191], [16.299812, 46.589456], [16.300535, 46.597337], [16.328492, 46.583824], [16.334538, 46.577622], [16.337949, 46.563825], [16.334538, 46.556487], [16.328647, 46.548735], [16.334848, 46.54517], [16.339654, 46.543981], [16.340276, 46.543827]]]}}, {"type": "Feature", "properties": {"featurecla": "Admin-1 states provinces", "scalerank": 10, "adm1_code": "SVN-265", "diss_me": 265, "iso_3166_2": "SI-063", "wikipedia": null, "iso_a2": "SI", "adm0_sr": 1, "name": "Ljutomer", "name_alt": null, "name_local": null, "type": "Opcine", "type_en": "Commune|Municipality", "code_local": null, "code_hasc": "SI.PM.LJ", "note": null, "hasc_maybe": null, "region": "Pomurska", "region_cod": null, "provnum_ne": 63, "gadm_level": 2, "check_me": 0, "datarank": 8, "abbrev": null, "postal": "LJ", "area_sqkm": 0, "sameascity": -99, "labelrank": 10, "name_len": 8, "mapcolor9": 2, "mapcolor13": 12, "fips": "SII6", "fips_alt": null, "woe_id": 55848365, "woe_label": "Ljutomer, SI, Slovenia", "woe_name": "Ljutomer", "latitude": 46.5112, "longitude": 16.1653, "sov_a3": "SVN", "adm0_a3": "SVN", "adm0_label": 2, "admin": "Slovenia", "geonunit": "Slovenia", "gu_a3": "SVN", "gn_id": 3196306, "gn_name": "Obcina Ljutomer", "gns_id": -87357, "gns_name": "Ljutomer, Obcina", "gn_level": 1, "gn_region": null, "gn_a1_code": "SI.I6", "region_sub": null, "sub_code": null, "gns_level": 1, "gns_lang": "sqi", "gns_adm1": "SI64", "gns_region": null, "min_label": 11, "max_label": 11, "min_zoom": 11, "wikidataid": "Q15892", "name_ar": "\u0644\u064a\u0648\u062a\u0648\u0645\u064a\u0631", "name_bn": "\u09b2\u09c1\u099f\u09cb\u09ae\u09be\u09b0", "name_de": "Ljutomer", "name_en": "Ljutomer", "name_es": "Ljutomer", "name_fr": "Ljutomer", "name_el": "\u039b\u03b9\u03bf\u03c5\u03c4\u03cc\u03bc\u03b5\u03c1", "name_hi": "\u0932\u0941\u091f\u094b\u092e\u0947\u0930", "name_hu": "Ljutomer", "name_id": "Ljutomer", "name_it": "Ljutomer", "name_ja": "\u30ea\u30e5\u30c8\u30e1\u30eb", "name_ko": "\ub958\ud1a0\uba54\ub974", "name_nl": "Ljutomer", "name_pl": "Gmina Ljutomer", "name_pt": "Ljutomer", "name_ru": "\u041b\u044e\u0442\u043e\u043c\u0435\u0440", "name_sv": "Ljutomer", "name_tr": "Ljutomer", "name_vi": "Ljutomer", "name_zh": "\u67f3\u6258\u6885\u723e", "ne_id": 1159308689, "name_he": "\u05dc\u05d5\u05d8\u05d5\u05de\u05e8", "name_uk": "\u041b\u044e\u0442\u043e\u043c\u0435\u0440", "name_ur": "\u062c\u0648\u0679\u0648\u0645\u06cc\u0631", "name_fa": "\u0634\u0647\u0631\u062f\u0627\u0631\u06cc \u0644\u0648\u0648\u062a\u0648\u0645\u0631", "name_zht": "\u67f3\u6258\u6885\u723e", "FCLASS_ISO": null, "FCLASS_US": null, "FCLASS_FR": null, "FCLASS_RU": null, "FCLASS_ES": null, "FCLASS_CN": null, "FCLASS_TW": null, "FCLASS_IN": null, "FCLASS_NP": null, "FCLASS_PK": null, "FCLASS_DE": null, "FCLASS_GB": null, "FCLASS_BR": null, "FCLASS_IL": null, "FCLASS_PS": null, "FCLASS_SA": null, "FCLASS_EG": null, "FCLASS_MA": null, "FCLASS_PT": null, "FCLASS_AR": null, "FCLASS_JP": null, "FCLASS_KO": null, "FCLASS_VN": null, "FCLASS_TR": null, "FCLASS_ID": null, "FCLASS_PL": null, "FCLASS_GR": null, "FCLASS_IT": null, "FCLASS_NL": null, "FCLASS_SE": null, "FCLASS_BD": null, "FCLASS_UA": null, "FCLASS_TLC": null}, "bbox": [16.020345, 46.472926, 16.310663, 46.584134], "geometry": {"type": "Polygon", "coordinates": [[[16.310663, 46.530985], [16.301527, 46.527081], [16.277591, 46.533878], [16.259607, 46.519331], [16.260796, 46.514164], [16.260931, 46.513576], [16.234905, 46.493339], [16.234188, 46.484892], [16.233666, 46.484708], [16.23103, 46.483778], [16.227, 46.481246], [16.224364, 46.477861], [16.221884, 46.475406], [16.216768, 46.474554], [16.210411, 46.476182], [16.206536, 46.473443], [16.2039, 46.472926], [16.201885, 46.473469], [16.191653, 46.483985], [16.183385, 46.489385], [16.170672, 46.495741], [16.155634, 46.493235], [16.152534, 46.489617], [16.147728, 46.488481], [16.136566, 46.48923], [16.113725, 46.495896], [16.067629, 46.501606], [16.051506, 46.506309], [16.020345, 46.511296], [16.026547, 46.521553], [16.026702, 46.524757], [16.028252, 46.528375], [16.026857, 46.530907], [16.028252, 46.533284], [16.034298, 46.539149], [16.040964, 46.542379], [16.045615, 46.545273], [16.077758, 46.541862], [16.097757, 46.53902], [16.122251, 46.529021], [16.142767, 46.525843], [16.154084, 46.525429], [16.166021, 46.527755], [16.170672, 46.530261], [16.173928, 46.532948], [16.175013, 46.535739], [16.176098, 46.541914], [16.177183, 46.545015], [16.178424, 46.547547], [16.178734, 46.549975], [16.175788, 46.552043], [16.173928, 46.554058], [16.176718, 46.560052], [16.190413, 46.566357], [16.194753, 46.566667], [16.20173, 46.566512], [16.20421, 46.567959], [16.216768, 46.584134], [16.247515, 46.553851], [16.254078, 46.547418], [16.267979, 46.539769], [16.271803, 46.542741], [16.274645, 46.544498], [16.281622, 46.547237], [16.292164, 46.534731], [16.310663, 46.530985]]]}}, {"type": "Feature", "properties": {"featurecla": "Admin-1 states provinces", "scalerank": 10, "adm1_code": "SVN-269", "diss_me": 269, "iso_3166_2": "SI-176", "wikipedia": null, "iso_a2": "SI", "adm0_sr": 1, "name": "Razkri\u017eje", "name_alt": null, "name_local": null, "type": "Opcine", "type_en": "Commune|Municipality", "code_local": null, "code_hasc": "SI.PM.RZ", "note": null, "hasc_maybe": null, "region": "Pomurska", "region_cod": null, "provnum_ne": 74, "gadm_level": 2, "check_me": 10, "datarank": 8, "abbrev": null, "postal": "RZ", "area_sqkm": 0, "sameascity": -99, "labelrank": 10, "name_len": 9, "mapcolor9": 2, "mapcolor13": 12, "fips": "SI00", "fips_alt": "SIK9", "woe_id": -55848365, "woe_label": null, "woe_name": null, "latitude": 46.5269, "longitude": 16.2803, "sov_a3": "SVN", "adm0_a3": "SVN", "adm0_label": 2, "admin": "Slovenia", "geonunit": "Slovenia", "gu_a3": "SVN", "gn_id": 3344941, "gn_name": "Obcina Razkrizje", "gns_id": 9123499, "gns_name": "Razkrizje, Obcina", "gn_level": 1, "gn_region": null, "gn_a1_code": "SI.K9", "region_sub": null, "sub_code": null, "gns_level": 1, "gns_lang": "slv", "gns_adm1": "SI72", "gns_region": null, "min_label": 11, "max_label": 11, "min_zoom": 11, "wikidataid": "Q3435117", "name_ar": "\u0628\u0644\u062f\u064a\u0629 \u0631\u0627\u0632\u0643\u0631\u064a\u062c\u064a\u0647", "name_bn": "\u09b0\u09be\u099c\u0995\u09cd\u09b0\u09bf\u099c\u09c7 \u09aa\u09cc\u09b0\u09b8\u09ad\u09be", "name_de": "Gemeinde Razkri\u017eje", "name_en": "Razkri\u017eje", "name_es": "Municipalidad del Razkri\u017eje", "name_fr": "Municipalit\u00e9 de Razkri\u017eje", "name_el": "\u03a1\u03b1\u03b6\u03ba\u03c1\u03af\u03b6\u03c4\u03b6\u03b5", "name_hi": "\u0930\u093e\u091c\u0915\u094d\u0930\u093f\u091c\u093c\u093f\u090f \u0928\u0917\u0930\u092a\u093e\u0932\u093f\u0915\u093e", "name_hu": "R\u00e1ckanizsa k\u00f6zs\u00e9g", "name_id": "Razkri\u017eje", "name_it": "Razkri\u017eje", "name_ja": "\u30e9\u30b9\u30af\u30ea\u30b8\u30a4\u30a7", "name_ko": "\ub77c\uc988\ud06c\ub9ac\uc81c \uc9c0\ubc29 \uc790\uce58\uc81c", "name_nl": "Razkri\u017eje", "name_pl": "Gmina Razkri\u017eje", "name_pt": "Razkrizje", "name_ru": "\u0420\u0430\u0437\u043a\u0440\u0438\u0436\u044c\u0435", "name_sv": "Razkrizje", "name_tr": "Razkrizje Belediyesi", "name_vi": "\u0110\u00f4 th\u1ecb t\u1ef1 tr\u1ecb Razkrizje", "name_zh": "\u62c9\u8332\u79d1\u65e5\u5217", "ne_id": 1159308699, "name_he": "\u05e8\u05d0\u05d6\u05e7\u05e8\u05d9\u05d6'\u05d9\u05d4", "name_uk": "\u0420\u0430\u0437\u043a\u0440\u0438\u0436\u0454", "name_ur": "\u0631\u0627\u0632\u06a9\u0631\u06cc\u0632\u062c\u06cc \u0645\u06cc\u0648\u0646\u0633\u067e\u0644\u0679\u06cc", "name_fa": "\u0631\u0627\u0632\u06a9\u0631\u06cc\u0632\u062c\u0627", "name_zht": "\u62c9\u8332\u79d1\u65e5\u5217", "FCLASS_ISO": null, "FCLASS_US": null, "FCLASS_FR": null, "FCLASS_RU": null, "FCLASS_ES": null, "FCLASS_CN": null, "FCLASS_TW": null, "FCLASS_IN": null, "FCLASS_NP": null, "FCLASS_PK": null, "FCLASS_DE": null, "FCLASS_GB": null, "FCLASS_BR": null, "FCLASS_IL": null, "FCLASS_PS": null, "FCLASS_SA": null, "FCLASS_EG": null, "FCLASS_MA": null, "FCLASS_PT": null, "FCLASS_AR": null, "FCLASS_JP": null, "FCLASS_KO": null, "FCLASS_VN": null, "FCLASS_TR": null, "FCLASS_ID": null, "FCLASS_PL": null, "FCLASS_GR": null, "FCLASS_IT": null, "FCLASS_NL": null, "FCLASS_SE": null, "FCLASS_BD": null, "FCLASS_UA": null, "FCLASS_TLC": null}, "bbox": [16.259607, 46.513576, 16.301527, 46.533878], "geometry": {"type": "Polygon", "coordinates": [[[16.301527, 46.527081], [16.295367, 46.524448], [16.263947, 46.515922], [16.260931, 46.513576], [16.260796, 46.514164], [16.259607, 46.519331], [16.277591, 46.533878], [16.301527, 46.527081]]]}}, {"type": "Feature", "properties": {"featurecla": "Admin-1 states provinces", "scalerank": 10, "adm1_code": "SVN-1047", "diss_me": 1047, "iso_3166_2": "SI-087", "wikipedia": null, "iso_a2": "SI", "adm0_sr": 1, "name": "Ormo\u017e", "name_alt": null, "name_local": null, "type": "Opcine", "type_en": "Commune|Municipality", "code_local": null, "code_hasc": "SI.PD.OR", "note": null, "hasc_maybe": null, "region": "Pomurska", "region_cod": null, "provnum_ne": 62, "gadm_level": 2, "check_me": 0, "datarank": 8, "abbrev": null, "postal": "OR", "area_sqkm": 0, "sameascity": -99, "labelrank": 10, "name_len": 5, "mapcolor9": 2, "mapcolor13": 12, "fips": "SI87", "fips_alt": null, "woe_id": 55848373, "woe_label": "Ormoz, SI, Slovenia", "woe_name": "Ormo\u017e", "latitude": 46.4411, "longitude": 16.1469, "sov_a3": "SVN", "adm0_a3": "SVN", "adm0_label": 2, "admin": "Slovenia", "geonunit": "Slovenia", "gu_a3": "SVN", "gn_id": 3193964, "gn_name": "Obcina Ormoz", "gns_id": -90935, "gns_name": "Ormoz, Obcina", "gn_level": 1, "gn_region": null, "gn_a1_code": "SI.87", "region_sub": null, "sub_code": null, "gns_level": 1, "gns_lang": "sqi", "gns_adm1": "SI87", "gns_region": null, "min_label": 11, "max_label": 11, "min_zoom": 11, "wikidataid": "Q1944509", "name_ar": "\u0623\u0648\u0631\u0645\u0648\u0634", "name_bn": "\u0985\u09b0\u09ae\u09c1\u099c", "name_de": "Ormo\u017e", "name_en": "Ormo\u017e", "name_es": "Ormo\u017e", "name_fr": "Ormo\u017e", "name_el": "\u038c\u03c1\u03bc\u03bf\u03c2", "name_hi": "\u0913\u0930\u092e\u094b\u091c", "name_hu": "Ormosd", "name_id": "Ormo\u017e", "name_it": "Ormo\u017e", "name_ja": "\u30aa\u30eb\u30e2\u30b8\u30e5", "name_ko": "\uc624\ub974\ubaa8", "name_nl": "Ormo\u017e", "name_pl": "Ormo\u017e", "name_pt": "Ormoz", "name_ru": "\u041e\u0440\u043c\u043e\u0436", "name_sv": "Ormo\u017e", "name_tr": "Ormoz", "name_vi": "Ormoz", "name_zh": "\u5965\u5c14\u83ab\u65e5", "ne_id": 1159310901, "name_he": "\u05d0\u05d5\u05e8\u05de\u05d5\u05d6'", "name_uk": "\u041e\u0440\u043c\u043e\u0436", "name_ur": "\u0648\u0631\u0645\u0648\u0632", "name_fa": "\u0627\u0648\u0631\u0645\u0648\u0632", "name_zht": "\u5967\u723e\u83ab\u65e5", "FCLASS_ISO": null, "FCLASS_US": null, "FCLASS_FR": null, "FCLASS_RU": null, "FCLASS_ES": null, "FCLASS_CN": null, "FCLASS_TW": null, "FCLASS_IN": null, "FCLASS_NP": null, "FCLASS_PK": null, "FCLASS_DE": null, "FCLASS_GB": null, "FCLASS_BR": null, "FCLASS_IL": null, "FCLASS_PS": null, "FCLASS_SA": null, "FCLASS_EG": null, "FCLASS_MA": null, "FCLASS_PT": null, "FCLASS_AR": null, "FCLASS_JP": null, "FCLASS_KO": null, "FCLASS_VN": null, "FCLASS_TR": null, "FCLASS_ID": null, "FCLASS_PL": null, "FCLASS_GR": null, "FCLASS_IT": null, "FCLASS_NL": null, "FCLASS_SE": null, "FCLASS_BD": null, "FCLASS_UA": null, "FCLASS_TLC": null}, "bbox": [16.014093, 46.367093, 16.280277, 46.511296], "geometry": {"type": "Polygon", "coordinates": [[[16.234188, 46.484892], [16.233665, 46.47874], [16.237489, 46.465072], [16.249375, 46.437528], [16.250098, 46.429441], [16.248238, 46.413344], [16.250925, 46.404998], [16.257023, 46.399908], [16.274076, 46.392105], [16.278727, 46.387351], [16.279936, 46.378661], [16.280277, 46.376214], [16.275626, 46.373165], [16.252785, 46.373424], [16.217129, 46.367352], [16.208654, 46.367093], [16.191807, 46.369781], [16.177544, 46.375594], [16.153567, 46.391433], [16.143851, 46.394714], [16.131552, 46.393061], [16.123181, 46.386885], [16.115533, 46.379289], [16.106024, 46.373734], [16.094345, 46.372261], [16.088654, 46.373086], [16.075743, 46.384456], [16.065924, 46.404093], [16.050576, 46.424867], [16.026082, 46.432308], [16.039104, 46.449258], [16.040034, 46.468637], [16.020966, 46.490703], [16.014093, 46.507549], [16.020345, 46.511296], [16.051506, 46.506309], [16.067629, 46.501606], [16.113725, 46.495896], [16.136566, 46.48923], [16.147728, 46.488481], [16.152534, 46.489617], [16.155634, 46.493235], [16.170672, 46.495741], [16.183385, 46.489385], [16.191653, 46.483985], [16.201885, 46.473469], [16.2039, 46.472926], [16.206536, 46.473443], [16.210411, 46.476182], [16.216768, 46.474554], [16.221884, 46.475406], [16.224364, 46.477861], [16.227, 46.481246], [16.23103, 46.483778], [16.233666, 46.484708], [16.234188, 46.484892]]]}}, {"type": "Feature", "properties": {"featurecla": "Admin-1 states provinces", "scalerank": 10, "adm1_code": "SVN-1050", "diss_me": 1050, "iso_3166_2": "SI-143", "wikipedia": null, "iso_a2": "SI", "adm0_sr": 1, "name": "Zavrc", "name_alt": null, "name_local": null, "type": "Opcine", "type_en": "Commune|Municipality", "code_local": null, "code_hasc": "SI.PD.ZA", "note": null, "hasc_maybe": null, "region": "Podravska", "region_cod": null, "provnum_ne": 71, "gadm_level": 2, "check_me": 11, "datarank": 8, "abbrev": null, "postal": "ZA", "area_sqkm": 0, "sameascity": -99, "labelrank": 10, "name_len": 5, "mapcolor9": 2, "mapcolor13": 12, "fips": "SIE9", "fips_alt": null, "woe_id": -55848377, "woe_label": null, "woe_name": null, "latitude": 46.3824, "longitude": 16.0599, "sov_a3": "SVN", "adm0_a3": "SVN", "adm0_label": 2, "admin": "Slovenia", "geonunit": "Slovenia", "gu_a3": "SVN", "gn_id": 3239247, "gn_name": "Obcina Zavrc", "gns_id": 243979, "gns_name": "Zavrc, Obcina", "gn_level": 1, "gn_region": null, "gn_a1_code": "SI.E9", "region_sub": null, "sub_code": null, "gns_level": 1, "gns_lang": "slv", "gns_adm1": "SI28", "gns_region": null, "min_label": 11, "max_label": 11, "min_zoom": 11, "wikidataid": "Q167001", "name_ar": "\u0628\u0644\u062f\u064a\u0629 \u0632\u0627\u0641\u0631\u062a\u0634", "name_bn": "\u099c\u09be\u09ad\u09cd\u09b0\u099a \u09aa\u09cc\u09b0\u09b8\u09ad\u09be", "name_de": "Zavr\u010d", "name_en": "Zavr\u010d", "name_es": "Zavr\u010d", "name_fr": "Zavr\u010d", "name_el": "\u0396\u03b1\u03b2\u03c1\u03ba", "name_hi": "\u091c\u093c\u093e\u0935\u0930\u094d\u0915 \u0928\u0917\u0930\u092a\u093e\u0932\u093f\u0915\u093e", "name_hu": "Zavrc", "name_id": "Zavr\u010d", "name_it": "Zavr\u010d", "name_ja": "\u30b6\u30f4\u30eb\u30c1", "name_ko": "\uc790\uc6b0\ub974\uce58", "name_nl": "Zavr\u010d", "name_pl": "Gmina Zavr\u010d", "name_pt": "Zavr\u010d", "name_ru": "\u0417\u0430\u0432\u0440\u0447", "name_sv": "Zavrc", "name_tr": "Zavrc Belediyesi", "name_vi": "Zavr\u010d", "name_zh": "\u85a9\u5f17\u723e\u5947", "ne_id": 1159310909, "name_he": "\u05d6\u05d0\u05d1\u05e8\u05e5", "name_uk": "\u0417\u0430\u0432\u0440\u0447", "name_ur": "\u0632\u0627\u0648\u0631\u06a9 \u0645\u06cc\u0648\u0646\u0633\u067e\u0644\u0679\u06cc", "name_fa": "\u0632\u0627\u0648\u0631\u0633\u06cc", "name_zht": "\u85a9\u5f17\u723e\u5947", "FCLASS_ISO": null, "FCLASS_US": null, "FCLASS_FR": null, "FCLASS_RU": null, "FCLASS_ES": null, "FCLASS_CN": null, "FCLASS_TW": null, "FCLASS_IN": null, "FCLASS_NP": null, "FCLASS_PK": null, "FCLASS_DE": null, "FCLASS_GB": null, "FCLASS_BR": null, "FCLASS_IL": null, "FCLASS_PS": null, "FCLASS_SA": null, "FCLASS_EG": null, "FCLASS_MA": null, "FCLASS_PT": null, "FCLASS_AR": null, "FCLASS_JP": null, "FCLASS_KO": null, "FCLASS_VN": null, "FCLASS_TR": null, "FCLASS_ID": null, "FCLASS_PL": null, "FCLASS_GR": null, "FCLASS_IT": null, "FCLASS_NL": null, "FCLASS_SE": null, "FCLASS_BD": null, "FCLASS_UA": null, "FCLASS_TLC": null}, "bbox": [16.031353, 46.316735, 16.088654, 46.388073], "geometry": {"type": "Polygon", "coordinates": [[[16.088654, 46.373086], [16.057965, 46.377532], [16.057448, 46.359652], [16.059722, 46.345312], [16.059619, 46.332315], [16.052384, 46.318595], [16.049922, 46.316735], [16.049698, 46.317277], [16.04267, 46.334226], [16.040654, 46.345699], [16.038174, 46.351331], [16.034453, 46.354018], [16.031353, 46.358333], [16.031508, 46.364121], [16.040654, 46.379598], [16.055227, 46.388073], [16.075743, 46.384456], [16.088654, 46.373086]]]}}, {"type": "Feature", "properties": {"featurecla": "Admin-1 states provinces", "scalerank": 10, "adm1_code": "SVN-1041", "diss_me": 1041, "iso_3166_2": "SI-028", "wikipedia": null, "iso_a2": "SI", "adm0_sr": 1, "name": "Gori\u0161nica", "name_alt": null, "name_local": null, "type": "Opcine", "type_en": "Commune|Municipality", "code_local": null, "code_hasc": "SI.PD.GO", "note": null, "hasc_maybe": null, "region": "Podravska", "region_cod": null, "provnum_ne": 67, "gadm_level": 2, "check_me": 0, "datarank": 8, "abbrev": null, "postal": "GO", "area_sqkm": 0, "sameascity": -99, "labelrank": 10, "name_len": 9, "mapcolor9": 2, "mapcolor13": 12, "fips": "SI28", "fips_alt": null, "woe_id": -55848377, "woe_label": null, "woe_name": null, "latitude": 46.3668, "longitude": 16.0215, "sov_a3": "SVN", "adm0_a3": "SVN", "adm0_label": 2, "admin": "Slovenia", "geonunit": "Slovenia", "gu_a3": "SVN", "gn_id": 3239245, "gn_name": "Obcina Gorisnica", "gns_id": 243976, "gns_name": "Gorisnica, Obcina", "gn_level": 1, "gn_region": null, "gn_a1_code": "SI.28", "region_sub": null, "sub_code": null, "gns_level": 1, "gns_lang": "slv", "gns_adm1": "SI28", "gns_region": null, "min_label": 11, "max_label": 11, "min_zoom": 11, "wikidataid": "Q632998", "name_ar": "\u0628\u0644\u062f\u064a\u0629 \u063a\u0648\u0631\u064a\u0634\u0646\u064a\u0643\u0627", "name_bn": "\u0997\u09cb\u09b0\u09bf\u09b8\u09cd\u09a8\u09bf\u0995\u09be \u09aa\u09cc\u09b0\u09b8\u09ad\u09be", "name_de": "Gori\u0161nica", "name_en": "Gori\u0161nica", "name_es": "Municipalidad del Gori\u0161nica", "name_fr": "Gori\u0161nica", "name_el": "\u0393\u03ba\u03bf\u03c1\u03b9\u03c3\u03bd\u03af\u03ba\u03b1", "name_hi": "\u0917\u094b\u0930\u093f\u0938\u094d\u0928\u093f\u0915\u093e \u0928\u0917\u0930\u092a\u093e\u0932\u093f\u0915\u093e", "name_hu": "Gori\u0161nica", "name_id": "Gori\u0161nica", "name_it": "Gori\u0161nica", "name_ja": "\u30b4\u30ea\u30b7\u30e5\u30cb\u30c4\u30a1", "name_ko": "\uace0\ub9ac\uc288\ub2c8\ucc28", "name_nl": "Gori\u0161nica", "name_pl": "Gmina Gori\u0161nica", "name_pt": "Gori\u0161nica", "name_ru": "\u0413\u043e\u0440\u0438\u0448\u043d\u0438\u0446\u0430", "name_sv": "Gorisnica", "name_tr": "Gorisnica Belediyesi", "name_vi": "\u0110\u00f4 th\u1ecb t\u1ef1 tr\u1ecb Gorisnica", "name_zh": "\u6208\u91cc\u4ec0\u5c3c\u5bdf", "ne_id": 1159310887, "name_he": "\u05d2\u05d5\u05e8\u05d9\u05e9\u05e0\u05d9\u05e6\u05d4", "name_uk": "\u0413\u043e\u0440\u0438\u0448\u043d\u0438\u0446\u044f", "name_ur": "\u062c\u0648\u0631\u06cc\u0633\u0646\u06cc\u06a9\u0627 \u0645\u06cc\u0648\u0646\u0633\u067e\u0644\u0679\u06cc", "name_fa": "\u06af\u0648\u0631\u06cc\u0646\u0633\u0627", "name_zht": "\u6208\u91cc\u4ec0\u5c3c\u5bdf", "FCLASS_ISO": null, "FCLASS_US": null, "FCLASS_FR": null, "FCLASS_RU": null, "FCLASS_ES": null, "FCLASS_CN": null, "FCLASS_TW": null, "FCLASS_IN": null, "FCLASS_NP": null, "FCLASS_PK": null, "FCLASS_DE": null, "FCLASS_GB": null, "FCLASS_BR": null, "FCLASS_IL": null, "FCLASS_PS": null, "FCLASS_SA": null, "FCLASS_EG": null, "FCLASS_MA": null, "FCLASS_PT": null, "FCLASS_AR": null, "FCLASS_JP": null, "FCLASS_KO": null, "FCLASS_VN": null, "FCLASS_TR": null, "FCLASS_ID": null, "FCLASS_PL": null, "FCLASS_GR": null, "FCLASS_IT": null, "FCLASS_NL": null, "FCLASS_SE": null, "FCLASS_BD": null, "FCLASS_UA": null, "FCLASS_TLC": null}, "bbox": [15.967274, 46.290613, 16.075743, 46.434944], "geometry": {"type": "Polygon", "coordinates": [[[16.049922, 46.316735], [16.038948, 46.308441], [16.019208, 46.298829], [15.998434, 46.291542], [15.993668, 46.290613], [15.993422, 46.29087], [15.989133, 46.29534], [15.97518, 46.327715], [15.97611, 46.335467], [15.97332, 46.342288], [15.970995, 46.346525], [15.967274, 46.349187], [15.969289, 46.361899], [15.977351, 46.362209], [15.985567, 46.364276], [15.988823, 46.365852], [15.998435, 46.373035], [15.998125, 46.376084], [15.996729, 46.381252], [15.988668, 46.393758], [15.987893, 46.402594], [15.983087, 46.41665], [15.991303, 46.425539], [15.995489, 46.42882], [16.011922, 46.434944], [16.026082, 46.432308], [16.050576, 46.424867], [16.065924, 46.404093], [16.075743, 46.384456], [16.055227, 46.388073], [16.040654, 46.379598], [16.031508, 46.364121], [16.031353, 46.358333], [16.034453, 46.354018], [16.038174, 46.351331], [16.040654, 46.345699], [16.04267, 46.334226], [16.049698, 46.317277], [16.049922, 46.316735]]]}}, {"type": "Feature", "properties": {"featurecla": "Admin-1 states provinces", "scalerank": 10, "adm1_code": "SVN-222", "diss_me": 222, "iso_3166_2": "SI-135", "wikipedia": null, "iso_a2": "SI", "adm0_sr": 1, "name": "Videm", "name_alt": null, "name_local": null, "type": "Opcine", "type_en": "Commune|Municipality", "code_local": null, "code_hasc": "SI.PD.VI", "note": null, "hasc_maybe": null, "region": "Podravska", "region_cod": null, "provnum_ne": 72, "gadm_level": 2, "check_me": 0, "datarank": 8, "abbrev": null, "postal": "VI", "area_sqkm": 0, "sameascity": -99, "labelrank": 10, "name_len": 5, "mapcolor9": 2, "mapcolor13": 12, "fips": "SIN2", "fips_alt": null, "woe_id": -55848377, "woe_label": null, "woe_name": null, "latitude": 46.3704, "longitude": 15.8973, "sov_a3": "SVN", "adm0_a3": "SVN", "adm0_label": 2, "admin": "Slovenia", "geonunit": "Slovenia", "gu_a3": "SVN", "gn_id": 3239231, "gn_name": "Obcina Videm", "gns_id": 243942, "gns_name": "Videm, Obcina", "gn_level": 1, "gn_region": null, "gn_a1_code": "SI.N2", "region_sub": null, "sub_code": null, "gns_level": 1, "gns_lang": "slv", "gns_adm1": "SI45", "gns_region": null, "min_label": 11, "max_label": 11, "min_zoom": 11, "wikidataid": "Q1002863", "name_ar": "\u0641\u064a\u062f\u064a\u0645", "name_bn": "\u09ad\u09bf\u09a1\u09c7\u09ae", "name_de": "Videm", "name_en": "Videm", "name_es": "Videm", "name_fr": "Videm", "name_el": "\u0392\u03af\u03bd\u03c4\u03b5\u03bc", "name_hi": "\u0935\u0940\u0921\u0947\u092e", "name_hu": "Videm k\u00f6zs\u00e9g", "name_id": "Videm", "name_it": "Videm", "name_ja": "\u30f4\u30a3\u30c7\u30e0", "name_ko": "\ube44\ub380", "name_nl": "Videm", "name_pl": "Gmina Videm", "name_pt": "Videm", "name_ru": "\u0412\u0438\u0434\u0435\u043c", "name_sv": "Videm", "name_tr": "Videm", "name_vi": "Videm", "name_zh": "\u7dad\u4ee3\u59c6\u93ae", "ne_id": 1159308597, "name_he": "\u05d5\u05d9\u05d3\u05dd", "name_uk": "\u0412\u0438\u0434\u0435\u043c", "name_ur": "\u0648\u0627\u0626\u062f\u06cc\u0645", "name_fa": "\u0634\u0647\u0631\u062f\u0627\u0631\u06cc \u0648\u06cc\u062f\u0645", "name_zht": "\u7dad\u4ee3\u59c6\u93ae", "FCLASS_ISO": null, "FCLASS_US": null, "FCLASS_FR": null, "FCLASS_RU": null, "FCLASS_ES": null, "FCLASS_CN": null, "FCLASS_TW": null, "FCLASS_IN": null, "FCLASS_NP": null, "FCLASS_PK": null, "FCLASS_DE": null, "FCLASS_GB": null, "FCLASS_BR": null, "FCLASS_IL": null, "FCLASS_PS": null, "FCLASS_SA": null, "FCLASS_EG": null, "FCLASS_MA": null, "FCLASS_PT": null, "FCLASS_AR": null, "FCLASS_JP": null, "FCLASS_KO": null, "FCLASS_VN": null, "FCLASS_TR": null, "FCLASS_ID": null, "FCLASS_PL": null, "FCLASS_GR": null, "FCLASS_IT": null, "FCLASS_NL": null, "FCLASS_SE": null, "FCLASS_BD": null, "FCLASS_UA": null, "FCLASS_TLC": null}, "bbox": [15.801082, 46.272827, 15.993668, 46.396858], "geometry": {"type": "Polygon", "coordinates": [[[15.993668, 46.290613], [15.982001, 46.288339], [15.948721, 46.284204], [15.918903, 46.272827], [15.91875, 46.273222], [15.918388, 46.274153], [15.916373, 46.282963], [15.916683, 46.28472], [15.917303, 46.286839], [15.918543, 46.288441], [15.917768, 46.290973], [15.917768, 46.293764], [15.918388, 46.296451], [15.918698, 46.299345], [15.918078, 46.302342], [15.914357, 46.308569], [15.911877, 46.311825], [15.910171, 46.315468], [15.909396, 46.319344], [15.910171, 46.322703], [15.912342, 46.325286], [15.913582, 46.327663], [15.913427, 46.332211], [15.912807, 46.334795], [15.910481, 46.338128], [15.906244, 46.340893], [15.900508, 46.343399], [15.88392, 46.348437], [15.879889, 46.350401], [15.868882, 46.351538], [15.864851, 46.35159], [15.85958, 46.350194], [15.853999, 46.349471], [15.846506, 46.347456], [15.842165, 46.346887], [15.837359, 46.345182], [15.831778, 46.339368], [15.828368, 46.33371], [15.828988, 46.327353], [15.825112, 46.308492], [15.801082, 46.320584], [15.81333, 46.338929], [15.811624, 46.342391], [15.808834, 46.344872], [15.802478, 46.354949], [15.818756, 46.359134], [15.821236, 46.366059], [15.824647, 46.371563], [15.831468, 46.394791], [15.850227, 46.381872], [15.869502, 46.384017], [15.896322, 46.396858], [15.904074, 46.393603], [15.928465, 46.386885], [15.935131, 46.383397], [15.936371, 46.380735], [15.942572, 46.369573], [15.951254, 46.365852], [15.969289, 46.361899], [15.967274, 46.349187], [15.970995, 46.346525], [15.97332, 46.342288], [15.97611, 46.335467], [15.97518, 46.327715], [15.989133, 46.29534], [15.993422, 46.29087], [15.993668, 46.290613]]]}}, {"type": "Feature", "properties": {"featurecla": "Admin-1 states provinces", "scalerank": 10, "adm1_code": "SVN-232", "diss_me": 232, "iso_3166_2": "SI-172", "wikipedia": null, "iso_a2": "SI", "adm0_sr": 1, "name": "Podlehnik", "name_alt": null, "name_local": null, "type": "Opcine", "type_en": "Commune|Municipality", "code_local": null, "code_hasc": "SI.PD.PO", "note": null, "hasc_maybe": null, "region": "Podravska", "region_cod": null, "provnum_ne": 70, "gadm_level": 2, "check_me": 10, "datarank": 8, "abbrev": null, "postal": "PO", "area_sqkm": 0, "sameascity": -99, "labelrank": 10, "name_len": 9, "mapcolor9": 2, "mapcolor13": 12, "fips": "SI00", "fips_alt": "SIK1", "woe_id": -55848377, "woe_label": null, "woe_name": null, "latitude": 46.3116, "longitude": 15.8719, "sov_a3": "SVN", "adm0_a3": "SVN", "adm0_label": 2, "admin": "Slovenia", "geonunit": "Slovenia", "gu_a3": "SVN", "gn_id": 3344924, "gn_name": "Obcina Podlehnik", "gns_id": 9123441, "gns_name": "Podlehnik, Obcina", "gn_level": 1, "gn_region": null, "gn_a1_code": "SI.K1", "region_sub": null, "sub_code": null, "gns_level": 1, "gns_lang": "kat", "gns_adm1": "SI72", "gns_region": null, "min_label": 11, "max_label": 11, "min_zoom": 11, "wikidataid": "Q1002247", "name_ar": "\u0628\u0644\u062f\u064a\u0629 \u0628\u0648\u062f\u0644\u0646\u064a\u0643", "name_bn": "\u09aa\u09cb\u09a6\u09b2\u09c7\u09b9\u09cd\u09a8\u09bf\u0995 \u09aa\u09cc\u09b0\u09b8\u09ad\u09be", "name_de": "Podlehnik", "name_en": "Podlehnik", "name_es": "Municipalidad del Podlehnik", "name_fr": "Podlehnik", "name_el": "\u03a0\u03bf\u03bd\u03c4\u03bb\u03b5\u03c7\u03bd\u03af\u03ba", "name_hi": "\u092a\u094b\u0921\u0932\u0947\u0928\u093f\u0915 \u0928\u0917\u0930 \u092a\u093e\u0932\u093f\u0915\u093e", "name_hu": "Podlehnik", "name_id": "Podlehnik", "name_it": "Podlehnik", "name_ja": "\u30dd\u30c9\u30ec\u30d5\u30cb\u30af", "name_ko": "\ud3ec\ub4e4\ub808\ud750\ub2c8\ud06c", "name_nl": "Podlehnik", "name_pl": "Gmina Podlehnik", "name_pt": "Podlehnik", "name_ru": "\u041f\u043e\u0434\u043b\u0435\u0445\u043d\u0438\u043a", "name_sv": "Podlehnik", "name_tr": "Podlehnik Belediyesi", "name_vi": "Podlehnik", "name_zh": "\u6ce2\u5fb7\u83b1\u8d6b\u5c3c\u514b", "ne_id": 1159308619, "name_he": "\u05e4\u05d5\u05d3\u05dc\u05e0\u05d9\u05e7", "name_uk": "\u041f\u043e\u0434\u043b\u0435\u0445\u043d\u0438\u043a", "name_ur": "\u067e\u0648\u062f\u0644\u06cc\u062d\u0646\u06cc\u06a9 \u0645\u06cc\u0648\u0646\u0633\u067e\u0644\u0679\u06cc", "name_fa": "\u0634\u0647\u0631\u062f\u0627\u0631\u06cc \u067e\u0648\u062f\u0644\u0646\u06cc\u06a9", "name_zht": "\u6ce2\u5fb7\u83b1\u8d6b\u5c3c\u514b", "FCLASS_ISO": null, "FCLASS_US": null, "FCLASS_FR": null, "FCLASS_RU": null, "FCLASS_ES": null, "FCLASS_CN": null, "FCLASS_TW": null, "FCLASS_IN": null, "FCLASS_NP": null, "FCLASS_PK": null, "FCLASS_DE": null, "FCLASS_GB": null, "FCLASS_BR": null, "FCLASS_IL": null, "FCLASS_PS": null, "FCLASS_SA": null, "FCLASS_EG": null, "FCLASS_MA": null, "FCLASS_PT": null, "FCLASS_AR": null, "FCLASS_JP": null, "FCLASS_KO": null, "FCLASS_VN": null, "FCLASS_TR": null, "FCLASS_ID": null, "FCLASS_PL": null, "FCLASS_GR": null, "FCLASS_IT": null, "FCLASS_NL": null, "FCLASS_SE": null, "FCLASS_BD": null, "FCLASS_UA": null, "FCLASS_TLC": null}, "bbox": [15.825112, 46.259341, 15.918903, 46.35159], "geometry": {"type": "Polygon", "coordinates": [[[15.918903, 46.272827], [15.883712, 46.2594], [15.880895, 46.259341], [15.880664, 46.259606], [15.875083, 46.266013], [15.866866, 46.281775], [15.862061, 46.283842], [15.825112, 46.308492], [15.828988, 46.327353], [15.828368, 46.33371], [15.831778, 46.339368], [15.837359, 46.345182], [15.842165, 46.346887], [15.846506, 46.347456], [15.853999, 46.349471], [15.85958, 46.350194], [15.864851, 46.35159], [15.868882, 46.351538], [15.879889, 46.350401], [15.88392, 46.348437], [15.900508, 46.343399], [15.906244, 46.340893], [15.910481, 46.338128], [15.912807, 46.334795], [15.913427, 46.332211], [15.913582, 46.327663], [15.912342, 46.325286], [15.910171, 46.322703], [15.909396, 46.319344], [15.910171, 46.315468], [15.911877, 46.311825], [15.914357, 46.308569], [15.918078, 46.302342], [15.918698, 46.299345], [15.918388, 46.296451], [15.917768, 46.293764], [15.917768, 46.290973], [15.918543, 46.288441], [15.917303, 46.286839], [15.916683, 46.28472], [15.916373, 46.282963], [15.918388, 46.274153], [15.91875, 46.273222], [15.918903, 46.272827]]]}}, {"type": "Feature", "properties": {"featurecla": "Admin-1 states provinces", "scalerank": 10, "adm1_code": "SVN-231", "diss_me": 231, "iso_3166_2": "SI-191", "wikipedia": null, "iso_a2": "SI", "adm0_sr": 1, "name": "\u017detale", "name_alt": null, "name_local": null, "type": "Opcine", "type_en": "Commune|Municipality", "code_local": null, "code_hasc": "SI.PD.ZE", "note": null, "hasc_maybe": null, "region": "Podravska", "region_cod": null, "provnum_ne": 49, "gadm_level": 2, "check_me": 10, "datarank": 8, "abbrev": null, "postal": "ZE", "area_sqkm": 0, "sameascity": -99, "labelrank": 10, "name_len": 6, "mapcolor9": 2, "mapcolor13": 12, "fips": "SI00", "fips_alt": "SIN6", "woe_id": -55848377, "woe_label": null, "woe_name": null, "latitude": 46.2837, "longitude": 15.8193, "sov_a3": "SVN", "adm0_a3": "SVN", "adm0_label": 2, "admin": "Slovenia", "geonunit": "Slovenia", "gu_a3": "SVN", "gn_id": 3344923, "gn_name": "Obcina Zetale", "gns_id": 9123440, "gns_name": "Zetale, Obcina", "gn_level": 1, "gn_region": null, "gn_a1_code": "SI.N6", "region_sub": null, "sub_code": null, "gns_level": 1, "gns_lang": "kat", "gns_adm1": "SI72", "gns_region": null, "min_label": 11, "max_label": 11, "min_zoom": 11, "wikidataid": "Q393910", "name_ar": "\u0628\u0644\u062f\u064a\u0629 \u062c\u064a\u062a\u064a\u0644", "name_bn": "\u099c\u09c7\u09a4\u09be\u09b2 \u09aa\u09cc\u09b0\u09b8\u09ad\u09be", "name_de": "\u017detale", "name_en": "\u017detale", "name_es": "Minicipalidad del \u017detale", "name_fr": "\u017detale", "name_el": "\u0396\u03b5\u03c4\u03ac\u03bb\u03b5", "name_hi": "\u091c\u093c\u0947\u0924\u093e\u0932\u0947 \u0928\u0917\u0930\u092a\u093e\u0932\u093f\u0915\u093e", "name_hu": "\u017detale", "name_id": "\u017detale", "name_it": "\u017detale", "name_ja": "\u30b8\u30a7\u30bf\u30ec", "name_ko": "\uc81c\ud0c8\ub808", "name_nl": "\u017detale", "name_pl": "Gmina \u017detale", "name_pt": "\u017detale", "name_ru": "\u0416\u0435\u0442\u0430\u043b\u0435", "name_sv": "\u017detale", "name_tr": "Zelate Belediyesi", "name_vi": "\u017detale", "name_zh": "\u71b1\u5854\u96f7", "ne_id": 1159308617, "name_he": "\u05d6'\u05d8\u05d0\u05dc\u05d4", "name_uk": "\u0416\u0435\u0442\u0430\u043b\u0435", "name_ur": "\u0632\u06cc\u062a\u0627\u0644\u06cc \u0645\u06cc\u0648\u0646\u0633\u067e\u0644\u0679\u06cc", "name_fa": "\u0632\u062a\u0627\u0644", "name_zht": "\u71b1\u5854\u96f7", "FCLASS_ISO": null, "FCLASS_US": null, "FCLASS_FR": null, "FCLASS_RU": null, "FCLASS_ES": null, "FCLASS_CN": null, "FCLASS_TW": null, "FCLASS_IN": null, "FCLASS_NP": null, "FCLASS_PK": null, "FCLASS_DE": null, "FCLASS_GB": null, "FCLASS_BR": null, "FCLASS_IL": null, "FCLASS_PS": null, "FCLASS_SA": null, "FCLASS_EG": null, "FCLASS_MA": null, "FCLASS_PT": null, "FCLASS_AR": null, "FCLASS_JP": null, "FCLASS_KO": null, "FCLASS_VN": null, "FCLASS_TR": null, "FCLASS_ID": null, "FCLASS_PL": null, "FCLASS_GR": null, "FCLASS_IT": null, "FCLASS_NL": null, "FCLASS_SE": null, "FCLASS_BD": null, "FCLASS_UA": null, "FCLASS_TLC": null}, "bbox": [15.757933, 46.248607, 15.880895, 46.320584], "geometry": {"type": "Polygon", "coordinates": [[[15.880895, 46.259341], [15.879323, 46.259308], [15.834206, 46.258366], [15.81829, 46.255524], [15.803097, 46.250511], [15.799526, 46.248607], [15.798912, 46.248805], [15.757933, 46.262034], [15.761808, 46.285754], [15.77297, 46.297743], [15.801082, 46.320584], [15.825112, 46.308492], [15.862061, 46.283842], [15.866866, 46.281775], [15.875083, 46.266013], [15.880664, 46.259606], [15.880895, 46.259341]]]}}, {"type": "Feature", "properties": {"featurecla": "Admin-1 states provinces", "scalerank": 10, "adm1_code": "SVN-983", "diss_me": 983, "iso_3166_2": "SI-107", "wikipedia": null, "iso_a2": "SI", "adm0_sr": 1, "name": "Rogatec", "name_alt": null, "name_local": null, "type": "Opcine", "type_en": "Commune|Municipality", "code_local": null, "code_hasc": "SI.SA.RO", "note": null, "hasc_maybe": null, "region": "Savinjska", "region_cod": null, "provnum_ne": 73, "gadm_level": 2, "check_me": 0, "datarank": 8, "abbrev": null, "postal": "RO", "area_sqkm": 0, "sameascity": -99, "labelrank": 10, "name_len": 7, "mapcolor9": 2, "mapcolor13": 12, "fips": "SIA8", "fips_alt": null, "woe_id": -55848390, "woe_label": null, "woe_name": null, "latitude": 46.2383, "longitude": 15.7385, "sov_a3": "SVN", "adm0_a3": "SVN", "adm0_label": 2, "admin": "Slovenia", "geonunit": "Slovenia", "gu_a3": "SVN", "gn_id": 3239237, "gn_name": "Obcina Rogatec", "gns_id": 243952, "gns_name": "Rogatec, Obcina", "gn_level": 1, "gn_region": null, "gn_a1_code": "SI.A8", "region_sub": null, "sub_code": null, "gns_level": 1, "gns_lang": "slv", "gns_adm1": "SI45", "gns_region": null, "min_label": 11, "max_label": 11, "min_zoom": 11, "wikidataid": "Q1027245", "name_ar": "\u0628\u0644\u062f\u064a\u0629 \u0631\u0648\u062c\u0627\u062a\u064a\u0643", "name_bn": "\u09b0\u09cb\u0997\u09be\u099f\u09c7\u0995 \u09aa\u09cc\u09b0\u09b8\u09ad\u09be", "name_de": "Rogatec", "name_en": "Rogatec", "name_es": "Municipalidad del Rogatec", "name_fr": "Rogatec", "name_el": "\u03a1\u03cc\u03b3\u03ba\u03b1\u03c4\u03b5\u03ba", "name_hi": "\u0930\u094b\u0917\u093e\u091f\u0947\u0915 \u0928\u0917\u0930 \u092a\u093e\u0932\u093f\u0915\u093e", "name_hu": "Rogatec", "name_id": "Rogatec", "name_it": "Rogatec", "name_ja": "\u30ed\u30ac\u30c6\u30c4", "name_ko": "\ub85c\uac00\ud14c\uce20", "name_nl": "Rogatec", "name_pl": "Gmina Rogatec", "name_pt": "Rogatec", "name_ru": "\u0420\u043e\u0433\u0430\u0442\u0435\u0446", "name_sv": "Rogatec", "name_tr": "Rogatec Belediyesi", "name_vi": "\u0110\u00f4 th\u1ecb t\u1ef1 tr\u1ecb Rogatec", "name_zh": "\u7f85\u52a0\u6cf0\u8328", "ne_id": 1159310767, "name_he": "\u05e8\u05d5\u05d2\u05d0\u05d8\u05e7", "name_uk": "\u0420\u043e\u0433\u0430\u0442\u0435\u0446\u044c", "name_ur": "\u0631\u0648\u062c\u0627\u062a\u06cc\u06a9 \u0645\u06cc\u0648\u0646\u0633\u067e\u0644\u0679\u06cc", "name_fa": "\u0634\u0647\u0631\u062f\u0627\u0631\u06cc \u0631\u0648\u06af\u0627\u062a\u06a9", "name_zht": "\u7f85\u52a0\u6cf0\u8328", "FCLASS_ISO": null, "FCLASS_US": null, "FCLASS_FR": null, "FCLASS_RU": null, "FCLASS_ES": null, "FCLASS_CN": null, "FCLASS_TW": null, "FCLASS_IN": null, "FCLASS_NP": null, "FCLASS_PK": null, "FCLASS_DE": null, "FCLASS_GB": null, "FCLASS_BR": null, "FCLASS_IL": null, "FCLASS_PS": null, "FCLASS_SA": null, "FCLASS_EG": null, "FCLASS_MA": null, "FCLASS_PT": null, "FCLASS_AR": null, "FCLASS_JP": null, "FCLASS_KO": null, "FCLASS_VN": null, "FCLASS_TR": null, "FCLASS_ID": null, "FCLASS_PL": null, "FCLASS_GR": null, "FCLASS_IT": null, "FCLASS_NL": null, "FCLASS_SE": null, "FCLASS_BD": null, "FCLASS_UA": null, "FCLASS_TLC": null}, "bbox": [15.677975, 46.210772, 15.799526, 46.266065], "geometry": {"type": "Polygon", "coordinates": [[[15.799526, 46.248607], [15.789144, 46.24307], [15.768887, 46.21935], [15.749767, 46.210772], [15.677975, 46.214462], [15.677989, 46.214699], [15.678299, 46.219996], [15.691838, 46.237333], [15.70145, 46.241674], [15.708427, 46.251699], [15.716333, 46.256893], [15.721759, 46.259347], [15.741344, 46.266065], [15.757933, 46.262034], [15.798912, 46.248805], [15.799526, 46.248607]]]}}, {"type": "Feature", "properties": {"featurecla": "Admin-1 states provinces", "scalerank": 10, "adm1_code": "SVN-982", "diss_me": 982, "iso_3166_2": "SI-106", "wikipedia": null, "iso_a2": "SI", "adm0_sr": 1, "name": "Roga\u0161ka Slatina", "name_alt": null, "name_local": null, "type": "Opcine", "type_en": "Commune|Municipality", "code_local": null, "code_hasc": "SI.SA.RS", "note": null, "hasc_maybe": null, "region": "Savinjska", "region_cod": null, "provnum_ne": 51, "gadm_level": 2, "check_me": 0, "datarank": 8, "abbrev": null, "postal": "RS", "area_sqkm": 0, "sameascity": -99, "labelrank": 10, "name_len": 15, "mapcolor9": 2, "mapcolor13": 12, "fips": "SIA7", "fips_alt": null, "woe_id": -55848390, "woe_label": null, "woe_name": null, "latitude": 46.2433, "longitude": 15.6536, "sov_a3": "SVN", "adm0_a3": "SVN", "adm0_label": 2, "admin": "Slovenia", "geonunit": "Slovenia", "gu_a3": "SVN", "gn_id": 3239234, "gn_name": "Obcina Rogaska Slatina", "gns_id": 243946, "gns_name": "Rogaska Slatina, Obcina", "gn_level": 1, "gn_region": null, "gn_a1_code": "SI.A7", "region_sub": null, "sub_code": null, "gns_level": 1, "gns_lang": "slv", "gns_adm1": "SI45", "gns_region": null, "min_label": 11, "max_label": 11, "min_zoom": 11, "wikidataid": "Q3502521", "name_ar": "\u0631\u0648\u063a\u0627\u0634\u0643\u0627 \u0633\u0644\u0627\u062a\u064a\u0646\u0627", "name_bn": "\u09b0\u09cb\u0997\u09be\u09b8\u09cd\u0995\u09be \u09b8\u09cd\u09b2\u09be\u099f\u09bf\u09a8\u09be", "name_de": "Roga\u0161ka Slatina", "name_en": "Roga\u0161ka Slatina", "name_es": "Roga\u0161ka Slatina", "name_fr": "Rogaska Slatina", "name_el": "\u03a1\u03bf\u03b3\u03ba\u03ac\u03c3\u03ba\u03b1 \u03a3\u03bb\u03ac\u03c4\u03b9\u03bd\u03b1", "name_hi": "\u0930\u094b\u0917\u093e\u0938\u094d\u0915\u093e \u0938\u094d\u0932\u093e\u0924\u093f\u0928\u093e", "name_hu": "Roga\u0161ka Slatina", "name_id": "Roga\u0161ka Slatina", "name_it": "Roga\u0161ka Slatina", "name_ja": "\u30ed\u30ac\u30fc\u30b7\u30e5\u30ab\u30fb\u30b9\u30e9\u30c6\u30a3\u30ca", "name_ko": "\ub85c\uac00\uc288\uce74\uc2ac\ub77c\ud2f0\ub098", "name_nl": "Roga\u0161ka Slatina", "name_pl": "Roga\u0161ka Slatina", "name_pt": "Rogaska Slatina", "name_ru": "\u0420\u043e\u0433\u0430\u0448\u043a\u0430-\u0421\u043b\u0430\u0442\u0438\u043d\u0430", "name_sv": "Rogaska Slatina", "name_tr": "Rogaska Slatina", "name_vi": "Roga\u0161ka Slatina", "name_zh": "\u7f85\u52a0\u4ec0\u5361-\u65af\u62c9\u8482\u90a3", "ne_id": 1159310765, "name_he": "\u05e8\u05d5\u05d2\u05e9\u05e7\u05d4 \u05e1\u05dc\u05d0\u05d8\u05d9\u05e0\u05d4", "name_uk": "\u0420\u043e\u0433\u0430\u0448\u043a\u0430 \u0421\u043b\u0430\u0442\u0438\u043d\u0430", "name_ur": "\u0631\u0648\u062c\u0627\u0633\u06a9\u0627 \u0633\u0644\u0627\u062a\u06cc\u0646\u0627", "name_fa": "\u0631\u06af\u0627\u0634\u06a9\u0627 \u0633\u0644\u0627\u062a\u06cc\u0646\u0627", "name_zht": "\u7f85\u52a0\u4ec0\u5361-\u65af\u62c9\u8482\u90a3", "FCLASS_ISO": null, "FCLASS_US": null, "FCLASS_FR": null, "FCLASS_RU": null, "FCLASS_ES": null, "FCLASS_CN": null, "FCLASS_TW": null, "FCLASS_IN": null, "FCLASS_NP": null, "FCLASS_PK": null, "FCLASS_DE": null, "FCLASS_GB": null, "FCLASS_BR": null, "FCLASS_IL": null, "FCLASS_PS": null, "FCLASS_SA": null, "FCLASS_EG": null, "FCLASS_MA": null, "FCLASS_PT": null, "FCLASS_AR": null, "FCLASS_JP": null, "FCLASS_KO": null, "FCLASS_VN": null, "FCLASS_TR": null, "FCLASS_ID": null, "FCLASS_PL": null, "FCLASS_GR": null, "FCLASS_IT": null, "FCLASS_NL": null, "FCLASS_SE": null, "FCLASS_BD": null, "FCLASS_UA": null, "FCLASS_TLC": null}, "bbox": [15.5658, 46.19521, 15.741344, 46.284049], "geometry": {"type": "Polygon", "coordinates": [[[15.677975, 46.214462], [15.661297, 46.21532], [15.639799, 46.207672], [15.626571, 46.19521], [15.626106, 46.195527], [15.61329, 46.20426], [15.607089, 46.21997], [15.603988, 46.222605], [15.596857, 46.225447], [15.58585, 46.235989], [15.5658, 46.273662], [15.571381, 46.279165], [15.577013, 46.281775], [15.587865, 46.284049], [15.608949, 46.283842], [15.653029, 46.273662], [15.684862, 46.274075], [15.703776, 46.264179], [15.741344, 46.266065], [15.721759, 46.259347], [15.716333, 46.256893], [15.708427, 46.251699], [15.70145, 46.241674], [15.691838, 46.237333], [15.678299, 46.219996], [15.677989, 46.214699], [15.677975, 46.214462]]]}}, {"type": "Feature", "properties": {"featurecla": "Admin-1 states provinces", "scalerank": 10, "adm1_code": "SVN-213", "diss_me": 213, "iso_3166_2": "SI-149", "wikipedia": null, "iso_a2": "SI", "adm0_sr": 1, "name": "Bistrica ob Sotli", "name_alt": null, "name_local": null, "type": "Opcine", "type_en": "Commune|Municipality", "code_local": null, "code_hasc": "SI.SA.BS", "note": null, "hasc_maybe": null, "region": "Savinjska", "region_cod": null, "provnum_ne": 61, "gadm_level": 2, "check_me": 10, "datarank": 8, "abbrev": null, "postal": "BS", "area_sqkm": 0, "sameascity": -99, "labelrank": 10, "name_len": 17, "mapcolor9": 2, "mapcolor13": 12, "fips": "SI92", "fips_alt": "SIF5", "woe_id": -55848390, "woe_label": null, "woe_name": null, "latitude": 46.1454, "longitude": 15.5811, "sov_a3": "SVN", "adm0_a3": "SVN", "adm0_label": 2, "admin": "Slovenia", "geonunit": "Slovenia", "gu_a3": "SVN", "gn_id": 3239241, "gn_name": "Obcina Podcetrtek", "gns_id": 243967, "gns_name": "Podcetrtek, Obcina", "gn_level": 1, "gn_region": null, "gn_a1_code": "SI.92", "region_sub": null, "sub_code": null, "gns_level": 1, "gns_lang": "slv", "gns_adm1": "SI92", "gns_region": null, "min_label": 11, "max_label": 11, "min_zoom": 11, "wikidataid": "Q13377731", "name_ar": "\u0628\u0644\u062f\u064a\u0629 \u0628\u064a\u0633\u062a\u0631\u064a\u0643\u0627 \u0623\u0648\u0628 \u0633\u0648\u062a\u0644\u064a", "name_bn": "\u09ac\u09bf\u09b8\u09cd\u09a4\u09cd\u09b0\u09bf\u0995\u09be \u0985\u09ac \u09b8\u09cb\u09a4\u09b2\u09bf \u09aa\u09cc\u09b0\u09b8\u09ad\u09be", "name_de": "Gemeinde Bistrica ob Sotli", "name_en": "Bistrica ob Sotli", "name_es": "Municipio de Bistrica ob Sotli", "name_fr": "Municipalit\u00e9 de Bistrica ob Sotli", "name_el": "\u039c\u03c0\u03b9\u03c3\u03c4\u03c1\u03af\u03ba\u03b1 \u03bf\u03bc\u03c0 \u03a3\u03cc\u03c4\u03bb\u03b9", "name_hi": "\u092c\u093f\u0938\u094d\u091f\u094d\u0930\u093f\u0915\u093e \u0913\u092c \u0938\u094b\u091f\u0932\u0940 \u0928\u0917\u0930 \u092a\u093e\u0932\u093f\u0915\u093e", "name_hu": "Bistrica ob Sotli", "name_id": "Bistrica ob Sotli", "name_it": "Bistrica ob Sotli", "name_ja": "\u30d3\u30b9\u30c8\u30ea\u30c4\u30a1\u30fb\u30aa\u30d7\u30fb\u30bd\u30c8\u30ea", "name_ko": "\ube44\uc2a4\ud2b8\ub9ac\ucc28\uc624\ube0c\uc18c\ud2c0\ub9ac \uc9c0\ubc29 \uc790\uce58\uc81c", "name_nl": "Bistrica ob Sotli", "name_pl": "Gmina Bistrica ob Sotli", "name_pt": "Bistrica de Sotli", "name_ru": "\u0411\u0438\u0441\u0442\u0440\u0438\u0446\u0430-\u043e\u0431-\u0421\u043e\u0442\u043b\u0438", "name_sv": "Bistrica ob Sotli", "name_tr": "Bistrica ob Sotli Belediyesi", "name_vi": "\u0110\u00f4 th\u1ecb t\u1ef1 tr\u1ecb Bistrica ob Sotli", "name_zh": "\u7d22\u7279\u62c9\u6cb3\u7554\u6bd4\u65af\u7279\u91cc\u5bdf", "ne_id": 1159308577, "name_he": "\u05d1\u05d9\u05e1\u05d8\u05e8\u05d9\u05e6\u05d4", "name_uk": "\u0411\u0438\u0441\u0442\u0440\u0438\u0446\u044f-\u043e\u0431-\u0421\u043e\u0442\u043b\u0456", "name_ur": "\u0628\u0644\u062f\u06cc\u06c1 \u0628\u06cc\u0633\u062a\u0631\u06cc\u062a\u0633\u0627 \u0627\u0648\u067e \u0633\u0648\u062a\u0644\u06cc", "name_fa": "\u0628\u06cc\u0633\u062a\u0631\u06cc\u06a9\u0627 \u0627\u0648\u0628 \u0633\u0648\u062a\u0644\u06cc", "name_zht": "\u7d22\u7279\u62c9\u6cb3\u7554\u6bd4\u65af\u7279\u91cc\u5bdf", "FCLASS_ISO": null, "FCLASS_US": null, "FCLASS_FR": null, "FCLASS_RU": null, "FCLASS_ES": null, "FCLASS_CN": null, "FCLASS_TW": null, "FCLASS_IN": null, "FCLASS_NP": null, "FCLASS_PK": null, "FCLASS_DE": null, "FCLASS_GB": null, "FCLASS_BR": null, "FCLASS_IL": null, "FCLASS_PS": null, "FCLASS_SA": null, "FCLASS_EG": null, "FCLASS_MA": null, "FCLASS_PT": null, "FCLASS_AR": null, "FCLASS_JP": null, "FCLASS_KO": null, "FCLASS_VN": null, "FCLASS_TR": null, "FCLASS_ID": null, "FCLASS_PL": null, "FCLASS_GR": null, "FCLASS_IT": null, "FCLASS_NL": null, "FCLASS_SE": null, "FCLASS_BD": null, "FCLASS_UA": null, "FCLASS_TLC": null}, "bbox": [15.536034, 46.065871, 15.626571, 46.20426], "geometry": {"type": "Polygon", "coordinates": [[[15.626571, 46.19521], [15.62285, 46.191704], [15.604349, 46.167002], [15.589983, 46.138684], [15.58988, 46.113517], [15.603833, 46.090986], [15.623605, 46.076415], [15.623522, 46.076361], [15.607554, 46.065871], [15.599028, 46.069126], [15.595307, 46.078738], [15.596237, 46.082407], [15.599338, 46.086024], [15.58461, 46.108581], [15.575618, 46.112018], [15.558978, 46.121965], [15.546576, 46.123826], [15.536034, 46.130363], [15.545491, 46.155168], [15.567505, 46.164728], [15.578719, 46.179223], [15.61329, 46.20426], [15.626106, 46.195527], [15.626571, 46.19521]]]}}, {"type": "Feature", "properties": {"featurecla": "Admin-1 states provinces", "scalerank": 10, "adm1_code": "SVN-255", "diss_me": 255, "iso_3166_2": "SI-092", "wikipedia": null, "iso_a2": "SI", "adm0_sr": 1, "name": "Podcetrtek", "name_alt": null, "name_local": null, "type": "Opcine", "type_en": "Commune|Municipality", "code_local": null, "code_hasc": "SI.SA.PD", "note": null, "hasc_maybe": null, "region": "Savinjska", "region_cod": null, "provnum_ne": 55, "gadm_level": 2, "check_me": 10, "datarank": 8, "abbrev": null, "postal": "PD", "area_sqkm": 0, "sameascity": -99, "labelrank": 10, "name_len": 10, "mapcolor9": 2, "mapcolor13": 12, "fips": "SI00", "fips_alt": "SI92", "woe_id": -55848390, "woe_label": null, "woe_name": null, "latitude": 46.048, "longitude": 15.6501, "sov_a3": "SVN", "adm0_a3": "SVN", "adm0_label": 2, "admin": "Slovenia", "geonunit": "Slovenia", "gu_a3": "SVN", "gn_id": 3344912, "gn_name": "Obcina Bistrica ob Sotli", "gns_id": 9123425, "gns_name": "Bistrica ob Sotli, Obcina", "gn_level": 1, "gn_region": null, "gn_a1_code": "SI.F5", "region_sub": null, "sub_code": null, "gns_level": 1, "gns_lang": "kat", "gns_adm1": "SI72", "gns_region": null, "min_label": 11, "max_label": 11, "min_zoom": 11, "wikidataid": "Q999540", "name_ar": "\u0628\u0644\u062f\u064a\u0629 \u0628\u0648\u062f\u062a\u0633\u062a\u0631\u062a\u064a\u0643", "name_bn": "\u09aa\u09cb\u09a6\u09c7\u09b0\u09a4\u09cd\u09b0\u09c7\u099f\u09c7\u0995 \u09aa\u09cc\u09b0\u09b8\u09ad\u09be", "name_de": "Pod\u010detrtek", "name_en": "Pod\u010detrtek", "name_es": "Pod\u010detrtek", "name_fr": "Pod\u010detrtek", "name_el": "\u03a0\u03cc\u03bd\u03c4\u03ba\u03b5\u03c4\u03c1\u03c4\u03b5\u03ba", "name_hi": "\u092a\u0949\u0921\u0938\u0947\u091f\u094d\u0930\u0947\u091f\u0947\u0915 \u0928\u0917\u0930 \u092a\u093e\u0932\u093f\u0915\u093e", "name_hu": "Podcetrtek", "name_id": "Pod\u010detrtek", "name_it": "Pod\u010detrtek", "name_ja": "\u30dd\u30c3\u30c1\u30a7\u30c8\u30eb\u30c6\u30af", "name_ko": "\ud3ec\ub4dc\uccb4\ud2b8\ub974\ud14c\ud06c", "name_nl": "Pod\u010detrtek", "name_pl": "Gmina Pod\u010detrtek", "name_pt": "Pod\u010detrtek", "name_ru": "\u041f\u043e\u0434\u0447\u0435\u0440\u0442\u0440\u0435\u043a", "name_sv": "Pod\u010detrtek", "name_tr": "Pod\u010detrtek Belediyesi", "name_vi": "Pod\u010detrtek", "name_zh": "\u6ce2\u5fb7\u5207\u7279\u6cf0\u514b", "ne_id": 1159308669, "name_he": "\u05e4\u05d5\u05d3\u05e6\u05d8\u05e8\u05d8\u05e7", "name_uk": "\u041f\u043e\u0434\u0447\u0435\u0442\u0440\u0442\u0435\u043a", "name_ur": "\u067e\u0648\u062f\u06a9\u06cc\u062a\u0631\u062a\u06cc\u06a9 \u0645\u06cc\u0648\u0646\u0633\u067e\u0644\u0679\u06cc", "name_fa": "\u067e\u0648\u062f\u0633\u062a\u0631\u062a\u06a9", "name_zht": "\u6ce2\u5fb7\u5207\u7279\u6cf0\u514b", "FCLASS_ISO": null, "FCLASS_US": null, "FCLASS_FR": null, "FCLASS_RU": null, "FCLASS_ES": null, "FCLASS_CN": null, "FCLASS_TW": null, "FCLASS_IN": null, "FCLASS_NP": null, "FCLASS_PK": null, "FCLASS_DE": null, "FCLASS_GB": null, "FCLASS_BR": null, "FCLASS_IL": null, "FCLASS_PS": null, "FCLASS_SA": null, "FCLASS_EG": null, "FCLASS_MA": null, "FCLASS_PT": null, "FCLASS_AR": null, "FCLASS_JP": null, "FCLASS_KO": null, "FCLASS_VN": null, "FCLASS_TR": null, "FCLASS_ID": null, "FCLASS_PL": null, "FCLASS_GR": null, "FCLASS_IT": null, "FCLASS_NL": null, "FCLASS_SE": null, "FCLASS_BD": null, "FCLASS_UA": null, "FCLASS_TLC": null}, "bbox": [15.607554, 46.02639, 15.69288, 46.076415], "geometry": {"type": "Polygon", "coordinates": [[[15.623605, 46.076415], [15.631531, 46.070574], [15.643727, 46.06551], [15.671735, 46.057397], [15.683931, 46.051144], [15.69288, 46.041636], [15.692614, 46.041583], [15.684552, 46.039981], [15.667757, 46.02639], [15.663261, 46.032178], [15.638612, 46.032281], [15.63117, 46.034193], [15.624142, 46.03781], [15.619646, 46.040859], [15.607554, 46.065871], [15.623522, 46.076361], [15.623605, 46.076415]]]}}, {"type": "Feature", "properties": {"featurecla": "Admin-1 states provinces", "scalerank": 10, "adm1_code": "SVN-938", "diss_me": 938, "iso_3166_2": "SI-009", "wikipedia": null, "iso_a2": "SI", "adm0_sr": 1, "name": "Bre\u017eice", "name_alt": null, "name_local": null, "type": "Opcine", "type_en": "Commune|Municipality", "code_local": null, "code_hasc": "SI.PS.BR", "note": null, "hasc_maybe": null, "region": "Spodnjeposavska", "region_cod": null, "provnum_ne": 53, "gadm_level": 2, "check_me": 0, "datarank": 8, "abbrev": null, "postal": "BR", "area_sqkm": 0, "sameascity": -99, "labelrank": 10, "name_len": 7, "mapcolor9": 2, "mapcolor13": 12, "fips": "SI08", "fips_alt": null, "woe_id": 55848342, "woe_label": "Brezice, SI, Slovenia", "woe_name": "Bre\u017eice", "latitude": 45.9082, "longitude": 15.6036, "sov_a3": "SVN", "adm0_a3": "SVN", "adm0_label": 2, "admin": "Slovenia", "geonunit": "Slovenia", "gu_a3": "SVN", "gn_id": 3203411, "gn_name": "Obcina Brezice", "gns_id": -76211, "gns_name": "Brezice, Obcina", "gn_level": 1, "gn_region": null, "gn_a1_code": "SI.08", "region_sub": null, "sub_code": null, "gns_level": 1, "gns_lang": "srp", "gns_adm1": "SI08", "gns_region": null, "min_label": 11, "max_label": 11, "min_zoom": 11, "wikidataid": "Q906879", "name_ar": "\u0628\u0644\u062f\u064a\u0629 \u0628\u0631\u064a\u062c\u064a\u062a\u0633\u0647", "name_bn": "\u09ac\u09cd\u09b0\u09c7\u099c\u09bf\u099a \u09aa\u09cc\u09b0\u09b8\u09ad\u09be", "name_de": "Gemeinde Bre\u017eice", "name_en": "Bre\u017eice", "name_es": "Bre\u017eice", "name_fr": "Bre\u017eice", "name_el": "\u039c\u03c0\u03c1\u03b5\u03b6\u03af\u03ba\u03b5", "name_hi": "\u092c\u094d\u0930\u0947\u091c\u093c\u093f\u0938 \u0928\u0917\u0930 \u092a\u093e\u0932\u093f\u0915\u093e", "name_hu": "Bre\u017eice", "name_id": "Bre\u017eice", "name_it": "Bre\u017eice", "name_ja": "\u30d6\u30ec\u30fc\u30b8\u30c4\u30a7", "name_ko": "\ube0c\ub808\uc9c0\uccb4 \uc9c0\ubc29 \uc790\uce58\uc81c", "name_nl": "Bre\u017eice", "name_pl": "Gmina Bre\u017eice", "name_pt": "Brezice", "name_ru": "\u0411\u0440\u0435\u0436\u0438\u0446\u0435", "name_sv": "Brezice", "name_tr": "Brezice Belediyesi", "name_vi": "\u0110\u00f4 th\u1ecb t\u1ef1 tr\u1ecb Brezice", "name_zh": "\u5e03\u96f7\u65e5\u91c7\u93ae", "ne_id": 1159310665, "name_he": "\u05d1\u05e8\u05d6\u05d9\u05e6\u05d4", "name_uk": "\u0411\u0440\u0435\u0436\u0438\u0446\u0435", "name_ur": "\u0628\u0644\u062f\u06cc\u06c1 \u0628\u0631\u06cc\u0698\u06cc\u062a\u0633\u06d2", "name_fa": "\u0628\u0631\u0698\u06cc\u062a\u0633\u0647", "name_zht": "\u5e03\u96f7\u65e5\u91c7\u93ae", "FCLASS_ISO": null, "FCLASS_US": null, "FCLASS_FR": null, "FCLASS_RU": null, "FCLASS_ES": null, "FCLASS_CN": null, "FCLASS_TW": null, "FCLASS_IN": null, "FCLASS_NP": null, "FCLASS_PK": null, "FCLASS_DE": null, "FCLASS_GB": null, "FCLASS_BR": null, "FCLASS_IL": null, "FCLASS_PS": null, "FCLASS_SA": null, "FCLASS_EG": null, "FCLASS_MA": null, "FCLASS_PT": null, "FCLASS_AR": null, "FCLASS_JP": null, "FCLASS_KO": null, "FCLASS_VN": null, "FCLASS_TR": null, "FCLASS_ID": null, "FCLASS_PL": null, "FCLASS_GR": null, "FCLASS_IT": null, "FCLASS_NL": null, "FCLASS_SE": null, "FCLASS_BD": null, "FCLASS_UA": null, "FCLASS_TLC": null}, "bbox": [15.509782, 45.81922, 15.697987, 46.041636], "geometry": {"type": "Polygon", "coordinates": [[[15.69288, 46.041636], [15.697987, 46.036209], [15.693646, 46.025771], [15.681967, 46.013523], [15.674319, 45.993318], [15.674216, 45.993163], [15.675381, 45.972486], [15.67711, 45.941796], [15.67556, 45.925157], [15.670392, 45.912651], [15.663364, 45.900817], [15.659436, 45.888828], [15.663674, 45.876064], [15.675456, 45.855962], [15.676076, 45.841699], [15.666051, 45.831674], [15.645587, 45.824129], [15.626054, 45.820202], [15.587296, 45.81922], [15.549748, 45.823693], [15.549573, 45.823922], [15.544716, 45.830278], [15.522701, 45.852783], [15.517896, 45.860586], [15.512883, 45.866916], [15.509782, 45.874151], [15.510092, 45.882161], [15.51526, 45.894047], [15.530143, 45.900558], [15.54177, 45.903503], [15.546266, 45.903297], [15.550452, 45.906035], [15.556498, 45.908206], [15.558978, 45.916732], [15.566885, 45.920143], [15.56983, 45.926293], [15.572207, 45.936731], [15.571381, 45.972233], [15.58368, 45.993989], [15.597632, 45.994454], [15.623832, 46.003704], [15.667757, 46.02639], [15.684552, 46.039981], [15.692614, 46.041583], [15.69288, 46.041636]]]}}, {"type": "Feature", "properties": {"featurecla": "Admin-1 states provinces", "scalerank": 10, "adm1_code": "SVN-958", "diss_me": 958, "iso_3166_2": "SI-054", "wikipedia": null, "iso_a2": "SI", "adm0_sr": 1, "name": "Kr\u0161ko", "name_alt": "Posavska", "name_local": null, "type": "Statisticna Regije", "type_en": "Statistical Region", "code_local": null, "code_hasc": "SI.PS.KS", "note": null, "hasc_maybe": null, "region": "Spodnjeposavska", "region_cod": null, "provnum_ne": 56, "gadm_level": 2, "check_me": 0, "datarank": 8, "abbrev": null, "postal": "PS", "area_sqkm": 0, "sameascity": -99, "labelrank": 10, "name_len": 5, "mapcolor9": 2, "mapcolor13": 12, "fips": "SI54", "fips_alt": null, "woe_id": 55848359, "woe_label": null, "woe_name": "Krsko", "latitude": 45.9397, "longitude": 15.4671, "sov_a3": "SVN", "adm0_a3": "SVN", "adm0_label": 2, "admin": "Slovenia", "geonunit": "Slovenia", "gu_a3": "SVN", "gn_id": 3197146, "gn_name": "Obcina Krsko", "gns_id": -86000, "gns_name": "Krsko, Obcina", "gn_level": 1, "gn_region": null, "gn_a1_code": "SI.54", "region_sub": null, "sub_code": null, "gns_level": 1, "gns_lang": "srp", "gns_adm1": "SI54", "gns_region": null, "min_label": 11, "max_label": 11, "min_zoom": 11, "wikidataid": "Q3484655", "name_ar": "\u0628\u0644\u062f\u064a\u0629 \u0643\u0631\u0634\u0643\u0648", "name_bn": "\u09aa\u09cc\u09b0\u09b8\u09ad\u09be \u0985\u09ac \u0995\u09cd\u09b0\u09b8\u09cd\u0995\u09cb", "name_de": "Gemeinde Kr\u0161ko", "name_en": "Kr\u0161ko", "name_es": "Municipalidad del Kr\u0161ko", "name_fr": "Kr\u0161ko", "name_el": "\u039a\u03c1\u03c3\u03ba\u03bf", "name_hi": "\u0915\u094d\u0930\u0949\u0938\u094d\u0915\u094b \u0928\u0917\u0930 \u092a\u093e\u0932\u093f\u0915\u093e", "name_hu": "Kr\u0161ko", "name_id": "Kr\u0161ko", "name_it": "Kr\u0161ko", "name_ja": "\u30af\u30eb\u30b7\u30e5\u30b3", "name_ko": "\ud06c\ub974\uc288\ucf54 \uc9c0\ubc29 \uc790\uce58\uc81c", "name_nl": "Kr\u0161ko", "name_pl": "Gmina Kr\u0161ko", "name_pt": "Krsko", "name_ru": "\u041a\u0440\u0448\u043a\u043e", "name_sv": "Krsko", "name_tr": "Krsko Belediyesi", "name_vi": "\u0110\u00f4 th\u1ecb t\u1ef1 tr\u1ecb c\u1ee7a Krsko", "name_zh": "\u514b\u723e\u4ec0\u79d1\u93ae", "ne_id": 1159310711, "name_he": "\u05e7\u05e8\u05e9\u05e7\u05d5", "name_uk": "\u041a\u0440\u0448\u043a\u043e", "name_ur": "\u0645\u06cc\u0648\u0646\u0633\u067e\u0644\u0679\u06cc \u06a9\u0631\u0633\u06a9\u0648", "name_fa": "\u0634\u0647\u0631\u062f\u0627\u0631\u06cc \u06a9\u0631\u06cc\u06a9\u0648", "name_zht": "\u514b\u723e\u4ec0\u79d1\u93ae", "FCLASS_ISO": null, "FCLASS_US": null, "FCLASS_FR": null, "FCLASS_RU": null, "FCLASS_ES": null, "FCLASS_CN": null, "FCLASS_TW": null, "FCLASS_IN": null, "FCLASS_NP": null, "FCLASS_PK": null, "FCLASS_DE": null, "FCLASS_GB": null, "FCLASS_BR": null, "FCLASS_IL": null, "FCLASS_PS": null, "FCLASS_SA": null, "FCLASS_EG": null, "FCLASS_MA": null, "FCLASS_PT": null, "FCLASS_AR": null, "FCLASS_JP": null, "FCLASS_KO": null, "FCLASS_VN": null, "FCLASS_TR": null, "FCLASS_ID": null, "FCLASS_PL": null, "FCLASS_GR": null, "FCLASS_IT": null, "FCLASS_NL": null, "FCLASS_SE": null, "FCLASS_BD": null, "FCLASS_UA": null, "FCLASS_TLC": null}, "bbox": [15.350619, 45.775691, 15.58368, 46.067679], "geometry": {"type": "Polygon", "coordinates": [[[15.549748, 45.823693], [15.523527, 45.826816], [15.513916, 45.823406], [15.495312, 45.812657], [15.48539, 45.810176], [15.473918, 45.811572], [15.462549, 45.814207], [15.451284, 45.815137], [15.440328, 45.811468], [15.435574, 45.802115], [15.439502, 45.791676], [15.441052, 45.782168], [15.429755, 45.775691], [15.429374, 45.775966], [15.423999, 45.779842], [15.401055, 45.809917], [15.399608, 45.82356], [15.396818, 45.835497], [15.395577, 45.857201], [15.388136, 45.87658], [15.361006, 45.883737], [15.350619, 45.891695], [15.353254, 45.899524], [15.354185, 45.916448], [15.363021, 45.934768], [15.371548, 45.951097], [15.389531, 45.969649], [15.424154, 45.993989], [15.429425, 46.000629], [15.429891, 46.006985], [15.427875, 46.012618], [15.422604, 46.017889], [15.419039, 46.025821], [15.416713, 46.033159], [15.416713, 46.041789], [15.419504, 46.04644], [15.420279, 46.049928], [15.418418, 46.063313], [15.492574, 46.067679], [15.51743, 46.059876], [15.524872, 46.059256], [15.537739, 46.052642], [15.548436, 46.044115], [15.559443, 46.017114], [15.563939, 46.004634], [15.564714, 45.999983], [15.56859, 45.997761], [15.58368, 45.993989], [15.571381, 45.972233], [15.572207, 45.936731], [15.56983, 45.926293], [15.566885, 45.920143], [15.558978, 45.916732], [15.556498, 45.908206], [15.550452, 45.906035], [15.546266, 45.903297], [15.54177, 45.903503], [15.530143, 45.900558], [15.51526, 45.894047], [15.510092, 45.882161], [15.509782, 45.874151], [15.512883, 45.866916], [15.517896, 45.860586], [15.522701, 45.852783], [15.544716, 45.830278], [15.549573, 45.823922], [15.549748, 45.823693]]]}}, {"type": "Feature", "properties": {"featurecla": "Admin-1 states provinces", "scalerank": 10, "adm1_code": "SVN-987", "diss_me": 987, "iso_3166_2": "SI-119", "wikipedia": null, "iso_a2": "SI", "adm0_sr": 1, "name": "\u0160entjernej", "name_alt": null, "name_local": null, "type": "Opcine", "type_en": "Commune|Municipality", "code_local": null, "code_hasc": "SI.DO.SN", "note": null, "hasc_maybe": null, "region": "Jugovzhodna Slovenija", "region_cod": null, "provnum_ne": 59, "gadm_level": 2, "check_me": 0, "datarank": 8, "abbrev": null, "postal": "SN", "area_sqkm": 0, "sameascity": -99, "labelrank": 10, "name_len": 10, "mapcolor9": 2, "mapcolor13": 12, "fips": "SIB4", "fips_alt": null, "woe_id": -55848372, "woe_label": null, "woe_name": null, "latitude": 45.8143, "longitude": 15.3503, "sov_a3": "SVN", "adm0_a3": "SVN", "adm0_label": 2, "admin": "Slovenia", "geonunit": "Slovenia", "gu_a3": "SVN", "gn_id": 3239197, "gn_name": "Obcina Sentjernej", "gns_id": 243881, "gns_name": "Sentjernej, Obcina", "gn_level": 1, "gn_region": null, "gn_a1_code": "SI.B4", "region_sub": null, "sub_code": null, "gns_level": 1, "gns_lang": "slv", "gns_adm1": "SI20", "gns_region": null, "min_label": 11, "max_label": 11, "min_zoom": 11, "wikidataid": "Q1016812", "name_ar": "\u0634\u064a\u0646\u062a\u064a\u0631\u0646\u064a", "name_bn": "\u09b8\u09c7\u09a8\u09cd\u099f\u099c\u09be\u09b0\u09a8\u09c7\u099c \u09aa\u09cc\u09b0\u09b8\u09ad\u09be", "name_de": "\u0160entjernej", "name_en": "\u0160entjernej", "name_es": "Municipalidad del \u0160entjernej", "name_fr": "\u0160entjernej", "name_el": "\u039a\u03bf\u03b9\u03bd\u03cc\u03c4\u03b7\u03c4\u03b1 \u03a3\u03ad\u03bd\u03c4\u03b6\u03b5\u03bc\u03b5\u03c4\u03b6", "name_hi": "\u0938\u0947\u0902\u091c\u0947\u0930\u094d\u0928\u0947\u091c", "name_hu": "\u0160entjernej", "name_id": "\u0160entjernej", "name_it": "\u0160entjernej", "name_ja": "\u30b7\u30a7\u30f3\u30c8\u30a4\u30a7\u30eb\u30cb\u30a7\u30a4", "name_ko": "\uc174\uccb4\ub974\ub124\uc774", "name_nl": "\u0160entjernej", "name_pl": "Gmina \u0160entjernej", "name_pt": "\u0160entjernej", "name_ru": "\u0428\u0435\u043d\u0442\u0434\u0436\u0435\u0440\u043d\u0435\u0434\u0436", "name_sv": "\u0160entjernej", "name_tr": "Sentjernej Belediyesi", "name_vi": "\u0160entjernej", "name_zh": "\u7533\u7279\u8036\u723e\u5167\u4f0a", "ne_id": 1159310775, "name_he": "\u05e9\u05e0\u05d8\u05d9\u05d9\u05e8\u05e0\u05d9\u05d9", "name_uk": "\u0428\u0435\u043d\u0442\u0454\u0440\u043d\u0435\u0439", "name_ur": "\u0633\u06cc\u0646\u062a\u062c\u06cc\u0631\u0646\u06cc\u062c \u0645\u06cc\u0648\u0646\u0633\u067e\u0644\u0679\u06cc", "name_fa": "\u0633\u0646\u062a\u062c\u0631\u0646\u06cc", "name_zht": "\u7533\u7279\u8036\u723e\u5167\u4f0a", "FCLASS_ISO": null, "FCLASS_US": null, "FCLASS_FR": null, "FCLASS_RU": null, "FCLASS_ES": null, "FCLASS_CN": null, "FCLASS_TW": null, "FCLASS_IN": null, "FCLASS_NP": null, "FCLASS_PK": null, "FCLASS_DE": null, "FCLASS_GB": null, "FCLASS_BR": null, "FCLASS_IL": null, "FCLASS_PS": null, "FCLASS_SA": null, "FCLASS_EG": null, "FCLASS_MA": null, "FCLASS_PT": null, "FCLASS_AR": null, "FCLASS_JP": null, "FCLASS_KO": null, "FCLASS_VN": null, "FCLASS_TR": null, "FCLASS_ID": null, "FCLASS_PL": null, "FCLASS_GR": null, "FCLASS_IT": null, "FCLASS_NL": null, "FCLASS_SE": null, "FCLASS_BD": null, "FCLASS_UA": null, "FCLASS_TLC": null}, "bbox": [15.271296, 45.752486, 15.429755, 45.883737], "geometry": {"type": "Polygon", "coordinates": [[[15.429755, 45.775691], [15.429063, 45.775295], [15.331031, 45.752486], [15.33093, 45.752867], [15.330258, 45.755399], [15.330258, 45.755528], [15.320492, 45.782451], [15.297237, 45.807385], [15.279202, 45.820356], [15.273931, 45.829916], [15.271296, 45.841879], [15.276412, 45.850457], [15.280907, 45.855754], [15.303748, 45.864462], [15.329483, 45.87472], [15.340025, 45.870818], [15.341421, 45.868493], [15.343901, 45.868312], [15.347983, 45.869862], [15.355735, 45.874099], [15.361006, 45.883737], [15.388136, 45.87658], [15.395577, 45.857201], [15.396818, 45.835497], [15.399608, 45.82356], [15.401055, 45.809917], [15.423999, 45.779842], [15.429374, 45.775966], [15.429755, 45.775691]]]}}, {"type": "Feature", "properties": {"featurecla": "Admin-1 states provinces", "scalerank": 10, "adm1_code": "SVN-212", "diss_me": 212, "iso_3166_2": "SI-085", "wikipedia": null, "iso_a2": "SI", "adm0_sr": 1, "name": "Novo Mesto", "name_alt": null, "name_local": null, "type": "Opcine", "type_en": "Commune|Municipality", "code_local": null, "code_hasc": "SI.DO.NM", "note": null, "hasc_maybe": null, "region": "Jugovzhodna Slovenija", "region_cod": null, "provnum_ne": 60, "gadm_level": 2, "check_me": 0, "datarank": 8, "abbrev": null, "postal": "NM", "area_sqkm": 0, "sameascity": -99, "labelrank": 10, "name_len": 10, "mapcolor9": 2, "mapcolor13": 12, "fips": "SIJ7", "fips_alt": null, "woe_id": 55848372, "woe_label": "Novo Mesto, SI, Slovenia", "woe_name": "Novo Mesto", "latitude": 45.7779, "longitude": 15.1945, "sov_a3": "SVN", "adm0_a3": "SVN", "adm0_label": 2, "admin": "Slovenia", "geonunit": "Slovenia", "gu_a3": "SVN", "gn_id": 3194350, "gn_name": "Mestna Obcina Novo mesto", "gns_id": -90333, "gns_name": "Novo Mesto, Mestna Obcina", "gn_level": 1, "gn_region": null, "gn_a1_code": "SI.J7", "region_sub": null, "sub_code": null, "gns_level": 1, "gns_lang": "sqi", "gns_adm1": "SI22", "gns_region": null, "min_label": 11, "max_label": 11, "min_zoom": 11, "wikidataid": "Q398116", "name_ar": "\u0628\u0644\u062f\u064a\u0629 \u0645\u062f\u064a\u0646\u0629 \u0646\u0648\u0641\u0648 \u0645\u064a\u0633\u062a\u0648", "name_bn": "\u09a8\u09cb\u09ad\u09cb \u09ae\u09c7\u09b8\u09cd\u099f\u09cb \u09aa\u09cc\u09b0\u09b8\u09ad\u09be \u09b6\u09b9\u09b0", "name_de": "Stadtgemeinde Novo mesto", "name_en": "Novo Mesto", "name_es": "Novo Mesto", "name_fr": "Novo Mesto", "name_el": "\u039a\u03bf\u03b9\u03bd\u03cc\u03c4\u03b7\u03c4\u03b1 \u039d\u03cc\u03b2\u03bf \u039c\u03ad\u03c3\u03c4\u03bf", "name_hi": "\u0928\u094b\u0935\u094b \u092e\u0947\u0938\u094d\u091f\u094b \u0936\u0939\u0930 \u0928\u0917\u0930\u092a\u093e\u0932\u093f\u0915\u093e", "name_hu": "Novo mesto v\u00e1rosi k\u00f6zs\u00e9g", "name_id": "Novo Mesto", "name_it": "Novo Mesto", "name_ja": "\u30ce\u30f4\u30a9\u30fb\u30e1\u30b9\u30c8", "name_ko": "\ub178\ubcf4\uba54\uc2a4\ud1a0 \uc9c0\ubc29 \uc790\uce58 \ub3c4\uc2dc", "name_nl": "Novo Mesto", "name_pl": "Gmina miejska Novo Mesto", "name_pt": "Cidade Municipal do Novo", "name_ru": "\u041d\u043e\u0432\u043e-\u041c\u0435\u0441\u0442\u043e", "name_sv": "Stadskommun av Novo Mesto", "name_tr": "Novo Mesto Belediyesi", "name_vi": "\u0110\u00f4 th\u1ecb t\u1ef1 tr\u1ecb Novo Mesto", "name_zh": "\u65b0\u6885\u65af\u6258\u5e02", "ne_id": 1159308575, "name_he": "\u05e0\u05d5\u05d1\u05d5 \u05de\u05e1\u05d8\u05d5", "name_uk": "\u041d\u043e\u0432\u043e \u041c\u0435\u0441\u0442\u043e", "name_ur": "\u0634\u06c1\u0631 \u0645\u06cc\u0648\u0646\u0633\u067e\u0644\u0679\u06cc \u0646\u0648\u0648\u0648 \u0645\u06cc\u0633\u062a\u0648", "name_fa": "\u0634\u0647\u0631\u062f\u0627\u0631\u06cc \u0634\u0647\u0631 \u0646\u0648\u0648 \u0645\u0633\u062a\u0648", "name_zht": "\u65b0\u6885\u65af\u6258\u5e02", "FCLASS_ISO": null, "FCLASS_US": null, "FCLASS_FR": null, "FCLASS_RU": null, "FCLASS_ES": null, "FCLASS_CN": null, "FCLASS_TW": null, "FCLASS_IN": null, "FCLASS_NP": null, "FCLASS_PK": null, "FCLASS_DE": null, "FCLASS_GB": null, "FCLASS_BR": null, "FCLASS_IL": null, "FCLASS_PS": null, "FCLASS_SA": null, "FCLASS_EG": null, "FCLASS_MA": null, "FCLASS_PT": null, "FCLASS_AR": null, "FCLASS_JP": null, "FCLASS_KO": null, "FCLASS_VN": null, "FCLASS_TR": null, "FCLASS_ID": null, "FCLASS_PL": null, "FCLASS_GR": null, "FCLASS_IT": null, "FCLASS_NL": null, "FCLASS_SE": null, "FCLASS_BD": null, "FCLASS_UA": null, "FCLASS_TLC": null}, "bbox": [15.058079, 45.681915, 15.331031, 45.924355], "geometry": {"type": "Polygon", "coordinates": [[[15.331031, 45.752486], [15.303799, 45.746149], [15.263492, 45.730388], [15.255017, 45.723463], [15.249913, 45.713732], [15.249023, 45.713282], [15.228146, 45.70274], [15.190784, 45.684447], [15.184583, 45.683258], [15.171508, 45.68238], [15.156161, 45.683258], [15.12624, 45.681915], [15.102779, 45.684421], [15.105724, 45.692767], [15.112856, 45.696022], [15.115956, 45.697004], [15.118437, 45.69858], [15.120039, 45.700467], [15.121899, 45.702379], [15.124069, 45.706823], [15.121072, 45.711732], [15.114251, 45.718373], [15.08061, 45.744159], [15.079369, 45.749146], [15.076114, 45.754313], [15.062885, 45.768369], [15.058079, 45.781082], [15.086036, 45.806145], [15.096268, 45.81015], [15.101228, 45.815317], [15.10929, 45.816868], [15.112701, 45.820356], [15.115181, 45.823715], [15.118282, 45.829038], [15.119677, 45.832397], [15.120039, 45.835962], [15.119677, 45.838804], [15.118592, 45.842577], [15.120142, 45.843817], [15.122002, 45.844024], [15.12531, 45.843791], [15.12872, 45.845006], [15.135232, 45.84914], [15.144843, 45.873324], [15.184738, 45.867485], [15.19652, 45.869862], [15.209852, 45.873815], [15.217759, 45.879629], [15.228766, 45.895804], [15.228301, 45.900506], [15.226906, 45.904795], [15.227371, 45.909084], [15.238584, 45.924355], [15.268505, 45.906914], [15.277652, 45.903839], [15.288504, 45.898517], [15.298167, 45.890455], [15.303128, 45.885313], [15.306074, 45.881231], [15.301733, 45.874875], [15.303748, 45.864462], [15.280907, 45.855754], [15.276412, 45.850457], [15.271296, 45.841879], [15.273931, 45.829916], [15.279202, 45.820356], [15.297237, 45.807385], [15.320492, 45.782451], [15.330258, 45.755528], [15.330258, 45.755399], [15.33093, 45.752867], [15.331031, 45.752486]]]}}, {"type": "Feature", "properties": {"featurecla": "Admin-1 states provinces", "scalerank": 10, "adm1_code": "SVN-969", "diss_me": 969, "iso_3166_2": "SI-073", "wikipedia": null, "iso_a2": "SI", "adm0_sr": 1, "name": "Metlika", "name_alt": null, "name_local": null, "type": "Opcine", "type_en": "Commune|Municipality", "code_local": null, "code_hasc": "SI.DO.CR", "note": null, "hasc_maybe": null, "region": "Jugovzhodna Slovenija", "region_cod": null, "provnum_ne": 58, "gadm_level": 2, "check_me": 11, "datarank": 8, "abbrev": null, "postal": "CR", "area_sqkm": 0, "sameascity": -99, "labelrank": 10, "name_len": 7, "mapcolor9": 2, "mapcolor13": 12, "fips": "SI73", "fips_alt": null, "woe_id": 55848368, "woe_label": "Metlika, SI, Slovenia", "woe_name": "Metlika", "latitude": 45.6501, "longitude": 15.2985, "sov_a3": "SVN", "adm0_a3": "SVN", "adm0_label": 2, "admin": "Slovenia", "geonunit": "Slovenia", "gu_a3": "SVN", "gn_id": 3195213, "gn_name": "Obcina Metlika", "gns_id": -88994, "gns_name": "Metlika, Obcina", "gn_level": 1, "gn_region": null, "gn_a1_code": "SI.73", "region_sub": null, "sub_code": null, "gns_level": 1, "gns_lang": "sqi", "gns_adm1": "SI73", "gns_region": null, "min_label": 11, "max_label": 11, "min_zoom": 11, "wikidataid": "Q15896", "name_ar": "\u0645\u062a\u0644\u064a\u0643\u0627", "name_bn": "\u09ae\u09c7\u099f\u09b2\u09bf\u0995\u09be", "name_de": "Metlika", "name_en": "Metlika", "name_es": "Metlika", "name_fr": "Metlika", "name_el": "\u039c\u03b5\u03c4\u03bb\u03af\u03ba\u03b1", "name_hi": "\u092e\u0947\u091f\u094d\u0932\u093f\u0915\u093e", "name_hu": "Metlika", "name_id": "Metlika", "name_it": "Metlika", "name_ja": "\u30e1\u30c8\u30ea\u30ab", "name_ko": "\uba54\ud2c0\ub9ac\uce74", "name_nl": "Metlika", "name_pl": "Metlika", "name_pt": "Metlika", "name_ru": "\u041c\u0435\u0442\u043b\u0438\u043a\u0430", "name_sv": "Metlika", "name_tr": "Metlika", "name_vi": "Metlika", "name_zh": "\u6885\u7279\u5229\u5361", "ne_id": 1159310735, "name_he": "\u05de\u05d8\u05dc\u05d9\u05e7\u05d4", "name_uk": "\u041c\u0435\u0442\u043b\u0438\u043a\u0430", "name_ur": "\u0645\u06cc\u062a\u0644\u06cc\u06a9\u0627", "name_fa": "\u0645\u062a\u0644\u06cc\u06a9\u0627", "name_zht": "\u6885\u7279\u5229\u5361", "FCLASS_ISO": null, "FCLASS_US": null, "FCLASS_FR": null, "FCLASS_RU": null, "FCLASS_ES": null, "FCLASS_CN": null, "FCLASS_TW": null, "FCLASS_IN": null, "FCLASS_NP": null, "FCLASS_PK": null, "FCLASS_DE": null, "FCLASS_GB": null, "FCLASS_BR": null, "FCLASS_IL": null, "FCLASS_PS": null, "FCLASS_SA": null, "FCLASS_EG": null, "FCLASS_MA": null, "FCLASS_PT": null, "FCLASS_AR": null, "FCLASS_JP": null, "FCLASS_KO": null, "FCLASS_VN": null, "FCLASS_TR": null, "FCLASS_ID": null, "FCLASS_PL": null, "FCLASS_GR": null, "FCLASS_IT": null, "FCLASS_NL": null, "FCLASS_SE": null, "FCLASS_BD": null, "FCLASS_UA": null, "FCLASS_TLC": null}, "bbox": [15.22365, 45.571494, 15.373769, 45.713732], "geometry": {"type": "Polygon", "coordinates": [[[15.249913, 45.713732], [15.248919, 45.711836], [15.250883, 45.70765], [15.258221, 45.705118], [15.267832, 45.698452], [15.277754, 45.685016], [15.283025, 45.680107], [15.291914, 45.675559], [15.304936, 45.672149], [15.30907, 45.674164], [15.310414, 45.678195], [15.314961, 45.680882], [15.327054, 45.683156], [15.330774, 45.684551], [15.333875, 45.682639], [15.350034, 45.669619], [15.351962, 45.668066], [15.368291, 45.649049], [15.373769, 45.640213], [15.353099, 45.640316], [15.339146, 45.636905], [15.326744, 45.632255], [15.297391, 45.625692], [15.291604, 45.61825], [15.287883, 45.610344], [15.281062, 45.606158], [15.268556, 45.601662], [15.269589, 45.593446], [15.276721, 45.582697], [15.282179, 45.571494], [15.281631, 45.571947], [15.280132, 45.573188], [15.270831, 45.576236], [15.261374, 45.582386], [15.255948, 45.589207], [15.252847, 45.59422], [15.253157, 45.596804], [15.248971, 45.598199], [15.23905, 45.59639], [15.22365, 45.599956], [15.225045, 45.608276], [15.233727, 45.608353], [15.236259, 45.608663], [15.238894, 45.609981], [15.24184, 45.610705], [15.244321, 45.612927], [15.248816, 45.614839], [15.253157, 45.618198], [15.258893, 45.621608], [15.261684, 45.625639], [15.264939, 45.632874], [15.268195, 45.636129], [15.271916, 45.637912], [15.279202, 45.638558], [15.283543, 45.643416], [15.284318, 45.650134], [15.274551, 45.663208], [15.264629, 45.673026], [15.250987, 45.681295], [15.238119, 45.700906], [15.236414, 45.702534], [15.228146, 45.70274], [15.249023, 45.713282], [15.249913, 45.713732]]]}}, {"type": "Feature", "properties": {"featurecla": "Admin-1 states provinces", "scalerank": 10, "adm1_code": "SVN-945", "diss_me": 945, "iso_3166_2": "SI-017", "wikipedia": null, "iso_a2": "SI", "adm0_sr": 1, "name": "Crnomelj", "name_alt": null, "name_local": null, "type": "Opcine", "type_en": "Commune|Municipality", "code_local": null, "code_hasc": "SI.DO.CR", "note": null, "hasc_maybe": null, "region": "Jugovzhodna Slovenija", "region_cod": null, "provnum_ne": 57, "gadm_level": 2, "check_me": 0, "datarank": 8, "abbrev": null, "postal": "CR", "area_sqkm": 0, "sameascity": -99, "labelrank": 10, "name_len": 8, "mapcolor9": 2, "mapcolor13": 12, "fips": "SI17", "fips_alt": null, "woe_id": 55848345, "woe_label": "Crnomelj, SI, Slovenia", "woe_name": "Crnomelj", "latitude": 45.5229, "longitude": 15.2135, "sov_a3": "SVN", "adm0_a3": "SVN", "adm0_label": 2, "admin": "Slovenia", "geonunit": "Slovenia", "gu_a3": "SVN", "gn_id": 3202332, "gn_name": "Obcina Crnomelj", "gns_id": -77855, "gns_name": "Crnomelj, Obcina", "gn_level": 1, "gn_region": null, "gn_a1_code": "SI.17", "region_sub": null, "sub_code": null, "gns_level": 1, "gns_lang": "srp", "gns_adm1": "SI17", "gns_region": null, "min_label": 11, "max_label": 11, "min_zoom": 11, "wikidataid": "Q3482211", "name_ar": "\u0628\u0644\u062f\u064a\u0629 \u0643\u0645\u0648\u0645\u064a\u0644\u064a\u0647", "name_bn": "\u0995\u09cd\u09b0\u09cb\u09a8\u09cb\u09ae\u09c7\u09b2\u09bf \u09aa\u09cc\u09b0\u09b8\u09ad\u09be", "name_de": "Gemeinde \u010crnomelj", "name_en": "\u010crnomelj", "name_es": "\u010crnomelj", "name_fr": "Municipalit\u00e9 de \u010crnomelj", "name_el": "\u039a\u03c1\u03bd\u03bf\u03bc\u03ad\u03bb\u03c4\u03b6", "name_hi": "\u0915\u094d\u0930\u094d\u0928\u094b\u092e\u0932\u091c\u0947 \u0928\u0917\u0930 \u092a\u093e\u0932\u093f\u0915\u093e", "name_hu": "\u010crnomelj k\u00f6zs\u00e9g", "name_id": "\u010crnomelj", "name_it": "\u010crnomelj", "name_ja": "\u30c1\u30e5\u30eb\u30ce\u30e1\u30ea", "name_ko": "\uce58\ub974\ub178\uba5c \uc9c0\ubc29 \uc790\uce58\uc81c", "name_nl": "\u010crnomelj", "name_pl": "Gmina \u010crnomelj", "name_pt": "Cronmelj", "name_ru": "\u0427\u0440\u043d\u043e\u043c\u0435\u043b\u044c", "name_sv": "Cronmelj", "name_tr": "Cmomelj Belediyesi", "name_vi": "\u0110\u00f4 th\u1ecb t\u1ef1 tr\u1ecb \u010crnomelj", "name_zh": "\u5947\u723e\u8afe\u6885\u5229\u93ae", "ne_id": 1159310681, "name_he": "\u05e6'\u05e0\u05d5\u05de\u05dc\u05d9", "name_uk": "\u0427\u0440\u043d\u043e\u043c\u0435\u043b\u044c", "name_ur": "\u0628\u0644\u062f\u06cc\u06c1 \u0686\u0631\u0646\u0648\u0645\u06cc\u0644", "name_fa": "\u06a9\u0631\u0646\u0648\u0645\u0644\u062c", "name_zht": "\u5947\u723e\u8afe\u6885\u5229\u93ae", "FCLASS_ISO": null, "FCLASS_US": null, "FCLASS_FR": null, "FCLASS_RU": null, "FCLASS_ES": null, "FCLASS_CN": null, "FCLASS_TW": null, "FCLASS_IN": null, "FCLASS_NP": null, "FCLASS_PK": null, "FCLASS_DE": null, "FCLASS_GB": null, "FCLASS_BR": null, "FCLASS_IL": null, "FCLASS_PS": null, "FCLASS_SA": null, "FCLASS_EG": null, "FCLASS_MA": null, "FCLASS_PT": null, "FCLASS_AR": null, "FCLASS_JP": null, "FCLASS_KO": null, "FCLASS_VN": null, "FCLASS_TR": null, "FCLASS_ID": null, "FCLASS_PL": null, "FCLASS_GR": null, "FCLASS_IT": null, "FCLASS_NL": null, "FCLASS_SE": null, "FCLASS_BD": null, "FCLASS_UA": null, "FCLASS_TLC": null}, "bbox": [15.066128, 45.4256, 15.361367, 45.617423], "geometry": {"type": "Polygon", "coordinates": [[[15.282179, 45.571494], [15.282612, 45.570605], [15.288606, 45.54456], [15.296668, 45.522959], [15.311034, 45.505906], [15.361367, 45.482031], [15.351755, 45.47614], [15.333875, 45.458518], [15.325193, 45.452834], [15.314031, 45.450509], [15.281578, 45.450974], [15.225849, 45.43645], [15.18422, 45.4256], [15.139262, 45.430045], [15.066128, 45.473934], [15.074873, 45.488955], [15.086656, 45.499187], [15.092857, 45.502443], [15.103709, 45.506396], [15.118127, 45.508747], [15.121279, 45.511641], [15.120762, 45.516499], [15.113011, 45.520323], [15.101539, 45.519444], [15.090531, 45.516447], [15.079679, 45.514535], [15.073013, 45.517067], [15.069758, 45.522855], [15.073168, 45.534224], [15.08185, 45.54244], [15.086811, 45.544352], [15.090066, 45.546419], [15.093942, 45.546161], [15.097198, 45.544921], [15.100608, 45.546083], [15.100608, 45.550631], [15.088981, 45.558511], [15.083555, 45.563576], [15.08371, 45.574738], [15.079059, 45.583988], [15.079989, 45.589879], [15.073633, 45.601946], [15.105414, 45.594504], [15.133216, 45.596339], [15.141278, 45.598354], [15.146084, 45.600679], [15.147479, 45.60285], [15.150734, 45.606364], [15.15585, 45.610524], [15.173989, 45.617423], [15.188613, 45.617009], [15.206752, 45.61458], [15.225045, 45.608276], [15.22365, 45.599956], [15.23905, 45.59639], [15.248971, 45.598199], [15.253157, 45.596804], [15.252847, 45.59422], [15.255948, 45.589207], [15.261374, 45.582386], [15.270831, 45.576236], [15.280132, 45.573188], [15.281631, 45.571947], [15.282179, 45.571494]]]}}, {"type": "Feature", "properties": {"featurecla": "Admin-1 states provinces", "scalerank": 10, "adm1_code": "SVN-207", "diss_me": 207, "iso_3166_2": "SI-048", "wikipedia": null, "iso_a2": "SI", "adm0_sr": 1, "name": "Kocevje", "name_alt": null, "name_local": null, "type": "Opcine", "type_en": "Commune|Municipality", "code_local": null, "code_hasc": "SI.LJ.KC", "note": null, "hasc_maybe": null, "region": "Jugovzhodna Slovenija", "region_cod": null, "provnum_ne": 54, "gadm_level": 2, "check_me": 0, "datarank": 8, "abbrev": null, "postal": "KC", "area_sqkm": 0, "sameascity": -99, "labelrank": 10, "name_len": 7, "mapcolor9": 2, "mapcolor13": 12, "fips": "SIH7", "fips_alt": null, "woe_id": 55848356, "woe_label": "Kocevje, SI, Slovenia", "woe_name": "Kocevje", "latitude": 45.6418, "longitude": 14.9161, "sov_a3": "SVN", "adm0_a3": "SVN", "adm0_label": 2, "admin": "Slovenia", "geonunit": "Slovenia", "gu_a3": "SVN", "gn_id": 3197942, "gn_name": "Obcina Kocevje", "gns_id": -84784, "gns_name": "Kocevje, Obcina", "gn_level": 1, "gn_region": null, "gn_a1_code": "SI.H7", "region_sub": null, "sub_code": null, "gns_level": 1, "gns_lang": "slv", "gns_adm1": "SI00", "gns_region": null, "min_label": 11, "max_label": 11, "min_zoom": 11, "wikidataid": "Q15884", "name_ar": "\u0628\u0644\u062f\u064a\u0629 \u0643\u0648\u062a\u0634\u064a\u0641\u064a\u0647", "name_bn": "\u0995\u09cb\u099a\u09c7\u09ad\u09bf \u09aa\u09cc\u09b0\u09b8\u09ad\u09be", "name_de": "Ko\u010devje", "name_en": "Ko\u010devje", "name_es": "Ko\u010devje", "name_fr": "Ko\u010devje", "name_el": "\u039a\u03bf\u03c4\u03c3\u03ad\u03b2\u03b9\u03b5", "name_hi": "\u0915\u094b\u0938\u0947\u0935\u093f\u092f\u0947 \u0928\u0917\u0930 \u092a\u093e\u0932\u093f\u0915\u093e", "name_hu": "Ko\u010devje k\u00f6zs\u00e9g", "name_id": "Ko\u010devje", "name_it": "Ko\u010devje", "name_ja": "\u30b3\u30c1\u30a7\u30fc\u30f4\u30a3\u30a8", "name_ko": "\ucf54\uccb4\ubca0", "name_nl": "Ko\u010devje", "name_pl": "Gmina Ko\u010devje", "name_pt": "Ko\u010devje", "name_ru": "\u041a\u043e\u0447\u0435\u0432\u044c\u0435", "name_sv": "Ko\u010devje", "name_tr": "Kocevje Belediyesi", "name_vi": "Ko\u010devje", "name_zh": "\u79d1\u5207\u7ef4", "ne_id": 1159308563, "name_he": "\u05e7\u05d5\u05e6'\u05d5\u05d5\u05d9\u05d4", "name_uk": "\u041a\u043e\u0447\u0435\u0432'\u0454", "name_ur": "\u06a9\u0648\u06a9\u06cc\u0648\u062c\u06cc \u0645\u06cc\u0648\u0646\u0633\u067e\u0644\u0679\u06cc", "name_fa": "\u06a9\u0648\u0633\u0648\u062c\u0647", "name_zht": "\u79d1\u5207\u7dad", "FCLASS_ISO": null, "FCLASS_US": null, "FCLASS_FR": null, "FCLASS_RU": null, "FCLASS_ES": null, "FCLASS_CN": null, "FCLASS_TW": null, "FCLASS_IN": null, "FCLASS_NP": null, "FCLASS_PK": null, "FCLASS_DE": null, "FCLASS_GB": null, "FCLASS_BR": null, "FCLASS_IL": null, "FCLASS_PS": null, "FCLASS_SA": null, "FCLASS_EG": null, "FCLASS_MA": null, "FCLASS_PT": null, "FCLASS_AR": null, "FCLASS_JP": null, "FCLASS_KO": null, "FCLASS_VN": null, "FCLASS_TR": null, "FCLASS_ID": null, "FCLASS_PL": null, "FCLASS_GR": null, "FCLASS_IT": null, "FCLASS_NL": null, "FCLASS_SE": null, "FCLASS_BD": null, "FCLASS_UA": null, "FCLASS_TLC": null}, "bbox": [14.710968, 45.473934, 15.121279, 45.771548], "geometry": {"type": "Polygon", "coordinates": [[[15.066128, 45.473934], [15.056166, 45.479912], [15.007383, 45.480843], [14.997461, 45.487199], [14.986299, 45.490868], [14.977341, 45.491728], [14.977205, 45.491952], [14.965319, 45.511538], [14.943874, 45.525413], [14.937828, 45.526317], [14.929766, 45.525413], [14.913798, 45.521976], [14.901706, 45.521382], [14.885221, 45.524147], [14.870338, 45.530296], [14.864602, 45.531149], [14.858246, 45.529779], [14.848479, 45.524172], [14.845844, 45.520271], [14.843518, 45.51376], [14.838505, 45.504458], [14.83556, 45.501719], [14.831219, 45.499704], [14.817111, 45.501254], [14.795872, 45.518927], [14.756133, 45.544972], [14.739235, 45.553576], [14.733034, 45.561638], [14.731639, 45.565333], [14.733344, 45.567245], [14.733654, 45.571896], [14.730088, 45.575771], [14.72368, 45.596985], [14.710968, 45.62812], [14.726626, 45.637783], [14.731794, 45.646982], [14.754738, 45.63954], [14.770706, 45.641866], [14.777837, 45.648687], [14.788276, 45.663466], [14.789361, 45.674112], [14.822382, 45.727855], [14.795872, 45.7431], [14.813701, 45.757672], [14.826878, 45.757621], [14.835715, 45.76054], [14.846464, 45.759584], [14.862432, 45.755657], [14.869718, 45.752246], [14.877004, 45.743927], [14.895763, 45.745115], [14.926355, 45.769196], [14.939223, 45.771548], [14.982063, 45.766302], [14.983613, 45.749172], [14.980202, 45.741446], [14.971986, 45.711577], [14.976637, 45.702895], [14.981132, 45.696591], [14.999891, 45.681786], [15.020096, 45.665017], [15.024592, 45.647498], [15.037615, 45.631324], [15.056373, 45.606829], [15.073633, 45.601946], [15.079989, 45.589879], [15.079059, 45.583988], [15.08371, 45.574738], [15.083555, 45.563576], [15.088981, 45.558511], [15.100608, 45.550631], [15.100608, 45.546083], [15.097198, 45.544921], [15.093942, 45.546161], [15.090066, 45.546419], [15.086811, 45.544352], [15.08185, 45.54244], [15.073168, 45.534224], [15.069758, 45.522855], [15.073013, 45.517067], [15.079679, 45.514535], [15.090531, 45.516447], [15.101539, 45.519444], [15.113011, 45.520323], [15.120762, 45.516499], [15.121279, 45.511641], [15.118127, 45.508747], [15.103709, 45.506396], [15.092857, 45.502443], [15.086656, 45.499187], [15.074873, 45.488955], [15.066128, 45.473934]]]}}, {"type": "Feature", "properties": {"featurecla": "Admin-1 states provinces", "scalerank": 10, "adm1_code": "SVN-245", "diss_me": 245, "iso_3166_2": "SI-165", "wikipedia": null, "iso_a2": "SI", "adm0_sr": 1, "name": "Kostel", "name_alt": null, "name_local": null, "type": "Opcine", "type_en": "Commune|Municipality", "code_local": null, "code_hasc": "SI.LJ.KS", "note": null, "hasc_maybe": null, "region": "Jugovzhodna Slovenija", "region_cod": null, "provnum_ne": 98, "gadm_level": 2, "check_me": 10, "datarank": 8, "abbrev": null, "postal": "KS", "area_sqkm": 0, "sameascity": -99, "labelrank": 10, "name_len": 6, "mapcolor9": 2, "mapcolor13": 12, "fips": "SI00", "fips_alt": "SIH9", "woe_id": 55848356, "woe_label": null, "woe_name": null, "latitude": 45.4814, "longitude": 14.8204, "sov_a3": "SVN", "adm0_a3": "SVN", "adm0_label": 2, "admin": "Slovenia", "geonunit": "Slovenia", "gu_a3": "SVN", "gn_id": 3344908, "gn_name": "Obcina Kostel", "gns_id": 9123410, "gns_name": "Kostel, Obcina", "gn_level": 1, "gn_region": null, "gn_a1_code": "SI.H9", "region_sub": null, "sub_code": null, "gns_level": 1, "gns_lang": "kat", "gns_adm1": "SI72", "gns_region": null, "min_label": 11, "max_label": 11, "min_zoom": 11, "wikidataid": "Q3434092", "name_ar": "\u0628\u0644\u062f\u064a\u0629 \u0643\u0648\u0633\u062a\u064a\u0644", "name_bn": "\u0995\u09b8\u09cd\u099f\u09c7\u09b2 \u09aa\u09cc\u09b0\u09b8\u09ad\u09be", "name_de": "Gemeinde Kostel", "name_en": "Kostel", "name_es": "Municipalidad del Kostel", "name_fr": "municipalit\u00e9 de Kostel", "name_el": "\u039a\u03bf\u03c3\u03c4\u03ad\u03bb", "name_hi": "\u0915\u094b\u0938\u094d\u091f\u0932 \u0928\u0917\u0930 \u092a\u093e\u0932\u093f\u0915\u093e", "name_hu": "Kostel k\u00f6zs\u00e9g", "name_id": "Kostel", "name_it": "Kostel", "name_ja": "\u30b3\u30b9\u30c6\u30eb", "name_ko": "\ucf54\uc2a4\ud154 \uc9c0\ubc29 \uc790\uce58\uc81c", "name_nl": "Kostel", "name_pl": "Gmina Kostel", "name_pt": "Kostel", "name_ru": "\u041a\u043e\u0441\u0442\u0435\u043b", "name_sv": "Kostel", "name_tr": "Kostel Belediyesi", "name_vi": "\u0110\u00f4 th\u1ecb t\u1ef1 tr\u1ecb Kostel", "name_zh": "\u79d1\u65af\u6cf0\u5c14", "ne_id": 1159308649, "name_he": "\u05e7\u05d5\u05e1\u05d8\u05dc", "name_uk": "\u041a\u043e\u0441\u0442\u0435\u043b", "name_ur": "\u06a9\u0648\u0633\u062a\u06cc\u0644 \u0645\u06cc\u0648\u0646\u0633\u067e\u0644\u0679\u06cc", "name_fa": "\u0634\u0647\u0631\u062f\u0627\u0631\u06cc \u06a9\u0648\u0633\u062a\u0644", "name_zht": "\u79d1\u65af\u6cf0\u5c14", "FCLASS_ISO": null, "FCLASS_US": null, "FCLASS_FR": null, "FCLASS_RU": null, "FCLASS_ES": null, "FCLASS_CN": null, "FCLASS_TW": null, "FCLASS_IN": null, "FCLASS_NP": null, "FCLASS_PK": null, "FCLASS_DE": null, "FCLASS_GB": null, "FCLASS_BR": null, "FCLASS_IL": null, "FCLASS_PS": null, "FCLASS_SA": null, "FCLASS_EG": null, "FCLASS_MA": null, "FCLASS_PT": null, "FCLASS_AR": null, "FCLASS_JP": null, "FCLASS_KO": null, "FCLASS_VN": null, "FCLASS_TR": null, "FCLASS_ID": null, "FCLASS_PL": null, "FCLASS_GR": null, "FCLASS_IT": null, "FCLASS_NL": null, "FCLASS_SE": null, "FCLASS_BD": null, "FCLASS_UA": null, "FCLASS_TLC": null}, "bbox": [14.663675, 45.458983, 14.977341, 45.596985], "geometry": {"type": "Polygon", "coordinates": [[[14.977341, 45.491728], [14.962631, 45.493142], [14.945372, 45.50451], [14.922634, 45.514949], [14.904444, 45.514432], [14.900826, 45.493142], [14.881603, 45.469784], [14.838815, 45.458983], [14.797164, 45.465185], [14.781454, 45.493142], [14.781351, 45.493193], [14.781247, 45.493348], [14.781144, 45.493348], [14.688333, 45.522029], [14.668489, 45.533966], [14.668179, 45.539134], [14.671693, 45.556807], [14.669833, 45.564558], [14.664045, 45.570036], [14.663675, 45.570187], [14.680582, 45.576236], [14.72368, 45.596985], [14.730088, 45.575771], [14.733654, 45.571896], [14.733344, 45.567245], [14.731639, 45.565333], [14.733034, 45.561638], [14.739235, 45.553576], [14.756133, 45.544972], [14.795872, 45.518927], [14.817111, 45.501254], [14.831219, 45.499704], [14.83556, 45.501719], [14.838505, 45.504458], [14.843518, 45.51376], [14.845844, 45.520271], [14.848479, 45.524172], [14.858246, 45.529779], [14.864602, 45.531149], [14.870338, 45.530296], [14.885221, 45.524147], [14.901706, 45.521382], [14.913798, 45.521976], [14.929766, 45.525413], [14.937828, 45.526317], [14.943874, 45.525413], [14.965319, 45.511538], [14.977205, 45.491952], [14.977341, 45.491728]]]}}, {"type": "Feature", "properties": {"featurecla": "Admin-1 states provinces", "scalerank": 10, "adm1_code": "SVN-965", "diss_me": 965, "iso_3166_2": "SI-066", "wikipedia": null, "iso_a2": "SI", "adm0_sr": 1, "name": "Lo\u0161ki Potok", "name_alt": null, "name_local": null, "type": "Opcine", "type_en": "Commune|Municipality", "code_local": null, "code_hasc": "SI.LJ.LP", "note": null, "hasc_maybe": null, "region": "Jugovzhodna Slovenija", "region_cod": null, "provnum_ne": 90, "gadm_level": 2, "check_me": 0, "datarank": 8, "abbrev": null, "postal": "LP", "area_sqkm": 0, "sameascity": -99, "labelrank": 10, "name_len": 11, "mapcolor9": 2, "mapcolor13": 12, "fips": "SI66", "fips_alt": null, "woe_id": -55848381, "woe_label": null, "woe_name": null, "latitude": 45.6506, "longitude": 14.6363, "sov_a3": "SVN", "adm0_a3": "SVN", "adm0_label": 2, "admin": "Slovenia", "geonunit": "Slovenia", "gu_a3": "SVN", "gn_id": 3239059, "gn_name": "Obcina Loski Potok", "gns_id": 243448, "gns_name": "Loski Potok, Obcina", "gn_level": 1, "gn_region": null, "gn_a1_code": "SI.66", "region_sub": null, "sub_code": null, "gns_level": 1, "gns_lang": "div", "gns_adm1": "SI66", "gns_region": null, "min_label": 11, "max_label": 11, "min_zoom": 11, "wikidataid": "Q999553", "name_ar": "\u0628\u0644\u062f\u064a\u0629 \u0644\u0648\u062a\u0633\u0643\u064a \u0628\u0648\u062a\u0648\u0643", "name_bn": "\u09b2\u09b8\u09cd\u0995\u09bf \u09aa\u09cb\u099f\u09cb\u0995 \u09aa\u09cc\u09b0\u09b8\u09ad\u09be", "name_de": "Lo\u0161ki Potok", "name_en": "Lo\u0161ki Potok", "name_es": "Lo\u0161ki Potok", "name_fr": "Lo\u0161ki Potok", "name_el": "\u039b\u03cc\u03c3\u03ba\u03b9 \u03a0\u03cc\u03c4\u03bf\u03ba", "name_hi": "\u0932\u094b\u0938\u094d\u0915\u0940 \u092a\u094b\u091f\u094b\u0915 \u0928\u0917\u0930 \u092a\u093e\u0932\u093f\u0915\u093e", "name_hu": "Lo\u0161ki Potok", "name_id": "Lo\u0161ki Potok", "name_it": "Lo\u0161ki Potok", "name_ja": "\u30ed\u30b7\u30e5\u30ad\u30fb\u30dd\u30c8\u30af", "name_ko": "\ub85c\uc288\ud0a4\ud3ec\ud1a0\ud06c", "name_nl": "Lo\u0161ki Potok", "name_pl": "Gmina Lo\u0161ki Potok", "name_pt": "Lo\u0161ki Potok", "name_ru": "\u041b\u043e\u0448\u043a\u0438-\u041f\u043e\u0442\u043e\u043a", "name_sv": "Loski Potok", "name_tr": "Lo\u0161ki Potok", "name_vi": "Lo\u0161ki Potok", "name_zh": "\u6d1b\u4ec0\u57fa\u6ce2\u6258\u514b", "ne_id": 1159310725, "name_he": "\u05dc\u05d5\u05d8\u05d4", "name_uk": "\u041b\u043e\u0448\u043a\u0438\u0439 \u041f\u043e\u0442\u043e\u043a", "name_ur": "\u0644\u0648\u0633\u06a9\u06cc \u067e\u0648\u062a\u0648\u06a9 \u0645\u06cc\u0648\u0646\u0633\u067e\u0644\u0679\u06cc", "name_fa": "\u0634\u0647\u0631\u062f\u0627\u0631\u06cc \u0644\u0648\u0686\u06a9\u06cc \u067e\u0648\u062a\u0648\u06a9", "name_zht": "\u6d1b\u4ec0\u57fa\u6ce2\u6258\u514b", "FCLASS_ISO": null, "FCLASS_US": null, "FCLASS_FR": null, "FCLASS_RU": null, "FCLASS_ES": null, "FCLASS_CN": null, "FCLASS_TW": null, "FCLASS_IN": null, "FCLASS_NP": null, "FCLASS_PK": null, "FCLASS_DE": null, "FCLASS_GB": null, "FCLASS_BR": null, "FCLASS_IL": null, "FCLASS_PS": null, "FCLASS_SA": null, "FCLASS_EG": null, "FCLASS_MA": null, "FCLASS_PT": null, "FCLASS_AR": null, "FCLASS_JP": null, "FCLASS_KO": null, "FCLASS_VN": null, "FCLASS_TR": null, "FCLASS_ID": null, "FCLASS_PL": null, "FCLASS_GR": null, "FCLASS_IT": null, "FCLASS_NL": null, "FCLASS_SE": null, "FCLASS_BD": null, "FCLASS_UA": null, "FCLASS_TLC": null}, "bbox": [14.53749, 45.570187, 14.735204, 45.738268], "geometry": {"type": "Polygon", "coordinates": [[[14.663675, 45.570187], [14.657327, 45.572775], [14.650299, 45.574842], [14.615986, 45.594066], [14.603067, 45.603574], [14.593868, 45.616183], [14.592938, 45.629671], [14.594075, 45.648016], [14.591905, 45.663364], [14.580949, 45.667808], [14.569095, 45.664252], [14.568961, 45.664629], [14.568238, 45.66667], [14.558626, 45.681295], [14.556714, 45.692198], [14.53749, 45.734418], [14.550048, 45.738268], [14.555629, 45.734676], [14.576144, 45.735322], [14.598934, 45.729535], [14.619604, 45.728889], [14.629681, 45.724574], [14.634642, 45.720388], [14.646269, 45.707495], [14.667198, 45.689408], [14.676552, 45.683103], [14.708022, 45.675559], [14.72058, 45.669771], [14.731174, 45.667316], [14.733034, 45.664216], [14.735204, 45.659487], [14.734584, 45.65556], [14.735204, 45.652149], [14.731794, 45.646982], [14.726626, 45.637783], [14.710968, 45.62812], [14.72368, 45.596985], [14.680582, 45.576236], [14.663675, 45.570187]]]}}, {"type": "Feature", "properties": {"featurecla": "Admin-1 states provinces", "scalerank": 10, "adm1_code": "SVN-209", "diss_me": 209, "iso_3166_2": "SI-065", "wikipedia": null, "iso_a2": "SI", "adm0_sr": 1, "name": "Lo\u0161ka dolina", "name_alt": null, "name_local": null, "type": "Opcine", "type_en": "Commune|Municipality", "code_local": null, "code_hasc": "SI.NO.LD", "note": null, "hasc_maybe": null, "region": "Notranjsko-kra\u0161ka", "region_cod": null, "provnum_ne": 89, "gadm_level": 2, "check_me": 0, "datarank": 8, "abbrev": null, "postal": "LD", "area_sqkm": 0, "sameascity": -99, "labelrank": 10, "name_len": 12, "mapcolor9": 2, "mapcolor13": 12, "fips": "SII7", "fips_alt": null, "woe_id": -55848344, "woe_label": null, "woe_name": null, "latitude": 45.6638, "longitude": 14.4776, "sov_a3": "SVN", "adm0_a3": "SVN", "adm0_label": 2, "admin": "Slovenia", "geonunit": "Slovenia", "gu_a3": "SVN", "gn_id": 3239056, "gn_name": "Obcina Loska Dolina", "gns_id": 243445, "gns_name": "Loska Dolina, Obcina", "gn_level": 1, "gn_region": null, "gn_a1_code": "SI.I7", "region_sub": null, "sub_code": null, "gns_level": 1, "gns_lang": "div", "gns_adm1": "SI91", "gns_region": null, "min_label": 11, "max_label": 11, "min_zoom": 11, "wikidataid": "Q999525", "name_ar": "\u0628\u0644\u062f\u064a\u0629 \u0644\u0648\u062a\u0633\u0643\u0627 \u062f\u0648\u0644\u064a\u0646\u0627", "name_bn": "\u09b2\u09b8\u09cd\u0995\u09be \u09a1\u09cb\u09b2\u09bf\u09a8\u09be \u09aa\u09cc\u09b0\u09b8\u09ad\u09be", "name_de": "Lo\u0161ka Dolina", "name_en": "Lo\u0161ka Dolina", "name_es": "Lo\u0161ka Dolina", "name_fr": "Lo\u0161ka Dolina", "name_el": "\u039b\u03cc\u03c3\u03ba\u03b1 \u039d\u03c4\u03bf\u03bb\u03af\u03bd\u03b1", "name_hi": "\u0932\u094b\u0938\u094d\u0915\u093e \u0921\u094b\u0932\u093f\u0928\u093e \u0928\u0917\u0930 \u092a\u093e\u0932\u093f\u0915\u093e", "name_hu": "Lo\u0161ka dolina", "name_id": "Lo\u0161ka Dolina", "name_it": "Lo\u0161ka Dolina", "name_ja": "\u30ed\u30b7\u30e5\u30ab\u30fb\u30c9\u30ea\u30ca", "name_ko": "\ub85c\uc288\uce74\ub3cc\ub9ac\ub098", "name_nl": "Lo\u0161ka Dolina", "name_pl": "Gmina Lo\u0161ka dolina", "name_pt": "Lo\u0161ka Dolina", "name_ru": "\u041b\u043e\u0448\u043a\u0430-\u0414\u043e\u043b\u0438\u043d\u0430", "name_sv": "Loska Dolina", "name_tr": "Loska Dolina Belediyesi", "name_vi": "Lo\u0161ka Dolina", "name_zh": "\u7f57\u65af\u5361\u5f97\u5229\u4e9a", "ne_id": 1159308569, "name_he": "\u05dc\u05d5\u05e9\u05e7\u05d9 \u05e4\u05d5\u05d8\u05d5\u05e7", "name_uk": "\u041b\u043e\u0448\u043a\u0430 \u0414\u043e\u043b\u0438\u043d\u0430", "name_ur": "\u0644\u0648\u0633\u06a9\u0627 \u062f\u0648\u0644\u06cc\u0646\u0627 \u0645\u06cc\u0648\u0646\u0633\u067e\u0644\u0679\u06cc", "name_fa": "\u0634\u0647\u0631\u062f\u0627\u0631\u06cc \u0644\u0648\u0686\u06a9\u0627 \u062f\u0648\u0644\u06cc\u0646\u0627", "name_zht": "\u7f57\u65af\u5361\u5f97\u5229\u4e9a", "FCLASS_ISO": null, "FCLASS_US": null, "FCLASS_FR": null, "FCLASS_RU": null, "FCLASS_ES": null, "FCLASS_CN": null, "FCLASS_TW": null, "FCLASS_IN": null, "FCLASS_NP": null, "FCLASS_PK": null, "FCLASS_DE": null, "FCLASS_GB": null, "FCLASS_BR": null, "FCLASS_IL": null, "FCLASS_PS": null, "FCLASS_SA": null, "FCLASS_EG": null, "FCLASS_MA": null, "FCLASS_PT": null, "FCLASS_AR": null, "FCLASS_JP": null, "FCLASS_KO": null, "FCLASS_VN": null, "FCLASS_TR": null, "FCLASS_ID": null, "FCLASS_PL": null, "FCLASS_GR": null, "FCLASS_IT": null, "FCLASS_NL": null, "FCLASS_SE": null, "FCLASS_BD": null, "FCLASS_UA": null, "FCLASS_TLC": null}, "bbox": [14.386182, 45.578924, 14.569095, 45.747854], "geometry": {"type": "Polygon", "coordinates": [[[14.569095, 45.664252], [14.563896, 45.662692], [14.556145, 45.656697], [14.543639, 45.63644], [14.533097, 45.625692], [14.507879, 45.605848], [14.498577, 45.596184], [14.492273, 45.58342], [14.491502, 45.579165], [14.491033, 45.579311], [14.488139, 45.580216], [14.480698, 45.579854], [14.474032, 45.580422], [14.467985, 45.578924], [14.460389, 45.580164], [14.449382, 45.579802], [14.438943, 45.580732], [14.438168, 45.58298], [14.443439, 45.587631], [14.443904, 45.594633], [14.441269, 45.600008], [14.428091, 45.608663], [14.42189, 45.61688], [14.42251, 45.623908], [14.426231, 45.644036], [14.425766, 45.661606], [14.416619, 45.670753], [14.393365, 45.689305], [14.386182, 45.707495], [14.410573, 45.710078], [14.478372, 45.747854], [14.50819, 45.731111], [14.525243, 45.728914], [14.529584, 45.730232], [14.53749, 45.734418], [14.556714, 45.692198], [14.558626, 45.681295], [14.568238, 45.66667], [14.568961, 45.664629], [14.569095, 45.664252]]]}}, {"type": "Feature", "properties": {"featurecla": "Admin-1 states provinces", "scalerank": 10, "adm1_code": "SVN-954", "diss_me": 954, "iso_3166_2": "SI-038", "wikipedia": null, "iso_a2": "SI", "adm0_sr": 1, "name": "Ilirska Bistrica", "name_alt": null, "name_local": null, "type": "Opcine", "type_en": "Commune|Municipality", "code_local": null, "code_hasc": "SI.NO.IB", "note": null, "hasc_maybe": null, "region": "Notranjsko-kra\u0161ka", "region_cod": null, "provnum_ne": 87, "gadm_level": 2, "check_me": 0, "datarank": 8, "abbrev": null, "postal": "IB", "area_sqkm": 0, "sameascity": -99, "labelrank": 10, "name_len": 16, "mapcolor9": 2, "mapcolor13": 12, "fips": "SI38", "fips_alt": null, "woe_id": 55848352, "woe_label": "Ilirska Bistrica, SI, Slovenia", "woe_name": "Ilirska Bistrica", "latitude": 45.5678, "longitude": 14.2891, "sov_a3": "SVN", "adm0_a3": "SVN", "adm0_label": 2, "admin": "Slovenia", "geonunit": "Slovenia", "gu_a3": "SVN", "gn_id": 3199130, "gn_name": "Obcina Ilirska Bistrica", "gns_id": -82934, "gns_name": "Ilirska Bistrica, Obcina", "gn_level": 1, "gn_region": null, "gn_a1_code": "SI.38", "region_sub": null, "sub_code": null, "gns_level": 1, "gns_lang": "sqi", "gns_adm1": "SI38", "gns_region": null, "min_label": 11, "max_label": 11, "min_zoom": 11, "wikidataid": "Q13377784", "name_ar": "\u0625\u064a\u0644\u064a\u0631\u0633\u0643\u0627 \u0628\u064a\u062a\u0631\u064a\u0633\u0627", "name_bn": "\u0987\u09b2\u09bf\u09b0\u09b8\u09cd\u0995\u09be \u09ac\u09bf\u09b8\u09cd\u099f\u09cd\u09b0\u09bf\u0995\u09be", "name_de": "Gemeinde Ilirska Bistrica", "name_en": "Ilirska Bistrica", "name_es": "Municipio de Ilirska Bistrica", "name_fr": "Ilirska Bistrica", "name_el": "\u0399\u03bb\u03af\u03c1\u03c3\u03ba\u03b1 \u039c\u03c0\u03af\u03c3\u03c4\u03c1\u03b9\u03ba\u03b1", "name_hi": "\u0907\u0932\u093f\u0930\u094d\u0938\u094d\u0915\u093e \u092c\u093f\u0938\u094d\u091f\u094d\u0930\u093f\u0915\u093e", "name_hu": "Ilirska Bistrica", "name_id": "Kota praja Ilirska Bistrica", "name_it": "Bisterza", "name_ja": "\u30a4\u30ea\u30eb\u30b9\u30ab\u30fb\u30d3\u30b9\u30c8\u30ea\u30c4\u30a1", "name_ko": "\uc77c\ub9ac\ub974\uc2a4\uce74 \ube44\uc2a4\ud2b8\ub9ac\uce74", "name_nl": "Ilirska Bistrica", "name_pl": "Gmina Ilirska Bistrica", "name_pt": "Ilirska Bistrica", "name_ru": "\u0418\u043b\u0438\u0440\u0441\u043a\u0430-\u0411\u0438\u0441\u0442\u0440\u0438\u0446\u0430", "name_sv": "Ilirska Bistrica", "name_tr": "Ilirska Bistrica", "name_vi": "Ilirska Bistrica", "name_zh": "\u4f0a\u5229\u723e\u65af\u5361\u6bd4\u65af\u7279\u91cc\u5bdf\u93ae", "ne_id": 1159310701, "name_he": "\u05d0\u05d9\u05dc\u05d9\u05e8\u05e1\u05e7\u05d4 \u05d1\u05d9\u05e1\u05d8\u05e8\u05d9\u05e6\u05d4", "name_uk": "\u0406\u043b\u0456\u0440\u0441\u044c\u043a\u0430 \u0411\u0438\u0441\u0442\u0440\u0438\u0446\u044f", "name_ur": "\u0627\u06cc\u0631\u0633\u06a9\u0627 \u0628\u0633\u062a\u0631\u06cc\u06a9\u0627", "name_fa": "\u0634\u0647\u0631\u062f\u0627\u0631\u06cc \u0627\u06cc\u0644\u06cc\u0631\u0633\u06a9\u0627 \u0628\u06cc\u0633\u062a\u0631\u06cc\u06a9\u0627", "name_zht": "\u4f0a\u5229\u723e\u65af\u5361\u6bd4\u65af\u7279\u91cc\u5bdf\u93ae", "FCLASS_ISO": null, "FCLASS_US": null, "FCLASS_FR": null, "FCLASS_RU": null, "FCLASS_ES": null, "FCLASS_CN": null, "FCLASS_TW": null, "FCLASS_IN": null, "FCLASS_NP": null, "FCLASS_PK": null, "FCLASS_DE": null, "FCLASS_GB": null, "FCLASS_BR": null, "FCLASS_IL": null, "FCLASS_PS": null, "FCLASS_SA": null, "FCLASS_EG": null, "FCLASS_MA": null, "FCLASS_PT": null, "FCLASS_AR": null, "FCLASS_JP": null, "FCLASS_KO": null, "FCLASS_VN": null, "FCLASS_TR": null, "FCLASS_ID": null, "FCLASS_PL": null, "FCLASS_GR": null, "FCLASS_IT": null, "FCLASS_NL": null, "FCLASS_SE": null, "FCLASS_BD": null, "FCLASS_UA": null, "FCLASS_TLC": null}, "bbox": [14.087182, 45.472884, 14.491502, 45.6722], "geometry": {"type": "Polygon", "coordinates": [[[14.491502, 45.579165], [14.487415, 45.5566], [14.482144, 45.542441], [14.468915, 45.525594], [14.429744, 45.505389], [14.411244, 45.493193], [14.372797, 45.477845], [14.326805, 45.4749], [14.280399, 45.481101], [14.240608, 45.493348], [14.218698, 45.497172], [14.193066, 45.491901], [14.145524, 45.476243], [14.119686, 45.472884], [14.117321, 45.472976], [14.116747, 45.472998], [14.116792, 45.47322], [14.118084, 45.479524], [14.118239, 45.491797], [14.112142, 45.501357], [14.107491, 45.504768], [14.089197, 45.515284], [14.087182, 45.517997], [14.094468, 45.531175], [14.102685, 45.550398], [14.104855, 45.56032], [14.10563, 45.565953], [14.099584, 45.568666], [14.093693, 45.567451], [14.090437, 45.57019], [14.089507, 45.574686], [14.093693, 45.586546], [14.099119, 45.594065], [14.10222, 45.601455], [14.104545, 45.60471], [14.089817, 45.614089], [14.090592, 45.624244], [14.10284, 45.622797], [14.110281, 45.626001], [14.127541, 45.630393], [14.151881, 45.631427], [14.1941, 45.629515], [14.215649, 45.631324], [14.226708, 45.633339], [14.23787, 45.640677], [14.246552, 45.644139], [14.285516, 45.655043], [14.316987, 45.659487], [14.328304, 45.66388], [14.330785, 45.6676], [14.328459, 45.670649], [14.332645, 45.67189], [14.347269, 45.6722], [14.369128, 45.659694], [14.378585, 45.651994], [14.426231, 45.644036], [14.42251, 45.623908], [14.42189, 45.61688], [14.428091, 45.608663], [14.441269, 45.600008], [14.443904, 45.594633], [14.443439, 45.587631], [14.438168, 45.58298], [14.438943, 45.580732], [14.449382, 45.579802], [14.460389, 45.580164], [14.467985, 45.578924], [14.474032, 45.580422], [14.480698, 45.579854], [14.488139, 45.580216], [14.491033, 45.579311], [14.491502, 45.579165]]]}}, {"type": "Feature", "properties": {"featurecla": "Admin-1 states provinces", "scalerank": 10, "adm1_code": "SVN-1027", "diss_me": 1027, "iso_3166_2": "SI-040", "wikipedia": null, "iso_a2": "SI", "adm0_sr": 1, "name": "Izola", "name_alt": null, "name_local": null, "type": "Opcine", "type_en": "Commune|Municipality", "code_local": null, "code_hasc": "SI.JP.IZ", "note": null, "hasc_maybe": null, "region": "Obalno-kra\u0161ka", "region_cod": null, "provnum_ne": 96, "gadm_level": 2, "check_me": 0, "datarank": 8, "abbrev": null, "postal": "IZ", "area_sqkm": 0, "sameascity": -99, "labelrank": 10, "name_len": 5, "mapcolor9": 2, "mapcolor13": 12, "fips": "SI40", "fips_alt": null, "woe_id": 55848353, "woe_label": "Izola, SI, Slovenia", "woe_name": "Izola", "latitude": 45.5153, "longitude": 13.643, "sov_a3": "SVN", "adm0_a3": "SVN", "adm0_label": 2, "admin": "Slovenia", "geonunit": "Slovenia", "gu_a3": "SVN", "gn_id": 3199016, "gn_name": "Comune di Isola", "gns_id": -83100, "gns_name": "Isola, Comune di", "gn_level": 1, "gn_region": null, "gn_a1_code": "SI.40", "region_sub": null, "sub_code": null, "gns_level": 1, "gns_lang": "ita", "gns_adm1": "SI40", "gns_region": null, "min_label": 11, "max_label": 11, "min_zoom": 11, "wikidataid": "Q15877", "name_ar": "\u0625\u064a\u0632\u0648\u0644\u0627", "name_bn": "\u0987\u099c\u09c1\u09b2\u09be", "name_de": "Izola", "name_en": "Izola", "name_es": "Izola", "name_fr": "Izola", "name_el": "\u038a\u03b6\u03bf\u03bb\u03b1", "name_hi": "\u0907\u091c\u093c\u094b\u0932\u093e", "name_hu": "Izola", "name_id": "Izola", "name_it": "Isola", "name_ja": "\u30a4\u30be\u30e9", "name_ko": "\uc774\uc878\ub77c", "name_nl": "Izola", "name_pl": "Izola", "name_pt": "Izola", "name_ru": "\u0418\u0437\u043e\u043b\u0430", "name_sv": "Izola", "name_tr": "Izola", "name_vi": "Izola", "name_zh": "\u4f0a\u4f50\u62c9", "ne_id": 1159310863, "name_he": "\u05d0\u05d9\u05d6\u05d5\u05dc\u05d4", "name_uk": "\u0406\u0437\u043e\u043b\u0430", "name_ur": "\u06cc\u0632\u0648\u0644\u0627", "name_fa": "\u0627\u06cc\u0632\u0648\u0644\u0627", "name_zht": "\u4f0a\u4f50\u62c9", "FCLASS_ISO": null, "FCLASS_US": null, "FCLASS_FR": null, "FCLASS_RU": null, "FCLASS_ES": null, "FCLASS_CN": null, "FCLASS_TW": null, "FCLASS_IN": null, "FCLASS_NP": null, "FCLASS_PK": null, "FCLASS_DE": null, "FCLASS_GB": null, "FCLASS_BR": null, "FCLASS_IL": null, "FCLASS_PS": null, "FCLASS_SA": null, "FCLASS_EG": null, "FCLASS_MA": null, "FCLASS_PT": null, "FCLASS_AR": null, "FCLASS_JP": null, "FCLASS_KO": null, "FCLASS_VN": null, "FCLASS_TR": null, "FCLASS_ID": null, "FCLASS_PL": null, "FCLASS_GR": null, "FCLASS_IT": null, "FCLASS_NL": null, "FCLASS_SE": null, "FCLASS_BD": null, "FCLASS_UA": null, "FCLASS_TLC": null}, "bbox": [13.610929, 45.48818, 13.675141, 45.544745], "geometry": {"type": "Polygon", "coordinates": [[[13.610929, 45.538025], [13.675141, 45.544745], [13.674287, 45.520684], [13.662763, 45.50699], [13.657492, 45.492159], [13.654237, 45.49066], [13.64664, 45.48818], [13.641679, 45.489575], [13.639974, 45.49097], [13.639664, 45.493218], [13.633463, 45.499652], [13.628657, 45.502184], [13.622146, 45.506758], [13.61889, 45.51562], [13.61858, 45.521614], [13.616565, 45.525542], [13.611449, 45.533552], [13.610929, 45.538025]]]}}, {"type": "Feature", "properties": {"featurecla": "Admin-1 states provinces", "scalerank": 10, "adm1_code": "SVN-976", "diss_me": 976, "iso_3166_2": "SI-089", "wikipedia": null, "iso_a2": "SI", "adm0_sr": 1, "name": "Pesnica", "name_alt": null, "name_local": null, "type": "Opcine", "type_en": "Commune|Municipality", "code_local": null, "code_hasc": "SI.PD.PE", "note": null, "hasc_maybe": null, "region": "Podravska", "region_cod": null, "provnum_ne": 147, "gadm_level": 2, "check_me": 0, "datarank": 8, "abbrev": null, "postal": "PE", "area_sqkm": 0, "sameascity": -99, "labelrank": 10, "name_len": 7, "mapcolor9": 2, "mapcolor13": 12, "fips": "SI89", "fips_alt": null, "woe_id": 55848374, "woe_label": "Pesnica, SI, Slovenia", "woe_name": "Pesnica", "latitude": 46.6254, "longitude": 15.7082, "sov_a3": "SVN", "adm0_a3": "SVN", "adm0_label": 2, "admin": "Slovenia", "geonunit": "Slovenia", "gu_a3": "SVN", "gn_id": 3239215, "gn_name": "Obcina Pesnica", "gns_id": 243910, "gns_name": "Pesnica, Obcina", "gn_level": 1, "gn_region": null, "gn_a1_code": "SI.89", "region_sub": null, "sub_code": null, "gns_level": 1, "gns_lang": "slv", "gns_adm1": "SI89", "gns_region": null, "min_label": 11, "max_label": 11, "min_zoom": 11, "wikidataid": "Q995048", "name_ar": "\u0628\u0644\u062f\u064a\u0629 \u0628\u064a\u0633\u0646\u064a\u0633\u0643\u0627", "name_bn": "\u09aa\u09c7\u09b8\u09cd\u09a8\u09bf\u0995\u09be \u09aa\u09cc\u09b0\u09b8\u09ad\u09be", "name_de": "Pesnica", "name_en": "Pesnica", "name_es": "Pesnica", "name_fr": "Pesnica", "name_el": "\u03a0\u03b5\u03c3\u03bd\u03af\u03ba\u03b1", "name_hi": "\u092a\u0947\u0938\u0928\u093f\u0915\u093e \u0928\u0917\u0930 \u092a\u093e\u0932\u093f\u0915\u093e", "name_hu": "Pesnica", "name_id": "Pesnica", "name_it": "Pesnica", "name_ja": "\u30da\u30b9\u30cb\u30c4\u30a1", "name_ko": "\ud398\uc2a4\ub2c8\ucc28", "name_nl": "Pesnica", "name_pl": "Gmina Pesnica", "name_pt": "Pesnica", "name_ru": "\u041f\u0435\u0441\u043d\u0438\u0446\u0430", "name_sv": "Pesnica", "name_tr": "Pesnica", "name_vi": "Pesnica", "name_zh": "\u4f69\u65af\u5c3c\u5bdf", "ne_id": 1159310751, "name_he": "\u05e4\u05e1\u05e0\u05d9\u05e7\u05d4", "name_uk": "\u041f\u0435\u0441\u043d\u0438\u0446\u044f", "name_ur": "\u067e\u06cc\u0633\u0646\u06cc\u06a9\u0627 \u0645\u06cc\u0648\u0646\u0633\u067e\u0644\u0679\u06cc", "name_fa": "\u0634\u0647\u0631\u062f\u0627\u0631\u06cc \u067e\u0633\u0646\u06cc\u06a9\u0627", "name_zht": "\u4f69\u65af\u5c3c\u5bdf", "FCLASS_ISO": null, "FCLASS_US": null, "FCLASS_FR": null, "FCLASS_RU": null, "FCLASS_ES": null, "FCLASS_CN": null, "FCLASS_TW": null, "FCLASS_IN": null, "FCLASS_NP": null, "FCLASS_PK": null, "FCLASS_DE": null, "FCLASS_GB": null, "FCLASS_BR": null, "FCLASS_IL": null, "FCLASS_PS": null, "FCLASS_SA": null, "FCLASS_EG": null, "FCLASS_MA": null, "FCLASS_PT": null, "FCLASS_AR": null, "FCLASS_JP": null, "FCLASS_KO": null, "FCLASS_VN": null, "FCLASS_TR": null, "FCLASS_ID": null, "FCLASS_PL": null, "FCLASS_GR": null, "FCLASS_IT": null, "FCLASS_NL": null, "FCLASS_SE": null, "FCLASS_BD": null, "FCLASS_UA": null, "FCLASS_TLC": null}, "bbox": [15.645743, 46.568527, 15.770645, 46.676867], "geometry": {"type": "Polygon", "coordinates": [[[15.744755, 46.568527], [15.720674, 46.569302], [15.69897, 46.579483], [15.679849, 46.592815], [15.647138, 46.594081], [15.664347, 46.603564], [15.645743, 46.642761], [15.672408, 46.646042], [15.675044, 46.647696], [15.677834, 46.648936], [15.677059, 46.649944], [15.676749, 46.652269], [15.678454, 46.657152], [15.685172, 46.665782], [15.687963, 46.673172], [15.691528, 46.676402], [15.694164, 46.676789], [15.69866, 46.676867], [15.704551, 46.675472], [15.716488, 46.676118], [15.730596, 46.673327], [15.735247, 46.670433], [15.737572, 46.667591], [15.738089, 46.664645], [15.738812, 46.662113], [15.744445, 46.657566], [15.748941, 46.65524], [15.752817, 46.651985], [15.756227, 46.647696], [15.760723, 46.64413], [15.770645, 46.63426], [15.760723, 46.614933], [15.757778, 46.602685], [15.759948, 46.588113], [15.754677, 46.573282], [15.744755, 46.568527]]]}}, {"type": "Feature", "properties": {"featurecla": "Admin-1 states provinces", "scalerank": 10, "adm1_code": "SVN-948", "diss_me": 948, "iso_3166_2": "SI-026", "wikipedia": null, "iso_a2": "SI", "adm0_sr": 1, "name": "Duplek", "name_alt": null, "name_local": null, "type": "Opcine", "type_en": "Commune|Municipality", "code_local": null, "code_hasc": "SI.PD.DU", "note": null, "hasc_maybe": null, "region": "Podravska", "region_cod": null, "provnum_ne": 146, "gadm_level": 2, "check_me": 0, "datarank": 8, "abbrev": null, "postal": "DU", "area_sqkm": 0, "sameascity": -99, "labelrank": 10, "name_len": 6, "mapcolor9": 2, "mapcolor13": 12, "fips": "SI26", "fips_alt": null, "woe_id": -55848377, "woe_label": null, "woe_name": null, "latitude": 46.512, "longitude": 15.7689, "sov_a3": "SVN", "adm0_a3": "SVN", "adm0_label": 2, "admin": "Slovenia", "geonunit": "Slovenia", "gu_a3": "SVN", "gn_id": 3239216, "gn_name": "Obcina Duplek", "gns_id": 243912, "gns_name": "Duplek, Obcina", "gn_level": 1, "gn_region": null, "gn_a1_code": "SI.26", "region_sub": null, "sub_code": null, "gns_level": 1, "gns_lang": "slv", "gns_adm1": "SI26", "gns_region": null, "min_label": 11, "max_label": 11, "min_zoom": 11, "wikidataid": "Q999589", "name_ar": "\u0628\u0644\u062f\u064a\u0629 \u062f\u0648\u0628\u0644\u064a\u0643", "name_bn": "\u09a1\u09c1\u09aa\u09cd\u09b2\u09c7\u0995 \u09aa\u09cc\u09b0\u09b8\u09ad\u09be", "name_de": "Duplek", "name_en": "Duplek", "name_es": "Duplek", "name_fr": "Duplek", "name_el": "\u039d\u03c4\u03bf\u03cd\u03c0\u03bb\u03b5\u03ba", "name_hi": "\u0921\u0941\u092a\u094d\u0932\u0947\u0915 \u0928\u0917\u0930\u092a\u093e\u0932\u093f\u0915\u093e", "name_hu": "Duplek k\u00f6zs\u00e9g", "name_id": "Duplek", "name_it": "Duplek", "name_ja": "\u30c9\u30a5\u30d7\u30ec\u30af", "name_ko": "\ub450\ud50c\ub808\ud06c", "name_nl": "Duplek", "name_pl": "Gmina Duplek", "name_pt": "Duplek", "name_ru": "\u0414\u0443\u043f\u043b\u0435\u043a", "name_sv": "Duplek", "name_tr": "Duplek Belediyesi", "name_vi": "Duplek", "name_zh": "\u675c\u666e\u83b1\u514b", "ne_id": 1159310687, "name_he": "\u05d3\u05d5\u05e4\u05dc\u05e7", "name_uk": "\u0414\u0443\u043f\u043b\u0435\u043a", "name_ur": "\u062f\u0648\u067e\u0644\u06cc\u06a9 \u0645\u06cc\u0648\u0646\u0633\u067e\u0644\u0679\u06cc", "name_fa": "\u0634\u0647\u0631\u062f\u0627\u0631\u06cc \u062f\u0648\u067e\u0644\u06a9", "name_zht": "\u675c\u666e\u83b1\u514b", "FCLASS_ISO": null, "FCLASS_US": null, "FCLASS_FR": null, "FCLASS_RU": null, "FCLASS_ES": null, "FCLASS_CN": null, "FCLASS_TW": null, "FCLASS_IN": null, "FCLASS_NP": null, "FCLASS_PK": null, "FCLASS_DE": null, "FCLASS_GB": null, "FCLASS_BR": null, "FCLASS_IL": null, "FCLASS_PS": null, "FCLASS_SA": null, "FCLASS_EG": null, "FCLASS_MA": null, "FCLASS_PT": null, "FCLASS_AR": null, "FCLASS_JP": null, "FCLASS_KO": null, "FCLASS_VN": null, "FCLASS_TR": null, "FCLASS_ID": null, "FCLASS_PL": null, "FCLASS_GR": null, "FCLASS_IT": null, "FCLASS_NL": null, "FCLASS_SE": null, "FCLASS_BD": null, "FCLASS_UA": null, "FCLASS_TLC": null}, "bbox": [15.720054, 46.467732, 15.817671, 46.54796], "geometry": {"type": "Polygon", "coordinates": [[[15.731681, 46.504759], [15.724395, 46.513544], [15.721294, 46.518453], [15.720054, 46.521295], [15.720829, 46.523621], [15.723154, 46.527083], [15.738089, 46.532664], [15.753747, 46.546978], [15.769095, 46.547107], [15.775606, 46.54796], [15.780877, 46.546978], [15.784908, 46.544963], [15.787698, 46.541785], [15.788783, 46.537625], [15.790954, 46.534628], [15.809299, 46.525326], [15.81519, 46.520158], [15.817671, 46.514861], [15.814415, 46.512045], [15.811779, 46.50866], [15.810384, 46.506257], [15.816275, 46.497317], [15.806508, 46.485432], [15.794726, 46.480006], [15.781497, 46.467732], [15.756537, 46.485742], [15.750491, 46.487938], [15.74243, 46.489979], [15.739432, 46.491788], [15.737779, 46.493726], [15.733076, 46.503234], [15.731681, 46.504759]]]}}, {"type": "Feature", "properties": {"featurecla": "Admin-1 states provinces", "scalerank": 10, "adm1_code": "SVN-228", "diss_me": 228, "iso_3166_2": "SI-169", "wikipedia": null, "iso_a2": "SI", "adm0_sr": 1, "name": "Miklav\u017e na Dravskem polju", "name_alt": null, "name_local": null, "type": "Opcine", "type_en": "Commune|Municipality", "code_local": null, "code_hasc": "SI.PD.MD", "note": null, "hasc_maybe": null, "region": "Podravska", "region_cod": null, "provnum_ne": 145, "gadm_level": 2, "check_me": 10, "datarank": 8, "abbrev": null, "postal": "MD", "area_sqkm": 0, "sameascity": -99, "labelrank": 10, "name_len": 25, "mapcolor9": 2, "mapcolor13": 12, "fips": "SI00", "fips_alt": "SIJ4", "woe_id": -55848367, "woe_label": null, "woe_name": null, "latitude": 46.4853, "longitude": 15.7138, "sov_a3": "SVN", "adm0_a3": "SVN", "adm0_label": 2, "admin": "Slovenia", "geonunit": "Slovenia", "gu_a3": "SVN", "gn_id": 3344921, "gn_name": "Obcina Miklavz na Dravskem Polju", "gns_id": 9123437, "gns_name": "Miklavz na Dravskem Polju, Obcina", "gn_level": 1, "gn_region": null, "gn_a1_code": "SI.J4", "region_sub": null, "sub_code": null, "gns_level": 1, "gns_lang": "kat", "gns_adm1": "SI72", "gns_region": null, "min_label": 11, "max_label": 11, "min_zoom": 11, "wikidataid": "Q1005165", "name_ar": "\u0645\u064a\u0643\u0644\u0627\u0641\u0632 \u0646\u0627 \u062f\u0631\u0627\u0641\u0633\u0643\u064a\u0645 \u0628\u0648\u0644\u064a\u0648", "name_bn": "\u09ae\u09bf\u0995\u09cd\u09b2\u09be\u09ad\u099c \u09a8\u09be \u09a1\u09cd\u09b0\u09be\u09ad\u09b8\u09cd\u0995\u09c7\u09ae \u09aa\u09cb\u09b2\u09bf\u099c\u09c1", "name_de": "Miklav\u017e na Dravskem Polju", "name_en": "Miklav\u017e na Dravskem Polju", "name_es": "Miklav\u017e na Dravskem Polju", "name_fr": "Miklav\u017e na Dravskem polju", "name_el": "\u039c\u03b9\u03ba\u03bb\u03ac\u03b2\u03b6 \u03bd\u03b1 \u039d\u03c4\u03c1\u03ac\u03b2\u03c3\u03ba\u03b5\u03bc \u03c0\u03cc\u03bb\u03b3\u03b9\u03bf\u03c5", "name_hi": "\u092e\u093f\u0915\u0932\u093e\u0935\u095b \u0928\u093e \u0926\u094d\u0930\u0935\u0938\u094d\u0915\u0947\u092e \u092a\u094b\u0932\u091c\u0941", "name_hu": "Miklav\u017e na Dravskem polju", "name_id": "Miklav\u017e na Dravskem Polju", "name_it": "Miklav\u017e na Dravskem polju", "name_ja": "\u30df\u30af\u30e9\u30f4\u30b8\u30e5\u30fb\u30ca\u30fb\u30c9\u30e9\u30d5\u30b9\u30b1\u30e0\u30fb\u30dd\u30ea\u30e5", "name_ko": "\ubbf8\ud074\ub77c\uc6b0\uc2dc\ub098\ub4dc\ub77c\uc6b0\uc2a4\ucf10\ud3f4\ub958", "name_nl": "Miklav\u017e na Dravskem polju", "name_pl": "Gmina Miklav\u017e na Dravskem polju", "name_pt": "Miklav\u017e na Dravskem polju", "name_ru": "\u041c\u0438\u043a\u043b\u0430\u0432\u0436-\u043d\u0430-\u0414\u0440\u0430\u0432\u0441\u043a\u0435\u043c-\u041f\u043e\u043b\u044e", "name_sv": "Miklav\u017e na Dravskem polju", "name_tr": "Miklav\u017e na Dravskem polju", "name_vi": "Miklav\u017e na Dravskem Polju", "name_zh": "\u5fb7\u62c9\u592b\u4ec0\u5361\u6ce2\u5362\u5730\u533a\u7c73\u514b\u62c9\u592b\u5179", "ne_id": 1159308611, "name_he": "\u05d4\u05d0\u05d9 \u05de\u05d9\u05dc\u05d9", "name_uk": "\u041c\u0438\u043a\u043b\u0430\u0432\u0436-\u043d\u0430-\u0414\u0440\u0430\u0432\u0441\u044c\u043a\u0435\u043c \u041f\u043e\u043b\u044e", "name_ur": "\u0645\u06cc\u06a9\u0627\u0644\u0627\u0648\u0632 \u0646\u0627 \u0688\u0631\u0627\u0627\u0633\u06a9\u06cc\u0645 \u067e\u0648\u0644\u062c\u0648", "name_fa": "\u0645\u06cc\u06a9\u0644\u0627\u0648\u0632 \u0646\u0627 \u062f\u0631\u0627\u0648\u0633\u06a9\u0645 \u067e\u0648\u0644\u0698\u0648", "name_zht": "\u5fb7\u62c9\u592b\u4ec0\u5361\u6ce2\u5362\u5730\u533a\u7c73\u514b\u62c9\u592b\u5179", "FCLASS_ISO": null, "FCLASS_US": null, "FCLASS_FR": null, "FCLASS_RU": null, "FCLASS_ES": null, "FCLASS_CN": null, "FCLASS_TW": null, "FCLASS_IN": null, "FCLASS_NP": null, "FCLASS_PK": null, "FCLASS_DE": null, "FCLASS_GB": null, "FCLASS_BR": null, "FCLASS_IL": null, "FCLASS_PS": null, "FCLASS_SA": null, "FCLASS_EG": null, "FCLASS_MA": null, "FCLASS_PT": null, "FCLASS_AR": null, "FCLASS_JP": null, "FCLASS_KO": null, "FCLASS_VN": null, "FCLASS_TR": null, "FCLASS_ID": null, "FCLASS_PL": null, "FCLASS_GR": null, "FCLASS_IT": null, "FCLASS_NL": null, "FCLASS_SE": null, "FCLASS_BD": null, "FCLASS_UA": null, "FCLASS_TLC": null}, "bbox": [15.694474, 46.460007, 15.733076, 46.512148], "geometry": {"type": "Polygon", "coordinates": [[[15.696489, 46.512148], [15.731681, 46.504759], [15.733076, 46.503234], [15.72455, 46.494656], [15.723309, 46.491684], [15.72765, 46.486155], [15.729821, 46.480186], [15.732766, 46.474425], [15.716953, 46.460007], [15.709512, 46.464968], [15.69773, 46.481453], [15.695094, 46.48662], [15.699435, 46.49432], [15.70052, 46.498092], [15.694474, 46.506025], [15.696489, 46.512148]]]}}, {"type": "Feature", "properties": {"featurecla": "Admin-1 states provinces", "scalerank": 10, "adm1_code": "SVN-229", "diss_me": 229, "iso_3166_2": "SI-160", "wikipedia": null, "iso_a2": "SI", "adm0_sr": 1, "name": "Hoce-Slivnica", "name_alt": null, "name_local": null, "type": "Opcine", "type_en": "Commune|Municipality", "code_local": null, "code_hasc": "SI.PD.HS", "note": null, "hasc_maybe": null, "region": "Podravska", "region_cod": null, "provnum_ne": 141, "gadm_level": 2, "check_me": 10, "datarank": 8, "abbrev": null, "postal": "HS", "area_sqkm": 0, "sameascity": -99, "labelrank": 10, "name_len": 13, "mapcolor9": 2, "mapcolor13": 12, "fips": "SI00", "fips_alt": "SIH1", "woe_id": -55848367, "woe_label": null, "woe_name": null, "latitude": 46.4943, "longitude": 15.6245, "sov_a3": "SVN", "adm0_a3": "SVN", "adm0_label": 2, "admin": "Slovenia", "geonunit": "Slovenia", "gu_a3": "SVN", "gn_id": 3344920, "gn_name": "Obcina Hoce-Slivnica", "gns_id": 9123436, "gns_name": "Hoce-Slivnica, Obcina", "gn_level": 1, "gn_region": null, "gn_a1_code": "SI.H1", "region_sub": null, "sub_code": null, "gns_level": 1, "gns_lang": "kat", "gns_adm1": "SI72", "gns_region": null, "min_label": 11, "max_label": 11, "min_zoom": 11, "wikidataid": "Q1008102", "name_ar": "\u0628\u0644\u062f\u064a\u0629 \u0647\u0648\u062a\u0634\u0647-\u0633\u0644\u064a\u0641\u0646\u064a\u0643\u0627", "name_bn": "\u09b9\u09cb\u099a\u09c7-\u09b8\u09cd\u09b2\u09bf\u09ad\u09a8\u09bf\u0995\u09be \u09aa\u09cc\u09b0\u09b8\u09ad\u09be", "name_de": "Ho\u010de-Slivnica", "name_en": "Ho\u010de-Slivnica", "name_es": "Ho\u010de-Slivnica", "name_fr": "Ho\u010de-Slivnica", "name_el": "\u03a7\u03cc\u03c4\u03c3\u03b5-\u03a3\u03bb\u03b9\u03b2\u03bd\u03af\u03ba\u03b1", "name_hi": "\u0939\u094b\u0938\u0947-\u0938\u094d\u0932\u093f\u0935\u0928\u093f\u0915\u093e \u0928\u0917\u0930\u092a\u093e\u0932\u093f\u0915\u093e", "name_hu": "Ho\u010de - Slivnica k\u00f6zs\u00e9g", "name_id": "Ho\u010de\u2013Slivnica", "name_it": "Ho\u010de-Slivnica", "name_ja": "\u30db\u30c1\u30a7\uff1d\u30b9\u30ea\u30f4\u30cb\u30c4\u30a1", "name_ko": "\ud638\uccb4\uc2ac\ub9ac\uc6b0\ub2c8\ucc28", "name_nl": "Ho\u010de-Slivnica", "name_pl": "Gmina Ho\u010de-Slivnica", "name_pt": "Ho\u010de-Slivnica", "name_ru": "\u0425\u043e\u0447\u0435-\u0421\u043b\u0438\u0432\u043d\u0438\u0446\u0430", "name_sv": "Ho\u010de-Slivnica", "name_tr": "Ho\u010de - Slivnica Beledyesi", "name_vi": "Ho\u010de - Slivnica", "name_zh": "\u970d\u91c7-\u65af\u5229\u592b\u5c3c\u5bdf", "ne_id": 1159308613, "name_he": "\u05d4\u05d5\u05e1\u05d4-\u05e1\u05d9\u05dc\u05d9\u05d1\u05d9\u05e0\u05e6\u05d4", "name_uk": "\u0425\u043e\u0447\u0435-\u0421\u043b\u0438\u0432\u043d\u0438\u0446\u044f", "name_ur": "\u06c1\u0648\u06a9\u06cc\u2013\u0633\u0644\u06cc\u0648\u0646\u06cc\u06a9\u0627 \u0645\u06cc\u0648\u0646\u0633\u067e\u0644\u0679\u06cc", "name_fa": "\u0647\u0648\u06a9 - \u0627\u0633\u0644\u06cc\u0648\u0646\u06cc\u06a9\u0627", "name_zht": "\u970d\u91c7-\u65af\u5229\u592b\u5c3c\u5bdf", "FCLASS_ISO": null, "FCLASS_US": null, "FCLASS_FR": null, "FCLASS_RU": null, "FCLASS_ES": null, "FCLASS_CN": null, "FCLASS_TW": null, "FCLASS_IN": null, "FCLASS_NP": null, "FCLASS_PK": null, "FCLASS_DE": null, "FCLASS_GB": null, "FCLASS_BR": null, "FCLASS_IL": null, "FCLASS_PS": null, "FCLASS_SA": null, "FCLASS_EG": null, "FCLASS_MA": null, "FCLASS_PT": null, "FCLASS_AR": null, "FCLASS_JP": null, "FCLASS_KO": null, "FCLASS_VN": null, "FCLASS_TR": null, "FCLASS_ID": null, "FCLASS_PL": null, "FCLASS_GR": null, "FCLASS_IT": null, "FCLASS_NL": null, "FCLASS_SE": null, "FCLASS_BD": null, "FCLASS_UA": null, "FCLASS_TLC": null}, "bbox": [15.539445, 46.459852, 15.709512, 46.516644], "geometry": {"type": "Polygon", "coordinates": [[[15.608484, 46.516644], [15.696489, 46.512148], [15.694474, 46.506025], [15.70052, 46.498092], [15.699435, 46.49432], [15.695094, 46.48662], [15.69773, 46.481453], [15.709512, 46.464968], [15.686877, 46.462384], [15.683105, 46.461195], [15.676129, 46.460317], [15.658765, 46.459852], [15.65396, 46.460575], [15.647138, 46.462746], [15.636751, 46.46874], [15.61298, 46.476621], [15.58678, 46.476647], [15.571381, 46.481142], [15.545801, 46.48321], [15.539445, 46.497421], [15.563784, 46.509875], [15.608484, 46.516644]]]}}, {"type": "Feature", "properties": {"featurecla": "Admin-1 states provinces", "scalerank": 10, "adm1_code": "SVN-208", "diss_me": 208, "iso_3166_2": "SI-058", "wikipedia": null, "iso_a2": "SI", "adm0_sr": 1, "name": "Lenart", "name_alt": null, "name_local": null, "type": "Opcine", "type_en": "Commune|Municipality", "code_local": null, "code_hasc": "SI.PD.LE", "note": null, "hasc_maybe": null, "region": "Podravska", "region_cod": null, "provnum_ne": 148, "gadm_level": 2, "check_me": 0, "datarank": 8, "abbrev": null, "postal": "LE", "area_sqkm": 0, "sameascity": -99, "labelrank": 10, "name_len": 6, "mapcolor9": 2, "mapcolor13": 12, "fips": "SII3", "fips_alt": null, "woe_id": 55848361, "woe_label": "Lenart, SI, Slovenia", "woe_name": "Lenart", "latitude": 46.5575, "longitude": 15.8548, "sov_a3": "SVN", "adm0_a3": "SVN", "adm0_label": 2, "admin": "Slovenia", "geonunit": "Slovenia", "gu_a3": "SVN", "gn_id": 3196684, "gn_name": "Obcina Lenart", "gns_id": -86734, "gns_name": "Lenart, Obcina", "gn_level": 1, "gn_region": null, "gn_a1_code": "SI.I3", "region_sub": null, "sub_code": null, "gns_level": 1, "gns_lang": "srp", "gns_adm1": "SI12", "gns_region": null, "min_label": 11, "max_label": 11, "min_zoom": 11, "wikidataid": "Q13365883", "name_ar": "\u0628\u0644\u062f\u064a\u0629 \u0644\u064a\u0646\u0627\u0631\u062a", "name_bn": "\u09b2\u09bf\u09a8\u09be\u09b0\u09cd\u099f \u09aa\u09cc\u09b0\u09b8\u09ad\u09be", "name_de": "Gemeinde Lenart", "name_en": "Lenart", "name_es": "Municipalidad del Lenart", "name_fr": "Municipalit\u00e9 de Lenart", "name_el": "\u039b\u03b5\u03bd\u03ac\u03c1\u03c4", "name_hi": "\u0932\u0947\u0928\u093e\u0930\u094d\u091f \u0928\u0917\u0930\u092a\u093e\u0932\u093f\u0915\u093e", "name_hu": "Lenart", "name_id": "Lenart", "name_it": "Lenart", "name_ja": "\u30ec\u30ca\u30eb\u30c8", "name_ko": "\ub808\ub098\ub974\ud2b8 \uc9c0\ubc29 \uc790\uce58\uc81c", "name_nl": "Lenart", "name_pl": "Gmina Lenart", "name_pt": "Lenart", "name_ru": "\u041b\u0435\u043d\u0430\u0440\u0442", "name_sv": "Lenart", "name_tr": "Lenart Belediyesi", "name_vi": "\u0110\u00f4 th\u1ecb t\u1ef1 tr\u1ecb Lenart", "name_zh": "\u6765\u7eb3\u5c14\u7279", "ne_id": 1159308565, "name_he": "\u05dc\u05e0\u05d0\u05e8\u05d8", "name_uk": "\u041b\u0435\u043d\u0430\u0440\u0442", "name_ur": "\u0644\u06cc\u0646\u0627\u0631\u062a \u0645\u06cc\u0648\u0646\u0633\u067e\u0644\u0679\u06cc", "name_fa": "\u0634\u0647\u0631\u062f\u0627\u0631\u06cc \u0644\u0646\u0627\u0631\u062a", "name_zht": "\u6765\u7eb3\u5c14\u7279", "FCLASS_ISO": null, "FCLASS_US": null, "FCLASS_FR": null, "FCLASS_RU": null, "FCLASS_ES": null, "FCLASS_CN": null, "FCLASS_TW": null, "FCLASS_IN": null, "FCLASS_NP": null, "FCLASS_PK": null, "FCLASS_DE": null, "FCLASS_GB": null, "FCLASS_BR": null, "FCLASS_IL": null, "FCLASS_PS": null, "FCLASS_SA": null, "FCLASS_EG": null, "FCLASS_MA": null, "FCLASS_PT": null, "FCLASS_AR": null, "FCLASS_JP": null, "FCLASS_KO": null, "FCLASS_VN": null, "FCLASS_TR": null, "FCLASS_ID": null, "FCLASS_PL": null, "FCLASS_GR": null, "FCLASS_IT": null, "FCLASS_NL": null, "FCLASS_SE": null, "FCLASS_BD": null, "FCLASS_UA": null, "FCLASS_TLC": null}, "bbox": [15.753747, 46.49494, 15.955905, 46.648161], "geometry": {"type": "Polygon", "coordinates": [[[15.778396, 46.648161], [15.800152, 46.646869], [15.818291, 46.645448], [15.823407, 46.640151], [15.825267, 46.636378], [15.828523, 46.62749], [15.829143, 46.623769], [15.829298, 46.618989], [15.834569, 46.614933], [15.844801, 46.609171], [15.851777, 46.607491], [15.85679, 46.607336], [15.862836, 46.610954], [15.875393, 46.605941], [15.893066, 46.58819], [15.898182, 46.584289], [15.902368, 46.583462], [15.905314, 46.585038], [15.911412, 46.585167], [15.915132, 46.585839], [15.926139, 46.591007], [15.933271, 46.596407], [15.955905, 46.588216], [15.943503, 46.581188], [15.938077, 46.579586], [15.926449, 46.573592], [15.922264, 46.568837], [15.919628, 46.565323], [15.928465, 46.541914], [15.924124, 46.534369], [15.892136, 46.54641], [15.88423, 46.542224], [15.872913, 46.537935], [15.867642, 46.533723], [15.865006, 46.529486], [15.861906, 46.525636], [15.860045, 46.5199], [15.856945, 46.515792], [15.854464, 46.506309], [15.823407, 46.49494], [15.816275, 46.497317], [15.810384, 46.506257], [15.811779, 46.50866], [15.814415, 46.512045], [15.817671, 46.514861], [15.81519, 46.520158], [15.809299, 46.525326], [15.790954, 46.534628], [15.788783, 46.537625], [15.787698, 46.541785], [15.784908, 46.544963], [15.780877, 46.546978], [15.775606, 46.54796], [15.769095, 46.547107], [15.753747, 46.546978], [15.76925, 46.559406], [15.765684, 46.561293], [15.763669, 46.565013], [15.760413, 46.567597], [15.754677, 46.573282], [15.759948, 46.588113], [15.757778, 46.602685], [15.760723, 46.614933], [15.770645, 46.63426], [15.77328, 46.643277], [15.776226, 46.645267], [15.778396, 46.648161]]]}}, {"type": "Feature", "properties": {"featurecla": "Admin-1 states provinces", "scalerank": 10, "adm1_code": "SVN-200", "diss_me": 200, "iso_3166_2": "SI-181", "wikipedia": null, "iso_a2": "SI", "adm0_sr": 1, "name": "Sveta Ana", "name_alt": null, "name_local": null, "type": "Opcine", "type_en": "Commune|Municipality", "code_local": null, "code_hasc": "SI.PD.SA", "note": null, "hasc_maybe": null, "region": "Podravska", "region_cod": null, "provnum_ne": 143, "gadm_level": 2, "check_me": 10, "datarank": 8, "abbrev": null, "postal": "SA", "area_sqkm": 0, "sameascity": -99, "labelrank": 10, "name_len": 9, "mapcolor9": 2, "mapcolor13": 12, "fips": "SI00", "fips_alt": "SIM3", "woe_id": -55848361, "woe_label": null, "woe_name": null, "latitude": 46.6459, "longitude": 15.8405, "sov_a3": "SVN", "adm0_a3": "SVN", "adm0_label": 2, "admin": "Slovenia", "geonunit": "Slovenia", "gu_a3": "SVN", "gn_id": 3344931, "gn_name": "Obcina Sveta Ana", "gns_id": 9123451, "gns_name": "Sveta Ana, Obcina", "gn_level": 1, "gn_region": null, "gn_a1_code": "SI.M3", "region_sub": null, "sub_code": null, "gns_level": 1, "gns_lang": "kat", "gns_adm1": "SI72", "gns_region": null, "min_label": 11, "max_label": 11, "min_zoom": 11, "wikidataid": "Q990063", "name_ar": "\u0628\u0644\u062f\u064a\u0629 \u0633\u0641\u064a\u062a\u0627 \u0622\u0646\u0627", "name_bn": "\u09b8\u09ad\u09c7\u09a4\u09be \u0986\u09a8\u09be \u09aa\u09cc\u09b0\u09b8\u09ad\u09be", "name_de": "Sveta Ana", "name_en": "Sveta Ana", "name_es": "Sveta Ana", "name_fr": "Sveta Ana", "name_el": "\u03a3\u03b2\u03ad\u03c4\u03b1 \u0386\u03bd\u03b1", "name_hi": "\u0938\u094d\u0935\u0947\u0924\u093e \u0910\u0928\u093e \u0928\u0917\u0930\u092a\u093e\u0932\u093f\u0915\u093e", "name_hu": "Sveta Ana", "name_id": "Sveta Ana", "name_it": "Sveta Ana", "name_ja": "\u30b9\u30f4\u30a7\u30bf\u30fb\u30a2\u30ca", "name_ko": "\uc2a4\ubca0\ud0c0\uc544\ub098", "name_nl": "Sveta Ana", "name_pl": "Gmina Sveta Ana", "name_pt": "Sveta Ana", "name_ru": "\u0421\u0432\u0435\u0442\u0430-\u0410\u043d\u0430", "name_sv": "Sveta Ana", "name_tr": "Sveta Ana Belediyesi", "name_vi": "Sveta Ana", "name_zh": "\u5723\u5b89\u5a1c", "ne_id": 1159308547, "name_he": "\u05e1\u05d1\u05d8\u05d4 \u05d0\u05e0\u05d4", "name_uk": "\u0421\u0432\u0435\u0442\u0430 \u0410\u043d\u0430", "name_ur": "\u0633\u0648\u06cc\u062a\u0627 \u0627\u0646\u0627 \u0645\u06cc\u0648\u0646\u0633\u067e\u0644\u0679\u06cc", "name_fa": "\u0633\u0648\u062a\u0627 \u0622\u0646\u0627", "name_zht": "\u65af\u7dad\u5854\u5b89\u90a3", "FCLASS_ISO": null, "FCLASS_US": null, "FCLASS_FR": null, "FCLASS_RU": null, "FCLASS_ES": null, "FCLASS_CN": null, "FCLASS_TW": null, "FCLASS_IN": null, "FCLASS_NP": null, "FCLASS_PK": null, "FCLASS_DE": null, "FCLASS_GB": null, "FCLASS_BR": null, "FCLASS_IL": null, "FCLASS_PS": null, "FCLASS_SA": null, "FCLASS_EG": null, "FCLASS_MA": null, "FCLASS_PT": null, "FCLASS_AR": null, "FCLASS_JP": null, "FCLASS_KO": null, "FCLASS_VN": null, "FCLASS_TR": null, "FCLASS_ID": null, "FCLASS_PL": null, "FCLASS_GR": null, "FCLASS_IT": null, "FCLASS_NL": null, "FCLASS_SE": null, "FCLASS_BD": null, "FCLASS_UA": null, "FCLASS_TLC": null}, "bbox": [15.792504, 46.607336, 15.888571, 46.69976], "geometry": {"type": "Polygon", "coordinates": [[[15.800152, 46.646869], [15.794416, 46.654724], [15.792504, 46.660873], [15.792814, 46.665679], [15.799067, 46.670485], [15.799997, 46.676273], [15.803873, 46.682526], [15.804338, 46.69976], [15.818291, 46.696168], [15.827282, 46.686375], [15.858805, 46.671596], [15.876788, 46.668366], [15.888571, 46.662785], [15.888106, 46.645887], [15.874773, 46.63643], [15.865781, 46.623253], [15.862836, 46.610954], [15.85679, 46.607336], [15.851777, 46.607491], [15.844801, 46.609171], [15.834569, 46.614933], [15.829298, 46.618989], [15.829143, 46.623769], [15.828523, 46.62749], [15.825267, 46.636378], [15.823407, 46.640151], [15.818291, 46.645448], [15.800152, 46.646869]]]}}, {"type": "Feature", "properties": {"featurecla": "Admin-1 states provinces", "scalerank": 10, "adm1_code": "SVN-235", "diss_me": 235, "iso_3166_2": "SI-167", "wikipedia": null, "iso_a2": "SI", "adm0_sr": 1, "name": "Lovrenc na Pohorju", "name_alt": null, "name_local": null, "type": "Opcine", "type_en": "Commune|Municipality", "code_local": null, "code_hasc": "SI.PD.LP", "note": null, "hasc_maybe": null, "region": "Podravska", "region_cod": null, "provnum_ne": 160, "gadm_level": 2, "check_me": 10, "datarank": 8, "abbrev": null, "postal": "LP", "area_sqkm": 0, "sameascity": -99, "labelrank": 10, "name_len": 18, "mapcolor9": 2, "mapcolor13": 12, "fips": "SI00", "fips_alt": "SII8", "woe_id": -55848382, "woe_label": null, "woe_name": null, "latitude": 46.5291, "longitude": 15.3869, "sov_a3": "SVN", "adm0_a3": "SVN", "adm0_label": 2, "admin": "Slovenia", "geonunit": "Slovenia", "gu_a3": "SVN", "gn_id": 3344918, "gn_name": "Obcina Lovrenc na Pohorju", "gns_id": 9123434, "gns_name": "Lovrenc na Pohorju, Obcina", "gn_level": 1, "gn_region": null, "gn_a1_code": "SI.I8", "region_sub": null, "sub_code": null, "gns_level": 1, "gns_lang": "kat", "gns_adm1": "SI72", "gns_region": null, "min_label": 11, "max_label": 11, "min_zoom": 11, "wikidataid": "Q25110", "name_ar": "\u0644\u0648\u0641\u0631\u064a\u0646\u0633 \u0646\u0627 \u0628\u0648\u0647\u0648\u0631\u062c\u0648", "name_bn": "\u09b2\u09cb\u09ad\u09cd\u09b0\u09c7\u0999\u09cd\u0995 \u09a8\u09be \u09aa\u09cb\u09b9\u09cb\u09b0\u099c\u09c1", "name_de": "Lovrenc na Pohorju", "name_en": "Lovrenc na Pohorju", "name_es": "Lovrenc na Pohorju", "name_fr": "Lovrenc na Pohorju", "name_el": "\u039b\u03bf\u03b2\u03c1\u03ad\u03bd\u03ba \u03bd\u03b1 \u03a0\u03bf\u03c7\u03bf\u03c1\u03b3\u03b9\u03bf\u03cd", "name_hi": "\u0932\u094b\u0935\u094d\u0930\u0947\u0928\u094d\u0915 \u0928\u093e \u092a\u094b\u0939\u094b\u0930\u091c\u0941", "name_hu": "Lovrenc na Pohorju k\u00f6zs\u00e9g", "name_id": "Lovrenc na Pohorju", "name_it": "Lovrenc na Pohorju", "name_ja": "\u30ed\u30f4\u30a7\u30f3\u30c4\u30a7\u30fb\u30ca\u30fb\u30dd\u30db\u30ea\u30e5", "name_ko": "\ub85c\uc6b0\ub80c\uce20\ub098\ud3ec\ud638\ub958", "name_nl": "Lovrenc na Pohorju", "name_pl": "Gmina Lovrenc na Pohorju", "name_pt": "Lovrenc na Pohorju", "name_ru": "\u041b\u043e\u0432\u0440\u0435\u043d\u0446-\u043d\u0430-\u041f\u043e\u0445\u043e\u0440\u044c\u044e", "name_sv": "Lovrenc na Pohorju", "name_tr": "Lovrenc na Pohorju", "name_vi": "Lovrenc na Pohorju", "name_zh": "\u6ce2\u970d\u5217\u5c71\u533a\u6d1b\u592b\u4f26\u8328", "ne_id": 1159308627, "name_he": "\u05d0\u05d2\u05dd \u05dc\u05d5\u05d0\u05e8 \u05d0\u05e8\u05d5\u05d0\u05d5", "name_uk": "\u041b\u043e\u0432\u0440\u0435\u043d\u0446-\u043d\u0430-\u041f\u043e\u0445\u043e\u0440\u044e", "name_ur": "\u0644\u0648\u0631\u06cc\u0646\u06a9 \u0646\u0627 \u067e\u0648\u06c1\u0648\u0631\u062c\u0648", "name_fa": "\u0644\u0648\u0631\u0646\u06a9 \u0646\u0627 \u067e\u0648\u0647\u0648\u0631\u062c\u0648", "name_zht": "\u6ce2\u970d\u5217\u5c71\u533a\u6d1b\u592b\u4f26\u8328", "FCLASS_ISO": null, "FCLASS_US": null, "FCLASS_FR": null, "FCLASS_RU": null, "FCLASS_ES": null, "FCLASS_CN": null, "FCLASS_TW": null, "FCLASS_IN": null, "FCLASS_NP": null, "FCLASS_PK": null, "FCLASS_DE": null, "FCLASS_GB": null, "FCLASS_BR": null, "FCLASS_IL": null, "FCLASS_PS": null, "FCLASS_SA": null, "FCLASS_EG": null, "FCLASS_MA": null, "FCLASS_PT": null, "FCLASS_AR": null, "FCLASS_JP": null, "FCLASS_KO": null, "FCLASS_VN": null, "FCLASS_TR": null, "FCLASS_ID": null, "FCLASS_PL": null, "FCLASS_GR": null, "FCLASS_IT": null, "FCLASS_NL": null, "FCLASS_SE": null, "FCLASS_BD": null, "FCLASS_UA": null, "FCLASS_TLC": null}, "bbox": [15.31212, 46.468843, 15.461723, 46.588733], "geometry": {"type": "Polygon", "coordinates": [[[15.376044, 46.588733], [15.388291, 46.587803], [15.407566, 46.583358], [15.410202, 46.582428], [15.42555, 46.575142], [15.430356, 46.57478], [15.435937, 46.57478], [15.443378, 46.584702], [15.45113, 46.581085], [15.457486, 46.576641], [15.461723, 46.568269], [15.459656, 46.550027], [15.449889, 46.541914], [15.45082, 46.537754], [15.449114, 46.531553], [15.440588, 46.518479], [15.415163, 46.499462], [15.408186, 46.477706], [15.390772, 46.472099], [15.387361, 46.470368], [15.38116, 46.468843], [15.376819, 46.469412], [15.363951, 46.478171], [15.359146, 46.480186], [15.335064, 46.477396], [15.315686, 46.482176], [15.31212, 46.49246], [15.322817, 46.51065], [15.329173, 46.524757], [15.33925, 46.534498], [15.348449, 46.551319], [15.366587, 46.568837], [15.369222, 46.575452], [15.369067, 46.583927], [15.371393, 46.587338], [15.376044, 46.588733]]]}}, {"type": "Feature", "properties": {"featurecla": "Admin-1 states provinces", "scalerank": 10, "adm1_code": "SVN-257", "diss_me": 257, "iso_3166_2": "SI-177", "wikipedia": null, "iso_a2": "SI", "adm0_sr": 1, "name": "Ribnica na Pohorju", "name_alt": null, "name_local": null, "type": "Opcine", "type_en": "Commune|Municipality", "code_local": null, "code_hasc": "SI.KO.RP", "note": null, "hasc_maybe": null, "region": "Koro\u0161ka", "region_cod": null, "provnum_ne": 99, "gadm_level": 2, "check_me": 10, "datarank": 8, "abbrev": null, "postal": "RP", "area_sqkm": 0, "sameascity": -99, "labelrank": 10, "name_len": 18, "mapcolor9": 2, "mapcolor13": 12, "fips": "SIA5", "fips_alt": "SIL2", "woe_id": -55848378, "woe_label": null, "woe_name": null, "latitude": 46.5309, "longitude": 15.2558, "sov_a3": "SVN", "adm0_a3": "SVN", "adm0_label": 2, "admin": "Slovenia", "geonunit": "Slovenia", "gu_a3": "SVN", "gn_id": 3344917, "gn_name": "Obcina Ribnica na Pohorju", "gns_id": 9123433, "gns_name": "Ribnica na Pohorju, Obcina", "gn_level": 1, "gn_region": null, "gn_a1_code": "SI.L2", "region_sub": null, "sub_code": null, "gns_level": 1, "gns_lang": "kat", "gns_adm1": "SI72", "gns_region": null, "min_label": 11, "max_label": 11, "min_zoom": 11, "wikidataid": "Q1009413", "name_ar": "\u0628\u0644\u062f\u064a\u0629 \u0631\u064a\u0628\u0646\u064a\u0643\u0627 \u0646\u0627 \u0628\u0648\u0647\u0648\u0631\u064a\u0648", "name_bn": "\u09b0\u09bf\u09ac\u09a8\u09bf\u0995\u09be \u09a8\u09be \u09aa\u09cb\u09b9\u09b0\u099c\u09c1 \u09aa\u09cc\u09b0\u09b8\u09ad\u09be", "name_de": "Ribnica na Pohorju", "name_en": "Ribnica na Pohorju", "name_es": "Municipalidad Ribnica na Pohorju", "name_fr": "Ribnica na Pohorju", "name_el": "\u03a1\u03b9\u03bc\u03c0\u03bd\u03af\u03ba\u03b1 \u03bd\u03b1 \u03a0\u03bf\u03c7\u03cc\u03c1\u03c4\u03b6\u03bf\u03c5", "name_hi": "\u0930\u093f\u092c\u0928\u093f\u0915\u093e \u0928\u093e \u092a\u094b\u0939\u094b\u0930\u0941 \u0928\u0917\u0930\u092a\u093e\u0932\u093f\u0915\u093e", "name_hu": "Ribnica na Pohorju", "name_id": "Ribnica na Pohorju", "name_it": "Ribnica na Pohorju", "name_ja": "\u30ea\u30d6\u30cb\u30c4\u30a1\u30fb\u30ca\u30fb\u30dd\u30db\u30ea\u30e5", "name_ko": "\ub9ac\ube0c\ub2c8\ucc28\ub098\ud3ec\ud638\ub958", "name_nl": "Ribnica na Pohorju", "name_pl": "Gmina Ribnica na Pohorju", "name_pt": "Ribnica na Pohorju", "name_ru": "\u0420\u0438\u0431\u043d\u0438\u0446\u0430-\u043d\u0430-\u041f\u043e\u0445\u043e\u0440\u044c\u044e", "name_sv": "Ribnica na Pohorju", "name_tr": "Ribnica Na Pohorju Belediyesi", "name_vi": "Ribnica na Pohorju", "name_zh": "\u6ce2\u970d\u723e\u5c24\u723e\u5730\u5340\u91cc\u5e03\u5c3c\u5bdf", "ne_id": 1159308673, "name_he": "\u05e8\u05d9\u05d1\u05e0\u05d9\u05e7\u05d4 \u05e0\u05d4 \u05e4\u05d5\u05d4\u05e8\u05d2'\u05d5", "name_uk": "\u0420\u0438\u0431\u043d\u0438\u0446\u044f-\u043d\u0430-\u041f\u043e\u0445\u043e\u0440\u044e", "name_ur": "\u0631\u06cc\u0628\u0646\u06cc\u06a9\u0627 \u0646\u0627 \u067e\u0648\u062d\u0648\u0631\u062c\u0648 \u0645\u06cc\u0648\u0646\u0633\u067e\u0644\u0679\u06cc", "name_fa": "\u0631\u06cc\u0628\u0646\u06cc\u06a9\u0627 \u0646\u0627 \u067e\u0648\u0647\u0648\u0631\u062c\u0648", "name_zht": "\u6ce2\u970d\u723e\u5c24\u723e\u5730\u5340\u91cc\u5e03\u5c3c\u5bdf", "FCLASS_ISO": null, "FCLASS_US": null, "FCLASS_FR": null, "FCLASS_RU": null, "FCLASS_ES": null, "FCLASS_CN": null, "FCLASS_TW": null, "FCLASS_IN": null, "FCLASS_NP": null, "FCLASS_PK": null, "FCLASS_DE": null, "FCLASS_GB": null, "FCLASS_BR": null, "FCLASS_IL": null, "FCLASS_PS": null, "FCLASS_SA": null, "FCLASS_EG": null, "FCLASS_MA": null, "FCLASS_PT": null, "FCLASS_AR": null, "FCLASS_JP": null, "FCLASS_KO": null, "FCLASS_VN": null, "FCLASS_TR": null, "FCLASS_ID": null, "FCLASS_PL": null, "FCLASS_GR": null, "FCLASS_IT": null, "FCLASS_NL": null, "FCLASS_SE": null, "FCLASS_BD": null, "FCLASS_UA": null, "FCLASS_TLC": null}, "bbox": [15.188768, 46.49246, 15.322817, 46.572584], "geometry": {"type": "Polygon", "coordinates": [[[15.270365, 46.572584], [15.293516, 46.557107], [15.301888, 46.546642], [15.317546, 46.540545], [15.320647, 46.53747], [15.319871, 46.534679], [15.317546, 46.532018], [15.317236, 46.527496], [15.322817, 46.51065], [15.31212, 46.49246], [15.258428, 46.495586], [15.238274, 46.49463], [15.22272, 46.496955], [15.195745, 46.510908], [15.188768, 46.517213], [15.19931, 46.529202], [15.209077, 46.535609], [15.210317, 46.543258], [15.214813, 46.547547], [15.220239, 46.550854], [15.270365, 46.572584]]]}}, {"type": "Feature", "properties": {"featurecla": "Admin-1 states provinces", "scalerank": 10, "adm1_code": "SVN-991", "diss_me": 991, "iso_3166_2": "SI-112", "wikipedia": null, "iso_a2": "SI", "adm0_sr": 1, "name": "Slovenj Gradec", "name_alt": null, "name_local": null, "type": "Statisticna Regije", "type_en": "Statistical Region", "code_local": null, "code_hasc": "SI.KO", "note": null, "hasc_maybe": null, "region": "Koro\u0161ka", "region_cod": null, "provnum_ne": 156, "gadm_level": 2, "check_me": 0, "datarank": 8, "abbrev": null, "postal": "KO", "area_sqkm": 0, "sameascity": -99, "labelrank": 10, "name_len": 14, "mapcolor9": 2, "mapcolor13": 12, "fips": "SIC2", "fips_alt": null, "woe_id": 55848387, "woe_label": "Slovenj Gradec, SI, Slovenia", "woe_name": "Slovenj Gradec", "latitude": 46.4914, "longitude": 15.076, "sov_a3": "SVN", "adm0_a3": "SVN", "adm0_label": 2, "admin": "Slovenia", "geonunit": "Slovenia", "gu_a3": "SVN", "gn_id": 3190535, "gn_name": "Mestna Obcina Slovenj Gradec", "gns_id": -96093, "gns_name": "Slovenj Gradec, Mestna Obcina", "gn_level": 1, "gn_region": null, "gn_a1_code": "SI.C2", "region_sub": null, "sub_code": null, "gns_level": 1, "gns_lang": "sqi", "gns_adm1": "SI25", "gns_region": null, "min_label": 11, "max_label": 11, "min_zoom": 11, "wikidataid": "Q3441817", "name_ar": "\u0628\u0644\u062f\u064a\u0629 \u0645\u062f\u064a\u0646\u0629 \u0633\u0644\u0648\u0641\u0646\u064a \u063a\u0631\u0627\u062f\u064a\u0643", "name_bn": "\u09b8\u09cd\u09b2\u09cb\u09ad\u09c7\u099e\u09cd\u099c \u0997\u09cd\u09b0\u09be\u09a6\u09c7\u0995 \u09b6\u09b9\u09b0 \u09aa\u09cc\u09b0\u09b8\u09ad\u09be", "name_de": "Gemeinde Slovenj Gradec", "name_en": "Slovenj Gradec", "name_es": "Slovenj Gradec", "name_fr": "Slovenj Gradec", "name_el": "\u03a3\u03bb\u03bf\u03b2\u03ad\u03bd\u03c4\u03c2 \u0393\u03ba\u03c1\u03ac\u03bd\u03c4\u03b5\u03ba", "name_hi": "\u0938\u094d\u0932\u094b\u0935\u0947\u0902\u091c \u0917\u094d\u0930\u0947\u0921\u0947\u0915 \u0936\u0939\u0930 \u0928\u0917\u0930\u092a\u093e\u0932\u093f\u0915\u093e", "name_hu": "Slovenj Gradec", "name_id": "Slovenj Gradec", "name_it": "Slovenj Gradec", "name_ja": "\u30b9\u30ed\u30f4\u30a7\u30cb\u30fb\u30b0\u30e9\u30c7\u30c4", "name_ko": "\uc2ac\ub85c\ubca4\uadf8\ub77c\ub370\uce20 \ub3c4\uc2dc \uc9c0\ubc29 \uc790\uce58\uc81c", "name_nl": "Slovenj Gradec", "name_pl": "Gmina miejska Slovenj Gradec", "name_pt": "Cidade Slovenj Gradec", "name_ru": "\u0421\u043b\u043e\u0432\u0435\u043d\u044c-\u0413\u0440\u0430\u0434\u0435\u0446", "name_sv": "Slovenj Gradec", "name_tr": "Slovenj Gradec Belediyesi", "name_vi": "\u0110\u00f4 th\u1ecb t\u1ef1 tr\u1ecb Slovenj Gradec", "name_zh": "\u65af\u6d1b\u6587\u5c3c\u683c\u62c9\u4ee3\u8328\u5e02", "ne_id": 1159310785, "name_he": "\u05e1\u05dc\u05d5\u05d1\u05e0\u05d9 \u05d2\u05e8\u05d0\u05d3\u05e5'", "name_uk": "\u0421\u043b\u043e\u0432\u0435\u043d\u044c \u0413\u0440\u0430\u0434\u0435\u0446\u044c", "name_ur": "\u0633\u0644\u0648\u0648\u06cc\u0646\u062c \u062c\u0631\u0627\u062f\u06cc\u06a9 \u0634\u06c1\u0631 \u0645\u06cc\u0648\u0646\u0633\u067e\u0644\u0679\u06cc", "name_fa": "\u0634\u0647\u0631\u062f\u0627\u0631\u06cc \u0634\u0647\u0631 \u0627\u0633\u0644\u0648\u0648\u0646\u06cc \u06af\u0631\u0627\u062f\u0686", "name_zht": "\u65af\u6d1b\u6587\u5c3c\u683c\u62c9\u4ee3\u8328\u5e02", "FCLASS_ISO": null, "FCLASS_US": null, "FCLASS_FR": null, "FCLASS_RU": null, "FCLASS_ES": null, "FCLASS_CN": null, "FCLASS_TW": null, "FCLASS_IN": null, "FCLASS_NP": null, "FCLASS_PK": null, "FCLASS_DE": null, "FCLASS_GB": null, "FCLASS_BR": null, "FCLASS_IL": null, "FCLASS_PS": null, "FCLASS_SA": null, "FCLASS_EG": null, "FCLASS_MA": null, "FCLASS_PT": null, "FCLASS_AR": null, "FCLASS_JP": null, "FCLASS_KO": null, "FCLASS_VN": null, "FCLASS_TR": null, "FCLASS_ID": null, "FCLASS_PL": null, "FCLASS_GR": null, "FCLASS_IT": null, "FCLASS_NL": null, "FCLASS_SE": null, "FCLASS_BD": null, "FCLASS_UA": null, "FCLASS_TLC": null}, "bbox": [14.956328, 46.421999, 15.195745, 46.570026], "geometry": {"type": "Polygon", "coordinates": [[[14.96563, 46.489462], [14.986713, 46.49587], [14.991984, 46.498687], [14.998496, 46.505792], [15.002216, 46.514241], [15.003767, 46.531889], [15.010485, 46.550441], [15.024592, 46.538142], [15.028158, 46.53809], [15.030328, 46.538607], [15.033584, 46.540002], [15.03622, 46.541552], [15.048777, 46.544601], [15.060249, 46.541501], [15.064331, 46.542327], [15.068982, 46.545738], [15.070998, 46.550337], [15.103399, 46.570026], [15.113166, 46.559897], [15.12717, 46.551888], [15.138022, 46.541397], [15.143293, 46.533568], [15.188768, 46.517213], [15.195745, 46.510908], [15.186133, 46.491865], [15.162207, 46.46781], [15.1512, 46.460239], [15.149494, 46.449723], [15.144533, 46.445124], [15.142673, 46.444375], [15.139727, 46.444659], [15.134922, 46.44391], [15.123604, 46.421999], [15.111925, 46.430758], [15.098593, 46.433833], [15.092237, 46.434169], [15.089291, 46.426469], [14.999891, 46.446829], [14.956328, 46.459852], [14.96563, 46.489462]]]}}, {"type": "Feature", "properties": {"featurecla": "Admin-1 states provinces", "scalerank": 10, "adm1_code": "SVN-1005", "diss_me": 1005, "iso_3166_2": "SI-141", "wikipedia": null, "iso_a2": "SI", "adm0_sr": 1, "name": "Vuzenica", "name_alt": null, "name_local": null, "type": "Opcine", "type_en": "Commune|Municipality", "code_local": null, "code_hasc": "SI.KO.VU", "note": null, "hasc_maybe": null, "region": "Koro\u0161ka", "region_cod": null, "provnum_ne": 159, "gadm_level": 2, "check_me": 0, "datarank": 8, "abbrev": null, "postal": "VU", "area_sqkm": 0, "sameascity": -99, "labelrank": 10, "name_len": 8, "mapcolor9": 2, "mapcolor13": 12, "fips": "SIE6", "fips_alt": null, "woe_id": -55848378, "woe_label": null, "woe_name": null, "latitude": 46.5669, "longitude": 15.1575, "sov_a3": "SVN", "adm0_a3": "SVN", "adm0_label": 2, "admin": "Slovenia", "geonunit": "Slovenia", "gu_a3": "SVN", "gn_id": 3239180, "gn_name": "Obcina Vuzenica", "gns_id": 243848, "gns_name": "Vuzenica, Obcina", "gn_level": 1, "gn_region": null, "gn_a1_code": "SI.E6", "region_sub": null, "sub_code": null, "gns_level": 1, "gns_lang": "slv", "gns_adm1": "SI81", "gns_region": null, "min_label": 11, "max_label": 11, "min_zoom": 11, "wikidataid": "Q370390", "name_ar": "\u0628\u0644\u062f\u064a\u0629 \u0641\u0648\u0632\u064a\u0646\u064a\u0643\u0627", "name_bn": "\u09ad\u09c1\u099c\u09c7\u09a8\u09bf\u0995\u09be \u09aa\u09cc\u09b0\u09b8\u09ad\u09be", "name_de": "Vuzenica", "name_en": "Vuzenica", "name_es": "Vuzenica", "name_fr": "Vuzenica", "name_el": "\u0392\u03bf\u03c5\u03b6\u03b5\u03bd\u03af\u03ba\u03b1", "name_hi": "\u0935\u0941\u091c\u093c\u0947\u0928\u093f\u0915\u093e \u0928\u0917\u0930 \u092a\u093e\u0932\u093f\u0915\u093e", "name_hu": "Vuzenica", "name_id": "Vuzenica", "name_it": "Vuzenica", "name_ja": "\u30f4\u30bc\u30cb\u30c4\u30a1", "name_ko": "\ubd80\uc81c\ub2c8\ucc28", "name_nl": "Vuzenica", "name_pl": "Gmina Vuzenica", "name_pt": "Vuzenica", "name_ru": "\u0412\u0443\u0437\u0435\u043d\u0438\u0446\u0430", "name_sv": "Vuzenica", "name_tr": "Vuzenica Belediyesi", "name_vi": "Vuzenica", "name_zh": "\u5f17\u8d0a\u5c3c\u5361", "ne_id": 1159310813, "name_he": "\u05d5\u05d5\u05d6'\u05e0\u05d9\u05e6\u05d4", "name_uk": "\u0412\u0443\u0437\u0435\u043d\u0438\u0446\u044f", "name_ur": "\u0648\u0648\u0632\u06cc\u0646\u06cc\u06a9\u0627 \u0645\u06cc\u0648\u0646\u0633\u067e\u0644\u0679\u06cc", "name_fa": "\u0648\u0648\u0632\u0646\u06cc\u06a9\u0627", "name_zht": "\u5f17\u8d0a\u5c3c\u5361", "FCLASS_ISO": null, "FCLASS_US": null, "FCLASS_FR": null, "FCLASS_RU": null, "FCLASS_ES": null, "FCLASS_CN": null, "FCLASS_TW": null, "FCLASS_IN": null, "FCLASS_NP": null, "FCLASS_PK": null, "FCLASS_DE": null, "FCLASS_GB": null, "FCLASS_BR": null, "FCLASS_IL": null, "FCLASS_PS": null, "FCLASS_SA": null, "FCLASS_EG": null, "FCLASS_MA": null, "FCLASS_PT": null, "FCLASS_AR": null, "FCLASS_JP": null, "FCLASS_KO": null, "FCLASS_VN": null, "FCLASS_TR": null, "FCLASS_ID": null, "FCLASS_PL": null, "FCLASS_GR": null, "FCLASS_IT": null, "FCLASS_NL": null, "FCLASS_SE": null, "FCLASS_BD": null, "FCLASS_UA": null, "FCLASS_TLC": null}, "bbox": [15.103399, 46.517213, 15.211558, 46.619454], "geometry": {"type": "Polygon", "coordinates": [[[15.183497, 46.619454], [15.191869, 46.612581], [15.19497, 46.610695], [15.197295, 46.609713], [15.203186, 46.608241], [15.209232, 46.60483], [15.211558, 46.601652], [15.211558, 46.597466], [15.209852, 46.591937], [15.201636, 46.581963], [15.1959, 46.579483], [15.189543, 46.578294], [15.185978, 46.578398], [15.183807, 46.577261], [15.186753, 46.573127], [15.187373, 46.568837], [15.183652, 46.560802], [15.178226, 46.55411], [15.176056, 46.547495], [15.175539, 46.54256], [15.180552, 46.533956], [15.19931, 46.529202], [15.188768, 46.517213], [15.143293, 46.533568], [15.138022, 46.541397], [15.12717, 46.551888], [15.113166, 46.559897], [15.103399, 46.570026], [15.106034, 46.579224], [15.103864, 46.586769], [15.10867, 46.594934], [15.111925, 46.598655], [15.125775, 46.601239], [15.140192, 46.599792], [15.154455, 46.603616], [15.183497, 46.619454]]]}}, {"type": "Feature", "properties": {"featurecla": "Admin-1 states provinces", "scalerank": 10, "adm1_code": "SVN-215", "diss_me": 215, "iso_3166_2": "SI-095", "wikipedia": null, "iso_a2": "SI", "adm0_sr": 1, "name": "Preddvor", "name_alt": null, "name_local": null, "type": "Opcine", "type_en": "Commune|Municipality", "code_local": null, "code_hasc": "SI.GO.PR", "note": null, "hasc_maybe": null, "region": "Gorenjska", "region_cod": null, "provnum_ne": 153, "gadm_level": 2, "check_me": 0, "datarank": 8, "abbrev": null, "postal": "PR", "area_sqkm": 0, "sameascity": -99, "labelrank": 10, "name_len": 8, "mapcolor9": 2, "mapcolor13": 12, "fips": "SIK5", "fips_alt": null, "woe_id": -55848358, "woe_label": null, "woe_name": null, "latitude": 46.3286, "longitude": 14.46, "sov_a3": "SVN", "adm0_a3": "SVN", "adm0_label": 2, "admin": "Slovenia", "geonunit": "Slovenia", "gu_a3": "SVN", "gn_id": 3239107, "gn_name": "Obcina Preddvor", "gns_id": 243515, "gns_name": "Preddvor, Obcina", "gn_level": 1, "gn_region": null, "gn_a1_code": "SI.K5", "region_sub": null, "sub_code": null, "gns_level": 1, "gns_lang": "slv", "gns_adm1": "SI53", "gns_region": null, "min_label": 11, "max_label": 11, "min_zoom": 11, "wikidataid": "Q539864", "name_ar": "\u0628\u0644\u062f\u064a\u0629 \u0628\u0631\u064a\u062f\u0641\u0648\u0631", "name_bn": "\u09aa\u09cd\u09b0\u09c7\u09a1\u09ad\u09cb\u09b0 \u09aa\u09cc\u09b0\u09b8\u09ad\u09be", "name_de": "Preddvor", "name_en": "Preddvor", "name_es": "Preddvor", "name_fr": "Preddvor", "name_el": "\u03a0\u03c1\u03ad\u03bd\u03c4\u03b2\u03bf\u03c1", "name_hi": "\u092a\u094d\u0930\u0947\u0921\u094d\u0935\u094b\u0930 \u0928\u0917\u0930 \u092a\u093e\u0932\u093f\u0915\u093e", "name_hu": "Preddvor", "name_id": "Preddvor", "name_it": "Preddvor", "name_ja": "\u30d7\u30ec\u30c3\u30c9\u30f4\u30a9\u30eb", "name_ko": "\ud504\ub808\ub4dc\ubcf4\ub974", "name_nl": "Preddvor", "name_pl": "Gmina Preddvor", "name_pt": "Preddvor", "name_ru": "\u041f\u0440\u0435\u0434\u0434\u0432\u043e\u0440", "name_sv": "Preddvor", "name_tr": "Preddvor", "name_vi": "\u0110\u00f4 th\u1ecb t\u1ef1 tr\u1ecb Preddvor", "name_zh": "\u666e\u96f7\u5fb7\u6c83\u5c14", "ne_id": 1159308581, "name_he": "\u05e4\u05b0\u05e8\u05b6\u05d3\u05d1\u05d5\u05e8", "name_uk": "\u041f\u0440\u0435\u0434\u0434\u0432\u043e\u0440", "name_ur": "\u067e\u0631\u06cc\u062f\u0648\u0648\u0631 \u0645\u06cc\u0648\u0646\u0633\u067e\u0644\u0679\u06cc", "name_fa": "\u067e\u0631\u062f\u0648\u0648\u0631", "name_zht": "\u666e\u96f7\u5fb7\u6c83\u5c14", "FCLASS_ISO": null, "FCLASS_US": null, "FCLASS_FR": null, "FCLASS_RU": null, "FCLASS_ES": null, "FCLASS_CN": null, "FCLASS_TW": null, "FCLASS_IN": null, "FCLASS_NP": null, "FCLASS_PK": null, "FCLASS_DE": null, "FCLASS_GB": null, "FCLASS_BR": null, "FCLASS_IL": null, "FCLASS_PS": null, "FCLASS_SA": null, "FCLASS_EG": null, "FCLASS_MA": null, "FCLASS_PT": null, "FCLASS_AR": null, "FCLASS_JP": null, "FCLASS_KO": null, "FCLASS_VN": null, "FCLASS_TR": null, "FCLASS_ID": null, "FCLASS_PL": null, "FCLASS_GR": null, "FCLASS_IT": null, "FCLASS_NL": null, "FCLASS_SE": null, "FCLASS_BD": null, "FCLASS_UA": null, "FCLASS_TLC": null}, "bbox": [14.366803, 46.288906, 14.553148, 46.367093], "geometry": {"type": "Polygon", "coordinates": [[[14.46721, 46.291645], [14.417239, 46.288906], [14.389592, 46.291232], [14.379825, 46.289268], [14.371299, 46.29348], [14.368198, 46.298001], [14.366803, 46.303737], [14.368973, 46.306269], [14.37874, 46.304047], [14.382771, 46.303531], [14.386647, 46.307045], [14.389282, 46.312057], [14.393675, 46.326217], [14.405457, 46.351641], [14.427006, 46.350504], [14.432122, 46.353528], [14.433982, 46.355388], [14.437238, 46.360504], [14.440494, 46.364715], [14.444679, 46.366369], [14.449847, 46.367093], [14.454653, 46.366886], [14.469226, 46.364276], [14.53594, 46.360323], [14.545552, 46.352675], [14.546792, 46.346267], [14.544467, 46.336552], [14.548652, 46.329369], [14.550513, 46.32508], [14.553148, 46.321333], [14.544001, 46.31198], [14.515321, 46.29981], [14.500852, 46.296606], [14.483798, 46.296244], [14.46721, 46.291645]]]}}, {"type": "Feature", "properties": {"featurecla": "Admin-1 states provinces", "scalerank": 10, "adm1_code": "SVN-985", "diss_me": 985, "iso_3166_2": "SI-117", "wikipedia": null, "iso_a2": "SI", "adm0_sr": 1, "name": "\u0160en\u010dur", "name_alt": null, "name_local": null, "type": "Opcine", "type_en": "Commune|Municipality", "code_local": null, "code_hasc": "SI.GO.SE", "note": null, "hasc_maybe": null, "region": "Gorenjska", "region_cod": null, "provnum_ne": 184, "gadm_level": 2, "check_me": 0, "datarank": 8, "abbrev": null, "postal": "SE", "area_sqkm": 0, "sameascity": -99, "labelrank": 10, "name_len": 6, "mapcolor9": 2, "mapcolor13": 12, "fips": "SIB2", "fips_alt": null, "woe_id": -55848358, "woe_label": null, "woe_name": null, "latitude": 46.2408, "longitude": 14.4252, "sov_a3": "SVN", "adm0_a3": "SVN", "adm0_label": 2, "admin": "Slovenia", "geonunit": "Slovenia", "gu_a3": "SVN", "gn_id": 3239111, "gn_name": "Obcina Sencur", "gns_id": 243521, "gns_name": "Sencur, Obcina", "gn_level": 1, "gn_region": null, "gn_a1_code": "SI.B2", "region_sub": null, "sub_code": null, "gns_level": 1, "gns_lang": "slv", "gns_adm1": "SI12", "gns_region": null, "min_label": 11, "max_label": 11, "min_zoom": 11, "wikidataid": "Q2346638", "name_ar": "\u0628\u0644\u062f\u064a\u0629 \u0634\u064a\u0646\u062a\u0634\u0648\u0631", "name_bn": "\u09b8\u09c7\u0999\u09cd\u0995\u09c1\u09b0 \u09aa\u09cc\u09b0\u09b8\u09ad\u09be", "name_de": "\u0160en\u010dur", "name_en": "\u0160en\u010dur", "name_es": "Municipalidad del \u0160en\u010dur", "name_fr": "\u0160en\u010dur", "name_el": "\u03a3\u03ad\u03bd\u03ba\u03bf\u03c5\u03c1", "name_hi": "\u0938\u0947\u0902\u0938\u0941\u0930 \u0928\u0917\u0930\u092a\u093e\u0932\u093f\u0915\u093e", "name_hu": "\u0160en\u010dur", "name_id": "\u0160en\u010dur", "name_it": "\u0160en\u010dur", "name_ja": "\u30b7\u30a7\u30f3\u30c1\u30e5\u30eb", "name_ko": "\uc174\ucd94\ub974", "name_nl": "\u0160en\u010dur", "name_pl": "Gmina \u0160en\u010dur", "name_pt": "\u0160en\u010dur", "name_ru": "\u0428\u0435\u043d\u0447\u0443\u0440", "name_sv": "Sencur", "name_tr": "Sencur Belediyesi", "name_vi": "\u0160en\u010dur", "name_zh": "\u7533\u4e18\u723e", "ne_id": 1159310771, "name_he": "\u05e9\u05e0\u05e6'\u05d5\u05e8", "name_uk": "\u0428\u0435\u043d\u0447\u0443\u0440", "name_ur": "\u0633\u06cc\u0646\u06a9\u0648\u0631 \u0645\u06cc\u0648\u0646\u0633\u067e\u0644\u0679\u06cc", "name_fa": "\u0634\u0647\u0631\u062f\u0627\u0631\u06cc \u0634\u0646\u06cc\u0648\u0631", "name_zht": "\u7533\u4e18\u723e", "FCLASS_ISO": null, "FCLASS_US": null, "FCLASS_FR": null, "FCLASS_RU": null, "FCLASS_ES": null, "FCLASS_CN": null, "FCLASS_TW": null, "FCLASS_IN": null, "FCLASS_NP": null, "FCLASS_PK": null, "FCLASS_DE": null, "FCLASS_GB": null, "FCLASS_BR": null, "FCLASS_IL": null, "FCLASS_PS": null, "FCLASS_SA": null, "FCLASS_EG": null, "FCLASS_MA": null, "FCLASS_PT": null, "FCLASS_AR": null, "FCLASS_JP": null, "FCLASS_KO": null, "FCLASS_VN": null, "FCLASS_TR": null, "FCLASS_ID": null, "FCLASS_PL": null, "FCLASS_GR": null, "FCLASS_IT": null, "FCLASS_NL": null, "FCLASS_SE": null, "FCLASS_BD": null, "FCLASS_UA": null, "FCLASS_TLC": null}, "bbox": [14.383081, 46.191754, 14.467365, 46.291645], "geometry": {"type": "Polygon", "coordinates": [[[14.417239, 46.288906], [14.46721, 46.291645], [14.459924, 46.284436], [14.455738, 46.281775], [14.452638, 46.278157], [14.449072, 46.276297], [14.446591, 46.272473], [14.443904, 46.266995], [14.442199, 46.255187], [14.443129, 46.232786], [14.444524, 46.223174], [14.462869, 46.206146], [14.467365, 46.198886], [14.4669, 46.198059], [14.458684, 46.193253], [14.406542, 46.191754], [14.388972, 46.217076], [14.386802, 46.219401], [14.384166, 46.221701], [14.383081, 46.224517], [14.384476, 46.230357], [14.392435, 46.240485], [14.402201, 46.266685], [14.414914, 46.279139], [14.417239, 46.288906]]]}}, {"type": "Feature", "properties": {"featurecla": "Admin-1 states provinces", "scalerank": 10, "adm1_code": "SVN-942", "diss_me": 942, "iso_3166_2": "SI-012", "wikipedia": null, "iso_a2": "SI", "adm0_sr": 1, "name": "Cerklje na Gorenjskem", "name_alt": null, "name_local": null, "type": "Opcine", "type_en": "Commune|Municipality", "code_local": null, "code_hasc": "SI.GO.CG", "note": null, "hasc_maybe": null, "region": "Gorenjska", "region_cod": null, "provnum_ne": 180, "gadm_level": 2, "check_me": 0, "datarank": 8, "abbrev": null, "postal": "CG", "area_sqkm": 0, "sameascity": -99, "labelrank": 10, "name_len": 21, "mapcolor9": 2, "mapcolor13": 12, "fips": "SI12", "fips_alt": null, "woe_id": -55848358, "woe_label": null, "woe_name": null, "latitude": 46.2524, "longitude": 14.5061, "sov_a3": "SVN", "adm0_a3": "SVN", "adm0_label": 2, "admin": "Slovenia", "geonunit": "Slovenia", "gu_a3": "SVN", "gn_id": 3239110, "gn_name": "Obcina Cerklje na Gorenjskem", "gns_id": 243519, "gns_name": "Cerklje na Gorenjskem, Obcina", "gn_level": 1, "gn_region": null, "gn_a1_code": "SI.12", "region_sub": null, "sub_code": null, "gns_level": 1, "gns_lang": "slv", "gns_adm1": "SI12", "gns_region": null, "min_label": 11, "max_label": 11, "min_zoom": 11, "wikidataid": "Q859679", "name_ar": "\u0628\u0644\u062f\u064a\u0629 \u062a\u0633\u064a\u0631\u0643\u0644\u064a\u0647 \u0646\u0627 \u063a\u0648\u0631\u064a\u0646\u064a\u0633\u0643\u064a\u0645", "name_bn": "\u099a\u09be\u09b0\u09cd\u09b2\u09bf\u09af\u09c7 \u09a8\u09be \u0997\u09cb\u09b0\u09c7\u09a8 \u09aa\u09cc\u09b0\u09b8\u09ad\u09be", "name_de": "Cerklje na Gorenjskem", "name_en": "Cerklje na Gorenjskem", "name_es": "Cerklje na Gorenjskem", "name_fr": "Cerklje na Gorenjskem", "name_el": "\u039a\u03ad\u03c1\u03ba\u03bb\u03c4\u03b6\u03b5 \u03bd\u03b1 \u0393\u03ba\u03bf\u03c1\u03ad\u03bd\u03c4\u03b6\u03c3\u03ba\u03b5\u03bc", "name_hi": "\u0938\u0930\u094d\u0915\u0932\u093f\u090f \u0928\u093e \u0917\u094b\u0930\u0947\u0928\u094d\u0938\u0915\u0947\u092e \u0928\u0917\u0930\u092a\u093e\u0932\u093f\u0915\u093e", "name_hu": "Cerklje na Gorenjskem", "name_id": "Cerklje na Gorenjskem", "name_it": "Cerklje na Gorenjskem", "name_ja": "\u30c4\u30a7\u30eb\u30af\u30cb\u30a7\u30fb\u30ca\u30fb\u30b4\u30ec\u30cb\u30b9\u30b1\u30e0", "name_ko": "\uccb4\ub974\ud074\ub808\ub098\uace0\ub80c\uc2a4\ucf10", "name_nl": "Cerklje na Gorenjskem", "name_pl": "Gmina Cerklje na Gorenjskem", "name_pt": "Cerklje na Gorenjskem", "name_ru": "\u0426\u0435\u0440\u043a\u043b\u0435-\u043d\u0430-\u0413\u043e\u0440\u0435\u043d\u044c\u0441\u043a\u0435\u043c", "name_sv": "Cerklje na Gorenjskem", "name_tr": "Cerklje na Gorenjskem Belediyesi", "name_vi": "Cerklje na Gorenjskem", "name_zh": "\u6208\u96f7\u5c3c\u65af\u5361\u5730\u533a\u91c7\u5c14\u514b\u5217", "ne_id": 1159310675, "name_he": "\u05e6\u05e8\u05e7\u05dc\u05d9\u05d4 \u05e0\u05d4 \u05d2\u05d5\u05e8\u05e0\u05d9\u05e1\u05e7\u05dd", "name_uk": "\u0426\u0435\u0440\u043a\u043b\u0454 \u043d\u0430 \u0413\u043e\u0440\u0435\u043d\u044c\u0441\u043a\u0435\u043c", "name_ur": "\u06a9\u06cc\u0631\u06a9\u0644\u062c\u06cc \u0646\u0627 \u062c\u0648\u0631\u06cc\u0646\u062c\u0633\u06a9\u06cc\u0645 \u0645\u06cc\u0648\u0646\u0633\u067e\u0644\u0679\u06cc", "name_fa": "\u0633\u0631\u06a9\u0644\u06cc\u062c \u0646\u0627 \u06af\u0648\u0631\u0646\u062c\u0633\u06a9\u0645", "name_zht": "\u6208\u96f7\u5c3c\u65af\u5361\u5730\u533a\u91c7\u5c14\u514b\u5217", "FCLASS_ISO": null, "FCLASS_US": null, "FCLASS_FR": null, "FCLASS_RU": null, "FCLASS_ES": null, "FCLASS_CN": null, "FCLASS_TW": null, "FCLASS_IN": null, "FCLASS_NP": null, "FCLASS_PK": null, "FCLASS_DE": null, "FCLASS_GB": null, "FCLASS_BR": null, "FCLASS_IL": null, "FCLASS_PS": null, "FCLASS_SA": null, "FCLASS_EG": null, "FCLASS_MA": null, "FCLASS_PT": null, "FCLASS_AR": null, "FCLASS_JP": null, "FCLASS_KO": null, "FCLASS_VN": null, "FCLASS_TR": null, "FCLASS_ID": null, "FCLASS_PL": null, "FCLASS_GR": null, "FCLASS_IT": null, "FCLASS_NL": null, "FCLASS_SE": null, "FCLASS_BD": null, "FCLASS_UA": null, "FCLASS_TLC": null}, "bbox": [14.442199, 46.202865, 14.569943, 46.31198], "geometry": {"type": "Polygon", "coordinates": [[[14.46721, 46.291645], [14.483798, 46.296244], [14.500852, 46.296606], [14.515321, 46.29981], [14.544001, 46.31198], [14.543691, 46.298751], [14.550358, 46.289371], [14.553303, 46.278623], [14.558626, 46.274488], [14.569943, 46.261466], [14.569478, 46.257539], [14.568548, 46.253559], [14.566687, 46.25002], [14.564052, 46.247255], [14.552528, 46.243198], [14.500697, 46.202865], [14.462869, 46.206146], [14.444524, 46.223174], [14.443129, 46.232786], [14.442199, 46.255187], [14.443904, 46.266995], [14.446591, 46.272473], [14.449072, 46.276297], [14.452638, 46.278157], [14.455738, 46.281775], [14.459924, 46.284436], [14.46721, 46.291645]]]}}, {"type": "Feature", "properties": {"featurecla": "Admin-1 states provinces", "scalerank": 10, "adm1_code": "SVN-206", "diss_me": 206, "iso_3166_2": "SI-043", "wikipedia": null, "iso_a2": "SI", "adm0_sr": 1, "name": "Kamnik", "name_alt": null, "name_local": null, "type": "Opcine", "type_en": "Commune|Municipality", "code_local": null, "code_hasc": "SI.LJ.KA", "note": null, "hasc_maybe": null, "region": "Osrednjeslovenska", "region_cod": null, "provnum_ne": 154, "gadm_level": 2, "check_me": 0, "datarank": 8, "abbrev": null, "postal": "KA", "area_sqkm": 0, "sameascity": -99, "labelrank": 10, "name_len": 6, "mapcolor9": 2, "mapcolor13": 12, "fips": "SIH6", "fips_alt": null, "woe_id": 55848355, "woe_label": "Kamnik, SI, Slovenia", "woe_name": "Kamnik", "latitude": 46.2285, "longitude": 14.733, "sov_a3": "SVN", "adm0_a3": "SVN", "adm0_label": 2, "admin": "Slovenia", "geonunit": "Slovenia", "gu_a3": "SVN", "gn_id": 3198364, "gn_name": "Obcina Kamnik", "gns_id": -84140, "gns_name": "Kamnik, Obcina", "gn_level": 1, "gn_region": null, "gn_a1_code": "SI.H6", "region_sub": null, "sub_code": null, "gns_level": 1, "gns_lang": "srp", "gns_adm1": "SI11", "gns_region": null, "min_label": 11, "max_label": 11, "min_zoom": 11, "wikidataid": "Q3503153", "name_ar": "\u0628\u0644\u062f\u064a\u0629 \u0643\u0627\u0645\u0646\u064a\u0643", "name_bn": "\u0995\u09be\u09ae\u09cd\u09a8\u09bf\u0995 \u09aa\u09cc\u09b0\u09b8\u09ad\u09be", "name_de": "Gemeinde Kamnik", "name_en": "Kamnik", "name_es": "Municipalidad Kamnik", "name_fr": "Kamnik", "name_el": "\u039a\u03b1\u03bc\u03bd\u03af\u03ba", "name_hi": "\u0915\u092e\u094d\u0928\u093f\u0915 \u0928\u0917\u0930\u092a\u093e\u0932\u093f\u0915\u093e", "name_hu": "Kamnik", "name_id": "Kamnik", "name_it": "Kamnik", "name_ja": "\u30ab\u30e0\u30cb\u30fc\u30af", "name_ko": "\uce84\ub2c8\ud06c \uc9c0\ubc29 \uc790\uce58\uc81c", "name_nl": "Kamnik", "name_pl": "Gmina Kamnik", "name_pt": "Kamnik", "name_ru": "\u041a\u0430\u043c\u043d\u0438\u043a", "name_sv": "Kamnik", "name_tr": "Kamnik Belediyesi", "name_vi": "\u0110\u00f4 th\u1ecb t\u1ef1 tr\u1ecb Kamnik", "name_zh": "\u5361\u59c6\u5c3c\u514b\u93ae", "ne_id": 1159308561, "name_he": "\u05e7\u05de\u05e0\u05d9\u05e7", "name_uk": "\u041a\u0430\u043c\u043d\u0438\u043a", "name_ur": "\u06a9\u0627\u0645\u0646\u06cc\u06a9 \u0645\u06cc\u0648\u0646\u0633\u067e\u0644\u0679\u06cc", "name_fa": "\u0634\u0647\u0631\u062f\u0627\u0631\u06cc \u06a9\u0627\u0645\u0646\u06cc\u06a9", "name_zht": "\u5361\u59c6\u5c3c\u514b\u93ae", "FCLASS_ISO": null, "FCLASS_US": null, "FCLASS_FR": null, "FCLASS_RU": null, "FCLASS_ES": null, "FCLASS_CN": null, "FCLASS_TW": null, "FCLASS_IN": null, "FCLASS_NP": null, "FCLASS_PK": null, "FCLASS_DE": null, "FCLASS_GB": null, "FCLASS_BR": null, "FCLASS_IL": null, "FCLASS_PS": null, "FCLASS_SA": null, "FCLASS_EG": null, "FCLASS_MA": null, "FCLASS_PT": null, "FCLASS_AR": null, "FCLASS_JP": null, "FCLASS_KO": null, "FCLASS_VN": null, "FCLASS_TR": null, "FCLASS_ID": null, "FCLASS_PL": null, "FCLASS_GR": null, "FCLASS_IT": null, "FCLASS_NL": null, "FCLASS_SE": null, "FCLASS_BD": null, "FCLASS_UA": null, "FCLASS_TLC": null}, "bbox": [14.53594, 46.188499, 14.930076, 46.368798], "geometry": {"type": "Polygon", "coordinates": [[[14.544001, 46.31198], [14.553148, 46.321333], [14.550513, 46.32508], [14.548652, 46.329369], [14.544467, 46.336552], [14.546792, 46.346267], [14.545552, 46.352675], [14.53594, 46.360323], [14.568703, 46.368798], [14.595678, 46.361408], [14.609786, 46.361977], [14.639913, 46.366369], [14.646734, 46.333865], [14.670609, 46.31061], [14.676862, 46.299655], [14.680117, 46.290611], [14.685543, 46.286426], [14.705697, 46.286917], [14.703992, 46.269786], [14.714069, 46.263068], [14.753033, 46.254335], [14.788741, 46.253017], [14.81122, 46.254386], [14.854835, 46.252862], [14.884911, 46.240537], [14.930076, 46.218781], [14.910077, 46.210539], [14.898915, 46.208678], [14.785796, 46.199764], [14.769776, 46.195914], [14.748692, 46.195992], [14.735049, 46.197646], [14.715929, 46.202193], [14.683063, 46.19917], [14.657741, 46.206637], [14.65185, 46.206121], [14.645339, 46.204596], [14.639138, 46.202193], [14.632006, 46.19731], [14.609476, 46.188499], [14.590097, 46.189119], [14.579865, 46.192426], [14.582655, 46.198059], [14.569943, 46.214854], [14.565447, 46.228109], [14.552528, 46.243198], [14.564052, 46.247255], [14.566687, 46.25002], [14.568548, 46.253559], [14.569478, 46.257539], [14.569943, 46.261466], [14.558626, 46.274488], [14.553303, 46.278623], [14.550358, 46.289371], [14.543691, 46.298751], [14.544001, 46.31198]]]}}, {"type": "Feature", "properties": {"featurecla": "Admin-1 states provinces", "scalerank": 10, "adm1_code": "SVN-967", "diss_me": 967, "iso_3166_2": "SI-071", "wikipedia": null, "iso_a2": "SI", "adm0_sr": 1, "name": "Medvode", "name_alt": null, "name_local": null, "type": "Opcine", "type_en": "Commune|Municipality", "code_local": null, "code_hasc": "SI.LJ.MD", "note": null, "hasc_maybe": null, "region": "Osrednjeslovenska", "region_cod": null, "provnum_ne": 185, "gadm_level": 2, "check_me": 0, "datarank": 8, "abbrev": null, "postal": "MD", "area_sqkm": 0, "sameascity": -99, "labelrank": 10, "name_len": 7, "mapcolor9": 2, "mapcolor13": 12, "fips": "SI71", "fips_alt": null, "woe_id": -55848364, "woe_label": null, "woe_name": null, "latitude": 46.1236, "longitude": 14.3971, "sov_a3": "SVN", "adm0_a3": "SVN", "adm0_label": 2, "admin": "Slovenia", "geonunit": "Slovenia", "gu_a3": "SVN", "gn_id": 3239113, "gn_name": "Obcina Medvode", "gns_id": 243523, "gns_name": "Medvode, Obcina", "gn_level": 1, "gn_region": null, "gn_a1_code": "SI.71", "region_sub": null, "sub_code": null, "gns_level": 1, "gns_lang": "slv", "gns_adm1": "SI71", "gns_region": null, "min_label": 11, "max_label": 11, "min_zoom": 11, "wikidataid": "Q15894", "name_ar": "\u0645\u062f\u0641\u0648\u062f\u064a", "name_bn": "\u09ae\u09c7\u09a6\u09ad\u09cb\u09a6 \u09aa\u09cc\u09b0\u09b8\u09ad\u09be", "name_de": "Medvode", "name_en": "Medvode", "name_es": "Medvode", "name_fr": "Medvode", "name_el": "\u039c\u03b5\u03bd\u03c4\u03b2\u03cc\u03bd\u03c4\u03b5", "name_hi": "\u092e\u0947\u0921\u0935\u094b\u0921\u0947 \u0928\u0917\u0930 \u092a\u093e\u0932\u093f\u0915\u093e", "name_hu": "Medvode", "name_id": "Medvode", "name_it": "Medvode", "name_ja": "\u30e1\u30c9\u30f4\u30a9\u30c7", "name_ko": "\uba54\ub4dc\ubcf4\ub370", "name_nl": "Medvode", "name_pl": "Gmina Medvode", "name_pt": "Medvode", "name_ru": "\u041c\u0435\u0434\u0432\u043e\u0434\u0435", "name_sv": "Medvode", "name_tr": "Medvode", "name_vi": "Medvode", "name_zh": "\u6885\u5fb7\u6c83\u4ee3", "ne_id": 1159310731, "name_he": "\u05de\u05d3\u05d5\u05d5\u05d9\u05d9", "name_uk": "\u041c\u0435\u0434\u0432\u043e\u0434\u0435", "name_ur": "\u0645\u06cc\u062f\u0648\u0648\u062f\u06cc \u0645\u06cc\u0648\u0646\u0633\u067e\u0644\u0679\u06cc", "name_fa": "\u0645\u062f\u0648\u062f\u0647", "name_zht": "\u6885\u5fb7\u6c83\u4ee3", "FCLASS_ISO": null, "FCLASS_US": null, "FCLASS_FR": null, "FCLASS_RU": null, "FCLASS_ES": null, "FCLASS_CN": null, "FCLASS_TW": null, "FCLASS_IN": null, "FCLASS_NP": null, "FCLASS_PK": null, "FCLASS_DE": null, "FCLASS_GB": null, "FCLASS_BR": null, "FCLASS_IL": null, "FCLASS_PS": null, "FCLASS_SA": null, "FCLASS_EG": null, "FCLASS_MA": null, "FCLASS_PT": null, "FCLASS_AR": null, "FCLASS_JP": null, "FCLASS_KO": null, "FCLASS_VN": null, "FCLASS_TR": null, "FCLASS_ID": null, "FCLASS_PL": null, "FCLASS_GR": null, "FCLASS_IT": null, "FCLASS_NL": null, "FCLASS_SE": null, "FCLASS_BD": null, "FCLASS_UA": null, "FCLASS_TLC": null}, "bbox": [14.325048, 46.082872, 14.469226, 46.193253], "geometry": {"type": "Polygon", "coordinates": [[[14.39383, 46.160335], [14.414294, 46.170541], [14.411348, 46.175011], [14.406542, 46.191754], [14.458684, 46.193253], [14.469226, 46.143463], [14.460389, 46.13398], [14.446281, 46.128347], [14.433207, 46.128399], [14.426851, 46.126539], [14.42251, 46.123128], [14.421115, 46.119718], [14.42065, 46.117444], [14.424681, 46.115583], [14.427936, 46.108814], [14.431037, 46.104576], [14.434913, 46.100907], [14.437858, 46.097445], [14.435688, 46.095636], [14.430572, 46.094189], [14.408558, 46.082872], [14.371919, 46.090081], [14.35037, 46.083415], [14.338123, 46.086955], [14.33311, 46.090469], [14.325048, 46.098323], [14.33063, 46.113361], [14.327839, 46.118632], [14.33094, 46.126901], [14.337813, 46.1346], [14.357346, 46.145349], [14.369128, 46.147184], [14.3775, 46.150207], [14.382306, 46.155426], [14.384166, 46.158165], [14.39383, 46.160335]]]}}, {"type": "Feature", "properties": {"featurecla": "Admin-1 states provinces", "scalerank": 10, "adm1_code": "SVN-1013", "diss_me": 1013, "iso_3166_2": "SI-052", "wikipedia": null, "iso_a2": "SI", "adm0_sr": 1, "name": "Kranj", "name_alt": null, "name_local": null, "type": "Opcine", "type_en": "Commune|Municipality", "code_local": null, "code_hasc": "SI.GO.KR", "note": null, "hasc_maybe": null, "region": "Gorenjska", "region_cod": null, "provnum_ne": 152, "gadm_level": 2, "check_me": 0, "datarank": 8, "abbrev": null, "postal": "KR", "area_sqkm": 0, "sameascity": -99, "labelrank": 10, "name_len": 5, "mapcolor9": 2, "mapcolor13": 12, "fips": "SI52", "fips_alt": null, "woe_id": 55848358, "woe_label": "Kranj, SI, Slovenia", "woe_name": "Kranj", "latitude": 46.2382, "longitude": 14.2919, "sov_a3": "SVN", "adm0_a3": "SVN", "adm0_label": 2, "admin": "Slovenia", "geonunit": "Slovenia", "gu_a3": "SVN", "gn_id": 3197377, "gn_name": "Mestna Obcina Kranj", "gns_id": -85672, "gns_name": "Kranj, Mestna Obcina", "gn_level": 1, "gn_region": null, "gn_a1_code": "SI.52", "region_sub": null, "sub_code": null, "gns_level": 1, "gns_lang": "srp", "gns_adm1": "SI52", "gns_region": null, "min_label": 11, "max_label": 11, "min_zoom": 11, "wikidataid": "Q1021", "name_ar": "\u0643\u0631\u0627\u0646\u064a", "name_bn": "\u0995\u09cd\u09b0\u09cd\u09af\u09be\u099e\u09cd\u099c", "name_de": "Kranj", "name_en": "Kranj", "name_es": "Kranj", "name_fr": "Kranj", "name_el": "\u039a\u03c1\u03b1\u03bd", "name_hi": "\u0915\u094d\u0930\u093e\u0902\u091c", "name_hu": "Kranj", "name_id": "Kranj", "name_it": "Kranj", "name_ja": "\u30af\u30e9\u30fc\u30cb", "name_ko": "\ud06c\ub780", "name_nl": "Kranj", "name_pl": "Kranj", "name_pt": "Kranj", "name_ru": "\u041a\u0440\u0430\u043d\u044c", "name_sv": "Kranj", "name_tr": "Kranj", "name_vi": "Kranj", "name_zh": "\u514b\u62c9\u5c3c", "ne_id": 1159310831, "name_he": "\u05e7\u05e8\u05d0\u05df", "name_uk": "\u041a\u0440\u0430\u043d\u044c", "name_ur": "\u06a9\u0631\u0627\u0646", "name_fa": "\u06a9\u0631\u0627\u0646\u06cc", "name_zht": "\u514b\u62c9\u5c3c", "FCLASS_ISO": null, "FCLASS_US": null, "FCLASS_FR": null, "FCLASS_RU": null, "FCLASS_ES": null, "FCLASS_CN": null, "FCLASS_TW": null, "FCLASS_IN": null, "FCLASS_NP": null, "FCLASS_PK": null, "FCLASS_DE": null, "FCLASS_GB": null, "FCLASS_BR": null, "FCLASS_IL": null, "FCLASS_PS": null, "FCLASS_SA": null, "FCLASS_EG": null, "FCLASS_MA": null, "FCLASS_PT": null, "FCLASS_AR": null, "FCLASS_JP": null, "FCLASS_KO": null, "FCLASS_VN": null, "FCLASS_TR": null, "FCLASS_ID": null, "FCLASS_PL": null, "FCLASS_GR": null, "FCLASS_IT": null, "FCLASS_NL": null, "FCLASS_SE": null, "FCLASS_BD": null, "FCLASS_UA": null, "FCLASS_TLC": null}, "bbox": [14.166505, 46.160335, 14.417239, 46.351641], "geometry": {"type": "Polygon", "coordinates": [[[14.406542, 46.191754], [14.411348, 46.175011], [14.414294, 46.170541], [14.39383, 46.160335], [14.385096, 46.176355], [14.379825, 46.181471], [14.371764, 46.182969], [14.368043, 46.182349], [14.364168, 46.183176], [14.363082, 46.18793], [14.364943, 46.191651], [14.367113, 46.194519], [14.365408, 46.195579], [14.349595, 46.192478], [14.337968, 46.192917], [14.275852, 46.210823], [14.269496, 46.214389], [14.269651, 46.219453], [14.272132, 46.222657], [14.275542, 46.224672], [14.278023, 46.226714], [14.278643, 46.229685], [14.277248, 46.23214], [14.275387, 46.234077], [14.248567, 46.242966], [14.221902, 46.250407], [14.208053, 46.25573], [14.19224, 46.268081], [14.166505, 46.28131], [14.179063, 46.284152], [14.227948, 46.275057], [14.234305, 46.273197], [14.274612, 46.274902], [14.298383, 46.268287], [14.325048, 46.254748], [14.330009, 46.256505], [14.3328, 46.260742], [14.33466, 46.270458], [14.330164, 46.277279], [14.315437, 46.291257], [14.311561, 46.293299], [14.311251, 46.297071], [14.312491, 46.300637], [14.320863, 46.306347], [14.322878, 46.31167], [14.328614, 46.314124], [14.326289, 46.321359], [14.330319, 46.33681], [14.338123, 46.340169], [14.350525, 46.348386], [14.359517, 46.350815], [14.405457, 46.351641], [14.393675, 46.326217], [14.389282, 46.312057], [14.386647, 46.307045], [14.382771, 46.303531], [14.37874, 46.304047], [14.368973, 46.306269], [14.366803, 46.303737], [14.368198, 46.298001], [14.371299, 46.29348], [14.379825, 46.289268], [14.389592, 46.291232], [14.417239, 46.288906], [14.414914, 46.279139], [14.402201, 46.266685], [14.392435, 46.240485], [14.384476, 46.230357], [14.383081, 46.224517], [14.384166, 46.221701], [14.386802, 46.219401], [14.388972, 46.217076], [14.406542, 46.191754]]]}}, {"type": "Feature", "properties": {"featurecla": "Admin-1 states provinces", "scalerank": 10, "adm1_code": "SVN-1017", "diss_me": 1017, "iso_3166_2": "SI-122", "wikipedia": null, "iso_a2": "SI", "adm0_sr": 1, "name": "\u0160kofja Loka", "name_alt": null, "name_local": null, "type": "Opcine", "type_en": "Commune|Municipality", "code_local": null, "code_hasc": "SI.GO.SL", "note": null, "hasc_maybe": null, "region": "Gorenjska", "region_cod": null, "provnum_ne": 183, "gadm_level": 2, "check_me": 0, "datarank": 8, "abbrev": null, "postal": "SL", "area_sqkm": 0, "sameascity": -99, "labelrank": 10, "name_len": 11, "mapcolor9": 2, "mapcolor13": 12, "fips": "SIB9", "fips_alt": null, "woe_id": 55848386, "woe_label": "Skofja Loka, SI, Slovenia", "woe_name": "\u0160kofja Loka", "latitude": 46.1576, "longitude": 14.2779, "sov_a3": "SVN", "adm0_a3": "SVN", "adm0_label": 2, "admin": "Slovenia", "geonunit": "Slovenia", "gu_a3": "SVN", "gn_id": 3190716, "gn_name": "Obcina Skofja Loka", "gns_id": -95830, "gns_name": "Skofja Loka, Obcina", "gn_level": 1, "gn_region": null, "gn_a1_code": "SI.B9", "region_sub": null, "sub_code": null, "gns_level": 1, "gns_lang": "sqi", "gns_adm1": "SI25", "gns_region": null, "min_label": 11, "max_label": 11, "min_zoom": 11, "wikidataid": "Q2318898", "name_ar": "\u0628\u0644\u062f\u064a\u0629 \u0634\u0643\u0648\u0641\u064a\u0627 \u0644\u0648\u0643\u0627", "name_bn": "\u09b8\u09cd\u0995\u09cb\u09ab\u09bf\u09af\u09bc\u09be \u09b2\u09cb\u0995\u09be \u09aa\u09cc\u09b0\u09b8\u09ad\u09be", "name_de": "\u0160kofja Loka", "name_en": "\u0160kofja Loka", "name_es": "\u0160kofja Loka", "name_fr": "\u0160kofja Loka", "name_el": "\u03a3\u03ba\u03cc\u03c6\u03c4\u03b6\u03b1 \u039b\u03cc\u03ba\u03b1", "name_hi": "\u0938\u094d\u0915\u094b\u092b\u093f\u092f\u093e \u0932\u094b\u0915\u093e \u0928\u0917\u0930\u092a\u093e\u0932\u093f\u0915\u093e", "name_hu": "\u0160kofja Loka", "name_id": "\u0160kofja Loka", "name_it": "\u0160kofja Loka", "name_ja": "\u30b7\u30e5\u30b3\u30fc\u30d5\u30a3\u30a2\u30fb\u30ed\u30ab", "name_ko": "\uc288\ucf54\ud344\ub85c\uce74 \uc9c0\ubc29 \uc790\uce58\uc81c", "name_nl": "\u0160kofja Loka", "name_pl": "Gmina \u0160kofja Loka", "name_pt": "Skofja Loka", "name_ru": "\u0428\u043a\u043e\u0444\u044c\u044f-\u041b\u043e\u043a\u0430", "name_sv": "Skofja Loka", "name_tr": "\u0160kofja Loka", "name_vi": "\u0110\u00f4 th\u1ecb t\u1ef1 tr\u1ecb Skofja Loka", "name_zh": "\u65af\u79d1\u83f2\u4e9e\u6d1b\u5361", "ne_id": 1159310841, "name_he": "\u05e9\u05e7\u05d5\u05e4\u05d9\u05d4 \u05dc\u05d5\u05e7\u05d4", "name_uk": "\u0428\u043a\u043e\u0444\u044f \u041b\u043e\u043a\u0430", "name_ur": "\u0633\u06a9\u0648\u0641\u062c\u0627 \u0644\u0648\u06a9\u0627 \u0645\u06cc\u0648\u0646\u0633\u067e\u0644\u0679\u06cc", "name_fa": "\u0627\u0633\u06a9\u0648\u0641\u06cc\u0627 \u0644\u0648\u06a9\u0627", "name_zht": "\u65af\u79d1\u83f2\u4e9e\u6d1b\u5361", "FCLASS_ISO": null, "FCLASS_US": null, "FCLASS_FR": null, "FCLASS_RU": null, "FCLASS_ES": null, "FCLASS_CN": null, "FCLASS_TW": null, "FCLASS_IN": null, "FCLASS_NP": null, "FCLASS_PK": null, "FCLASS_DE": null, "FCLASS_GB": null, "FCLASS_BR": null, "FCLASS_IL": null, "FCLASS_PS": null, "FCLASS_SA": null, "FCLASS_EG": null, "FCLASS_MA": null, "FCLASS_PT": null, "FCLASS_AR": null, "FCLASS_JP": null, "FCLASS_KO": null, "FCLASS_VN": null, "FCLASS_TR": null, "FCLASS_ID": null, "FCLASS_PL": null, "FCLASS_GR": null, "FCLASS_IT": null, "FCLASS_NL": null, "FCLASS_SE": null, "FCLASS_BD": null, "FCLASS_UA": null, "FCLASS_TLC": null}, "bbox": [14.161958, 46.088143, 14.39383, 46.242966], "geometry": {"type": "Polygon", "coordinates": [[[14.248567, 46.242966], [14.275387, 46.234077], [14.277248, 46.23214], [14.278643, 46.229685], [14.278023, 46.226714], [14.275542, 46.224672], [14.272132, 46.222657], [14.269651, 46.219453], [14.269496, 46.214389], [14.275852, 46.210823], [14.337968, 46.192917], [14.349595, 46.192478], [14.365408, 46.195579], [14.367113, 46.194519], [14.364943, 46.191651], [14.363082, 46.18793], [14.364168, 46.183176], [14.368043, 46.182349], [14.371764, 46.182969], [14.379825, 46.181471], [14.385096, 46.176355], [14.39383, 46.160335], [14.384166, 46.158165], [14.382306, 46.155426], [14.3775, 46.150207], [14.369128, 46.147184], [14.357346, 46.145349], [14.337813, 46.1346], [14.33094, 46.126901], [14.327839, 46.118632], [14.33063, 46.113361], [14.325048, 46.098323], [14.267326, 46.106488], [14.231979, 46.0999], [14.211154, 46.088143], [14.208053, 46.097135], [14.200767, 46.102509], [14.199836, 46.111088], [14.199991, 46.119976], [14.203092, 46.125454], [14.206968, 46.130053], [14.206348, 46.134704], [14.204797, 46.137985], [14.200457, 46.141008], [14.201077, 46.144212], [14.203557, 46.148966], [14.208363, 46.155168], [14.214564, 46.159147], [14.222832, 46.170826], [14.21906, 46.175166], [14.213014, 46.179197], [14.204332, 46.180851], [14.185884, 46.180076], [14.173481, 46.178293], [14.161958, 46.179378], [14.169761, 46.188706], [14.190845, 46.193692], [14.198751, 46.198937], [14.21596, 46.204751], [14.221541, 46.205449], [14.225468, 46.206844], [14.230429, 46.210668], [14.235235, 46.228186], [14.242831, 46.233664], [14.248567, 46.242966]]]}}, {"type": "Feature", "properties": {"featurecla": "Admin-1 states provinces", "scalerank": 10, "adm1_code": "SVN-1020", "diss_me": 1020, "iso_3166_2": "SI-146", "wikipedia": null, "iso_a2": "SI", "adm0_sr": 1, "name": "\u017delezniki", "name_alt": null, "name_local": null, "type": "Opcine", "type_en": "Commune|Municipality", "code_local": null, "code_hasc": "SI.GO.ZE", "note": null, "hasc_maybe": null, "region": "Gorenjska", "region_cod": null, "provnum_ne": 172, "gadm_level": 2, "check_me": 0, "datarank": 8, "abbrev": null, "postal": "ZE", "area_sqkm": 0, "sameascity": -99, "labelrank": 10, "name_len": 9, "mapcolor9": 2, "mapcolor13": 12, "fips": "SIF1", "fips_alt": null, "woe_id": -55848386, "woe_label": null, "woe_name": null, "latitude": 46.2279, "longitude": 14.1184, "sov_a3": "SVN", "adm0_a3": "SVN", "adm0_label": 2, "admin": "Slovenia", "geonunit": "Slovenia", "gu_a3": "SVN", "gn_id": 3239093, "gn_name": "Obcina Zelezniki", "gns_id": 243491, "gns_name": "Zelezniki, Obcina", "gn_level": 1, "gn_region": null, "gn_a1_code": "SI.F1", "region_sub": null, "sub_code": null, "gns_level": 1, "gns_lang": "div", "gns_adm1": "SI14", "gns_region": null, "min_label": 11, "max_label": 11, "min_zoom": 11, "wikidataid": "Q15932", "name_ar": "\u062c\u064a\u0644\u064a\u0632\u0646\u064a\u0643\u064a", "name_bn": "\u099c\u09c7\u09b2\u09c7\u099c\u09a8\u09bf\u0995\u09bf \u09aa\u09cc\u09b0\u09b8\u09ad\u09be", "name_de": "\u017delezniki", "name_en": "\u017delezniki", "name_es": "\u017delezniki", "name_fr": "\u017delezniki", "name_el": "\u0396\u03b5\u03bb\u03b5\u03b6\u03bd\u03af\u03ba\u03b9", "name_hi": "\u091c\u093c\u0947\u0932\u0947\u091c\u093c\u0928\u093f\u0915\u0940 \u0928\u0917\u0930 \u092a\u093e\u0932\u093f\u0915\u093e", "name_hu": "\u017delezniki", "name_id": "\u017delezniki", "name_it": "\u017delezniki", "name_ja": "\u30b8\u30a7\u30ec\u30ba\u30cb\u30ad", "name_ko": "\uc824\ub808\uc988\ub2c8\ud0a4", "name_nl": "\u017delezniki", "name_pl": "Gmina \u017delezniki", "name_pt": "\u017delezniki", "name_ru": "\u0416\u0435\u043b\u0435\u0437\u043d\u0438\u043a\u0438", "name_sv": "Zelezniki", "name_tr": "Zelezniki Belediyesi", "name_vi": "\u017delezniki", "name_zh": "\u70ed\u83b1\u5179\u5c3c\u57fa", "ne_id": 1159310847, "name_he": "\u05d6'\u05dc\u05d6\u05e0\u05d9\u05e7\u05d9", "name_uk": "\u0416\u0435\u043b\u0435\u0437\u043d\u0456\u043a\u0456", "name_ur": "\u0632\u06cc\u0644\u06cc\u0632\u0646\u06cc\u06a9\u06cc \u0645\u06cc\u0648\u0646\u0633\u067e\u0644\u0679\u06cc", "name_fa": "\u0698\u0644\u0632\u0646\u06cc\u06a9\u06cc", "name_zht": "\u71b1\u840a\u8332\u5c3c\u57fa", "FCLASS_ISO": null, "FCLASS_US": null, "FCLASS_FR": null, "FCLASS_RU": null, "FCLASS_ES": null, "FCLASS_CN": null, "FCLASS_TW": null, "FCLASS_IN": null, "FCLASS_NP": null, "FCLASS_PK": null, "FCLASS_DE": null, "FCLASS_GB": null, "FCLASS_BR": null, "FCLASS_IL": null, "FCLASS_PS": null, "FCLASS_SA": null, "FCLASS_EG": null, "FCLASS_MA": null, "FCLASS_PT": null, "FCLASS_AR": null, "FCLASS_JP": null, "FCLASS_KO": null, "FCLASS_VN": null, "FCLASS_TR": null, "FCLASS_ID": null, "FCLASS_PL": null, "FCLASS_GR": null, "FCLASS_IT": null, "FCLASS_NL": null, "FCLASS_SE": null, "FCLASS_BD": null, "FCLASS_UA": null, "FCLASS_TLC": null}, "bbox": [13.98817, 46.158061, 14.248567, 46.283842], "geometry": {"type": "Polygon", "coordinates": [[[14.166505, 46.28131], [14.19224, 46.268081], [14.208053, 46.25573], [14.221902, 46.250407], [14.248567, 46.242966], [14.242831, 46.233664], [14.235235, 46.228186], [14.230429, 46.210668], [14.225468, 46.206844], [14.221541, 46.205449], [14.21596, 46.204751], [14.198751, 46.198937], [14.190845, 46.193692], [14.169761, 46.188706], [14.161958, 46.179378], [14.097724, 46.17036], [14.094313, 46.167596], [14.073694, 46.158061], [14.067493, 46.167286], [14.040621, 46.173151], [14.002949, 46.175683], [13.993596, 46.17806], [13.98848, 46.18067], [13.98817, 46.186122], [13.989255, 46.194597], [14.004965, 46.219866], [14.00512, 46.226559], [13.997006, 46.239297], [14.009616, 46.246454], [14.029149, 46.250097], [14.085321, 46.243948], [14.093538, 46.246454], [14.095863, 46.251906], [14.098964, 46.267409], [14.10315, 46.274127], [14.110591, 46.28131], [14.121495, 46.283041], [14.133122, 46.283842], [14.166505, 46.28131]]]}}, {"type": "Feature", "properties": {"featurecla": "Admin-1 states provinces", "scalerank": 10, "adm1_code": "SVN-1009", "diss_me": 1009, "iso_3166_2": "SI-004", "wikipedia": null, "iso_a2": "SI", "adm0_sr": 1, "name": "Bohinj", "name_alt": null, "name_local": null, "type": "Opcine", "type_en": "Commune|Municipality", "code_local": null, "code_hasc": "SI.GO.BO", "note": null, "hasc_maybe": null, "region": "Gorenjska", "region_cod": null, "provnum_ne": 171, "gadm_level": 2, "check_me": 0, "datarank": 8, "abbrev": null, "postal": "BO", "area_sqkm": 0, "sameascity": -99, "labelrank": 10, "name_len": 6, "mapcolor9": 2, "mapcolor13": 12, "fips": "SI04", "fips_alt": null, "woe_id": -55848379, "woe_label": null, "woe_name": null, "latitude": 46.2961, "longitude": 13.9538, "sov_a3": "SVN", "adm0_a3": "SVN", "adm0_label": 2, "admin": "Slovenia", "geonunit": "Slovenia", "gu_a3": "SVN", "gn_id": 3239101, "gn_name": "Obcina Bohinj", "gns_id": 243505, "gns_name": "Bohinj, Obcina", "gn_level": 1, "gn_region": null, "gn_a1_code": "SI.04", "region_sub": null, "sub_code": null, "gns_level": 1, "gns_lang": "div", "gns_adm1": "SI04", "gns_region": null, "min_label": 11, "max_label": 11, "min_zoom": 11, "wikidataid": "Q3661628", "name_ar": "\u0628\u0644\u062f\u064a\u0629 \u0628\u0648\u0647\u064a\u0646\u064a", "name_bn": "\u09ac\u09cb\u09b9\u09bf\u099e\u09cd\u099c \u09aa\u09cc\u09b0\u09b8\u09ad\u09be", "name_de": "Gemeinde Bohinj", "name_en": "Bohinj", "name_es": "Municipalidad del Cayo", "name_fr": "Municipalit\u00e9 de Bohinj", "name_el": "\u039c\u03c0\u03bf\u03c7\u03af\u03bd\u03c4\u03b6", "name_hi": "\u092c\u094b\u0939\u093f\u0902\u091c \u0928\u0917\u0930\u092a\u093e\u0932\u093f\u0915\u093e", "name_hu": "Bohinj k\u00f6zs\u00e9g", "name_id": "Bohinj", "name_it": "Bohinj", "name_ja": "\u30dc\u30fc\u30d2\u30cb", "name_ko": "\ubcf4\ud78c", "name_nl": "Bohinj", "name_pl": "Gmina Bohinj", "name_pt": "Bohinj", "name_ru": "\u0411\u043e\u0445\u0438\u043d\u044c", "name_sv": "Bohinj", "name_tr": "Bohinj Belediyesi", "name_vi": "Khu t\u1ef1 tr\u1ecb Bohinj", "name_zh": "\u535a\u5e0c\u5c3c", "ne_id": 1159310823, "name_he": "\u05d1\u05d5\u05d4\u05d9\u05e0\u05d9", "name_uk": "\u0411\u043e\u0445\u0456\u043d\u044c", "name_ur": "\u0628\u0644\u062f\u06cc\u06c1 \u0628\u0648\u062e\u0646", "name_fa": "\u0634\u0647\u0631\u062f\u0627\u0631\u06cc \u0628\u0648\u0647\u06cc\u0646\u062c", "name_zht": "\u535a\u5e0c\u5c3c", "FCLASS_ISO": null, "FCLASS_US": null, "FCLASS_FR": null, "FCLASS_RU": null, "FCLASS_ES": null, "FCLASS_CN": null, "FCLASS_TW": null, "FCLASS_IN": null, "FCLASS_NP": null, "FCLASS_PK": null, "FCLASS_DE": null, "FCLASS_GB": null, "FCLASS_BR": null, "FCLASS_IL": null, "FCLASS_PS": null, "FCLASS_SA": null, "FCLASS_EG": null, "FCLASS_MA": null, "FCLASS_PT": null, "FCLASS_AR": null, "FCLASS_JP": null, "FCLASS_KO": null, "FCLASS_VN": null, "FCLASS_TR": null, "FCLASS_ID": null, "FCLASS_PL": null, "FCLASS_GR": null, "FCLASS_IT": null, "FCLASS_NL": null, "FCLASS_SE": null, "FCLASS_BD": null, "FCLASS_UA": null, "FCLASS_TLC": null}, "bbox": [13.727359, 46.229995, 14.180148, 46.382182], "geometry": {"type": "Polygon", "coordinates": [[[14.179063, 46.284152], [14.166505, 46.28131], [14.133122, 46.283842], [14.121495, 46.283041], [14.110591, 46.28131], [14.10315, 46.274127], [14.098964, 46.267409], [14.095863, 46.251906], [14.093538, 46.246454], [14.085321, 46.243948], [14.029149, 46.250097], [14.009616, 46.246454], [13.997006, 46.239297], [13.997006, 46.2394], [13.894946, 46.229995], [13.880631, 46.230124], [13.865748, 46.2317], [13.820893, 46.241803], [13.770767, 46.261983], [13.736661, 46.286116], [13.727359, 46.30167], [13.742242, 46.32601], [13.749528, 46.33526], [13.764101, 46.345078], [13.828025, 46.369082], [13.841719, 46.382182], [13.84792, 46.381226], [13.878926, 46.366472], [13.899286, 46.366602], [13.947087, 46.359806], [13.96414, 46.352313], [13.983209, 46.347662], [13.998247, 46.337947], [14.009305, 46.336397], [14.022328, 46.330351], [14.028374, 46.326268], [14.033955, 46.321333], [14.043567, 46.315235], [14.057881, 46.312109], [14.065788, 46.312936], [14.074159, 46.314744], [14.08005, 46.316631], [14.086717, 46.31601], [14.091523, 46.310662], [14.097259, 46.300947], [14.1016, 46.298931], [14.111108, 46.306709], [14.159632, 46.302936], [14.164903, 46.304306], [14.171621, 46.304978], [14.175187, 46.303789], [14.180148, 46.298776], [14.179063, 46.284152]]]}}, {"type": "Feature", "properties": {"featurecla": "Admin-1 states provinces", "scalerank": 10, "adm1_code": "SVN-1015", "diss_me": 1015, "iso_3166_2": "SI-082", "wikipedia": null, "iso_a2": "SI", "adm0_sr": 1, "name": "Naklo", "name_alt": null, "name_local": null, "type": "Opcine", "type_en": "Commune|Municipality", "code_local": null, "code_hasc": "SI.GO.NA", "note": null, "hasc_maybe": null, "region": "Gorenjska", "region_cod": null, "provnum_ne": 164, "gadm_level": 2, "check_me": 10, "datarank": 8, "abbrev": null, "postal": "NA", "area_sqkm": 0, "sameascity": -99, "labelrank": 10, "name_len": 5, "mapcolor9": 2, "mapcolor13": 12, "fips": "SI62", "fips_alt": "SI82", "woe_id": -55848358, "woe_label": null, "woe_name": null, "latitude": 46.2932, "longitude": 14.3004, "sov_a3": "SVN", "adm0_a3": "SVN", "adm0_label": 2, "admin": "Slovenia", "geonunit": "Slovenia", "gu_a3": "SVN", "gn_id": 3239104, "gn_name": "Obcina Naklo", "gns_id": 243510, "gns_name": "Naklo, Obcina", "gn_level": 1, "gn_region": null, "gn_a1_code": "SI.82", "region_sub": null, "sub_code": null, "gns_level": 1, "gns_lang": "div", "gns_adm1": "SI82", "gns_region": null, "min_label": 11, "max_label": 11, "min_zoom": 11, "wikidataid": "Q1569014", "name_ar": "\u0628\u0644\u062f\u064a\u0629 \u0646\u0627\u0643\u0644\u0648", "name_bn": "\u09a8\u09be\u0995\u09cd\u09b2\u09cb \u09aa\u09cc\u09b0\u09b8\u09ad\u09be", "name_de": "Gemeinde Naklo", "name_en": "Naklo", "name_es": "Municipalidad del Naklo", "name_fr": "Naklo", "name_el": "\u039d\u03ac\u03ba\u03bb\u03bf", "name_hi": "\u0928\u093e\u0915\u094d\u0932\u094b \u0928\u0917\u0930 \u092a\u093e\u0932\u093f\u0915\u093e", "name_hu": "Naklo", "name_id": "Naklo", "name_it": "Naklo", "name_ja": "\u30ca\u30af\u30ed", "name_ko": "\ub098\ud074\ub85c \uc9c0\ubc29 \uc790\uce58\uc81c", "name_nl": "Naklo", "name_pl": "Gmina Naklo", "name_pt": "Naklo", "name_ru": "\u041d\u0430\u043a\u043b\u043e", "name_sv": "Naklo", "name_tr": "Naklo Belediyesi", "name_vi": "\u0110\u00f4 th\u1ecb t\u1ef1 tr\u1ecb Naklo", "name_zh": "\u7d0d\u514b\u6d1b\u93ae", "ne_id": 1159310837, "name_he": "\u05d0\u05d2\u05dd \u05e0\u05d0\u05dd", "name_uk": "\u041d\u0430\u043a\u043b\u043e", "name_ur": "\u0646\u0627\u06a9\u0644\u0648 \u0645\u06cc\u0648\u0646\u0633\u067e\u0644\u0679\u06cc", "name_fa": "\u0634\u0647\u0631\u062f\u0627\u0631\u06cc \u0646\u0627\u06a9\u0644\u0648", "name_zht": "\u7d0d\u514b\u6d1b\u93ae", "FCLASS_ISO": null, "FCLASS_US": null, "FCLASS_FR": null, "FCLASS_RU": null, "FCLASS_ES": null, "FCLASS_CN": null, "FCLASS_TW": null, "FCLASS_IN": null, "FCLASS_NP": null, "FCLASS_PK": null, "FCLASS_DE": null, "FCLASS_GB": null, "FCLASS_BR": null, "FCLASS_IL": null, "FCLASS_PS": null, "FCLASS_SA": null, "FCLASS_EG": null, "FCLASS_MA": null, "FCLASS_PT": null, "FCLASS_AR": null, "FCLASS_JP": null, "FCLASS_KO": null, "FCLASS_VN": null, "FCLASS_TR": null, "FCLASS_ID": null, "FCLASS_PL": null, "FCLASS_GR": null, "FCLASS_IT": null, "FCLASS_NL": null, "FCLASS_SE": null, "FCLASS_BD": null, "FCLASS_UA": null, "FCLASS_TLC": null}, "bbox": [14.266086, 46.254748, 14.33466, 46.326139], "geometry": {"type": "Polygon", "coordinates": [[[14.326289, 46.321359], [14.328614, 46.314124], [14.322878, 46.31167], [14.320863, 46.306347], [14.312491, 46.300637], [14.311251, 46.297071], [14.311561, 46.293299], [14.315437, 46.291257], [14.330164, 46.277279], [14.33466, 46.270458], [14.3328, 46.260742], [14.330009, 46.256505], [14.325048, 46.254748], [14.298383, 46.268287], [14.274612, 46.274902], [14.267636, 46.290353], [14.266086, 46.297174], [14.267171, 46.326139], [14.289237, 46.322392], [14.295128, 46.319705], [14.300709, 46.318982], [14.326289, 46.321359]]]}}, {"type": "Feature", "properties": {"featurecla": "Admin-1 states provinces", "scalerank": 10, "adm1_code": "SVN-1016", "diss_me": 1016, "iso_3166_2": "SI-102", "wikipedia": null, "iso_a2": "SI", "adm0_sr": 1, "name": "Radovljica", "name_alt": null, "name_local": null, "type": "Statisticna Regije", "type_en": "Statistical Region", "code_local": null, "code_hasc": "SI.GO.RA", "note": null, "hasc_maybe": null, "region": "Gorenjska", "region_cod": null, "provnum_ne": 161, "gadm_level": 2, "check_me": 0, "datarank": 8, "abbrev": null, "postal": "GO", "area_sqkm": 0, "sameascity": -99, "labelrank": 10, "name_len": 10, "mapcolor9": 2, "mapcolor13": 12, "fips": "SIA3", "fips_alt": null, "woe_id": 55848379, "woe_label": null, "woe_name": "Radovljica", "latitude": 46.3361, "longitude": 14.1929, "sov_a3": "SVN", "adm0_a3": "SVN", "adm0_label": 2, "admin": "Slovenia", "geonunit": "Slovenia", "gu_a3": "SVN", "gn_id": 3192062, "gn_name": "Obcina Radovljica", "gns_id": -93715, "gns_name": "Radovljica, Obcina", "gn_level": 1, "gn_region": null, "gn_a1_code": "SI.A3", "region_sub": null, "sub_code": null, "gns_level": 1, "gns_lang": "mkd", "gns_adm1": "SI86", "gns_region": null, "min_label": 11, "max_label": 11, "min_zoom": 11, "wikidataid": "Q15910", "name_ar": "\u0628\u0644\u062f\u064a\u0629 \u0631\u0627\u062f\u0648\u0641\u0644\u064a\u064a\u0643\u0627", "name_bn": "\u09b0\u09cd\u09af\u09be\u09a6\u09cb\u09ad\u09cd\u09b2\u099c\u09bf\u0995\u09be \u09aa\u09cc\u09b0\u09b8\u09ad\u09be", "name_de": "Radovljica", "name_en": "Radovljica", "name_es": "Radovljica", "name_fr": "Radovljica", "name_el": "\u03a1\u03b1\u03bd\u03c4\u03bf\u03b2\u03bb\u03c4\u03b6\u03af\u03ba\u03b1", "name_hi": "\u0930\u093e\u0921\u094b\u0935\u0932\u093f\u0915\u093e \u0928\u0917\u0930\u092a\u093e\u0932\u093f\u0915\u093e", "name_hu": "Radovljica", "name_id": "Radovljica", "name_it": "Radovljica", "name_ja": "\u30e9\u30c9\u30f4\u30ea\u30c4\u30a1", "name_ko": "\ub77c\ub3c4\uc6b8\ub9ac\ucc28", "name_nl": "Radovljica", "name_pl": "Gmina Radovljica", "name_pt": "Radovljica", "name_ru": "\u0420\u0430\u0434\u043e\u0432\u043b\u0438\u0446\u0430", "name_sv": "Radovljica", "name_tr": "Radovljica Belediyesi", "name_vi": "\u0110\u00f4 th\u1ecb t\u1ef1 tr\u1ecb Radovljica", "name_zh": "\u62c9\u591a\u592b\u5229\u5bdf", "ne_id": 1159310839, "name_he": "\u05e8\u05d0\u05d3\u05d5\u05d1\u05dc\u05d9\u05e6'\u05d4", "name_uk": "\u0420\u0430\u0434\u043e\u0432\u043b\u0438\u0446\u044f", "name_ur": "\u0631\u0627\u062f\u0648\u0648\u0644\u062c\u06cc\u06a9\u0627 \u0645\u06cc\u0648\u0646\u0633\u067e\u0644\u0679\u06cc", "name_fa": "\u0631\u0627\u062f\u0648\u0648\u0644\u06cc\u062c\u06cc\u06a9\u0627", "name_zht": "\u62c9\u591a\u592b\u5229\u5bdf", "FCLASS_ISO": null, "FCLASS_US": null, "FCLASS_FR": null, "FCLASS_RU": null, "FCLASS_ES": null, "FCLASS_CN": null, "FCLASS_TW": null, "FCLASS_IN": null, "FCLASS_NP": null, "FCLASS_PK": null, "FCLASS_DE": null, "FCLASS_GB": null, "FCLASS_BR": null, "FCLASS_IL": null, "FCLASS_PS": null, "FCLASS_SA": null, "FCLASS_EG": null, "FCLASS_MA": null, "FCLASS_PT": null, "FCLASS_AR": null, "FCLASS_JP": null, "FCLASS_KO": null, "FCLASS_VN": null, "FCLASS_TR": null, "FCLASS_ID": null, "FCLASS_PL": null, "FCLASS_GR": null, "FCLASS_IT": null, "FCLASS_NL": null, "FCLASS_SE": null, "FCLASS_BD": null, "FCLASS_UA": null, "FCLASS_TLC": null}, "bbox": [14.111108, 46.273197, 14.274612, 46.425254], "geometry": {"type": "Polygon", "coordinates": [[[14.234305, 46.273197], [14.227948, 46.275057], [14.179063, 46.284152], [14.180148, 46.298776], [14.175187, 46.303789], [14.171621, 46.304978], [14.164903, 46.304306], [14.159632, 46.302936], [14.111108, 46.306709], [14.116224, 46.318207], [14.129091, 46.325958], [14.132502, 46.330041], [14.136068, 46.336552], [14.150796, 46.34681], [14.152191, 46.351848], [14.149245, 46.356964], [14.142734, 46.366059], [14.137463, 46.372157], [14.159322, 46.381717], [14.168676, 46.381045], [14.180148, 46.381769], [14.190535, 46.386936], [14.194876, 46.39368], [14.200147, 46.403835], [14.214564, 46.416986], [14.223143, 46.421766], [14.23818, 46.425254], [14.252908, 46.413498], [14.255234, 46.390192], [14.248567, 46.353347], [14.250428, 46.347507], [14.253063, 46.344407], [14.258334, 46.342236], [14.256319, 46.337508], [14.260195, 46.330351], [14.267171, 46.326139], [14.266086, 46.297174], [14.267636, 46.290353], [14.274612, 46.274902], [14.234305, 46.273197]]]}}, {"type": "Feature", "properties": {"featurecla": "Admin-1 states provinces", "scalerank": 10, "adm1_code": "SVN-995", "diss_me": 995, "iso_3166_2": "SI-126", "wikipedia": null, "iso_a2": "SI", "adm0_sr": 1, "name": "\u0160o\u0161tanj", "name_alt": null, "name_local": null, "type": "Opcine", "type_en": "Commune|Municipality", "code_local": null, "code_hasc": "SI.SA.SS", "note": null, "hasc_maybe": null, "region": "Savinjska", "region_cod": null, "provnum_ne": 151, "gadm_level": 2, "check_me": 11, "datarank": 8, "abbrev": null, "postal": "SS", "area_sqkm": 0, "sameascity": -99, "labelrank": 10, "name_len": 7, "mapcolor9": 2, "mapcolor13": 12, "fips": "SIC7", "fips_alt": null, "woe_id": -55848369, "woe_label": null, "woe_name": null, "latitude": 46.4223, "longitude": 14.9905, "sov_a3": "SVN", "adm0_a3": "SVN", "adm0_label": 2, "admin": "Slovenia", "geonunit": "Slovenia", "gu_a3": "SVN", "gn_id": 3239185, "gn_name": "Obcina Sostanj", "gns_id": 243856, "gns_name": "Sostanj, Obcina", "gn_level": 1, "gn_region": null, "gn_a1_code": "SI.C7", "region_sub": null, "sub_code": null, "gns_level": 1, "gns_lang": "slv", "gns_adm1": "SI62", "gns_region": null, "min_label": 11, "max_label": 11, "min_zoom": 11, "wikidataid": "Q15923", "name_ar": "\u0628\u0644\u062f\u064a\u0629 \u0634\u0648\u0634\u062a\u0627\u0646\u064a", "name_bn": "\u09b8\u09b8\u09cd\u09a4\u09be\u099e\u09cd\u099c \u09aa\u09cc\u09b0\u09b8\u09ad\u09be", "name_de": "\u0160o\u0161tanj", "name_en": "\u0160o\u0161tanj", "name_es": "\u0160o\u0161tanj", "name_fr": "\u0160o\u0161tanj", "name_el": "\u03a3\u03bf\u03c3\u03c4\u03ac\u03bd\u03c4\u03b6", "name_hi": "\u0938\u094b\u0938\u094d\u0924\u093e\u0902\u091c \u0928\u0917\u0930\u092a\u093e\u0932\u093f\u0915\u093e", "name_hu": "\u0160o\u0161tanj", "name_id": "\u0160o\u0161tanj", "name_it": "\u0160o\u0161tanj", "name_ja": "\u30b7\u30e7\u30fc\u30b7\u30e5\u30bf\u30cb", "name_ko": "\uc1fc\uc288\ud0c4", "name_nl": "\u0160o\u0161tanj", "name_pl": "Gmina \u0160o\u0161tanj", "name_pt": "\u0160o\u0161tanj", "name_ru": "\u0428\u043e\u0448\u0442\u0430\u043d\u044c", "name_sv": "Sostanj", "name_tr": "Sostanj Belediyesi", "name_vi": "\u0160o\u0161tanj", "name_zh": "\u7ecd\u4ec0\u5854\u5c3c", "ne_id": 1159310793, "name_he": "\u05e9\u05d5\u05e9\u05d8\u05d0\u05e0\u05d9", "name_uk": "\u0428\u043e\u0448\u0442\u0430\u043d\u044c", "name_ur": "\u0633\u0648\u0633\u062a\u0627\u0646\u062c \u0645\u06cc\u0648\u0646\u0633\u067e\u0644\u0679\u06cc", "name_fa": "\u0633\u0648\u0633\u062a\u0627\u0646\u06cc", "name_zht": "\u7d39\u4ec0\u5854\u5c3c", "FCLASS_ISO": null, "FCLASS_US": null, "FCLASS_FR": null, "FCLASS_RU": null, "FCLASS_ES": null, "FCLASS_CN": null, "FCLASS_TW": null, "FCLASS_IN": null, "FCLASS_NP": null, "FCLASS_PK": null, "FCLASS_DE": null, "FCLASS_GB": null, "FCLASS_BR": null, "FCLASS_IL": null, "FCLASS_PS": null, "FCLASS_SA": null, "FCLASS_EG": null, "FCLASS_MA": null, "FCLASS_PT": null, "FCLASS_AR": null, "FCLASS_JP": null, "FCLASS_KO": null, "FCLASS_VN": null, "FCLASS_TR": null, "FCLASS_ID": null, "FCLASS_PL": null, "FCLASS_GR": null, "FCLASS_IT": null, "FCLASS_NL": null, "FCLASS_SE": null, "FCLASS_BD": null, "FCLASS_UA": null, "FCLASS_TLC": null}, "bbox": [14.891732, 46.351693, 15.089291, 46.459852], "geometry": {"type": "Polygon", "coordinates": [[[14.956328, 46.459852], [14.999891, 46.446829], [15.089291, 46.426469], [15.087741, 46.399881], [15.082315, 46.386187], [15.069758, 46.371795], [15.066605, 46.351693], [15.03901, 46.355517], [15.013895, 46.364457], [14.999891, 46.377221], [15.002526, 46.386523], [15.001906, 46.388073], [15.000201, 46.390295], [14.997876, 46.392052], [14.993535, 46.394429], [14.985628, 46.395773], [14.971986, 46.393448], [14.962994, 46.394274], [14.949765, 46.396781], [14.939533, 46.401302], [14.902171, 46.393913], [14.900931, 46.417632], [14.891732, 46.423549], [14.942013, 46.440008], [14.955863, 46.447243], [14.956328, 46.459852]]]}}, {"type": "Feature", "properties": {"featurecla": "Admin-1 states provinces", "scalerank": 10, "adm1_code": "SVN-963", "diss_me": 963, "iso_3166_2": "SI-062", "wikipedia": null, "iso_a2": "SI", "adm0_sr": 1, "name": "Ljubno", "name_alt": null, "name_local": null, "type": "Opcine", "type_en": "Commune|Municipality", "code_local": null, "code_hasc": "SI.SA.LJ", "note": null, "hasc_maybe": null, "region": "Savinjska", "region_cod": null, "provnum_ne": 155, "gadm_level": 2, "check_me": 0, "datarank": 8, "abbrev": null, "postal": "LJ", "area_sqkm": 0, "sameascity": -99, "labelrank": 10, "name_len": 6, "mapcolor9": 2, "mapcolor13": 12, "fips": "SI62", "fips_alt": null, "woe_id": -55848369, "woe_label": null, "woe_name": null, "latitude": 46.3721, "longitude": 14.8415, "sov_a3": "SVN", "adm0_a3": "SVN", "adm0_label": 2, "admin": "Slovenia", "geonunit": "Slovenia", "gu_a3": "SVN", "gn_id": 3239184, "gn_name": "Obcina Ljubno", "gns_id": 243854, "gns_name": "Ljubno, Obcina", "gn_level": 1, "gn_region": null, "gn_a1_code": "SI.62", "region_sub": null, "sub_code": null, "gns_level": 1, "gns_lang": "slv", "gns_adm1": "SI62", "gns_region": null, "min_label": 11, "max_label": 11, "min_zoom": 11, "wikidataid": "Q773659", "name_ar": "\u0628\u0644\u062f\u064a\u0629 \u0644\u064a\u0648\u0628\u0646\u0648", "name_bn": "\u09b2\u09c1\u09ac\u09a8\u09cb \u09aa\u09cc\u09b0\u09b8\u09ad\u09be", "name_de": "Ljubno", "name_en": "Ljubno", "name_es": "Ljubno", "name_fr": "Ljubno", "name_el": "\u039b\u03c4\u03b6\u03bf\u03cd\u03bc\u03c0\u03bd\u03bf", "name_hi": "\u0932\u0941\u092c\u094d\u0928\u094b \u0928\u0917\u0930\u092a\u093e\u0932\u093f\u0915\u093e", "name_hu": "Ljubno", "name_id": "Ljubno", "name_it": "Ljubno", "name_ja": "\u30ea\u30e5\u30d6\u30ce", "name_ko": "\ub958\ube0c\ub178", "name_nl": "Ljubno", "name_pl": "Gmina Ljubno", "name_pt": "Ljubno", "name_ru": "\u041b\u044e\u0431\u043d\u043e", "name_sv": "Ljubno", "name_tr": "Ljubno Belediyesi", "name_vi": "Ljubno", "name_zh": "\u67f3\u5e03\u8bfa", "ne_id": 1159310721, "name_he": "\u05dc\u05d9\u05d5\u05d1\u05e0\u05d5", "name_uk": "\u041b\u044e\u0431\u043d\u043e", "name_ur": "\u0644\u062c\u0648\u0628\u0646\u0648 \u0645\u06cc\u0648\u0646\u0633\u067e\u0644\u0679\u06cc", "name_fa": "\u0634\u0647\u0631\u062f\u0627\u0631\u06cc \u0644\u06cc\u0648\u0628\u0646\u0648", "name_zht": "\u67f3\u5e03\u8bfa", "FCLASS_ISO": null, "FCLASS_US": null, "FCLASS_FR": null, "FCLASS_RU": null, "FCLASS_ES": null, "FCLASS_CN": null, "FCLASS_TW": null, "FCLASS_IN": null, "FCLASS_NP": null, "FCLASS_PK": null, "FCLASS_DE": null, "FCLASS_GB": null, "FCLASS_BR": null, "FCLASS_IL": null, "FCLASS_PS": null, "FCLASS_SA": null, "FCLASS_EG": null, "FCLASS_MA": null, "FCLASS_PT": null, "FCLASS_AR": null, "FCLASS_JP": null, "FCLASS_KO": null, "FCLASS_VN": null, "FCLASS_TR": null, "FCLASS_ID": null, "FCLASS_PL": null, "FCLASS_GR": null, "FCLASS_IT": null, "FCLASS_NL": null, "FCLASS_SE": null, "FCLASS_BD": null, "FCLASS_UA": null, "FCLASS_TLC": null}, "bbox": [14.780783, 46.315545, 14.902171, 46.425125], "geometry": {"type": "Polygon", "coordinates": [[[14.891732, 46.423549], [14.900931, 46.417632], [14.902171, 46.393913], [14.881655, 46.352468], [14.8815, 46.337663], [14.866928, 46.315545], [14.848014, 46.316088], [14.8106, 46.337069], [14.800833, 46.340996], [14.797578, 46.343373], [14.780783, 46.338516], [14.80688, 46.388487], [14.80905, 46.399132], [14.805639, 46.408847], [14.804089, 46.425125], [14.891732, 46.423549]]]}}, {"type": "Feature", "properties": {"featurecla": "Admin-1 states provinces", "scalerank": 10, "adm1_code": "SVN-210", "diss_me": 210, "iso_3166_2": "SI-067", "wikipedia": null, "iso_a2": "SI", "adm0_sr": 1, "name": "Luce", "name_alt": "Savinjska", "name_local": null, "type": "Opcine", "type_en": "Commune|Municipality", "code_local": null, "code_hasc": "SI.SA", "note": null, "hasc_maybe": null, "region": "Savinjska", "region_cod": null, "provnum_ne": 150, "gadm_level": 2, "check_me": 0, "datarank": 8, "abbrev": null, "postal": "LU", "area_sqkm": 0, "sameascity": -99, "labelrank": 10, "name_len": 4, "mapcolor9": 2, "mapcolor13": 12, "fips": "SII9", "fips_alt": null, "woe_id": -55848369, "woe_label": null, "woe_name": null, "latitude": 46.3436, "longitude": 14.7245, "sov_a3": "SVN", "adm0_a3": "SVN", "adm0_label": 2, "admin": "Slovenia", "geonunit": "Slovenia", "gu_a3": "SVN", "gn_id": 3239134, "gn_name": "Obcina Luce", "gns_id": 243738, "gns_name": "Luce, Obcina", "gn_level": 1, "gn_region": null, "gn_a1_code": "SI.I9", "region_sub": null, "sub_code": null, "gns_level": 1, "gns_lang": "slv", "gns_adm1": "SI30", "gns_region": null, "min_label": 11, "max_label": 11, "min_zoom": 11, "wikidataid": "Q669648", "name_ar": "\u0628\u0644\u062f\u064a\u0629 \u0644\u0648\u062a\u0634\u0647", "name_bn": "\u09b2\u09c1\u09b8\u09c7 \u09aa\u09cc\u09b0\u09b8\u09ad\u09be", "name_de": "Lu\u010de", "name_en": "Lu\u010de", "name_es": "Municipalidad del Luce", "name_fr": "Lu\u010de", "name_el": "\u039b\u03bf\u03cd\u03c4\u03c3\u03b5", "name_hi": "\u0932\u094d\u092f\u0942\u0938 \u0928\u0917\u0930\u092a\u093e\u0932\u093f\u0915\u093e", "name_hu": "Luce", "name_id": "Lu\u010de", "name_it": "Lu\u010de", "name_ja": "\u30eb\u30c1\u30a7", "name_ko": "\ub8e8\uccb4", "name_nl": "Lu\u010de", "name_pl": "Gmina Lu\u010de", "name_pt": "Lu\u010de", "name_ru": "\u041b\u044e\u0447\u0435", "name_sv": "Luce", "name_tr": "Luce Belediyesi", "name_vi": "\u0110\u00f4 th\u1ecb t\u1ef1 tr\u1ecb Luce", "name_zh": "\u5362\u5207", "ne_id": 1159308571, "name_he": "\u05dc\u05d5\u05e1\u05e0\u05d4", "name_uk": "\u041b\u0443\u0447\u0435", "name_ur": "\u0644\u0648\u06a9\u06cc \u0645\u06cc\u0648\u0646\u0633\u067e\u0644\u0679\u06cc", "name_fa": "\u0634\u0647\u0631\u062f\u0627\u0631\u06cc \u0644\u0648\u0686\u0647", "name_zht": "\u5362\u5207", "FCLASS_ISO": null, "FCLASS_US": null, "FCLASS_FR": null, "FCLASS_RU": null, "FCLASS_ES": null, "FCLASS_CN": null, "FCLASS_TW": null, "FCLASS_IN": null, "FCLASS_NP": null, "FCLASS_PK": null, "FCLASS_DE": null, "FCLASS_GB": null, "FCLASS_BR": null, "FCLASS_IL": null, "FCLASS_PS": null, "FCLASS_SA": null, "FCLASS_EG": null, "FCLASS_MA": null, "FCLASS_PT": null, "FCLASS_AR": null, "FCLASS_JP": null, "FCLASS_KO": null, "FCLASS_VN": null, "FCLASS_TR": null, "FCLASS_ID": null, "FCLASS_PL": null, "FCLASS_GR": null, "FCLASS_IT": null, "FCLASS_NL": null, "FCLASS_SE": null, "FCLASS_BD": null, "FCLASS_UA": null, "FCLASS_TLC": null}, "bbox": [14.639913, 46.286426, 14.80905, 46.431895], "geometry": {"type": "Polygon", "coordinates": [[[14.804089, 46.425125], [14.805639, 46.408847], [14.80905, 46.399132], [14.80688, 46.388487], [14.780783, 46.338516], [14.731329, 46.310765], [14.705697, 46.286917], [14.685543, 46.286426], [14.680117, 46.290611], [14.676862, 46.299655], [14.670609, 46.31061], [14.646734, 46.333865], [14.639913, 46.366369], [14.669369, 46.364586], [14.726471, 46.383422], [14.73753, 46.388952], [14.742956, 46.392879], [14.741871, 46.395696], [14.739855, 46.398615], [14.740165, 46.40709], [14.754583, 46.421456], [14.769931, 46.431275], [14.775667, 46.431895], [14.804089, 46.425125]]]}}, {"type": "Feature", "properties": {"featurecla": "Admin-1 states provinces", "scalerank": 10, "adm1_code": "SVN-966", "diss_me": 966, "iso_3166_2": "SI-068", "wikipedia": null, "iso_a2": "SI", "adm0_sr": 1, "name": "Lukovica", "name_alt": null, "name_local": null, "type": "Opcine", "type_en": "Commune|Municipality", "code_local": null, "code_hasc": "SI.LJ.LU", "note": null, "hasc_maybe": null, "region": "Osrednjeslovenska", "region_cod": null, "provnum_ne": 149, "gadm_level": 2, "check_me": 0, "datarank": 8, "abbrev": null, "postal": "LU", "area_sqkm": 0, "sameascity": -99, "labelrank": 10, "name_len": 8, "mapcolor9": 2, "mapcolor13": 12, "fips": "SI68", "fips_alt": null, "woe_id": -55848355, "woe_label": null, "woe_name": null, "latitude": 46.1827, "longitude": 14.7761, "sov_a3": "SVN", "adm0_a3": "SVN", "adm0_label": 2, "admin": "Slovenia", "geonunit": "Slovenia", "gu_a3": "SVN", "gn_id": 3239188, "gn_name": "Obcina Lukovica", "gns_id": 243862, "gns_name": "Lukovica, Obcina", "gn_level": 1, "gn_region": null, "gn_a1_code": "SI.68", "region_sub": null, "sub_code": null, "gns_level": 1, "gns_lang": "slv", "gns_adm1": "SI68", "gns_region": null, "min_label": 11, "max_label": 11, "min_zoom": 11, "wikidataid": "Q946766", "name_ar": "\u0628\u0644\u062f\u064a\u0629 \u0644\u0648\u0643\u0648\u0641\u064a\u062a\u0633\u0627", "name_bn": "\u09b2\u09c1\u0995\u09cb\u09ad\u09bf\u0995\u09be \u09aa\u09cc\u09b0\u09b8\u09ad\u09be", "name_de": "Lukovica", "name_en": "Lukovica", "name_es": "Lukovica", "name_fr": "Lukovica", "name_el": "\u039b\u03bf\u03c5\u03ba\u03bf\u03b2\u03af\u03ba\u03b1", "name_hi": "\u0932\u0941\u0915\u094b\u0935\u093f\u0915\u093e \u0928\u0917\u0930 \u092a\u093e\u0932\u093f\u0915\u093e", "name_hu": "Lukovica", "name_id": "Lukovica", "name_it": "Lukovica", "name_ja": "\u30eb\u30b3\u30f4\u30a3\u30c4\u30a1", "name_ko": "\ub8e8\ucf54\ube44\ucc28", "name_nl": "Lukovica", "name_pl": "Gmina Lukovica", "name_pt": "Lukovica", "name_ru": "\u041b\u0443\u043a\u043e\u0432\u0438\u0446\u0430", "name_sv": "Lukovica", "name_tr": "Lukovica Belediyesi", "name_vi": "\u0110\u00f4 th\u1ecb t\u1ef1 tr\u1ecb Lukovica", "name_zh": "\u5362\u79d1\u7ef4\u5bdf", "ne_id": 1159310729, "name_he": "\u05dc\u05d5\u05e7\u05d5\u05d2\u05d4", "name_uk": "\u041b\u0443\u043a\u043e\u0432\u0438\u0446\u044f", "name_ur": "\u0644\u0648\u06a9\u0648\u0648\u06cc\u06a9\u0627 \u0645\u06cc\u0648\u0646\u0633\u067e\u0644\u0679\u06cc", "name_fa": "\u0634\u0647\u0631\u062f\u0627\u0631\u06cc \u0644\u0648\u06a9\u0648\u0648\u06cc\u0686\u0627", "name_zht": "\u5362\u79d1\u7ef4\u5bdf", "FCLASS_ISO": null, "FCLASS_US": null, "FCLASS_FR": null, "FCLASS_RU": null, "FCLASS_ES": null, "FCLASS_CN": null, "FCLASS_TW": null, "FCLASS_IN": null, "FCLASS_NP": null, "FCLASS_PK": null, "FCLASS_DE": null, "FCLASS_GB": null, "FCLASS_BR": null, "FCLASS_IL": null, "FCLASS_PS": null, "FCLASS_SA": null, "FCLASS_EG": null, "FCLASS_MA": null, "FCLASS_PT": null, "FCLASS_AR": null, "FCLASS_JP": null, "FCLASS_KO": null, "FCLASS_VN": null, "FCLASS_TR": null, "FCLASS_ID": null, "FCLASS_PL": null, "FCLASS_GR": null, "FCLASS_IT": null, "FCLASS_NL": null, "FCLASS_SE": null, "FCLASS_BD": null, "FCLASS_UA": null, "FCLASS_TLC": null}, "bbox": [14.650455, 46.143954, 14.901706, 46.208678], "geometry": {"type": "Polygon", "coordinates": [[[14.769776, 46.195914], [14.785796, 46.199764], [14.898915, 46.208678], [14.901706, 46.190979], [14.892662, 46.179249], [14.885686, 46.177285], [14.819902, 46.171911], [14.816801, 46.170515], [14.818197, 46.168758], [14.825018, 46.16602], [14.828429, 46.160284], [14.804554, 46.165193], [14.772101, 46.168371], [14.729882, 46.162247], [14.711123, 46.15186], [14.683838, 46.143954], [14.676086, 46.150749], [14.667973, 46.152429], [14.664408, 46.153772], [14.661307, 46.156459], [14.658516, 46.159302], [14.655106, 46.160878], [14.65154, 46.161472], [14.650455, 46.164573], [14.65247, 46.170309], [14.663477, 46.185708], [14.683063, 46.19917], [14.715929, 46.202193], [14.735049, 46.197646], [14.748692, 46.195992], [14.769776, 46.195914]]]}}, {"type": "Feature", "properties": {"featurecla": "Admin-1 states provinces", "scalerank": 10, "adm1_code": "SVN-199", "diss_me": 199, "iso_3166_2": "SI-148", "wikipedia": null, "iso_a2": "SI", "adm0_sr": 1, "name": "Benedikt", "name_alt": null, "name_local": null, "type": "Opcine", "type_en": "Commune|Municipality", "code_local": null, "code_hasc": "SI.PD.BE", "note": null, "hasc_maybe": null, "region": "Podravska", "region_cod": null, "provnum_ne": 144, "gadm_level": 2, "check_me": 10, "datarank": 8, "abbrev": null, "postal": "BE", "area_sqkm": 0, "sameascity": -99, "labelrank": 10, "name_len": 8, "mapcolor9": 2, "mapcolor13": 12, "fips": "SI00", "fips_alt": "SIF4", "woe_id": -55848361, "woe_label": null, "woe_name": null, "latitude": 46.6136, "longitude": 15.8981, "sov_a3": "SVN", "adm0_a3": "SVN", "adm0_label": 2, "admin": "Slovenia", "geonunit": "Slovenia", "gu_a3": "SVN", "gn_id": 3344930, "gn_name": "Obcina Benedikt", "gns_id": 9123447, "gns_name": "Benedikt, Obcina", "gn_level": 1, "gn_region": null, "gn_a1_code": "SI.F4", "region_sub": null, "sub_code": null, "gns_level": 1, "gns_lang": "kat", "gns_adm1": "SI72", "gns_region": null, "min_label": 11, "max_label": 11, "min_zoom": 11, "wikidataid": "Q779018", "name_ar": "\u0628\u0644\u062f\u064a\u0629 \u0628\u064a\u0646\u064a\u062f\u064a\u0643\u062a", "name_bn": "\u09ac\u09c7\u09a8\u09c7\u09a1\u09bf\u0995\u09cd\u099f \u09aa\u09cc\u09b0\u09b8\u09ad\u09be", "name_de": "Benedikt", "name_en": "Benedikt", "name_es": "Benedikt", "name_fr": "Benedikt", "name_el": "\u039c\u03c0\u03b5\u03bd\u03b5\u03bd\u03c4\u03af\u03ba\u03c4", "name_hi": "\u092c\u0947\u0928\u0947\u0921\u093f\u0915\u094d\u091f \u0928\u0917\u0930 \u092a\u093e\u0932\u093f\u0915\u093e", "name_hu": "Benedikt", "name_id": "Benedikt", "name_it": "Benedikt", "name_ja": "\u30d9\u30cd\u30c7\u30a3\u30af\u30c8", "name_ko": "\ubca0\ub124\ub515\ud2b8 \uc9c0\ubc29 \uc790\uce58\uc81c", "name_nl": "Benedikt", "name_pl": "Benedikt", "name_pt": "Benedikt", "name_ru": "\u0411\u0435\u043d\u0435\u0434\u0438\u043a\u0442", "name_sv": "Benedikt", "name_tr": "Benedikt", "name_vi": "\u0110\u00f4 th\u1ecb t\u1ef1 tr\u1ecb Benedikt", "name_zh": "\u8d1d\u5185\u8fea\u514b\u7279", "ne_id": 1159308545, "name_he": "\u05d1\u05e0\u05d3\u05d9\u05e7\u05d8", "name_uk": "\u0411\u0435\u043d\u0435\u0434\u0438\u043a\u0442", "name_ur": "\u0628\u0644\u062f\u06cc\u06c1 \u0628\u06cc\u0646\u06cc\u062f\u06cc\u06a9\u062a", "name_fa": "\u0634\u0647\u0631\u062f\u0627\u0631\u06cc \u0628\u0646\u062f\u06cc\u06a9\u062a", "name_zht": "\u8d1d\u5185\u8fea\u514b\u7279", "FCLASS_ISO": null, "FCLASS_US": null, "FCLASS_FR": null, "FCLASS_RU": null, "FCLASS_ES": null, "FCLASS_CN": null, "FCLASS_TW": null, "FCLASS_IN": null, "FCLASS_NP": null, "FCLASS_PK": null, "FCLASS_DE": null, "FCLASS_GB": null, "FCLASS_BR": null, "FCLASS_IL": null, "FCLASS_PS": null, "FCLASS_SA": null, "FCLASS_EG": null, "FCLASS_MA": null, "FCLASS_PT": null, "FCLASS_AR": null, "FCLASS_JP": null, "FCLASS_KO": null, "FCLASS_VN": null, "FCLASS_TR": null, "FCLASS_ID": null, "FCLASS_PL": null, "FCLASS_GR": null, "FCLASS_IT": null, "FCLASS_NL": null, "FCLASS_SE": null, "FCLASS_BD": null, "FCLASS_UA": null, "FCLASS_TLC": null}, "bbox": [15.862836, 46.583462, 15.933271, 46.645887], "geometry": {"type": "Polygon", "coordinates": [[[15.902368, 46.583462], [15.898182, 46.584289], [15.893066, 46.58819], [15.875393, 46.605941], [15.862836, 46.610954], [15.865781, 46.623253], [15.874773, 46.63643], [15.888106, 46.645887], [15.900663, 46.642115], [15.904384, 46.641649], [15.909241, 46.639841], [15.913272, 46.63966], [15.918388, 46.639944], [15.922884, 46.640719], [15.928, 46.639505], [15.9311, 46.638265], [15.928465, 46.633485], [15.913272, 46.624079], [15.913582, 46.61855], [15.916373, 46.610799], [15.933271, 46.596407], [15.926139, 46.591007], [15.915132, 46.585839], [15.911412, 46.585167], [15.905314, 46.585038], [15.902368, 46.583462]]]}}, {"type": "Feature", "properties": {"featurecla": "Admin-1 states provinces", "scalerank": 10, "adm1_code": "SVN-960", "diss_me": 960, "iso_3166_2": "SI-057", "wikipedia": null, "iso_a2": "SI", "adm0_sr": 1, "name": "La\u0161ko", "name_alt": null, "name_local": null, "type": "Opcine", "type_en": "Commune|Municipality", "code_local": null, "code_hasc": "SI.SA.LA", "note": null, "hasc_maybe": null, "region": "Savinjska", "region_cod": null, "provnum_ne": 187, "gadm_level": 2, "check_me": 0, "datarank": 8, "abbrev": null, "postal": "LA", "area_sqkm": 0, "sameascity": -99, "labelrank": 10, "name_len": 5, "mapcolor9": 2, "mapcolor13": 12, "fips": "SI57", "fips_alt": null, "woe_id": 55848360, "woe_label": "Lasko, SI, Slovenia", "woe_name": "La\u0161ko", "latitude": 46.1404, "longitude": 15.248, "sov_a3": "SVN", "adm0_a3": "SVN", "adm0_label": 2, "admin": "Slovenia", "geonunit": "Slovenia", "gu_a3": "SVN", "gn_id": 3196759, "gn_name": "Obcina Lasko", "gns_id": -86620, "gns_name": "Lasko, Obcina", "gn_level": 1, "gn_region": null, "gn_a1_code": "SI.57", "region_sub": null, "sub_code": null, "gns_level": 1, "gns_lang": "srp", "gns_adm1": "SI57", "gns_region": null, "min_label": 11, "max_label": 11, "min_zoom": 11, "wikidataid": "Q15887", "name_ar": "\u0628\u0644\u062f\u064a\u0629 \u0644\u0627\u0634\u0643\u0648", "name_bn": "\u09b2\u09be\u09b8\u09cd\u0995\u09cb \u09aa\u09cc\u09b0\u09b8\u09ad\u09be", "name_de": "La\u0161ko", "name_en": "La\u0161ko", "name_es": "La\u0161ko", "name_fr": "La\u0161ko", "name_el": "\u039b\u03ac\u03c3\u03ba\u03bf", "name_hi": "\u0932\u093e\u0938\u094d\u0915\u094b \u0928\u0917\u0930 \u092a\u093e\u0932\u093f\u0915\u093e", "name_hu": "La\u0161ko", "name_id": "La\u0161ko", "name_it": "La\u0161ko", "name_ja": "\u30e9\u30fc\u30b7\u30e5\u30b3", "name_ko": "\ub77c\uc288\ucf54", "name_nl": "La\u0161ko", "name_pl": "Gmina La\u0161ko", "name_pt": "La\u0161ko", "name_ru": "\u041b\u0430\u0448\u043a\u043e", "name_sv": "Lasko", "name_tr": "Lasko Belediyesi", "name_vi": "\u0110\u00f4 th\u1ecb t\u1ef1 tr\u1ecb Lasko", "name_zh": "\u62c9\u4ec0\u79d1", "ne_id": 1159310715, "name_he": "\u05dc\u05d0\u05e9\u05e7\u05d5", "name_uk": "\u041b\u0430\u0448\u043a\u043e", "name_ur": "\u0644\u0627\u0633\u06a9\u0648 \u0645\u06cc\u0648\u0646\u0633\u067e\u0644\u0679\u06cc", "name_fa": "\u0634\u0647\u0631\u062f\u0627\u0631\u06cc \u0644\u0627\u0633\u06a9\u0648", "name_zht": "\u62c9\u4ec0\u79d1", "FCLASS_ISO": null, "FCLASS_US": null, "FCLASS_FR": null, "FCLASS_RU": null, "FCLASS_ES": null, "FCLASS_CN": null, "FCLASS_TW": null, "FCLASS_IN": null, "FCLASS_NP": null, "FCLASS_PK": null, "FCLASS_DE": null, "FCLASS_GB": null, "FCLASS_BR": null, "FCLASS_IL": null, "FCLASS_PS": null, "FCLASS_SA": null, "FCLASS_EG": null, "FCLASS_MA": null, "FCLASS_PT": null, "FCLASS_AR": null, "FCLASS_JP": null, "FCLASS_KO": null, "FCLASS_VN": null, "FCLASS_TR": null, "FCLASS_ID": null, "FCLASS_PL": null, "FCLASS_GR": null, "FCLASS_IT": null, "FCLASS_NL": null, "FCLASS_SE": null, "FCLASS_BD": null, "FCLASS_UA": null, "FCLASS_TLC": null}, "bbox": [15.113321, 46.059049, 15.38271, 46.19824], "geometry": {"type": "Polygon", "coordinates": [[[15.370928, 46.135737], [15.38271, 46.108194], [15.378989, 46.097807], [15.380074, 46.089151], [15.377284, 46.083854], [15.368447, 46.072124], [15.316771, 46.068661], [15.302663, 46.064708], [15.292121, 46.059049], [15.287109, 46.059101], [15.284008, 46.061995], [15.282613, 46.067731], [15.281062, 46.071452], [15.276722, 46.076077], [15.268815, 46.079642], [15.253932, 46.083337], [15.203496, 46.083699], [15.193884, 46.082175], [15.192954, 46.080883], [15.193729, 46.07848], [15.200861, 46.072589], [15.203806, 46.06879], [15.204891, 46.066413], [15.201946, 46.060755], [15.163447, 46.092484], [15.150114, 46.096928], [15.146239, 46.099254], [15.143448, 46.101527], [15.141898, 46.104266], [15.142208, 46.106385], [15.144998, 46.109666], [15.149029, 46.110028], [15.153215, 46.108581], [15.161121, 46.105145], [15.173214, 46.102251], [15.176676, 46.103336], [15.185048, 46.107315], [15.188458, 46.110881], [15.188458, 46.116204], [15.180242, 46.129123], [15.171663, 46.138166], [15.159261, 46.14876], [15.134766, 46.161498], [15.131046, 46.167286], [15.113321, 46.183383], [15.176469, 46.184546], [15.203961, 46.18824], [15.216364, 46.19824], [15.218224, 46.193098], [15.221635, 46.192478], [15.229076, 46.191961], [15.248506, 46.197491], [15.257343, 46.197129], [15.264629, 46.193822], [15.301423, 46.188912], [15.302973, 46.182194], [15.301423, 46.179145], [15.298787, 46.175941], [15.295067, 46.173564], [15.290881, 46.172066], [15.288711, 46.170076], [15.290054, 46.167441], [15.293827, 46.165451], [15.312275, 46.1662], [15.363331, 46.181316], [15.374959, 46.167777], [15.373253, 46.158061], [15.367052, 46.149638], [15.370928, 46.135737]]]}}, {"type": "Feature", "properties": {"featurecla": "Admin-1 states provinces", "scalerank": 10, "adm1_code": "SVN-252", "diss_me": 252, "iso_3166_2": "SI-154", "wikipedia": null, "iso_a2": "SI", "adm0_sr": 1, "name": "Dobje", "name_alt": null, "name_local": null, "type": "Opcine", "type_en": "Commune|Municipality", "code_local": null, "code_hasc": "SI.SA.DJ", "note": null, "hasc_maybe": null, "region": "Savinjska", "region_cod": null, "provnum_ne": 142, "gadm_level": 2, "check_me": 10, "datarank": 8, "abbrev": null, "postal": "DJ", "area_sqkm": 0, "sameascity": -99, "labelrank": 10, "name_len": 5, "mapcolor9": 2, "mapcolor13": 12, "fips": "SI00", "fips_alt": "SIG2", "woe_id": -55848383, "woe_label": null, "woe_name": null, "latitude": 46.1339, "longitude": 15.4056, "sov_a3": "SVN", "adm0_a3": "SVN", "adm0_label": 2, "admin": "Slovenia", "geonunit": "Slovenia", "gu_a3": "SVN", "gn_id": 3344913, "gn_name": "Obcina Dobje", "gns_id": 9123427, "gns_name": "Dobje, Obcina", "gn_level": 1, "gn_region": null, "gn_a1_code": "SI.G2", "region_sub": null, "sub_code": null, "gns_level": 1, "gns_lang": "kat", "gns_adm1": "SI72", "gns_region": null, "min_label": 11, "max_label": 11, "min_zoom": 11, "wikidataid": "Q1008179", "name_ar": "\u0628\u0644\u062f\u064a\u0629 \u062f\u0648\u0628\u064a", "name_bn": "\u09a6\u09cb\u09ac\u09c7 \u09aa\u09cc\u09b0\u09b8\u09ad\u09be", "name_de": "Dobje", "name_en": "Dobje", "name_es": "Dobje", "name_fr": "Dobje", "name_el": "\u039d\u03c4\u03cc\u03bc\u03c0\u03c4\u03b6\u03b5", "name_hi": "\u0921\u094b\u092c\u093f\u090f \u0928\u0917\u0930 \u092a\u093e\u0932\u093f\u0915\u093e", "name_hu": "Dobje", "name_id": "Dobje", "name_it": "Dobje", "name_ja": "\u30c9\u30d3\u30a7", "name_ko": "\ub3c4\ubca0", "name_nl": "Dobje", "name_pl": "Gmina Dobje", "name_pt": "Dobje", "name_ru": "\u0414\u043e\u0431\u044c\u0435", "name_sv": "Dobje", "name_tr": "Dobje Belediyesi", "name_vi": "Dobje", "name_zh": "\u591a\u522b", "ne_id": 1159308663, "name_he": "\u05d3\u05d5\u05d1\u05d9\u05d4", "name_uk": "\u0414\u043e\u0431\u0454", "name_ur": "\u062f\u0648\u0628\u062c\u06d2 \u0645\u06cc\u0648\u0646\u0633\u067e\u0644\u0679\u06cc", "name_fa": "\u0634\u0647\u0631\u062f\u0627\u0631\u06cc \u062f\u0648\u0628\u062c\u0647", "name_zht": "\u591a\u522b", "FCLASS_ISO": null, "FCLASS_US": null, "FCLASS_FR": null, "FCLASS_RU": null, "FCLASS_ES": null, "FCLASS_CN": null, "FCLASS_TW": null, "FCLASS_IN": null, "FCLASS_NP": null, "FCLASS_PK": null, "FCLASS_DE": null, "FCLASS_GB": null, "FCLASS_BR": null, "FCLASS_IL": null, "FCLASS_PS": null, "FCLASS_SA": null, "FCLASS_EG": null, "FCLASS_MA": null, "FCLASS_PT": null, "FCLASS_AR": null, "FCLASS_JP": null, "FCLASS_KO": null, "FCLASS_VN": null, "FCLASS_TR": null, "FCLASS_ID": null, "FCLASS_PL": null, "FCLASS_GR": null, "FCLASS_IT": null, "FCLASS_NL": null, "FCLASS_SE": null, "FCLASS_BD": null, "FCLASS_UA": null, "FCLASS_TLC": null}, "bbox": [15.370928, 46.10747, 15.440278, 46.152687], "geometry": {"type": "Polygon", "coordinates": [[[15.38271, 46.108194], [15.370928, 46.135737], [15.403329, 46.15217], [15.407101, 46.152687], [15.411752, 46.152067], [15.413302, 46.149121], [15.421984, 46.141292], [15.425705, 46.138889], [15.435007, 46.135014], [15.438572, 46.131784], [15.440278, 46.128554], [15.439037, 46.125764], [15.438417, 46.122611], [15.437332, 46.119614], [15.435627, 46.118116], [15.431596, 46.118322], [15.4271, 46.120338], [15.423069, 46.124007], [15.420124, 46.12566], [15.416868, 46.124833], [15.415783, 46.122353], [15.413923, 46.120079], [15.405706, 46.115299], [15.398368, 46.109511], [15.394182, 46.108142], [15.389996, 46.10747], [15.38271, 46.108194]]]}}, {"type": "Feature", "properties": {"featurecla": "Admin-1 states provinces", "scalerank": 10, "adm1_code": "SVN-219", "diss_me": 219, "iso_3166_2": "SI-108", "wikipedia": null, "iso_a2": "SI", "adm0_sr": 1, "name": "Ru\u0161e", "name_alt": null, "name_local": null, "type": "Opcine", "type_en": "Commune|Municipality", "code_local": null, "code_hasc": "SI.PD.RU", "note": null, "hasc_maybe": null, "region": "Podravska", "region_cod": null, "provnum_ne": 158, "gadm_level": 2, "check_me": 0, "datarank": 8, "abbrev": null, "postal": "RU", "area_sqkm": 0, "sameascity": -99, "labelrank": 10, "name_len": 4, "mapcolor9": 2, "mapcolor13": 12, "fips": "SIL3", "fips_alt": null, "woe_id": 55848382, "woe_label": "Ruse, SI, Slovenia", "woe_name": "Ru\u0161e", "latitude": 46.5156, "longitude": 15.486, "sov_a3": "SVN", "adm0_a3": "SVN", "adm0_label": 2, "admin": "Slovenia", "geonunit": "Slovenia", "gu_a3": "SVN", "gn_id": 3239211, "gn_name": "Obcina Ruse", "gns_id": 243902, "gns_name": "Ruse, Obcina", "gn_level": 1, "gn_region": null, "gn_a1_code": "SI.L3", "region_sub": null, "sub_code": null, "gns_level": 1, "gns_lang": "slv", "gns_adm1": "SI76", "gns_region": null, "min_label": 11, "max_label": 11, "min_zoom": 11, "wikidataid": "Q3346841", "name_ar": "\u0628\u0644\u062f\u064a\u0629 \u0631\u0648\u0634\u0647", "name_bn": "\u09b0\u09c1\u09b8\u09c7 \u09aa\u09cc\u09b0\u09b8\u09ad\u09be", "name_de": "Gemeinde Ru\u0161e", "name_en": "Ru\u0161e", "name_es": "Ru\u0161e", "name_fr": "Municipalit\u00e9 de Ru\u0161e", "name_el": "\u03a1\u03bf\u03cd\u03c3\u03b5", "name_hi": "\u0930\u0941\u0938\u0947 \u0928\u0917\u0930\u092a\u093e\u0932\u093f\u0915\u093e", "name_hu": "Ru\u0161e k\u00f6zs\u00e9g", "name_id": "Ru\u0161e", "name_it": "Ru\u0161e", "name_ja": "\u30eb\u30b7\u30a7", "name_ko": "\ub8e8\uc170 \uc9c0\ubc29 \uc790\uce58\uc81c", "name_nl": "Ru\u0161e", "name_pl": "Gmina Ru\u0161e", "name_pt": "Ruse", "name_ru": "\u0420\u0443\u0448\u0435", "name_sv": "Ruse", "name_tr": "Ruse Belediyesi", "name_vi": "\u0110\u00f4 th\u1ecb t\u1ef1 tr\u1ecb Ruse", "name_zh": "\u9b6f\u820d\u93ae", "ne_id": 1159308591, "name_he": "\u05e8\u05d5\u05bc\u05e9\u05d4", "name_uk": "\u0420\u0443\u0448\u0435", "name_ur": "\u0631\u0648\u0632 \u0645\u06cc\u0648\u0646\u0633\u067e\u0644\u0679\u06cc", "name_fa": "\u0631\u0648\u0633", "name_zht": "\u9b6f\u820d\u93ae", "FCLASS_ISO": null, "FCLASS_US": null, "FCLASS_FR": null, "FCLASS_RU": null, "FCLASS_ES": null, "FCLASS_CN": null, "FCLASS_TW": null, "FCLASS_IN": null, "FCLASS_NP": null, "FCLASS_PK": null, "FCLASS_DE": null, "FCLASS_GB": null, "FCLASS_BR": null, "FCLASS_IL": null, "FCLASS_PS": null, "FCLASS_SA": null, "FCLASS_EG": null, "FCLASS_MA": null, "FCLASS_PT": null, "FCLASS_AR": null, "FCLASS_JP": null, "FCLASS_KO": null, "FCLASS_VN": null, "FCLASS_TR": null, "FCLASS_ID": null, "FCLASS_PL": null, "FCLASS_GR": null, "FCLASS_IT": null, "FCLASS_NL": null, "FCLASS_SE": null, "FCLASS_BD": null, "FCLASS_UA": null, "FCLASS_TLC": null}, "bbox": [15.408186, 46.477706, 15.563784, 46.562119], "geometry": {"type": "Polygon", "coordinates": [[[15.563784, 46.509875], [15.539445, 46.497421], [15.500481, 46.499281], [15.408186, 46.477706], [15.415163, 46.499462], [15.440588, 46.518479], [15.449114, 46.531553], [15.45082, 46.537754], [15.449889, 46.541914], [15.459656, 46.550027], [15.458106, 46.538607], [15.482807, 46.534498], [15.495985, 46.537754], [15.560374, 46.562119], [15.550297, 46.518014], [15.563784, 46.509875]]]}}, {"type": "Feature", "properties": {"featurecla": "Admin-1 states provinces", "scalerank": 10, "adm1_code": "SVN-1003", "diss_me": 1003, "iso_3166_2": "SI-138", "wikipedia": null, "iso_a2": "SI", "adm0_sr": 1, "name": "Vodice", "name_alt": null, "name_local": null, "type": "Opcine", "type_en": "Commune|Municipality", "code_local": null, "code_hasc": "SI.LJ.VO", "note": null, "hasc_maybe": null, "region": "Osrednjeslovenska", "region_cod": null, "provnum_ne": 140, "gadm_level": 2, "check_me": 0, "datarank": 8, "abbrev": null, "postal": "VO", "area_sqkm": 0, "sameascity": -99, "labelrank": 10, "name_len": 6, "mapcolor9": 2, "mapcolor13": 12, "fips": "SIE3", "fips_alt": null, "woe_id": -55848364, "woe_label": null, "woe_name": null, "latitude": 46.1726, "longitude": 14.4982, "sov_a3": "SVN", "adm0_a3": "SVN", "adm0_label": 2, "admin": "Slovenia", "geonunit": "Slovenia", "gu_a3": "SVN", "gn_id": 3239112, "gn_name": "Obcina Vodice", "gns_id": 243522, "gns_name": "Vodice, Obcina", "gn_level": 1, "gn_region": null, "gn_a1_code": "SI.E3", "region_sub": null, "sub_code": null, "gns_level": 1, "gns_lang": "slv", "gns_adm1": "SI12", "gns_region": null, "min_label": 11, "max_label": 11, "min_zoom": 11, "wikidataid": "Q2068600", "name_ar": "\u0641\u0648\u062f\u0627\u064a\u0633", "name_bn": "\u09ad\u09cb\u09a1\u09bf\u09b8", "name_de": "Vodice", "name_en": "Vodice", "name_es": "Vodice", "name_fr": "Vodice", "name_el": "\u0392\u03cc\u03bd\u03c4\u03b9\u03ba\u03b5", "name_hi": "\u0935\u094b\u0926\u093f\u0938", "name_hu": "Vodice", "name_id": "Vodice", "name_it": "Vodice", "name_ja": "\u30f4\u30a9\u30c7\u30a3\u30c4\u30a7", "name_ko": "\ubcf4\ub514\uccb4", "name_nl": "Vodice", "name_pl": "Vodice", "name_pt": "Vodice", "name_ru": "\u0412\u043e\u0434\u0438\u0446\u0435", "name_sv": "Vodice", "name_tr": "Vodice", "name_vi": "Vodice", "name_zh": "\u6c83\u8fea\u91c7", "ne_id": 1159310809, "name_he": "\u05d5\u05d5\u05d3\u05d9\u05e1", "name_uk": "\u0412\u043e\u0434\u0438\u0446\u0435", "name_ur": "\u0648\u0648\u062f\u06cc\u06a9\u06cc", "name_fa": "\u0648\u0648\u062f\u06cc\u0633", "name_zht": "\u6c83\u8fea\u91c7", "FCLASS_ISO": null, "FCLASS_US": null, "FCLASS_FR": null, "FCLASS_RU": null, "FCLASS_ES": null, "FCLASS_CN": null, "FCLASS_TW": null, "FCLASS_IN": null, "FCLASS_NP": null, "FCLASS_PK": null, "FCLASS_DE": null, "FCLASS_GB": null, "FCLASS_BR": null, "FCLASS_IL": null, "FCLASS_PS": null, "FCLASS_SA": null, "FCLASS_EG": null, "FCLASS_MA": null, "FCLASS_PT": null, "FCLASS_AR": null, "FCLASS_JP": null, "FCLASS_KO": null, "FCLASS_VN": null, "FCLASS_TR": null, "FCLASS_ID": null, "FCLASS_PL": null, "FCLASS_GR": null, "FCLASS_IT": null, "FCLASS_NL": null, "FCLASS_SE": null, "FCLASS_BD": null, "FCLASS_UA": null, "FCLASS_TLC": null}, "bbox": [14.458684, 46.138786, 14.5378, 46.206146], "geometry": {"type": "Polygon", "coordinates": [[[14.469226, 46.143463], [14.458684, 46.193253], [14.4669, 46.198059], [14.467365, 46.198886], [14.462869, 46.206146], [14.500697, 46.202865], [14.524623, 46.177078], [14.5378, 46.174184], [14.537025, 46.161343], [14.527878, 46.156873], [14.523848, 46.15031], [14.513926, 46.145556], [14.487209, 46.139587], [14.476357, 46.138786], [14.469226, 46.143463]]]}}, {"type": "Feature", "properties": {"featurecla": "Admin-1 states provinces", "scalerank": 10, "adm1_code": "SVN-225", "diss_me": 225, "iso_3166_2": "SI-164", "wikipedia": null, "iso_a2": "SI", "adm0_sr": 1, "name": "Komenda", "name_alt": null, "name_local": null, "type": "Opcine", "type_en": "Commune|Municipality", "code_local": null, "code_hasc": "SI.LJ.KM", "note": null, "hasc_maybe": null, "region": "Osrednjeslovenska", "region_cod": null, "provnum_ne": 181, "gadm_level": 2, "check_me": 10, "datarank": 8, "abbrev": null, "postal": "KM", "area_sqkm": 0, "sameascity": -99, "labelrank": 10, "name_len": 7, "mapcolor9": 2, "mapcolor13": 12, "fips": "SI00", "fips_alt": "SIH8", "woe_id": -55848346, "woe_label": null, "woe_name": null, "latitude": 46.2055, "longitude": 14.5417, "sov_a3": "SVN", "adm0_a3": "SVN", "adm0_label": 2, "admin": "Slovenia", "geonunit": "Slovenia", "gu_a3": "SVN", "gn_id": 3344896, "gn_name": "Obcina Komenda", "gns_id": 9123302, "gns_name": "Komenda, Obcina", "gn_level": 1, "gn_region": null, "gn_a1_code": "SI.H8", "region_sub": null, "sub_code": null, "gns_level": 1, "gns_lang": "kat", "gns_adm1": "SI72", "gns_region": null, "min_label": 11, "max_label": 11, "min_zoom": 11, "wikidataid": "Q963986", "name_ar": "\u0628\u0644\u062f\u064a\u0629 \u0643\u0648\u0645\u064a\u0646\u062f\u0627", "name_bn": "\u0995\u09cb\u09ae\u09c7\u09a8\u09cd\u09a1\u09be \u09aa\u09cc\u09b0\u09b8\u09ad\u09be", "name_de": "Komenda", "name_en": "Komenda", "name_es": "Komenda", "name_fr": "Komenda", "name_el": "\u039a\u03bf\u03bc\u03ad\u03bd\u03c4\u03b1", "name_hi": "\u0915\u094b\u092e\u0947\u0928\u094d\u0921\u093e \u0928\u0917\u0930 \u092a\u093e\u0932\u093f\u0915\u093e", "name_hu": "Komenda", "name_id": "Komenda", "name_it": "Komenda", "name_ja": "\u30b3\u30e1\u30f3\u30c0", "name_ko": "\ucf54\uba58\ub2e4", "name_nl": "Komenda", "name_pl": "Gmina Komenda", "name_pt": "Komenda", "name_ru": "\u041a\u043e\u043c\u0435\u043d\u0434\u0430", "name_sv": "Komenda", "name_tr": "Komeda", "name_vi": "\u0110\u00f4 th\u1ecb t\u1ef1 tr\u1ecb Komenda", "name_zh": "\u79d1\u95e8\u8fbe", "ne_id": 1159308605, "name_he": "\u05e7\u05d5\u05de\u05e0\u05d3\u05d4", "name_uk": "\u041a\u043e\u043c\u0435\u043d\u0434\u0430", "name_ur": "\u06a9\u0648\u0645\u06cc\u0646\u062f\u0627 \u0645\u06cc\u0648\u0646\u0633\u067e\u0644\u0679\u06cc", "name_fa": "\u0634\u0647\u0631\u062f\u0627\u0631\u06cc \u06a9\u0627\u0645\u0646\u062f\u0627", "name_zht": "\u79d1\u95e8\u8fbe", "FCLASS_ISO": null, "FCLASS_US": null, "FCLASS_FR": null, "FCLASS_RU": null, "FCLASS_ES": null, "FCLASS_CN": null, "FCLASS_TW": null, "FCLASS_IN": null, "FCLASS_NP": null, "FCLASS_PK": null, "FCLASS_DE": null, "FCLASS_GB": null, "FCLASS_BR": null, "FCLASS_IL": null, "FCLASS_PS": null, "FCLASS_SA": null, "FCLASS_EG": null, "FCLASS_MA": null, "FCLASS_PT": null, "FCLASS_AR": null, "FCLASS_JP": null, "FCLASS_KO": null, "FCLASS_VN": null, "FCLASS_TR": null, "FCLASS_ID": null, "FCLASS_PL": null, "FCLASS_GR": null, "FCLASS_IT": null, "FCLASS_NL": null, "FCLASS_SE": null, "FCLASS_BD": null, "FCLASS_UA": null, "FCLASS_TLC": null}, "bbox": [14.500697, 46.174184, 14.582655, 46.243198], "geometry": {"type": "Polygon", "coordinates": [[[14.5378, 46.174184], [14.524623, 46.177078], [14.500697, 46.202865], [14.552528, 46.243198], [14.565447, 46.228109], [14.569943, 46.214854], [14.582655, 46.198059], [14.5378, 46.174184]]]}}, {"type": "Feature", "properties": {"featurecla": "Admin-1 states provinces", "scalerank": 10, "adm1_code": "SVN-968", "diss_me": 968, "iso_3166_2": "SI-072", "wikipedia": null, "iso_a2": "SI", "adm0_sr": 1, "name": "Menge\u0161", "name_alt": null, "name_local": null, "type": "Opcine", "type_en": "Commune|Municipality", "code_local": null, "code_hasc": "SI.LJ.MN", "note": null, "hasc_maybe": null, "region": "Osrednjeslovenska", "region_cod": null, "provnum_ne": 173, "gadm_level": 2, "check_me": 0, "datarank": 8, "abbrev": null, "postal": "MN", "area_sqkm": 0, "sameascity": -99, "labelrank": 10, "name_len": 6, "mapcolor9": 2, "mapcolor13": 12, "fips": "SI72", "fips_alt": null, "woe_id": -55848346, "woe_label": null, "woe_name": null, "latitude": 46.1605, "longitude": 14.552, "sov_a3": "SVN", "adm0_a3": "SVN", "adm0_label": 2, "admin": "Slovenia", "geonunit": "Slovenia", "gu_a3": "SVN", "gn_id": 3239114, "gn_name": "Obcina Menges", "gns_id": 243528, "gns_name": "Menges, Obcina", "gn_level": 1, "gn_region": null, "gn_a1_code": "SI.72", "region_sub": null, "sub_code": null, "gns_level": 1, "gns_lang": "slv", "gns_adm1": "SI72", "gns_region": null, "min_label": 11, "max_label": 11, "min_zoom": 11, "wikidataid": "Q15895", "name_ar": "\u0628\u0644\u062f\u064a\u0629 \u0645\u064a\u0646\u063a\u0634", "name_bn": "\u09ae\u09c7\u099e\u09cd\u099c\u09c7\u09b8 \u09aa\u09cc\u09b0\u09b8\u09ad\u09be", "name_de": "Menge\u0161", "name_en": "Menge\u0161", "name_es": "Menge\u0161", "name_fr": "Menge\u0161", "name_el": "\u039c\u03b5\u03bd\u03b3\u03ba\u03ad\u03c2", "name_hi": "\u092e\u0947\u0902\u091c\u0947\u0938 \u0928\u0917\u0930 \u092a\u093e\u0932\u093f\u0915\u093e", "name_hu": "Menge\u0161", "name_id": "Menge\u0161", "name_it": "Menge\u0161", "name_ja": "\u30e1\u30f3\u30b2\u30b7\u30e5", "name_ko": "\uba58\uac8c\uc2dc", "name_nl": "Menge\u0161", "name_pl": "Gmina Menge\u0161", "name_pt": "Menge\u0161", "name_ru": "\u041c\u0435\u043d\u0433\u0435\u0448", "name_sv": "Menges", "name_tr": "Menges Belediyesi", "name_vi": "\u0110\u00f4 th\u1ecb t\u1ef1 tr\u1ecb Menges", "name_zh": "\u95e8\u76d6\u4ec0", "ne_id": 1159310733, "name_he": "\u05de\u05e8\u05d9\u05de\u05d0\u05e7", "name_uk": "\u041c\u0435\u043d\u0433\u0435\u0448", "name_ur": "\u0645\u06cc\u0646\u062c\u06cc\u0633 \u0645\u06cc\u0648\u0646\u0633\u067e\u0644\u0679\u06cc", "name_fa": "\u0645\u0646\u06af\u0633", "name_zht": "\u9580\u84cb\u4ec0", "FCLASS_ISO": null, "FCLASS_US": null, "FCLASS_FR": null, "FCLASS_RU": null, "FCLASS_ES": null, "FCLASS_CN": null, "FCLASS_TW": null, "FCLASS_IN": null, "FCLASS_NP": null, "FCLASS_PK": null, "FCLASS_DE": null, "FCLASS_GB": null, "FCLASS_BR": null, "FCLASS_IL": null, "FCLASS_PS": null, "FCLASS_SA": null, "FCLASS_EG": null, "FCLASS_MA": null, "FCLASS_PT": null, "FCLASS_AR": null, "FCLASS_JP": null, "FCLASS_KO": null, "FCLASS_VN": null, "FCLASS_TR": null, "FCLASS_ID": null, "FCLASS_PL": null, "FCLASS_GR": null, "FCLASS_IT": null, "FCLASS_NL": null, "FCLASS_SE": null, "FCLASS_BD": null, "FCLASS_UA": null, "FCLASS_TLC": null}, "bbox": [14.513926, 46.132378, 14.590097, 46.198059], "geometry": {"type": "Polygon", "coordinates": [[[14.513926, 46.145556], [14.523848, 46.15031], [14.527878, 46.156873], [14.537025, 46.161343], [14.5378, 46.174184], [14.582655, 46.198059], [14.579865, 46.192426], [14.590097, 46.189119], [14.583741, 46.176458], [14.589787, 46.147674], [14.520592, 46.132378], [14.513926, 46.145556]]]}}, {"type": "Feature", "properties": {"featurecla": "Admin-1 states provinces", "scalerank": 10, "adm1_code": "SVN-1004", "diss_me": 1004, "iso_3166_2": "SI-140", "wikipedia": null, "iso_a2": "SI", "adm0_sr": 1, "name": "Vrhnika", "name_alt": null, "name_local": null, "type": "Opcine", "type_en": "Commune|Municipality", "code_local": null, "code_hasc": "SI.LJ.VR", "note": null, "hasc_maybe": null, "region": "Osrednjeslovenska", "region_cod": null, "provnum_ne": 177, "gadm_level": 2, "check_me": 0, "datarank": 8, "abbrev": null, "postal": "VR", "area_sqkm": 0, "sameascity": -99, "labelrank": 10, "name_len": 7, "mapcolor9": 2, "mapcolor13": 12, "fips": "SIE5", "fips_alt": null, "woe_id": 55848396, "woe_label": "Vrhnika, SI, Slovenia", "woe_name": "Vrhnika", "latitude": 45.9491, "longitude": 14.2947, "sov_a3": "SVN", "adm0_a3": "SVN", "adm0_label": 2, "admin": "Slovenia", "geonunit": "Slovenia", "gu_a3": "SVN", "gn_id": 3187213, "gn_name": "Obcina Vrhnika", "gns_id": -101121, "gns_name": "Vrhnika, Obcina", "gn_level": 1, "gn_region": null, "gn_a1_code": "SI.E5", "region_sub": null, "sub_code": null, "gns_level": 1, "gns_lang": "srp", "gns_adm1": "SI28", "gns_region": null, "min_label": 11, "max_label": 11, "min_zoom": 11, "wikidataid": "Q9014817", "name_ar": "\u0628\u0644\u062f\u064a\u0629 \u0641\u0631\u0646\u064a\u0643\u0627", "name_bn": "\u09ad\u09cd\u09b0\u09b9\u09cd\u09a8\u09bf\u0995\u09be \u09aa\u09cc\u09b0\u09b8\u09ad\u09be", "name_de": "Gemeinde Vrhnika", "name_en": "Vrhnika", "name_es": "Municipalidad del Vrhnika", "name_fr": "Municipalit\u00e9 de Vrhnika", "name_el": "\u0392\u03c1\u03c7\u03bd\u03af\u03ba\u03b1", "name_hi": "\u0935\u094d\u0930\u0939\u0928\u093f\u0915\u093e \u0928\u0917\u0930 \u092a\u093e\u0932\u093f\u0915\u093e", "name_hu": "Vrhnika k\u00f6zs\u00e9g", "name_id": "Vrhnika", "name_it": "Nauporto", "name_ja": "\u30d6\u30eb\u30d5\u30cb\u30ab", "name_ko": "\ube0c\ub974\ud750\ub2c8\uce74 \uc9c0\ubc29 \uc790\uce58\uc81c", "name_nl": "Vrhnika", "name_pl": "Gmina Vrhnika", "name_pt": "Vrhnika", "name_ru": "\u0412\u0440\u0445\u043d\u0438\u043a\u0430", "name_sv": "Vrhnika", "name_tr": "Vrhnika Belediyesi", "name_vi": "Vrhnika \u0110\u00f4 th\u1ecb t\u1ef1 tr\u1ecb", "name_zh": "\u5f17\u723e\u8d6b\u5c3c\u5361\u93ae", "ne_id": 1159310811, "name_he": "\u05d5\u05d5\u05e8\u05e0\u05d9\u05e7\u05d4", "name_uk": "\u0412\u0440\u0445\u043d\u0438\u043a\u0430", "name_ur": "\u0648\u0631\u062d\u0646\u06cc\u06a9\u0627 \u0645\u06cc\u0648\u0646\u0633\u067e\u0644\u0679\u06cc", "name_fa": "\u0634\u0647\u0631\u062f\u0627\u0631\u06cc \u0648\u0631\u0646\u06cc\u06a9\u0627", "name_zht": "\u5f17\u723e\u8d6b\u5c3c\u5361\u93ae", "FCLASS_ISO": null, "FCLASS_US": null, "FCLASS_FR": null, "FCLASS_RU": null, "FCLASS_ES": null, "FCLASS_CN": null, "FCLASS_TW": null, "FCLASS_IN": null, "FCLASS_NP": null, "FCLASS_PK": null, "FCLASS_DE": null, "FCLASS_GB": null, "FCLASS_BR": null, "FCLASS_IL": null, "FCLASS_PS": null, "FCLASS_SA": null, "FCLASS_EG": null, "FCLASS_MA": null, "FCLASS_PT": null, "FCLASS_AR": null, "FCLASS_JP": null, "FCLASS_KO": null, "FCLASS_VN": null, "FCLASS_TR": null, "FCLASS_ID": null, "FCLASS_PL": null, "FCLASS_GR": null, "FCLASS_IT": null, "FCLASS_NL": null, "FCLASS_SE": null, "FCLASS_BD": null, "FCLASS_UA": null, "FCLASS_TLC": null}, "bbox": [14.19038, 45.867485, 14.399101, 46.032229], "geometry": {"type": "Polygon", "coordinates": [[[14.244071, 46.02024], [14.246397, 46.013057], [14.238956, 46.008923], [14.240506, 46.005461], [14.245467, 46.001482], [14.267326, 45.994506], [14.273837, 45.993937], [14.276783, 45.995642], [14.276163, 45.998691], [14.277558, 46.001947], [14.283036, 46.003859], [14.308615, 46.007063], [14.315592, 46.009182], [14.341998, 46.014013], [14.359517, 46.020705], [14.366648, 46.027475], [14.385251, 46.032229], [14.396775, 46.024116], [14.399101, 46.019362], [14.398636, 46.015848], [14.397395, 46.010887], [14.385872, 46.007941], [14.37874, 46.002515], [14.372229, 45.993937], [14.37533, 45.98045], [14.365563, 45.965463], [14.344169, 45.961123], [14.341688, 45.957919], [14.337813, 45.954766], [14.33373, 45.943294], [14.33435, 45.934354], [14.337502, 45.925517], [14.357501, 45.889215], [14.363857, 45.882316], [14.37626, 45.87149], [14.364788, 45.867485], [14.325669, 45.887329], [14.30939, 45.89123], [14.299159, 45.885727], [14.285671, 45.907379], [14.26035, 45.929238], [14.238956, 45.944379], [14.229964, 45.94872], [14.223556, 45.950736], [14.21875, 45.950658], [14.214254, 45.952493], [14.210999, 45.957195], [14.212704, 45.962053], [14.217045, 45.967892], [14.215494, 45.975385], [14.219835, 45.989183], [14.228569, 45.993136], [14.229809, 45.995022], [14.205883, 46.006184], [14.196271, 46.008096], [14.19038, 46.024685], [14.244071, 46.02024]]]}}, {"type": "Feature", "properties": {"featurecla": "Admin-1 states provinces", "scalerank": 10, "adm1_code": "SVN-250", "diss_me": 250, "iso_3166_2": "SI-162", "wikipedia": null, "iso_a2": "SI", "adm0_sr": 1, "name": "Horjul", "name_alt": null, "name_local": null, "type": "Opcine", "type_en": "Commune|Municipality", "code_local": null, "code_hasc": "SI.LJ.HO", "note": null, "hasc_maybe": null, "region": "Osrednjeslovenska", "region_cod": null, "provnum_ne": 139, "gadm_level": 2, "check_me": 10, "datarank": 8, "abbrev": null, "postal": "HO", "area_sqkm": 0, "sameascity": -99, "labelrank": 10, "name_len": 6, "mapcolor9": 2, "mapcolor13": 12, "fips": "SI00", "fips_alt": "SIH3", "woe_id": -55848396, "woe_label": null, "woe_name": null, "latitude": 46.0249, "longitude": 14.2917, "sov_a3": "SVN", "adm0_a3": "SVN", "adm0_label": 2, "admin": "Slovenia", "geonunit": "Slovenia", "gu_a3": "SVN", "gn_id": 3344897, "gn_name": "Obcina Horjul", "gns_id": 9123305, "gns_name": "Horjul, Obcina", "gn_level": 1, "gn_region": null, "gn_a1_code": "SI.H3", "region_sub": null, "sub_code": null, "gns_level": 1, "gns_lang": "kat", "gns_adm1": "SI72", "gns_region": null, "min_label": 11, "max_label": 11, "min_zoom": 11, "wikidataid": "Q1005185", "name_ar": "\u0628\u0644\u062f\u064a\u0629 \u0647\u0631\u064a\u0648\u0644", "name_bn": "\u09b9\u09b0\u09cd\u099c\u09c1\u09b2 \u09aa\u09cc\u09b0\u09b8\u09ad\u09be", "name_de": "Horjul", "name_en": "Horjul", "name_es": "Horjul", "name_fr": "Horjul", "name_el": "\u03a7\u03cc\u03c1\u03c4\u03b6\u03bf\u03c5\u03bb", "name_hi": "\u0939\u094b\u0930\u094d\u091c\u0941\u0932 \u0928\u0917\u0930 \u092a\u093e\u0932\u093f\u0915\u093e", "name_hu": "Horjul k\u00f6zs\u00e9g", "name_id": "Horjul", "name_it": "Horjul", "name_ja": "\u30db\u30ea\u30e5\u30eb", "name_ko": "\ud638\ub960", "name_nl": "Horjul", "name_pl": "Gmina Horjul", "name_pt": "Horjul", "name_ru": "\u0425\u043e\u0440\u044c\u044e\u043b", "name_sv": "Horjul", "name_tr": "Horjul Belediyesi", "name_vi": "\u0110\u00f4 th\u1ecb t\u1ef1 tr\u1ecb Horjul", "name_zh": "\u970d\u5c14\u5c24\u5c14", "ne_id": 1159308659, "name_he": "\u05d4\u05d5\u05e8\u05d2'\u05d5\u05dc", "name_uk": "\u0425\u043e\u0440\u044e\u043b", "name_ur": "\u06c1\u0648\u0631\u062c\u0648\u0644 \u0645\u06cc\u0648\u0646\u0633\u067e\u0644\u0679\u06cc", "name_fa": "\u0634\u0647\u0631\u062f\u0627\u0631\u06cc \u0647\u0648\u0631\u062c\u0648\u0644", "name_zht": "\u970d\u5c14\u5c24\u5c14", "FCLASS_ISO": null, "FCLASS_US": null, "FCLASS_FR": null, "FCLASS_RU": null, "FCLASS_ES": null, "FCLASS_CN": null, "FCLASS_TW": null, "FCLASS_IN": null, "FCLASS_NP": null, "FCLASS_PK": null, "FCLASS_DE": null, "FCLASS_GB": null, "FCLASS_BR": null, "FCLASS_IL": null, "FCLASS_PS": null, "FCLASS_SA": null, "FCLASS_EG": null, "FCLASS_MA": null, "FCLASS_PT": null, "FCLASS_AR": null, "FCLASS_JP": null, "FCLASS_KO": null, "FCLASS_VN": null, "FCLASS_TR": null, "FCLASS_ID": null, "FCLASS_PL": null, "FCLASS_GR": null, "FCLASS_IT": null, "FCLASS_NL": null, "FCLASS_SE": null, "FCLASS_BD": null, "FCLASS_UA": null, "FCLASS_TLC": null}, "bbox": [14.238956, 45.993937, 14.344479, 46.045562], "geometry": {"type": "Polygon", "coordinates": [[[14.273837, 45.993937], [14.267326, 45.994506], [14.245467, 46.001482], [14.240506, 46.005461], [14.238956, 46.008923], [14.246397, 46.013057], [14.244071, 46.02024], [14.243451, 46.031454], [14.252598, 46.039722], [14.257094, 46.041247], [14.282415, 46.045562], [14.323188, 46.042668], [14.33094, 46.040653], [14.337141, 46.03763], [14.343084, 46.029103], [14.344324, 46.025201], [14.344479, 46.021894], [14.343239, 46.019414], [14.341998, 46.014013], [14.315592, 46.009182], [14.308615, 46.007063], [14.283036, 46.003859], [14.277558, 46.001947], [14.276163, 45.998691], [14.276783, 45.995642], [14.273837, 45.993937]]]}}, {"type": "Feature", "properties": {"featurecla": "Admin-1 states provinces", "scalerank": 10, "adm1_code": "SVN-198", "diss_me": 198, "iso_3166_2": "SI-153", "wikipedia": null, "iso_a2": "SI", "adm0_sr": 1, "name": "Cerkvenjak", "name_alt": null, "name_local": null, "type": "Opcine", "type_en": "Commune|Municipality", "code_local": null, "code_hasc": "SI.PD.CE", "note": null, "hasc_maybe": null, "region": "Podravska", "region_cod": null, "provnum_ne": 138, "gadm_level": 2, "check_me": 10, "datarank": 8, "abbrev": null, "postal": "CE", "area_sqkm": 0, "sameascity": -99, "labelrank": 10, "name_len": 10, "mapcolor9": 2, "mapcolor13": 12, "fips": "SI00", "fips_alt": "SIF9", "woe_id": -55848361, "woe_label": null, "woe_name": null, "latitude": 46.5598, "longitude": 15.9531, "sov_a3": "SVN", "adm0_a3": "SVN", "adm0_label": 2, "admin": "Slovenia", "geonunit": "Slovenia", "gu_a3": "SVN", "gn_id": 3344929, "gn_name": "Obcina Cerkvenjak", "gns_id": 9123446, "gns_name": "Cerkvenjak, Obcina", "gn_level": 1, "gn_region": null, "gn_a1_code": "SI.F9", "region_sub": null, "sub_code": null, "gns_level": 1, "gns_lang": "kat", "gns_adm1": "SI72", "gns_region": null, "min_label": 11, "max_label": 11, "min_zoom": 11, "wikidataid": "Q1252438", "name_ar": "\u0628\u0644\u062f\u064a\u0629 \u0633\u064a\u0631\u0643\u0641\u0646\u064a\u0627\u0643", "name_bn": "\u099a\u09be\u09b0\u09cd\u0995\u09ad\u09c7\u099e\u09cd\u099c\u09be\u0995 \u09aa\u09cc\u09b0\u09b8\u09ad\u09be", "name_de": "Gemeinde Cerkvenjak", "name_en": "Cerkvenjak", "name_es": "Municipalidad del Cerkvenjak", "name_fr": "Municipalit\u00e9 de Cerkvenjak", "name_el": "\u039a\u03ad\u03c1\u03ba\u03b2\u03b5\u03bd\u03c4\u03b6\u03b1\u03ba", "name_hi": "\u091a\u0930\u094d\u0915\u0935\u0947\u0928\u094d\u0928\u092f\u0947\u0915 \u0928\u0917\u0930 \u092a\u093e\u0932\u093f\u0915\u093e", "name_hu": "Cerkvenjak", "name_id": "Cerkvenjak", "name_it": "Cerkvenjak", "name_ja": "\u30c4\u30a7\u30eb\u30af\u30f4\u30a7\u30cb\u30e3\u30af", "name_ko": "\uccb4\ub974\ud06c\ubca0\ub0d0\ud06c \uc9c0\ubc29 \uc790\uce58\uc81c", "name_nl": "Cerkvenjak", "name_pl": "Gmina Cerkvenjak", "name_pt": "Cerkvenjak", "name_ru": "\u0426\u0435\u0440\u043a\u0432\u0435\u043d\u044f\u043a", "name_sv": "Cerkvenjak", "name_tr": "Cerkvenjak Belediyesi", "name_vi": "\u0110\u00f4 th\u1ecb t\u1ef1 tr\u1ecb Cerkvenjak", "name_zh": "\u91c7\u5c14\u514b\u97e6\u5c3c\u4e9a\u514b", "ne_id": 1159308543, "name_he": "\u05e6\u05e8\u05e7\u05d5\u05d5\u05e0\u05d2'\u05d0\u05e7", "name_uk": "\u0426\u0435\u0440\u043a\u0432\u0435\u043d\u044f\u043a", "name_ur": "\u0628\u0644\u062f\u06cc\u06c1 \u062a\u0633\u06cc\u0631\u06a9\u0648\u06cc\u0646\u06cc\u0627\u06a9", "name_fa": "\u0633\u0631\u06a9\u0648\u0646\u062c\u0627\u06a9", "name_zht": "\u91c7\u5c14\u514b\u97e6\u5c3c\u4e9a\u514b", "FCLASS_ISO": null, "FCLASS_US": null, "FCLASS_FR": null, "FCLASS_RU": null, "FCLASS_ES": null, "FCLASS_CN": null, "FCLASS_TW": null, "FCLASS_IN": null, "FCLASS_NP": null, "FCLASS_PK": null, "FCLASS_DE": null, "FCLASS_GB": null, "FCLASS_BR": null, "FCLASS_IL": null, "FCLASS_PS": null, "FCLASS_SA": null, "FCLASS_EG": null, "FCLASS_MA": null, "FCLASS_PT": null, "FCLASS_AR": null, "FCLASS_JP": null, "FCLASS_KO": null, "FCLASS_VN": null, "FCLASS_TR": null, "FCLASS_ID": null, "FCLASS_PL": null, "FCLASS_GR": null, "FCLASS_IT": null, "FCLASS_NL": null, "FCLASS_SE": null, "FCLASS_BD": null, "FCLASS_UA": null, "FCLASS_TLC": null}, "bbox": [15.919628, 46.532974, 15.986652, 46.588216], "geometry": {"type": "Polygon", "coordinates": [[[15.928465, 46.541914], [15.919628, 46.565323], [15.922264, 46.568837], [15.926449, 46.573592], [15.938077, 46.579586], [15.943503, 46.581188], [15.955905, 46.588216], [15.978281, 46.585968], [15.968514, 46.56615], [15.986652, 46.546668], [15.959161, 46.533439], [15.9542, 46.532974], [15.947533, 46.533413], [15.945208, 46.535868], [15.928465, 46.541914]]]}}, {"type": "Feature", "properties": {"featurecla": "Admin-1 states provinces", "scalerank": 10, "adm1_code": "SVN-236", "diss_me": 236, "iso_3166_2": "SI-186", "wikipedia": null, "iso_a2": "SI", "adm0_sr": 1, "name": "Trzin", "name_alt": null, "name_local": null, "type": "Opcine", "type_en": "Commune|Municipality", "code_local": null, "code_hasc": "SI.LJ.TR", "note": null, "hasc_maybe": null, "region": "Osrednjeslovenska", "region_cod": null, "provnum_ne": 137, "gadm_level": 2, "check_me": 10, "datarank": 8, "abbrev": null, "postal": "TR", "area_sqkm": 0, "sameascity": -99, "labelrank": 10, "name_len": 5, "mapcolor9": 2, "mapcolor13": 12, "fips": "SI00", "fips_alt": "SIM8", "woe_id": -55848346, "woe_label": null, "woe_name": null, "latitude": 46.1259, "longitude": 14.5552, "sov_a3": "SVN", "adm0_a3": "SVN", "adm0_label": 2, "admin": "Slovenia", "geonunit": "Slovenia", "gu_a3": "SVN", "gn_id": 3344901, "gn_name": "Obcina Trzin", "gns_id": 9123315, "gns_name": "Trzin, Obcina", "gn_level": 1, "gn_region": null, "gn_a1_code": "SI.M8", "region_sub": null, "sub_code": null, "gns_level": 1, "gns_lang": "kat", "gns_adm1": "SI72", "gns_region": null, "min_label": 11, "max_label": 11, "min_zoom": 11, "wikidataid": "Q14468504", "name_ar": "\u062a\u0631\u0632\u064a\u0646", "name_bn": "\u09a4\u09cd\u09b0\u09bf\u09a8", "name_de": "Trzin", "name_en": "Trzin", "name_es": "Trzin", "name_fr": "Trzin", "name_el": "\u03a4\u03c1\u03b6\u03af\u03bd", "name_hi": "\u0924\u094d\u0930\u091c\u093c\u093f\u0928", "name_hu": "Trzin", "name_id": "Trzin", "name_it": "Trzin", "name_ja": "\u30c8\u30eb\u30b8\u30f3", "name_ko": "\ud2b8\ub974\uc9c4", "name_nl": "Trzin", "name_pl": "Gmina Trzin", "name_pt": "Trzin", "name_ru": "\u0422\u0440\u0437\u0438\u043d", "name_sv": "Trzin", "name_tr": "Trzin", "name_vi": "Trzin", "name_zh": "\u7279\u5c14\u6d25", "ne_id": 1159308629, "name_he": "\u05d8\u05e8\u05d6\u05d9\u05df", "name_uk": "\u0422\u0440\u0437\u0438\u043d", "name_ur": "\u0637\u0631\u0632\u06cc\u06ba", "name_fa": "\u062a\u0631\u0632\u06cc\u0646", "name_zht": "\u7279\u5c14\u6d25", "FCLASS_ISO": null, "FCLASS_US": null, "FCLASS_FR": null, "FCLASS_RU": null, "FCLASS_ES": null, "FCLASS_CN": null, "FCLASS_TW": null, "FCLASS_IN": null, "FCLASS_NP": null, "FCLASS_PK": null, "FCLASS_DE": null, "FCLASS_GB": null, "FCLASS_BR": null, "FCLASS_IL": null, "FCLASS_PS": null, "FCLASS_SA": null, "FCLASS_EG": null, "FCLASS_MA": null, "FCLASS_PT": null, "FCLASS_AR": null, "FCLASS_JP": null, "FCLASS_KO": null, "FCLASS_VN": null, "FCLASS_TR": null, "FCLASS_ID": null, "FCLASS_PL": null, "FCLASS_GR": null, "FCLASS_IT": null, "FCLASS_NL": null, "FCLASS_SE": null, "FCLASS_BD": null, "FCLASS_UA": null, "FCLASS_TLC": null}, "bbox": [14.520592, 46.10778, 14.589787, 46.147674], "geometry": {"type": "Polygon", "coordinates": [[[14.520592, 46.132378], [14.589787, 46.147674], [14.575834, 46.134445], [14.571028, 46.124523], [14.569323, 46.10778], [14.539661, 46.116229], [14.520592, 46.132378]]]}}, {"type": "Feature", "properties": {"featurecla": "Admin-1 states provinces", "scalerank": 10, "adm1_code": "SVN-929", "diss_me": 929, "iso_3166_2": "SI-097", "wikipedia": "http://en.wikipedia.org/wiki/Murska_Sobota", "iso_a2": "SI", "adm0_sr": 1, "name": "Puconci", "name_alt": null, "name_local": null, "type": "Opcine", "type_en": "Commune|Municipality", "code_local": null, "code_hasc": "SI.PM.PU", "note": null, "hasc_maybe": null, "region": "Pomurska", "region_cod": null, "provnum_ne": 133, "gadm_level": 2, "check_me": 10, "datarank": 8, "abbrev": null, "postal": "GP", "area_sqkm": 0, "sameascity": -99, "labelrank": 10, "name_len": 7, "mapcolor9": 2, "mapcolor13": 12, "fips": "SI97", "fips_alt": "SI31", "woe_id": -55848370, "woe_label": null, "woe_name": null, "latitude": 46.7506, "longitude": 16.132, "sov_a3": "SVN", "adm0_a3": "SVN", "adm0_label": 2, "admin": "Slovenia", "geonunit": "Slovenia", "gu_a3": "SVN", "gn_id": 3239268, "gn_name": "Obcina Puconci", "gns_id": 244009, "gns_name": "Puconci, Obcina", "gn_level": 1, "gn_region": null, "gn_a1_code": "SI.97", "region_sub": null, "sub_code": null, "gns_level": 1, "gns_lang": "slv", "gns_adm1": "SI97", "gns_region": null, "min_label": 11, "max_label": 11, "min_zoom": 11, "wikidataid": "Q921092", "name_ar": "\u0628\u0648\u0643\u0648\u0646\u0634\u064a", "name_bn": "\u09aa\u09c1\u0995\u09cb\u09a8\u0995\u09bf", "name_de": "Puconci", "name_en": "Puconci", "name_es": "Puconci", "name_fr": "Puconci", "name_el": "\u03a0\u03bf\u03c5\u03ba\u03cc\u03bd\u03c4\u03c3\u03b9", "name_hi": "\u092a\u0941\u0915\u094b\u0902\u0938\u0940", "name_hu": "Batty\u00e1nd k\u00f6zs\u00e9g", "name_id": "Puconci", "name_it": "Puconci", "name_ja": "\u30d7\u30c4\u30a9\u30f3\u30c4\u30a3", "name_ko": "\ud478\ucf58\uce58", "name_nl": "Puconci", "name_pl": "Gmina Puconci", "name_pt": "Puconci", "name_ru": "\u041f\u0443\u043a\u043e\u043d\u0447\u0438", "name_sv": "Puconci", "name_tr": "Puconci", "name_vi": "Puconci", "name_zh": "\u666e\u5b54\u5947", "ne_id": 1159310657, "name_he": "\u05e4\u05d5\u05e7\u05d5\u05e0\u05e6'\u05d9", "name_uk": "\u041f\u0443\u0446\u043e\u043d\u0446\u0456", "name_ur": "\u067e\u0648\u06a9\u0648\u06a9\u0646\u06a9\u06cc", "name_fa": "\u0634\u0647\u0631\u062f\u0627\u0631\u06cc \u067e\u0648\u06a9\u0627\u0646\u0633\u06cc", "name_zht": "\u666e\u5b54\u5947", "FCLASS_ISO": null, "FCLASS_US": null, "FCLASS_FR": null, "FCLASS_RU": null, "FCLASS_ES": null, "FCLASS_CN": null, "FCLASS_TW": null, "FCLASS_IN": null, "FCLASS_NP": null, "FCLASS_PK": null, "FCLASS_DE": null, "FCLASS_GB": null, "FCLASS_BR": null, "FCLASS_IL": null, "FCLASS_PS": null, "FCLASS_SA": null, "FCLASS_EG": null, "FCLASS_MA": null, "FCLASS_PT": null, "FCLASS_AR": null, "FCLASS_JP": null, "FCLASS_KO": null, "FCLASS_VN": null, "FCLASS_TR": null, "FCLASS_ID": null, "FCLASS_PL": null, "FCLASS_GR": null, "FCLASS_IT": null, "FCLASS_NL": null, "FCLASS_SE": null, "FCLASS_BD": null, "FCLASS_UA": null, "FCLASS_TLC": null}, "bbox": [16.053367, 46.689967, 16.210566, 46.829442], "geometry": {"type": "Polygon", "coordinates": [[[16.097447, 46.762107], [16.105198, 46.763838], [16.112019, 46.767378], [16.126902, 46.787506], [16.136411, 46.829442], [16.150053, 46.826548], [16.154549, 46.822259], [16.16075, 46.817918], [16.164471, 46.810476], [16.183695, 46.797583], [16.191033, 46.796007], [16.197854, 46.79363], [16.201885, 46.790297], [16.2039, 46.781899], [16.193358, 46.762262], [16.197234, 46.757353], [16.210566, 46.745002], [16.190103, 46.727226], [16.184315, 46.727122], [16.178269, 46.720869], [16.175633, 46.718699], [16.178734, 46.697563], [16.151449, 46.689967], [16.144317, 46.691776], [16.108299, 46.69038], [16.092331, 46.694928], [16.084114, 46.699605], [16.075123, 46.70131], [16.066544, 46.704333], [16.059103, 46.709191], [16.053367, 46.71981], [16.056467, 46.728931], [16.057863, 46.735365], [16.055537, 46.755958], [16.063599, 46.764174], [16.082409, 46.764846], [16.091246, 46.763683], [16.097447, 46.762107]]]}}, {"type": "Feature", "properties": {"featurecla": "Admin-1 states provinces", "scalerank": 10, "adm1_code": "SVN-202", "diss_me": 202, "iso_3166_2": "SI-158", "wikipedia": null, "iso_a2": "SI", "adm0_sr": 1, "name": "Grad", "name_alt": null, "name_local": null, "type": "Opcine", "type_en": "Commune|Municipality", "code_local": null, "code_hasc": "SI.PM.GD", "note": null, "hasc_maybe": null, "region": "Pomurska", "region_cod": null, "provnum_ne": 135, "gadm_level": 2, "check_me": 10, "datarank": 8, "abbrev": null, "postal": "GD", "area_sqkm": 0, "sameascity": -99, "labelrank": 10, "name_len": 4, "mapcolor9": 2, "mapcolor13": 12, "fips": "SI00", "fips_alt": "SIG8", "woe_id": -55848370, "woe_label": null, "woe_name": null, "latitude": 46.7969, "longitude": 16.094, "sov_a3": "SVN", "adm0_a3": "SVN", "adm0_label": 2, "admin": "Slovenia", "geonunit": "Slovenia", "gu_a3": "SVN", "gn_id": 3344939, "gn_name": "Obcina Grad", "gns_id": 9123488, "gns_name": "Grad, Obcina", "gn_level": 1, "gn_region": null, "gn_a1_code": "SI.G8", "region_sub": null, "sub_code": null, "gns_level": 1, "gns_lang": "slv", "gns_adm1": "SI72", "gns_region": null, "min_label": 11, "max_label": 11, "min_zoom": 11, "wikidataid": "Q1019067", "name_ar": "\u0628\u0644\u062f\u064a\u0629 \u063a\u0631\u0627\u062f", "name_bn": "\u0997\u09cd\u09b0\u09be\u09a1 \u09aa\u09cc\u09b0\u09b8\u09ad\u09be", "name_de": "Grad", "name_en": "Grad", "name_es": "Grad", "name_fr": "Grad", "name_el": "\u0393\u03ba\u03c1\u03b1\u03bd\u03c4", "name_hi": "\u0917\u094d\u0930\u0948\u0921 \u0928\u0917\u0930\u092a\u093e\u0932\u093f\u0915\u093e", "name_hu": "Fels\u0151lendva k\u00f6zs\u00e9g", "name_id": "Grad", "name_it": "Grad", "name_ja": "\u30b0\u30e9\u30fc\u30c9", "name_ko": "\uadf8\ub77c\ub4dc", "name_nl": "Grad", "name_pl": "Gmina Grad", "name_pt": "Grad", "name_ru": "\u0413\u0440\u0430\u0434", "name_sv": "Grad", "name_tr": "Grad Belediyesi", "name_vi": "\u0110\u00f4 th\u1ecb t\u1ef1 tr\u1ecb Grad", "name_zh": "\u683c\u62c9\u5fb7", "ne_id": 1159308553, "name_he": "\u05d2\u05e8\u05d0\u05d3", "name_uk": "\u0413\u0440\u0430\u0434", "name_ur": "\u06af\u0631\u0627\u0688 \u0645\u06cc\u0648\u0646\u0633\u067e\u0644\u0679\u06cc", "name_fa": "\u0634\u0647\u0631\u062f\u0627\u0631\u06cc \u06af\u0631\u0627\u062f", "name_zht": "\u683c\u62c9\u5fb7", "FCLASS_ISO": null, "FCLASS_US": null, "FCLASS_FR": null, "FCLASS_RU": null, "FCLASS_ES": null, "FCLASS_CN": null, "FCLASS_TW": null, "FCLASS_IN": null, "FCLASS_NP": null, "FCLASS_PK": null, "FCLASS_DE": null, "FCLASS_GB": null, "FCLASS_BR": null, "FCLASS_IL": null, "FCLASS_PS": null, "FCLASS_SA": null, "FCLASS_EG": null, "FCLASS_MA": null, "FCLASS_PT": null, "FCLASS_AR": null, "FCLASS_JP": null, "FCLASS_KO": null, "FCLASS_VN": null, "FCLASS_TR": null, "FCLASS_ID": null, "FCLASS_PL": null, "FCLASS_GR": null, "FCLASS_IT": null, "FCLASS_NL": null, "FCLASS_SE": null, "FCLASS_BD": null, "FCLASS_UA": null, "FCLASS_TLC": null}, "bbox": [16.051661, 46.762107, 16.136411, 46.833007], "geometry": {"type": "Polygon", "coordinates": [[[16.136411, 46.829442], [16.126902, 46.787506], [16.112019, 46.767378], [16.105198, 46.763838], [16.097447, 46.762107], [16.091246, 46.763683], [16.082409, 46.764846], [16.063599, 46.764174], [16.052126, 46.770091], [16.051661, 46.775672], [16.056002, 46.816057], [16.072435, 46.818796], [16.077758, 46.822517], [16.092021, 46.830217], [16.098842, 46.832077], [16.125197, 46.833007], [16.136411, 46.829442]]]}}, {"type": "Feature", "properties": {"featurecla": "Admin-1 states provinces", "scalerank": 10, "adm1_code": "SVN-1045", "diss_me": 1045, "iso_3166_2": "SI-080", "wikipedia": null, "iso_a2": "SI", "adm0_sr": 1, "name": "Murska Sobota", "name_alt": null, "name_local": null, "type": "Statisticna Regije", "type_en": "Statistical Region", "code_local": null, "code_hasc": "SI.PM.MS", "note": null, "hasc_maybe": null, "region": "Pomurska", "region_cod": null, "provnum_ne": 134, "gadm_level": 2, "check_me": 0, "datarank": 8, "abbrev": null, "postal": "PM", "area_sqkm": 0, "sameascity": -99, "labelrank": 10, "name_len": 13, "mapcolor9": 2, "mapcolor13": 12, "fips": "SI80", "fips_alt": null, "woe_id": 55848370, "woe_label": "Murska Sobota, SI, Slovenia", "woe_name": "Murska Sobota", "latitude": 46.6532, "longitude": 16.1719, "sov_a3": "SVN", "adm0_a3": "SVN", "adm0_label": 2, "admin": "Slovenia", "geonunit": "Slovenia", "gu_a3": "SVN", "gn_id": 3194647, "gn_name": "Mestna Obcina Murska Sobota", "gns_id": -89825, "gns_name": "Murska Sobota, Mestna Obcina", "gn_level": 1, "gn_region": null, "gn_a1_code": "SI.80", "region_sub": null, "sub_code": null, "gns_level": 1, "gns_lang": "sqi", "gns_adm1": "SI80", "gns_region": null, "min_label": 11, "max_label": 11, "min_zoom": 11, "wikidataid": "Q9273677", "name_ar": "\u0628\u0644\u062f\u064a\u0629 \u0645\u062f\u064a\u0646\u0629 \u0645\u0648\u0631\u0633\u0643\u0627 \u0633\u0648\u0628\u0648\u062a\u0627", "name_bn": "\u09ae\u09c1\u09b0\u09b8\u09cd\u0995\u09be \u09b8\u09cb\u09ac\u09cb\u09a4\u09be \u09b6\u09b9\u09b0 \u09aa\u09cc\u09b0\u09b8\u09ad\u09be", "name_de": "Gemeinde Murska Sobota", "name_en": "Murska Sobota", "name_es": "Ciudad Municipalidad Murska Sobota", "name_fr": "Murska Sobota", "name_el": "\u039c\u03bf\u03cd\u03c1\u03c3\u03ba\u03b1 \u03a3\u03bf\u03bc\u03c0\u03cc\u03c4\u03b1", "name_hi": "\u092e\u0941\u0930\u094d\u0938\u0915\u093e \u0938\u094b\u092c\u094b\u091f\u093e \u0936\u0939\u0930 \u0928\u0917\u0930 \u092a\u093e\u0932\u093f\u0915\u093e", "name_hu": "Muraszombat v\u00e1rosi k\u00f6zs\u00e9g", "name_id": "Murska Sobota", "name_it": "Murska Sobota", "name_ja": "\u30e0\u30eb\u30b9\u30ab\u30fb\u30bd\u30dc\u30bf", "name_ko": "\ubb34\ub974\uc2a4\uce74\uc18c\ubcf4\ud0c0 \ub3c4\uc2dc \uc9c0\ubc29 \uc790\uce58\uc81c", "name_nl": "Murska Sobota", "name_pl": "Gmina miejska Murska Sobota", "name_pt": "Cidade Municipal de Murska Sobota", "name_ru": "\u041c\u0443\u0440\u0441\u043a\u0430-\u0421\u043e\u0431\u043e\u0442\u0430", "name_sv": "Murska Sobota", "name_tr": "Murska Sobota Belediyesi", "name_vi": "\u0110\u00f4 th\u1ecb t\u1ef1 tr\u1ecb Murska Sobota", "name_zh": "\u7a46\u723e\u65af\u5361\u7d22\u535a\u5854\u5e02", "ne_id": 1159310897, "name_he": "\u05de\u05d5\u05e8\u05e1\u05e7\u05d4 \u05e1\u05d5\u05d1\u05d5\u05d8\u05d4", "name_uk": "\u041c\u0443\u0440\u0441\u044c\u043a\u0430 \u0421\u043e\u0431\u043e\u0442\u0430", "name_ur": "\u0645\u0648\u0631\u0633\u06a9\u0627 \u0633\u0648\u0628\u0648\u062a\u0627 \u0634\u06c1\u0631 \u0645\u06cc\u0648\u0646\u0633\u067e\u0644\u0679\u06cc", "name_fa": "\u0634\u0647\u0631\u062f\u0627\u0631\u06cc \u0634\u0647\u0631 \u0645\u0648\u0631\u0633\u06a9\u0627 \u0633\u0648\u0628\u0648\u062a\u0627", "name_zht": "\u7a46\u723e\u65af\u5361\u7d22\u535a\u5854\u5e02", "FCLASS_ISO": null, "FCLASS_US": null, "FCLASS_FR": null, "FCLASS_RU": null, "FCLASS_ES": null, "FCLASS_CN": null, "FCLASS_TW": null, "FCLASS_IN": null, "FCLASS_NP": null, "FCLASS_PK": null, "FCLASS_DE": null, "FCLASS_GB": null, "FCLASS_BR": null, "FCLASS_IL": null, "FCLASS_PS": null, "FCLASS_SA": null, "FCLASS_EG": null, "FCLASS_MA": null, "FCLASS_PT": null, "FCLASS_AR": null, "FCLASS_JP": null, "FCLASS_KO": null, "FCLASS_VN": null, "FCLASS_TR": null, "FCLASS_ID": null, "FCLASS_PL": null, "FCLASS_GR": null, "FCLASS_IT": null, "FCLASS_NL": null, "FCLASS_SE": null, "FCLASS_BD": null, "FCLASS_UA": null, "FCLASS_TLC": null}, "bbox": [16.103028, 46.605889, 16.240797, 46.697563], "geometry": {"type": "Polygon", "coordinates": [[[16.151449, 46.689967], [16.178734, 46.697563], [16.191653, 46.679477], [16.192118, 46.672061], [16.198164, 46.666919], [16.20359, 46.663483], [16.225914, 46.655499], [16.240797, 46.653587], [16.205295, 46.62935], [16.192273, 46.62563], [16.182609, 46.615269], [16.160802, 46.605889], [16.120391, 46.619119], [16.110314, 46.623873], [16.120391, 46.636947], [16.123027, 46.643872], [16.118686, 46.650745], [16.114035, 46.656455], [16.108454, 46.661545], [16.104423, 46.67157], [16.103028, 46.676789], [16.108299, 46.69038], [16.144317, 46.691776], [16.151449, 46.689967]]]}}, {"type": "Feature", "properties": {"featurecla": "Admin-1 states provinces", "scalerank": 10, "adm1_code": "SVN-268", "diss_me": 268, "iso_3166_2": "SI-182", "wikipedia": null, "iso_a2": "SI", "adm0_sr": 1, "name": "Sveti Andra\u017e v Slovenskih Goricah", "name_alt": null, "name_local": null, "type": "Opcine", "type_en": "Commune|Municipality", "code_local": null, "code_hasc": "SI.PD.SS", "note": null, "hasc_maybe": null, "region": "Podravska", "region_cod": null, "provnum_ne": 132, "gadm_level": 2, "check_me": 10, "datarank": 8, "abbrev": null, "postal": "SS", "area_sqkm": 0, "sameascity": -99, "labelrank": 10, "name_len": 33, "mapcolor9": 2, "mapcolor13": 12, "fips": "SI00", "fips_alt": "SIM4", "woe_id": -55848377, "woe_label": null, "woe_name": null, "latitude": 46.5244, "longitude": 15.9658, "sov_a3": "SVN", "adm0_a3": "SVN", "adm0_label": 2, "admin": "Slovenia", "geonunit": "Slovenia", "gu_a3": "SVN", "gn_id": 3344928, "gn_name": "Obcina Sveti Andraz v Slovenskih Goricah", "gns_id": 9123445, "gns_name": "Sveti Andraz v Slovenskih Goricah, Obcina", "gn_level": 1, "gn_region": null, "gn_a1_code": "SI.M4", "region_sub": null, "sub_code": null, "gns_level": 1, "gns_lang": "kat", "gns_adm1": "SI72", "gns_region": null, "min_label": 11, "max_label": 11, "min_zoom": 11, "wikidataid": "Q925149", "name_ar": "\u0628\u0644\u062f\u064a\u0629 \u0633\u0641\u064a\u062a\u064a \u0623\u0646\u062f\u0631\u0627\u0634 \u0641\u064a \u0633\u0644\u0648\u0641\u064a\u0646\u0633\u0643\u064a\u062e \u063a\u0648\u0631\u064a\u062a\u0633\u0627\u062e", "name_bn": "\u09ad\u09c7\u09a4\u09bf \u0986\u09a8\u09cd\u09a6\u09cd\u09b0\u09c7\u099c \u09ad \u09b8\u09cd\u09b2\u09cb\u09ad\u09c7\u09a8\u09b8\u09cd\u0995\u09bf \u0997\u09cb\u09b0\u09bf\u0995\u09be\u09b9 \u09aa\u09cc\u09b0\u09b8\u09ad\u09be", "name_de": "Sveti Andra\u017e v Slovenskih goricah", "name_en": "Sveti Andra\u017e v Slovenskih Goricah", "name_es": "Sveti Andra\u017e v Slovenskih Goricah", "name_fr": "Sveti Andra\u017e v Slovenskih goricah", "name_el": "\u03a3\u03b2\u03ad\u03c4\u03b9 \u0391\u03bd\u03c4\u03c1\u03ac\u03b6", "name_hi": "\u0938\u094d\u0935\u0947\u0924\u0940 \u090f\u0902\u0921\u094d\u0930\u093e\u091c\u093c \u0935\u0940 \u0938\u094d\u0932\u094b\u0935\u0947\u0928\u0938\u094d\u0915\u093f \u0917\u094b\u0930\u093f\u0915\u093e\u0939 \u0928\u0917\u0930\u092a\u093e\u0932\u093f\u0915\u093e", "name_hu": "Sveti Andra\u017e v Slovenskih goricah k\u00f6zs\u00e9g", "name_id": "Sveti Andra\u017e v Slovenskih Goricah", "name_it": "Sveti Andra\u017e v Slovenskih goricah", "name_ja": "\u30b9\u30f4\u30a7\u30c6\u30a3\u30fb\u30a2\u30f3\u30c9\u30e9\u30b8\u30e5\u30fb\u30d5\u30fb\u30b9\u30ed\u30f4\u30a7\u30f3\u30b9\u30ad\u30d5\u30fb\u30b4\u30ea\u30c4\u30a1\u30d5", "name_ko": "\uc2a4\ubca0\ud2f0\uc548\ub4dc\ub77c\uc2dc\uc6b0\uc2ac\ub85c\ubca4\uc2a4\ud0a4\ud750\uace0\ub9ac\ucc28\ud750", "name_nl": "Sveti Andra\u017e", "name_pl": "Gmina Sveti Andra\u017e v Slovenskih goricah", "name_pt": "Sveti Andra\u017e v Slovenskih goricah", "name_ru": "\u0421\u0432\u0435\u0442\u0438-\u0410\u043d\u0434\u0440\u0430\u0436", "name_sv": "Sveti Andra\u017e v Slovenskih Goricah", "name_tr": "Sveti Andra\u017e v Slovenskih Goricah", "name_vi": "Sveti Andra\u017e v Slovenskih goricah", "name_zh": "\u65af\u6d1b\u6587\u5c3c\u4e9a\u4e18\u9675\u5185\u65af\u97e6\u63d0\u5b89\u5fb7\u62c9\u65e5", "ne_id": 1159308697, "name_he": "\u05e1\u05d1\u05d8\u05d9 \u05d0\u05e0\u05d3\u05e8\u05d9\u05d9\u05d6 \u05d5\u05d5 \u05e1\u05dc\u05d5\u05d1\u05e0\u05e1\u05e7\u05d9 \u05d2\u05d5\u05e8\u05d9\u05e7\u05d4", "name_uk": "\u0421\u0432\u0435\u0442\u0438\u0439 \u0410\u043d\u0434\u0440\u0430\u0436-\u0432-\u0421\u043b\u043e\u0432\u0435\u043d\u0441\u044c\u043a\u0438\u0445 \u0413\u043e\u0440\u0438\u0446\u044f\u0445", "name_ur": "\u0633\u0648\u06cc\u062a\u06cc \u0627\u0646\u062f\u0631\u0627\u0632 \u0648\u06cc \u0633\u0644\u0648\u0648\u06cc\u0646\u0633\u06a9\u06cc\u062d \u062c\u0648\u0631\u06cc\u06a9\u0627\u062d \u0645\u06cc\u0648\u0646\u0633\u067e\u0644\u0679\u06cc", "name_fa": "\u0633\u0648\u062a\u06cc \u0622\u0646\u062f\u0631\u0627\u0632 \u0648\u06cc \u0627\u0633\u0644\u0648\u0648\u0646\u0633\u06a9\u06cc \u06af\u0648\u0631\u06cc\u0633\u0627", "name_zht": "\u65af\u6d1b\u6587\u5c3c\u4e9e\u4e18\u9675\u5167\u65af\u97cb\u63d0\u5b89\u5fb7\u62c9\u65e5", "FCLASS_ISO": null, "FCLASS_US": null, "FCLASS_FR": null, "FCLASS_RU": null, "FCLASS_ES": null, "FCLASS_CN": null, "FCLASS_TW": null, "FCLASS_IN": null, "FCLASS_NP": null, "FCLASS_PK": null, "FCLASS_DE": null, "FCLASS_GB": null, "FCLASS_BR": null, "FCLASS_IL": null, "FCLASS_PS": null, "FCLASS_SA": null, "FCLASS_EG": null, "FCLASS_MA": null, "FCLASS_PT": null, "FCLASS_AR": null, "FCLASS_JP": null, "FCLASS_KO": null, "FCLASS_VN": null, "FCLASS_TR": null, "FCLASS_ID": null, "FCLASS_PL": null, "FCLASS_GR": null, "FCLASS_IT": null, "FCLASS_NL": null, "FCLASS_SE": null, "FCLASS_BD": null, "FCLASS_UA": null, "FCLASS_TLC": null}, "bbox": [15.924124, 46.487163, 16.007426, 46.546668], "geometry": {"type": "Polygon", "coordinates": [[[15.924124, 46.534369], [15.928465, 46.541914], [15.945208, 46.535868], [15.947533, 46.533413], [15.9542, 46.532974], [15.959161, 46.533439], [15.986652, 46.546668], [16.007426, 46.524396], [15.983242, 46.519254], [15.97146, 46.513931], [15.962158, 46.510908], [15.954665, 46.506102], [15.949549, 46.501632], [15.947223, 46.487163], [15.92862, 46.504087], [15.934201, 46.518918], [15.933736, 46.52269], [15.932341, 46.527341], [15.930325, 46.529822], [15.924124, 46.534369]]]}}, {"type": "Feature", "properties": {"featurecla": "Admin-1 states provinces", "scalerank": 10, "adm1_code": "SVN-940", "diss_me": 940, "iso_3166_2": "SI-008", "wikipedia": null, "iso_a2": "SI", "adm0_sr": 1, "name": "Brezovica", "name_alt": null, "name_local": null, "type": "Opcine", "type_en": "Commune|Municipality", "code_local": null, "code_hasc": "SI.LJ.BR", "note": null, "hasc_maybe": null, "region": "Osrednjeslovenska", "region_cod": null, "provnum_ne": 196, "gadm_level": 2, "check_me": 0, "datarank": 8, "abbrev": null, "postal": "BR", "area_sqkm": 0, "sameascity": -99, "labelrank": 10, "name_len": 9, "mapcolor9": 2, "mapcolor13": 12, "fips": "SI09", "fips_alt": null, "woe_id": -55848364, "woe_label": null, "woe_name": null, "latitude": 45.9479, "longitude": 14.4279, "sov_a3": "SVN", "adm0_a3": "SVN", "adm0_label": 2, "admin": "Slovenia", "geonunit": "Slovenia", "gu_a3": "SVN", "gn_id": 3239071, "gn_name": "Obcina Brezovica", "gns_id": 243463, "gns_name": "Brezovica, Obcina", "gn_level": 1, "gn_region": null, "gn_a1_code": "SI.09", "region_sub": null, "sub_code": null, "gns_level": 1, "gns_lang": "div", "gns_adm1": "SI09", "gns_region": null, "min_label": 11, "max_label": 11, "min_zoom": 11, "wikidataid": "Q849320", "name_ar": "\u0628\u0644\u062f\u064a\u0629 \u0628\u0631\u064a\u0632\u0648\u0641\u064a\u062a\u0633\u0627", "name_bn": "\u09ac\u09cd\u09b0\u09c7\u099c\u09cb\u09ad\u09bf\u0995\u09be", "name_de": "Brezovica", "name_en": "Brezovica", "name_es": "Municipalidad del Brezovica", "name_fr": "Brezovica", "name_el": "\u039c\u03c0\u03c1\u03ad\u03b6\u03bf\u03b2\u03b9\u03c4\u03c3\u03b1", "name_hi": "\u092c\u094d\u0930\u0947\u091c\u093c\u094b\u0935\u093f\u0915\u093e \u0928\u0917\u0930 \u092a\u093e\u0932\u093f\u0915\u093e", "name_hu": "Brezovica k\u00f6zs\u00e9g", "name_id": "Brezovica", "name_it": "Brezovica", "name_ja": "\u30d6\u30ec\u30be\u30f4\u30a3\u30c4\u30a1", "name_ko": "\ube0c\ub808\uc870\ube44\ucc28", "name_nl": "Brezovica", "name_pl": "Gmina Brezovica", "name_pt": "Brezovica", "name_ru": "\u0411\u0440\u0435\u0437\u043e\u0432\u0438\u0446\u0430", "name_sv": "Brezovica", "name_tr": "Brezovica", "name_vi": "Brezovica", "name_zh": "\u5e03\u96f7\u4f50\u7ef4\u5bdf", "ne_id": 1159310669, "name_he": "\u05d1\u05e8\u05d6\u05d5\u05d1\u05d9\u05e6\u05d4", "name_uk": "\u0411\u0440\u0435\u0437\u043e\u0432\u0438\u0446\u044f", "name_ur": "\u0628\u0644\u062f\u06cc\u06c1 \u0628\u0631\u06cc\u0632\u0648\u0648\u06cc\u062a\u0633\u0627", "name_fa": "\u0634\u0647\u0631\u062f\u0627\u0631\u06cc \u0628\u0631\u0632\u0648\u0648\u06cc\u06a9\u0627", "name_zht": "\u5e03\u96f7\u4f50\u7ef4\u5bdf", "FCLASS_ISO": null, "FCLASS_US": null, "FCLASS_FR": null, "FCLASS_RU": null, "FCLASS_ES": null, "FCLASS_CN": null, "FCLASS_TW": null, "FCLASS_IN": null, "FCLASS_NP": null, "FCLASS_PK": null, "FCLASS_DE": null, "FCLASS_GB": null, "FCLASS_BR": null, "FCLASS_IL": null, "FCLASS_PS": null, "FCLASS_SA": null, "FCLASS_EG": null, "FCLASS_MA": null, "FCLASS_PT": null, "FCLASS_AR": null, "FCLASS_JP": null, "FCLASS_KO": null, "FCLASS_VN": null, "FCLASS_TR": null, "FCLASS_ID": null, "FCLASS_PL": null, "FCLASS_GR": null, "FCLASS_IT": null, "FCLASS_NL": null, "FCLASS_SE": null, "FCLASS_BD": null, "FCLASS_UA": null, "FCLASS_TLC": null}, "bbox": [14.365563, 45.862937, 14.490155, 46.035769], "geometry": {"type": "Polygon", "coordinates": [[[14.407317, 46.035769], [14.412433, 46.034865], [14.428866, 46.029025], [14.443129, 46.016003], [14.455428, 46.009543], [14.457754, 46.005358], [14.451862, 45.999699], [14.443284, 45.993937], [14.435998, 45.986754], [14.435533, 45.979933], [14.445144, 45.974093], [14.459149, 45.948152], [14.458839, 45.937119], [14.463955, 45.920608], [14.4669, 45.905984], [14.490155, 45.880869], [14.442199, 45.863454], [14.435843, 45.862937], [14.417549, 45.870895], [14.407007, 45.891618], [14.409953, 45.898956], [14.411658, 45.909704], [14.414759, 45.922624], [14.412743, 45.926215], [14.406852, 45.929238], [14.401581, 45.929187], [14.391918, 45.933734], [14.384166, 45.939315], [14.370059, 45.951976], [14.365563, 45.965463], [14.37533, 45.98045], [14.372229, 45.993937], [14.37874, 46.002515], [14.385872, 46.007941], [14.397395, 46.010887], [14.398636, 46.015848], [14.399101, 46.019362], [14.396775, 46.024116], [14.385251, 46.032229], [14.407317, 46.035769]]]}}, {"type": "Feature", "properties": {"featurecla": "Admin-1 states provinces", "scalerank": 10, "adm1_code": "SVN-204", "diss_me": 204, "iso_3166_2": "SI-021", "wikipedia": null, "iso_a2": "SI", "adm0_sr": 1, "name": "Dobrova-Polhov Gradec", "name_alt": "Dobrova-Horjul-Polhov Gradec", "name_local": null, "type": "Opcine", "type_en": "Commune|Municipality", "code_local": null, "code_hasc": "SI.LJ.DP", "note": null, "hasc_maybe": null, "region": "Osrednjeslovenska", "region_cod": null, "provnum_ne": 131, "gadm_level": 2, "check_me": 0, "datarank": 8, "abbrev": null, "postal": "DP", "area_sqkm": 0, "sameascity": -99, "labelrank": 10, "name_len": 21, "mapcolor9": 2, "mapcolor13": 12, "fips": "SIG4", "fips_alt": null, "woe_id": -55848364, "woe_label": null, "woe_name": null, "latitude": 46.0716, "longitude": 14.3138, "sov_a3": "SVN", "adm0_a3": "SVN", "adm0_label": 2, "admin": "Slovenia", "geonunit": "Slovenia", "gu_a3": "SVN", "gn_id": 3239096, "gn_name": "Obcina Dobrova-Polhov Gradec", "gns_id": 243495, "gns_name": "Dobrova-Polhov Gradec, Obcina", "gn_level": 1, "gn_region": null, "gn_a1_code": "SI.G4", "region_sub": null, "sub_code": null, "gns_level": 1, "gns_lang": "div", "gns_adm1": "SI27", "gns_region": null, "min_label": 11, "max_label": 11, "min_zoom": 11, "wikidataid": "Q1005208", "name_ar": "\u0628\u0644\u062f\u064a\u0629 \u062f\u0648\u0628\u0631\u0648\u0641\u0627 \u0628\u0648\u0644\u0647\u0648\u0641 \u063a\u0631\u0627\u062f\u0643", "name_bn": "\u09a6\u09ac\u09cd\u09b0\u09cb\u09ad\u09be-\u09aa\u09b2\u09b9\u09ad \u0997\u09cd\u09b0\u09be\u09a6\u09c7\u099a \u09aa\u09cc\u09b0\u09b8\u09ad\u09be", "name_de": "Dobrova-Polhov Gradec", "name_en": "Dobrova\u2013Polhov Gradec", "name_es": "Dobrova-Polhov Gradec", "name_fr": "Dobrova-Polhov Gradec", "name_el": "\u039d\u03c4\u03cc\u03bc\u03c0\u03c1\u03bf\u03b2\u03b1-\u03a0\u03bf\u03bb\u03c7\u03cc\u03b2 \u0393\u03ba\u03c1\u03ac\u03bd\u03c4\u03b5\u03ba", "name_hi": "\u0921\u094b\u092c\u094d\u0930\u094b\u0935\u093e-\u092a\u094b\u0932\u094d\u0939\u094b\u0935 \u0917\u094d\u0930\u093e\u0926\u0947\u0915 \u0928\u0917\u0930\u092a\u093e\u0932\u093f\u0915\u093e", "name_hu": "Dobrova-Polhov Gradec", "name_id": "Dobrova\u2013Polhov Gradec", "name_it": "Dobrova-Polhov Gradec", "name_ja": "\u30c9\u30d6\u30ed\u30f4\u30a1\uff1d\u30dd\u30eb\u30db\u30d5\u30fb\u30b0\u30e9\u30c7\u30c4", "name_ko": "\ub3c4\ube0c\ub85c\ubc14\ud3f4\ud638\uc6b0\uadf8\ub77c\ub370\uce20", "name_nl": "Dobrova-Polhov Gradec", "name_pl": "Gmina Dobrova-Polhov Gradec", "name_pt": "Dobrova-Polhov Gradec", "name_ru": "\u0414\u043e\u0431\u0440\u043e\u0432\u0430-\u041f\u043e\u043b\u0445\u043e\u0432 \u0413\u0440\u0430\u0434\u0435\u0446", "name_sv": "Dobrova-Polhov Gradec", "name_tr": "Dobrova-Polhov", "name_vi": "Dobrova-Polhov Gradec", "name_zh": "\u591a\u5e03\u7f57\u74e6-\u970d\u5c14\u5c24\u5c14-\u6ce2\u5c14\u970d\u592b\u683c\u62c9\u4ee3\u8328", "ne_id": 1159308557, "name_he": "\u05d3\u05d5\u05d1\u05e8\u05d5\u05d1\u05d4-\u05e4\u05d5\u05dc\u05d7\u05d5\u05d1 \u05d2\u05e8\u05d0\u05d3\u05e7", "name_uk": "\u0414\u043e\u0431\u0440\u043e\u0432\u0430-\u041f\u043e\u043b\u0445\u043e\u0432 \u0413\u0440\u0430\u0434\u0435\u0446\u044c", "name_ur": "\u062f\u0648\u0628\u0631\u0648\u0648\u0627\u2013\u067e\u0648\u0644\u062d\u0648\u0648 \u062c\u0631\u0627\u062f\u06cc\u06a9 \u0645\u06cc\u0648\u0646\u0633\u067e\u0644\u0679\u06cc", "name_fa": "\u0634\u0647\u0631\u062f\u0627\u0631\u06cc \u062f\u0648\u0628\u0631\u0648\u0648\u0627 \u2013 \u067e\u0648\u0644\u0648\u0641 \u06af\u0631\u0627\u062f\u0686", "name_zht": "\u591a\u5e03\u7f57\u74e6-\u970d\u5c14\u5c24\u5c14-\u6ce2\u5c14\u970d\u592b\u683c\u62c9\u4ee3\u8328", "FCLASS_ISO": null, "FCLASS_US": null, "FCLASS_FR": null, "FCLASS_RU": null, "FCLASS_ES": null, "FCLASS_CN": null, "FCLASS_TW": null, "FCLASS_IN": null, "FCLASS_NP": null, "FCLASS_PK": null, "FCLASS_DE": null, "FCLASS_GB": null, "FCLASS_BR": null, "FCLASS_IL": null, "FCLASS_PS": null, "FCLASS_SA": null, "FCLASS_EG": null, "FCLASS_MA": null, "FCLASS_PT": null, "FCLASS_AR": null, "FCLASS_JP": null, "FCLASS_KO": null, "FCLASS_VN": null, "FCLASS_TR": null, "FCLASS_ID": null, "FCLASS_PL": null, "FCLASS_GR": null, "FCLASS_IT": null, "FCLASS_NL": null, "FCLASS_SE": null, "FCLASS_BD": null, "FCLASS_UA": null, "FCLASS_TLC": null}, "bbox": [14.186814, 46.014013, 14.440804, 46.106488], "geometry": {"type": "Polygon", "coordinates": [[[14.428866, 46.029025], [14.412433, 46.034865], [14.407317, 46.035769], [14.385251, 46.032229], [14.366648, 46.027475], [14.359517, 46.020705], [14.341998, 46.014013], [14.343239, 46.019414], [14.344479, 46.021894], [14.344324, 46.025201], [14.343084, 46.029103], [14.337141, 46.03763], [14.33094, 46.040653], [14.323188, 46.042668], [14.282415, 46.045562], [14.257094, 46.041247], [14.252598, 46.039722], [14.243451, 46.031454], [14.244071, 46.02024], [14.19038, 46.024685], [14.19286, 46.034684], [14.186814, 46.037914], [14.206813, 46.060083], [14.207588, 46.066904], [14.210068, 46.073467], [14.211154, 46.088143], [14.231979, 46.0999], [14.267326, 46.106488], [14.325048, 46.098323], [14.33311, 46.090469], [14.338123, 46.086955], [14.35037, 46.083415], [14.371919, 46.090081], [14.408558, 46.082872], [14.415069, 46.082769], [14.420805, 46.081064], [14.42406, 46.078247], [14.432432, 46.063028], [14.434758, 46.060651], [14.437238, 46.056181], [14.439873, 46.050213], [14.440804, 46.040963], [14.440339, 46.036157], [14.439563, 46.033754], [14.428866, 46.029025]]]}}, {"type": "Feature", "properties": {"featurecla": "Admin-1 states provinces", "scalerank": 10, "adm1_code": "SVN-1011", "diss_me": 1011, "iso_3166_2": "SI-027", "wikipedia": null, "iso_a2": "SI", "adm0_sr": 1, "name": "Gorenja vas-Poljane", "name_alt": null, "name_local": null, "type": "Opcine", "type_en": "Commune|Municipality", "code_local": null, "code_hasc": "SI.GO.GV", "note": null, "hasc_maybe": null, "region": "Gorenjska", "region_cod": null, "provnum_ne": 182, "gadm_level": 2, "check_me": 10, "datarank": 8, "abbrev": null, "postal": "GV", "area_sqkm": 0, "sameascity": -99, "labelrank": 10, "name_len": 19, "mapcolor9": 2, "mapcolor13": 12, "fips": "SI32", "fips_alt": "SI27", "woe_id": -55848386, "woe_label": null, "woe_name": null, "latitude": 46.1241, "longitude": 14.1223, "sov_a3": "SVN", "adm0_a3": "SVN", "adm0_label": 2, "admin": "Slovenia", "geonunit": "Slovenia", "gu_a3": "SVN", "gn_id": 3239095, "gn_name": "Obcina Gorenja Vas-Poljane", "gns_id": 243493, "gns_name": "Gorenja Vas-Poljane, Obcina", "gn_level": 1, "gn_region": null, "gn_a1_code": "SI.27", "region_sub": null, "sub_code": null, "gns_level": 1, "gns_lang": "div", "gns_adm1": "SI27", "gns_region": null, "min_label": 11, "max_label": 11, "min_zoom": 11, "wikidataid": "Q1005224", "name_ar": "\u0628\u0644\u062f\u064a\u0629 \u063a\u0648\u0631\u064a\u0646\u064a\u0627 \u0641\u0627\u0633 \u0628\u0648\u0644\u064a\u0627\u0646", "name_bn": "\u0997\u09cb\u09b0\u09c7\u099e\u09cd\u099c\u09be \u09ad\u09be\u09b8-\u09aa\u09cb\u09b2\u09bf\u09af\u09bc\u09be\u09a8 \u09aa\u09cc\u09b0\u09b8\u09ad\u09be", "name_de": "Gorenja vas-Poljane", "name_en": "Ob\u010dina Gorenja vas-Poljane", "name_es": "Gorenja vas-Poljane", "name_fr": "Gorenja vas-Poljane", "name_el": "\u0393\u03ba\u03bf\u03c1\u03ad\u03bd\u03b6\u03b1 \u0392\u03b1\u03c2-\u03a0\u03bf\u03bb\u03c4\u03b6\u03ac\u03bd\u03b5", "name_hi": "\u0917\u094b\u0930\u0947\u0902\u091c\u093e \u0935\u093e\u0938-\u092a\u094b\u0932\u093f\u0906\u0928\u0947 \u0928\u0917\u0930\u092a\u093e\u0932\u093f\u0915\u093e", "name_hu": "Gorenja Vas-Poljane", "name_id": "Gorenja Vas\u2013Poljane", "name_it": "Gorenja vas-Poljane", "name_ja": "\u30b4\u30ec\u30cb\u30e3\u30fb\u30f4\u30a1\u30b9\uff1d\u30dd\u30ea\u30e3\u30cd", "name_ko": "\uace0\ub808\ub0d0\ubc14\uc2a4\ud3f4\ub7b4\ub124", "name_nl": "Gorenja vas-Poljane", "name_pl": "Gmina Gorenja vas-Poljane", "name_pt": "Gorenja vas-Poljane", "name_ru": "\u0413\u043e\u0440\u0435\u043d\u044c\u044f-\u0432\u0430\u0441-\u041f\u043e\u043b\u044f\u043d\u0435", "name_sv": "Gorenja Vas-Poljane", "name_tr": "Gorenja Vas-Poljane Belediyesi", "name_vi": "\u0110\u00f4 th\u1ecb t\u1ef1 tr\u1ecb Gorenja Vas\u2013Poljane", "name_zh": "\u6208\u96f7\u5c3c\u4e9a\u6751-\u6ce2\u5229\u4e9a\u5185", "ne_id": 1159310827, "name_he": "\u05d2\u05d5\u05e8\u05e0\u05d9\u05d4 \u05d5\u05d0\u05e9-\u05e4\u05d5\u05dc\u05d9\u05d0\u05e0\u05d4", "name_uk": "\u0413\u043e\u0440\u0435\u043d\u044f \u0432\u0430\u0441-\u041f\u043e\u043b\u044f\u043d\u0435", "name_ur": "\u062c\u0648\u0631\u06cc\u0646\u062c\u0627 \u0648\u0627\u0633\u2013\u067e\u0648\u0644\u062c\u0627\u0646\u06cc \u0645\u06cc\u0648\u0646\u0633\u067e\u0644\u0679\u06cc", "name_fa": "\u06af\u0648\u0631\u0646\u062c\u0627 \u0648\u0627\u0633- \u067e\u0644\u0627\u0646\u0698", "name_zht": "\u6208\u96f7\u5c3c\u4e9a\u6751-\u6ce2\u5229\u4e9a\u5185", "FCLASS_ISO": null, "FCLASS_US": null, "FCLASS_FR": null, "FCLASS_RU": null, "FCLASS_ES": null, "FCLASS_CN": null, "FCLASS_TW": null, "FCLASS_IN": null, "FCLASS_NP": null, "FCLASS_PK": null, "FCLASS_DE": null, "FCLASS_GB": null, "FCLASS_BR": null, "FCLASS_IL": null, "FCLASS_PS": null, "FCLASS_SA": null, "FCLASS_EG": null, "FCLASS_MA": null, "FCLASS_PT": null, "FCLASS_AR": null, "FCLASS_JP": null, "FCLASS_KO": null, "FCLASS_VN": null, "FCLASS_TR": null, "FCLASS_ID": null, "FCLASS_PL": null, "FCLASS_GR": null, "FCLASS_IT": null, "FCLASS_NL": null, "FCLASS_SE": null, "FCLASS_BD": null, "FCLASS_UA": null, "FCLASS_TLC": null}, "bbox": [14.021863, 46.037914, 14.222832, 46.180851], "geometry": {"type": "Polygon", "coordinates": [[[14.211154, 46.088143], [14.210068, 46.073467], [14.207588, 46.066904], [14.206813, 46.060083], [14.186814, 46.037914], [14.165885, 46.050006], [14.159012, 46.054967], [14.146455, 46.066129], [14.140564, 46.069746], [14.129867, 46.073157], [14.050233, 46.085094], [14.038761, 46.083337], [14.033025, 46.081632], [14.030079, 46.073157], [14.023258, 46.079048], [14.021863, 46.0822], [14.024343, 46.092691], [14.027754, 46.101631], [14.073694, 46.158061], [14.094313, 46.167596], [14.097724, 46.17036], [14.161958, 46.179378], [14.173481, 46.178293], [14.185884, 46.180076], [14.204332, 46.180851], [14.213014, 46.179197], [14.21906, 46.175166], [14.222832, 46.170826], [14.214564, 46.159147], [14.208363, 46.155168], [14.203557, 46.148966], [14.201077, 46.144212], [14.200457, 46.141008], [14.204797, 46.137985], [14.206348, 46.134704], [14.206968, 46.130053], [14.203092, 46.125454], [14.199991, 46.119976], [14.199836, 46.111088], [14.200767, 46.102509], [14.208053, 46.097135], [14.211154, 46.088143]]]}}, {"type": "Feature", "properties": {"featurecla": "Admin-1 states provinces", "scalerank": 10, "adm1_code": "SVN-964", "diss_me": 964, "iso_3166_2": "SI-064", "wikipedia": null, "iso_a2": "SI", "adm0_sr": 1, "name": "Logatec", "name_alt": null, "name_local": null, "type": "Opcine", "type_en": "Commune|Municipality", "code_local": null, "code_hasc": "SI.LJ.LO", "note": null, "hasc_maybe": null, "region": "Osrednjeslovenska", "region_cod": null, "provnum_ne": 179, "gadm_level": 2, "check_me": 0, "datarank": 8, "abbrev": null, "postal": "LO", "area_sqkm": 0, "sameascity": -99, "labelrank": 10, "name_len": 7, "mapcolor9": 2, "mapcolor13": 12, "fips": "SI64", "fips_alt": null, "woe_id": 55848366, "woe_label": "Logatec, SI, Slovenia", "woe_name": "Logatec", "latitude": 45.9399, "longitude": 14.1998, "sov_a3": "SVN", "adm0_a3": "SVN", "adm0_label": 2, "admin": "Slovenia", "geonunit": "Slovenia", "gu_a3": "SVN", "gn_id": 3196288, "gn_name": "Obcina Logatec", "gns_id": -87383, "gns_name": "Logatec, Obcina", "gn_level": 1, "gn_region": null, "gn_a1_code": "SI.64", "region_sub": null, "sub_code": null, "gns_level": 1, "gns_lang": "sqi", "gns_adm1": "SI64", "gns_region": null, "min_label": 11, "max_label": 11, "min_zoom": 11, "wikidataid": "Q15893", "name_ar": "\u0628\u0644\u062f\u064a\u0629 \u0644\u0648\u063a\u0627\u062a\u064a\u062a\u0633", "name_bn": "\u09b2\u09cb\u099c\u09c7\u099f\u09c7\u0995 \u09aa\u09cc\u09b0\u09b8\u09ad\u09be", "name_de": "Logatec", "name_en": "Logatec", "name_es": "Logatec", "name_fr": "Logatec", "name_el": "\u039b\u03cc\u03b3\u03ba\u03b1\u03c4\u03b5\u03ba", "name_hi": "\u0932\u094b\u0917\u093e\u091f\u0947\u0915 \u0928\u0917\u0930\u092a\u093e\u0932\u093f\u0915\u093e", "name_hu": "Logatec k\u00f6zs\u00e9g", "name_id": "Logatec", "name_it": "Longatico", "name_ja": "\u30ed\u30ac\u30c6\u30c4", "name_ko": "\ub85c\uac00\ud14c\uce20", "name_nl": "Logatec", "name_pl": "Logatec", "name_pt": "Logatec", "name_ru": "\u041b\u043e\u0433\u0430\u0442\u0435\u0446", "name_sv": "Logatec", "name_tr": "Logatec Belediyesi", "name_vi": "Logatec", "name_zh": "\u6d1b\u52a0\u6cf0\u8328", "ne_id": 1159310723, "name_he": "\u05dc\u05d5\u05d2\u05d0\u05d8\u05e7", "name_uk": "\u041b\u043e\u0433\u0430\u0442\u0435\u0446\u044c", "name_ur": "\u0644\u0648\u062c\u0627\u062a\u06cc\u06a9 \u0645\u06cc\u0648\u0646\u0633\u067e\u0644\u0679\u06cc", "name_fa": "\u0634\u0647\u0631\u062f\u0627\u0631\u06cc \u0644\u0648\u06af\u0627\u062a\u06a9", "name_zht": "\u6d1b\u52a0\u6cf0\u8328", "FCLASS_ISO": null, "FCLASS_US": null, "FCLASS_FR": null, "FCLASS_RU": null, "FCLASS_ES": null, "FCLASS_CN": null, "FCLASS_TW": null, "FCLASS_IN": null, "FCLASS_NP": null, "FCLASS_PK": null, "FCLASS_DE": null, "FCLASS_GB": null, "FCLASS_BR": null, "FCLASS_IL": null, "FCLASS_PS": null, "FCLASS_SA": null, "FCLASS_EG": null, "FCLASS_MA": null, "FCLASS_PT": null, "FCLASS_AR": null, "FCLASS_JP": null, "FCLASS_KO": null, "FCLASS_VN": null, "FCLASS_TR": null, "FCLASS_ID": null, "FCLASS_PL": null, "FCLASS_GR": null, "FCLASS_IT": null, "FCLASS_NL": null, "FCLASS_SE": null, "FCLASS_BD": null, "FCLASS_UA": null, "FCLASS_TLC": null}, "bbox": [14.100359, 45.846117, 14.299159, 46.037914], "geometry": {"type": "Polygon", "coordinates": [[[14.186814, 46.037914], [14.19286, 46.034684], [14.19038, 46.024685], [14.196271, 46.008096], [14.205883, 46.006184], [14.229809, 45.995022], [14.228569, 45.993136], [14.219835, 45.989183], [14.215494, 45.975385], [14.217045, 45.967892], [14.212704, 45.962053], [14.210999, 45.957195], [14.214254, 45.952493], [14.21875, 45.950658], [14.223556, 45.950736], [14.229964, 45.94872], [14.238956, 45.944379], [14.26035, 45.929238], [14.285671, 45.907379], [14.299159, 45.885727], [14.276473, 45.846117], [14.222006, 45.862834], [14.199681, 45.87242], [14.179063, 45.875495], [14.125991, 45.868803], [14.120875, 45.87875], [14.109041, 45.901488], [14.104235, 45.90619], [14.100669, 45.913968], [14.100359, 45.921538], [14.101755, 45.930375], [14.108731, 45.939754], [14.114829, 45.951562], [14.116069, 45.961588], [14.114054, 45.966083], [14.109558, 45.967324], [14.108576, 45.969287], [14.110798, 45.973267], [14.12072, 45.978667], [14.128936, 45.984609], [14.137308, 45.992335], [14.138703, 46.005771], [14.171156, 46.020189], [14.186814, 46.037914]]]}}, {"type": "Feature", "properties": {"featurecla": "Admin-1 states provinces", "scalerank": 10, "adm1_code": "SVN-230", "diss_me": 230, "iso_3166_2": "SI-185", "wikipedia": null, "iso_a2": "SI", "adm0_sr": 1, "name": "Trnovska vas", "name_alt": null, "name_local": null, "type": "Opcine", "type_en": "Commune|Municipality", "code_local": null, "code_hasc": "SI.PD.TV", "note": null, "hasc_maybe": null, "region": "Podravska", "region_cod": null, "provnum_ne": 129, "gadm_level": 2, "check_me": 10, "datarank": 8, "abbrev": null, "postal": "TV", "area_sqkm": 0, "sameascity": -99, "labelrank": 10, "name_len": 12, "mapcolor9": 2, "mapcolor13": 12, "fips": "SI00", "fips_alt": "SIM7", "woe_id": -55848377, "woe_label": null, "woe_name": null, "latitude": 46.523, "longitude": 15.8943, "sov_a3": "SVN", "adm0_a3": "SVN", "adm0_label": 2, "admin": "Slovenia", "geonunit": "Slovenia", "gu_a3": "SVN", "gn_id": 3344927, "gn_name": "Obcina Trnovska vas", "gns_id": 9123444, "gns_name": "Trnovska Vas, Obcina", "gn_level": 1, "gn_region": null, "gn_a1_code": "SI.M7", "region_sub": null, "sub_code": null, "gns_level": 1, "gns_lang": "kat", "gns_adm1": "SI72", "gns_region": null, "min_label": 11, "max_label": 11, "min_zoom": 11, "wikidataid": "Q999559", "name_ar": "\u0628\u0644\u062f\u064a\u0629 \u062a\u0631\u0646\u0648\u0641\u0633\u0643\u0627 \u0641\u0627\u0633", "name_bn": "\u099f\u09b0\u09cd\u09a8\u09cb\u09ad\u09b8\u09cd\u0995\u09be \u09ad\u09be\u09b8 \u09aa\u09cc\u09b0\u09b8\u09ad\u09be", "name_de": "Trnovska vas", "name_en": "Trnovska Vas", "name_es": "Trnovska vas", "name_fr": "Trnovska vas", "name_el": "\u03a4\u03c1\u03bd\u03cc\u03b2\u03c3\u03ba\u03b1 \u0392\u03b1\u03c2", "name_hi": "\u091f\u094d\u0930\u094d\u0928\u094b\u0935\u0938\u094d\u0915\u093e \u0935\u093e\u0938 \u0928\u0917\u0930 \u092a\u093e\u0932\u093f\u0915\u093e", "name_hu": "Trnovska vas", "name_id": "Trnovska Vas", "name_it": "Trnovska vas", "name_ja": "\u30c8\u30eb\u30ce\u30d5\u30b9\u30ab\u30fb\u30f4\u30a1\u30b9", "name_ko": "\ud2b8\ub974\ub178\ube0c\uc2a4\uce74\ubc14\uc2a4", "name_nl": "Trnovska vas", "name_pl": "Gmina Trnovska vas", "name_pt": "Trnovska vas", "name_ru": "\u0422\u0440\u043d\u043e\u0432\u0441\u043a\u0430-\u0412\u0430\u0441", "name_sv": "Trnovska Vas", "name_tr": "Trnovska Vas Belediyesi", "name_vi": "Trnovska Vas", "name_zh": "\u7279\u5c14\u8bfa\u6c83\u6751", "ne_id": 1159308615, "name_he": "\u05d8\u05e8\u05e0\u05d5\u05d1\u05e1\u05e7\u05d4 \u05d5\u05d5\u05d0\u05e1", "name_uk": "\u0422\u0440\u043d\u043e\u0432\u0441\u044c\u043a\u0430 \u0412\u0430\u0441", "name_ur": "\u062a\u0631\u0646\u0648\u0648\u0633\u06a9\u0627 \u0648\u0627\u0633 \u0645\u06cc\u0648\u0646\u0633\u067e\u0644\u0679\u06cc", "name_fa": "\u062a\u0631\u0646\u0648\u0648\u0633\u06a9\u0627 \u0648\u0627\u0633", "name_zht": "\u7279\u723e\u8afe\u6c83\u6751", "FCLASS_ISO": null, "FCLASS_US": null, "FCLASS_FR": null, "FCLASS_RU": null, "FCLASS_ES": null, "FCLASS_CN": null, "FCLASS_TW": null, "FCLASS_IN": null, "FCLASS_NP": null, "FCLASS_PK": null, "FCLASS_DE": null, "FCLASS_GB": null, "FCLASS_BR": null, "FCLASS_IL": null, "FCLASS_PS": null, "FCLASS_SA": null, "FCLASS_EG": null, "FCLASS_MA": null, "FCLASS_PT": null, "FCLASS_AR": null, "FCLASS_JP": null, "FCLASS_KO": null, "FCLASS_VN": null, "FCLASS_TR": null, "FCLASS_ID": null, "FCLASS_PL": null, "FCLASS_GR": null, "FCLASS_IT": null, "FCLASS_NL": null, "FCLASS_SE": null, "FCLASS_BD": null, "FCLASS_UA": null, "FCLASS_TLC": null}, "bbox": [15.854464, 46.499849, 15.934201, 46.54641], "geometry": {"type": "Polygon", "coordinates": [[[15.892136, 46.54641], [15.924124, 46.534369], [15.930325, 46.529822], [15.932341, 46.527341], [15.933736, 46.52269], [15.934201, 46.518918], [15.92862, 46.504087], [15.88795, 46.499849], [15.867332, 46.500056], [15.854464, 46.506309], [15.856945, 46.515792], [15.860045, 46.5199], [15.861906, 46.525636], [15.865006, 46.529486], [15.867642, 46.533723], [15.872913, 46.537935], [15.88423, 46.542224], [15.892136, 46.54641]]]}}, {"type": "Feature", "properties": {"featurecla": "Admin-1 states provinces", "scalerank": 10, "adm1_code": "SVN-203", "diss_me": 203, "iso_3166_2": "SI-018", "wikipedia": null, "iso_a2": "SI", "adm0_sr": 1, "name": "Destrnik", "name_alt": null, "name_local": null, "type": "Opcine", "type_en": "Commune|Municipality", "code_local": null, "code_hasc": "SI.PD.DE", "note": null, "hasc_maybe": null, "region": "Podravska", "region_cod": null, "provnum_ne": 128, "gadm_level": 2, "check_me": 10, "datarank": 8, "abbrev": null, "postal": "DE", "area_sqkm": 0, "sameascity": -99, "labelrank": 10, "name_len": 8, "mapcolor9": 2, "mapcolor13": 12, "fips": "SI18", "fips_alt": "SIG1", "woe_id": -55848377, "woe_label": null, "woe_name": null, "latitude": 46.4767, "longitude": 15.8853, "sov_a3": "SVN", "adm0_a3": "SVN", "adm0_label": 2, "admin": "Slovenia", "geonunit": "Slovenia", "gu_a3": "SVN", "gn_id": 3344926, "gn_name": "Obcina Destrnik", "gns_id": 9123443, "gns_name": "Destrnik, Obcina", "gn_level": 1, "gn_region": null, "gn_a1_code": "SI.G1", "region_sub": null, "sub_code": null, "gns_level": 1, "gns_lang": "kat", "gns_adm1": "SI72", "gns_region": null, "min_label": 11, "max_label": 11, "min_zoom": 11, "wikidataid": "Q570618", "name_ar": "\u0628\u0644\u062f\u064a\u0629 \u062f\u064a\u0633\u062a\u0631\u0646\u064a\u0643", "name_bn": "\u09a1\u09c7\u09b8\u09cd\u099f\u09ae\u09bf\u0995 \u09aa\u09cc\u09b0\u09b8\u09ad\u09be", "name_de": "Destrnik", "name_en": "Destrnik", "name_es": "Municipalidad del Destrnik", "name_fr": "Destrnik", "name_el": "\u039d\u03c4\u03ad\u03c3\u03c4\u03c1\u03bd\u03b9\u03ba", "name_hi": "\u0921\u0947\u0938\u094d\u091f\u094d\u0930\u0928\u093f\u0915 \u0928\u0917\u0930\u092a\u093e\u0932\u093f\u0915\u093e", "name_hu": "Destrnik k\u00f6zs\u00e9g", "name_id": "Destrnik", "name_it": "Destrnik", "name_ja": "\u30c7\u30b9\u30c8\u30eb\u30cb\u30af", "name_ko": "\ub370\uc2a4\ud2b8\ub974\ub2c8\ud06c", "name_nl": "Destrnik", "name_pl": "Gmina Destrnik", "name_pt": "Destrnik", "name_ru": "\u0414\u0435\u0441\u0442\u0440\u043d\u0438\u043a", "name_sv": "Destrnik", "name_tr": "Destrnik Belediyesi", "name_vi": "\u0110\u00f4 th\u1ecb t\u1ef1 tr\u1ecb Destrnik", "name_zh": "\u4ee3\u65af\u7279\u5c14\u5c3c\u514b", "ne_id": 1159308555, "name_he": "\u05d3\u05e1\u05d8\u05e8\u05e0\u05d9\u05e7", "name_uk": "\u0414\u0435\u0441\u0442\u0440\u043d\u0438\u043a", "name_ur": "\u062f\u06cc\u0633\u062a\u0631\u0646\u06cc\u06a9 \u0645\u06cc\u0648\u0646\u0633\u067e\u0644\u0679\u06cc", "name_fa": "\u062f\u0633\u062a\u0631\u06cc\u0646\u06a9", "name_zht": "\u4ee3\u65af\u7279\u5c14\u5c3c\u514b", "FCLASS_ISO": null, "FCLASS_US": null, "FCLASS_FR": null, "FCLASS_RU": null, "FCLASS_ES": null, "FCLASS_CN": null, "FCLASS_TW": null, "FCLASS_IN": null, "FCLASS_NP": null, "FCLASS_PK": null, "FCLASS_DE": null, "FCLASS_GB": null, "FCLASS_BR": null, "FCLASS_IL": null, "FCLASS_PS": null, "FCLASS_SA": null, "FCLASS_EG": null, "FCLASS_MA": null, "FCLASS_PT": null, "FCLASS_AR": null, "FCLASS_JP": null, "FCLASS_KO": null, "FCLASS_VN": null, "FCLASS_TR": null, "FCLASS_ID": null, "FCLASS_PL": null, "FCLASS_GR": null, "FCLASS_IT": null, "FCLASS_NL": null, "FCLASS_SE": null, "FCLASS_BD": null, "FCLASS_UA": null, "FCLASS_TLC": null}, "bbox": [15.823407, 46.452255, 15.947223, 46.506309], "geometry": {"type": "Polygon", "coordinates": [[[15.823407, 46.49494], [15.854464, 46.506309], [15.867332, 46.500056], [15.88795, 46.499849], [15.92862, 46.504087], [15.947223, 46.487163], [15.944278, 46.480522], [15.922419, 46.470962], [15.908414, 46.460394], [15.905469, 46.456545], [15.900508, 46.453728], [15.892911, 46.452255], [15.88485, 46.453573], [15.869967, 46.460007], [15.845421, 46.482848], [15.823407, 46.49494]]]}}, {"type": "Feature", "properties": {"featurecla": "Admin-1 states provinces", "scalerank": 10, "adm1_code": "SVN-979", "diss_me": 979, "iso_3166_2": "SI-098", "wikipedia": null, "iso_a2": "SI", "adm0_sr": 1, "name": "Race-Fram", "name_alt": null, "name_local": null, "type": "Opcine", "type_en": "Commune|Municipality", "code_local": null, "code_hasc": "SI.PD.RF", "note": null, "hasc_maybe": null, "region": "Podravska", "region_cod": null, "provnum_ne": 127, "gadm_level": 2, "check_me": 0, "datarank": 8, "abbrev": null, "postal": "RF", "area_sqkm": 0, "sameascity": -99, "labelrank": 10, "name_len": 9, "mapcolor9": 2, "mapcolor13": 12, "fips": "SI98", "fips_alt": null, "woe_id": -55848367, "woe_label": null, "woe_name": null, "latitude": 46.4507, "longitude": 15.6401, "sov_a3": "SVN", "adm0_a3": "SVN", "adm0_label": 2, "admin": "Slovenia", "geonunit": "Slovenia", "gu_a3": "SVN", "gn_id": 3239224, "gn_name": "Obcina Race-Fram", "gns_id": 243928, "gns_name": "Race-Fram, Obcina", "gn_level": 1, "gn_region": null, "gn_a1_code": "SI.98", "region_sub": null, "sub_code": null, "gns_level": 1, "gns_lang": "slv", "gns_adm1": "SI98", "gns_region": null, "min_label": 11, "max_label": 11, "min_zoom": 11, "wikidataid": "Q731093", "name_ar": "\u0628\u0644\u062f\u064a\u0629 \u0631\u0627\u062a\u0633\u064a \u0641\u0631\u0627\u0645", "name_bn": "\u09b0\u09c7\u09b8-\u09ab\u09cd\u09b0\u09be\u09ae \u09aa\u09cc\u09b0\u09b8\u09ad\u09be", "name_de": "Ra\u010de-Fram", "name_en": "Ra\u010de\u2013Fram", "name_es": "Ra\u010de-Fram", "name_fr": "Ra\u010de-Fram", "name_el": "\u03a1\u03ad\u03b9\u03c2-\u03a6\u03c1\u03b1\u03bc", "name_hi": "\u0930\u093e\u0915\u0947-\u092b\u094d\u0930\u0948\u092e \u0928\u0917\u0930\u092a\u093e\u0932\u093f\u0915\u093e", "name_hu": "Ra\u010de\u2013Fram k\u00f6zs\u00e9g", "name_id": "Ra\u010de\u2013Fram", "name_it": "Ra\u010de-Fram", "name_ja": "\u30e9\u30c1\u30a7\uff1d\u30d5\u30e9\u30e0", "name_ko": "\ub77c\uccb4\ud504\ub78c", "name_nl": "Ra\u010de-Fram", "name_pl": "Gmina Ra\u010de-Fram", "name_pt": "Ra\u010de-Fram", "name_ru": "\u0420\u0430\u0447\u0435-\u0424\u0440\u0430\u043c", "name_sv": "Race-Farm", "name_tr": "Race-Fram Belediyesi", "name_vi": "Ra\u010de - Fram", "name_zh": "\u62c9\u5207-\u5f17\u62c9\u59c6", "ne_id": 1159310757, "name_he": "\u05e8\u05d0\u05e6'\u05d4-\u05e4\u05e8\u05d0\u05dd", "name_uk": "\u0420\u0430\u0447\u0435-\u0424\u0440\u0430\u043c", "name_ur": "\u0631\u0627\u06a9\u06cc\u2013\u0641\u0631\u0627\u0645 \u0645\u06cc\u0648\u0646\u0633\u067e\u0644\u0679\u06cc", "name_fa": "\u0634\u0647\u0631\u062f\u0627\u0631\u06cc \u0631\u0627\u0634\u0647 \u0641\u0631\u0627\u0645", "name_zht": "\u62c9\u5207-\u5f17\u62c9\u59c6", "FCLASS_ISO": null, "FCLASS_US": null, "FCLASS_FR": null, "FCLASS_RU": null, "FCLASS_ES": null, "FCLASS_CN": null, "FCLASS_TW": null, "FCLASS_IN": null, "FCLASS_NP": null, "FCLASS_PK": null, "FCLASS_DE": null, "FCLASS_GB": null, "FCLASS_BR": null, "FCLASS_IL": null, "FCLASS_PS": null, "FCLASS_SA": null, "FCLASS_EG": null, "FCLASS_MA": null, "FCLASS_PT": null, "FCLASS_AR": null, "FCLASS_JP": null, "FCLASS_KO": null, "FCLASS_VN": null, "FCLASS_TR": null, "FCLASS_ID": null, "FCLASS_PL": null, "FCLASS_GR": null, "FCLASS_IT": null, "FCLASS_NL": null, "FCLASS_SE": null, "FCLASS_BD": null, "FCLASS_UA": null, "FCLASS_TLC": null}, "bbox": [15.545801, 46.408615, 15.734471, 46.48321], "geometry": {"type": "Polygon", "coordinates": [[[15.709512, 46.464968], [15.716953, 46.460007], [15.723309, 46.449723], [15.723309, 46.446313], [15.721914, 46.443419], [15.734471, 46.428329], [15.687498, 46.408615], [15.667602, 46.42373], [15.653339, 46.428484], [15.641712, 46.43112], [15.640162, 46.43453], [15.557118, 46.468688], [15.547971, 46.474425], [15.547816, 46.476595], [15.545801, 46.48321], [15.571381, 46.481142], [15.58678, 46.476647], [15.61298, 46.476621], [15.636751, 46.46874], [15.647138, 46.462746], [15.65396, 46.460575], [15.658765, 46.459852], [15.676129, 46.460317], [15.683105, 46.461195], [15.686877, 46.462384], [15.709512, 46.464968]]]}}, {"type": "Feature", "properties": {"featurecla": "Admin-1 states provinces", "scalerank": 10, "adm1_code": "SVN-996", "diss_me": 996, "iso_3166_2": "SI-115", "wikipedia": null, "iso_a2": "SI", "adm0_sr": 1, "name": "Star\u0161e", "name_alt": null, "name_local": null, "type": "Statisticna Regije", "type_en": "Statistical Region", "code_local": null, "code_hasc": "SI.PD.ST", "note": null, "hasc_maybe": null, "region": "Podravska", "region_cod": null, "provnum_ne": 125, "gadm_level": 2, "check_me": 0, "datarank": 8, "abbrev": null, "postal": "PD", "area_sqkm": 0, "sameascity": -99, "labelrank": 10, "name_len": 6, "mapcolor9": 2, "mapcolor13": 12, "fips": "SIC8", "fips_alt": null, "woe_id": -55848377, "woe_label": null, "woe_name": null, "latitude": 46.4544, "longitude": 15.7678, "sov_a3": "SVN", "adm0_a3": "SVN", "adm0_label": 2, "admin": "Slovenia", "geonunit": "Slovenia", "gu_a3": "SVN", "gn_id": 3239226, "gn_name": "Obcina Starse", "gns_id": 243931, "gns_name": "Starse, Obcina", "gn_level": 1, "gn_region": null, "gn_a1_code": "SI.C8", "region_sub": null, "sub_code": null, "gns_level": 1, "gns_lang": "slv", "gns_adm1": "SI98", "gns_region": null, "min_label": 11, "max_label": 11, "min_zoom": 11, "wikidataid": "Q1016826", "name_ar": "\u0628\u0644\u062f\u064a\u0629 \u0633\u062a\u0627\u0631\u062a\u0634", "name_bn": "\u09b8\u09cd\u099f\u09be\u09b8 \u09aa\u09cc\u09b0\u09b8\u09ad\u09be", "name_de": "Star\u0161e", "name_en": "Star\u0161e", "name_es": "Star\u0161e", "name_fr": "Star\u0161e", "name_el": "\u03a3\u03c4\u03ac\u03c1\u03c3\u03b5", "name_hi": "\u0938\u094d\u091f\u093e\u0930\u094d\u0938 \u0928\u0917\u0930\u092a\u093e\u0932\u093f\u0915\u093e", "name_hu": "Star\u0161e k\u00f6zs\u00e9g", "name_id": "Star\u0161e", "name_it": "Star\u0161e", "name_ja": "\u30b9\u30bf\u30eb\u30c1\u30a7", "name_ko": "\uc2a4\ud0c0\ub974\uc170", "name_nl": "Star\u0161e", "name_pl": "Gmina Star\u0161e", "name_pt": "Star\u0161e", "name_ru": "\u0421\u0442\u0430\u0440\u0448\u0435", "name_sv": "Starse", "name_tr": "Starse Belediyesi", "name_vi": "Star\u0161e", "name_zh": "\u65af\u5854\u723e\u820d", "ne_id": 1159310795, "name_he": "\u05e1\u05d8\u05d0\u05e8\u05e9\u05d4", "name_uk": "\u0421\u0442\u0430\u0440\u0448\u0435", "name_ur": "\u0627\u0633\u0679\u0627\u0631\u0633\u06cc \u0645\u06cc\u0648\u0646\u0633\u067e\u0644\u0679\u06cc", "name_fa": "\u0627\u0633\u062a\u0627\u0631\u0633\u06cc", "name_zht": "\u65af\u5854\u723e\u820d", "FCLASS_ISO": null, "FCLASS_US": null, "FCLASS_FR": null, "FCLASS_RU": null, "FCLASS_ES": null, "FCLASS_CN": null, "FCLASS_TW": null, "FCLASS_IN": null, "FCLASS_NP": null, "FCLASS_PK": null, "FCLASS_DE": null, "FCLASS_GB": null, "FCLASS_BR": null, "FCLASS_IL": null, "FCLASS_PS": null, "FCLASS_SA": null, "FCLASS_EG": null, "FCLASS_MA": null, "FCLASS_PT": null, "FCLASS_AR": null, "FCLASS_JP": null, "FCLASS_KO": null, "FCLASS_VN": null, "FCLASS_TR": null, "FCLASS_ID": null, "FCLASS_PL": null, "FCLASS_GR": null, "FCLASS_IT": null, "FCLASS_NL": null, "FCLASS_SE": null, "FCLASS_BD": null, "FCLASS_UA": null, "FCLASS_TLC": null}, "bbox": [15.716953, 46.428329, 15.818601, 46.503234], "geometry": {"type": "Polygon", "coordinates": [[[15.733076, 46.503234], [15.737779, 46.493726], [15.739432, 46.491788], [15.74243, 46.489979], [15.750491, 46.487938], [15.756537, 46.485742], [15.781497, 46.467732], [15.79607, 46.469205], [15.801547, 46.468017], [15.804803, 46.466828], [15.818601, 46.454788], [15.805578, 46.449103], [15.803718, 46.444917], [15.805888, 46.437579], [15.800462, 46.431585], [15.782272, 46.434789], [15.76987, 46.431016], [15.752196, 46.432386], [15.734471, 46.428329], [15.721914, 46.443419], [15.723309, 46.446313], [15.723309, 46.449723], [15.716953, 46.460007], [15.732766, 46.474425], [15.729821, 46.480186], [15.72765, 46.486155], [15.723309, 46.491684], [15.72455, 46.494656], [15.733076, 46.503234]]]}}, {"type": "Feature", "properties": {"featurecla": "Admin-1 states provinces", "scalerank": 10, "adm1_code": "SVN-241", "diss_me": 241, "iso_3166_2": "SI-189", "wikipedia": null, "iso_a2": "SI", "adm0_sr": 1, "name": "Vransko", "name_alt": null, "name_local": null, "type": "Opcine", "type_en": "Commune|Municipality", "code_local": null, "code_hasc": "SI.SA.VR", "note": null, "hasc_maybe": null, "region": "Savinjska", "region_cod": null, "provnum_ne": 124, "gadm_level": 2, "check_me": 10, "datarank": 8, "abbrev": null, "postal": "VR", "area_sqkm": 0, "sameascity": -99, "labelrank": 10, "name_len": 7, "mapcolor9": 2, "mapcolor13": 12, "fips": "SI00", "fips_alt": "SIN4", "woe_id": -55848398, "woe_label": null, "woe_name": null, "latitude": 46.2348, "longitude": 14.9474, "sov_a3": "SVN", "adm0_a3": "SVN", "adm0_label": 2, "admin": "Slovenia", "geonunit": "Slovenia", "gu_a3": "SVN", "gn_id": 3344903, "gn_name": "Obcina Vransko", "gns_id": 9123399, "gns_name": "Vransko, Obcina", "gn_level": 1, "gn_region": null, "gn_a1_code": "SI.N4", "region_sub": null, "sub_code": null, "gns_level": 1, "gns_lang": "kat", "gns_adm1": "SI72", "gns_region": null, "min_label": 11, "max_label": 11, "min_zoom": 11, "wikidataid": "Q510040", "name_ar": "\u0641\u0631\u0627\u0646\u0633\u0643\u0648", "name_bn": "\u09ad\u09cd\u09b0\u09be\u09a8\u09b8\u09cd\u0995\u09cb", "name_de": "Vransko", "name_en": "Vransko", "name_es": "Vransko", "name_fr": "Vransko", "name_el": "\u0392\u03c1\u03ac\u03bd\u03c3\u03ba\u03bf", "name_hi": "\u0935\u094d\u0930\u093e\u0928\u094d\u0938\u0915\u094b", "name_hu": "Vransko", "name_id": "Vransko", "name_it": "Vransko", "name_ja": "\u30f4\u30e9\u30f3\u30b9\u30b3", "name_ko": "\ube0c\ub780\uc2a4\ucf54", "name_nl": "Vransko", "name_pl": "Vransko", "name_pt": "Vransko", "name_ru": "\u0412\u0440\u0430\u043d\u0441\u043a\u043e", "name_sv": "Vransko", "name_tr": "Vransko", "name_vi": "Vransko", "name_zh": "\u5f17\u862d\u65af\u79d1", "ne_id": 1159308641, "name_he": "\u05d5\u05e8\u05e0\u05e1\u05e7\u05d5", "name_uk": "\u0412\u0440\u0430\u043d\u0441\u044c\u043a\u043e", "name_ur": "\u0648\u0631\u0627\u0646\u0633\u06a9\u0648", "name_fa": "\u0648\u0631\u0627\u0646\u0633\u06a9\u0648", "name_zht": "\u5f17\u862d\u65af\u79d1", "FCLASS_ISO": null, "FCLASS_US": null, "FCLASS_FR": null, "FCLASS_RU": null, "FCLASS_ES": null, "FCLASS_CN": null, "FCLASS_TW": null, "FCLASS_IN": null, "FCLASS_NP": null, "FCLASS_PK": null, "FCLASS_DE": null, "FCLASS_GB": null, "FCLASS_BR": null, "FCLASS_IL": null, "FCLASS_PS": null, "FCLASS_SA": null, "FCLASS_EG": null, "FCLASS_MA": null, "FCLASS_PT": null, "FCLASS_AR": null, "FCLASS_JP": null, "FCLASS_KO": null, "FCLASS_VN": null, "FCLASS_TR": null, "FCLASS_ID": null, "FCLASS_PL": null, "FCLASS_GR": null, "FCLASS_IT": null, "FCLASS_NL": null, "FCLASS_SE": null, "FCLASS_BD": null, "FCLASS_UA": null, "FCLASS_TLC": null}, "bbox": [14.884911, 46.191858, 15.009968, 46.283842], "geometry": {"type": "Polygon", "coordinates": [[[14.910077, 46.210539], [14.930076, 46.218781], [14.884911, 46.240537], [14.89752, 46.254231], [14.89752, 46.25883], [14.90031, 46.263275], [14.907752, 46.264825], [14.918294, 46.265316], [14.925735, 46.268959], [14.945734, 46.274695], [14.950385, 46.278002], [14.950385, 46.281878], [14.954881, 46.283635], [14.957103, 46.283273], [14.97028, 46.283842], [15.009968, 46.257978], [14.974931, 46.21842], [14.972451, 46.21165], [14.970745, 46.197775], [14.937363, 46.191858], [14.930076, 46.193666], [14.915348, 46.201366], [14.910077, 46.210539]]]}}, {"type": "Feature", "properties": {"featurecla": "Admin-1 states provinces", "scalerank": 10, "adm1_code": "SVN-1001", "diss_me": 1001, "iso_3166_2": "SI-133", "wikipedia": null, "iso_a2": "SI", "adm0_sr": 1, "name": "Velenje", "name_alt": null, "name_local": null, "type": "Opcine", "type_en": "Commune|Municipality", "code_local": null, "code_hasc": "SI.SA.VE", "note": null, "hasc_maybe": null, "region": "Savinjska", "region_cod": null, "provnum_ne": 122, "gadm_level": 2, "check_me": 0, "datarank": 8, "abbrev": null, "postal": "VE", "area_sqkm": 0, "sameascity": -99, "labelrank": 10, "name_len": 7, "mapcolor9": 2, "mapcolor13": 12, "fips": "SID7", "fips_alt": null, "woe_id": 55848395, "woe_label": "Velenje, SI, Slovenia", "woe_name": "Velenje", "latitude": 46.3749, "longitude": 15.1364, "sov_a3": "SVN", "adm0_a3": "SVN", "adm0_label": 2, "admin": "Slovenia", "geonunit": "Slovenia", "gu_a3": "SVN", "gn_id": 3189074, "gn_name": "Mestna Obcina Velenje", "gns_id": -98293, "gns_name": "Velenje, Mestna Obcina", "gn_level": 1, "gn_region": null, "gn_a1_code": "SI.D7", "region_sub": null, "sub_code": null, "gns_level": 1, "gns_lang": "sqi", "gns_adm1": "SI00", "gns_region": null, "min_label": 11, "max_label": 11, "min_zoom": 11, "wikidataid": "Q3441849", "name_ar": "\u0641\u064a\u0644\u064a\u0646\u062c\u064a", "name_bn": "\u09ad\u09c7\u09b2\u09c7\u09a8\u099c\u09c7", "name_de": "Velenje", "name_en": "Velenje", "name_es": "Velenje", "name_fr": "Velenje", "name_el": "\u0392\u03b5\u03bb\u03ad\u03bd\u03b9\u03b5", "name_hi": "\u0935\u0947\u0932\u0947\u0902\u091c\u0947", "name_hu": "Velenje", "name_id": "Velenje", "name_it": "Velenje", "name_ja": "\u30f4\u30a7\u30ec\u30cb\u30a8", "name_ko": "\ubca8\ub808\ub124", "name_nl": "Velenje", "name_pl": "Gmina miejska Velenje", "name_pt": "Velenje", "name_ru": "\u0412\u0435\u043b\u0435\u043d\u044c\u0435", "name_sv": "Velenje", "name_tr": "Velenje", "name_vi": "Velenje", "name_zh": "\u97cb\u840a\u6d85\u5e02", "ne_id": 1159310805, "name_he": "\u05d5\u05dc\u05e0\u05d9\u05d9\u05d4", "name_uk": "\u0412\u0435\u043b\u0435\u043d\u0454", "name_ur": "\u0648\u06cc\u0644\u0646\u062c\u06d2", "name_fa": "\u0634\u0647\u0631\u062f\u0627\u0631\u06cc \u0634\u0647\u0631 \u0648\u0644\u0646\u062c", "name_zht": "\u97cb\u840a\u6d85\u5e02", "FCLASS_ISO": null, "FCLASS_US": null, "FCLASS_FR": null, "FCLASS_RU": null, "FCLASS_ES": null, "FCLASS_CN": null, "FCLASS_TW": null, "FCLASS_IN": null, "FCLASS_NP": null, "FCLASS_PK": null, "FCLASS_DE": null, "FCLASS_GB": null, "FCLASS_BR": null, "FCLASS_IL": null, "FCLASS_PS": null, "FCLASS_SA": null, "FCLASS_EG": null, "FCLASS_MA": null, "FCLASS_PT": null, "FCLASS_AR": null, "FCLASS_JP": null, "FCLASS_KO": null, "FCLASS_VN": null, "FCLASS_TR": null, "FCLASS_ID": null, "FCLASS_PL": null, "FCLASS_GR": null, "FCLASS_IT": null, "FCLASS_NL": null, "FCLASS_SE": null, "FCLASS_BD": null, "FCLASS_UA": null, "FCLASS_TLC": null}, "bbox": [15.066605, 46.316966, 15.206287, 46.434169], "geometry": {"type": "Polygon", "coordinates": [[[15.092237, 46.434169], [15.098593, 46.433833], [15.111925, 46.430758], [15.123604, 46.421999], [15.155075, 46.412775], [15.161742, 46.412516], [15.169958, 46.410914], [15.175539, 46.409106], [15.176159, 46.402362], [15.175539, 46.398098], [15.175849, 46.394016], [15.190319, 46.388435], [15.201171, 46.36053], [15.204736, 46.353915], [15.206287, 46.345699], [15.206287, 46.341978], [15.19652, 46.327663], [15.181637, 46.325235], [15.158486, 46.336087], [15.146084, 46.335803], [15.138022, 46.332831], [15.131201, 46.327663], [15.122829, 46.316966], [15.110375, 46.323013], [15.102469, 46.332624], [15.087276, 46.339859], [15.081385, 46.346422], [15.066605, 46.351693], [15.069758, 46.371795], [15.082315, 46.386187], [15.087741, 46.399881], [15.089291, 46.426469], [15.092237, 46.434169]]]}}, {"type": "Feature", "properties": {"featurecla": "Admin-1 states provinces", "scalerank": 10, "adm1_code": "SVN-244", "diss_me": 244, "iso_3166_2": "SI-173", "wikipedia": null, "iso_a2": "SI", "adm0_sr": 1, "name": "Polzela", "name_alt": null, "name_local": null, "type": "Opcine", "type_en": "Commune|Municipality", "code_local": null, "code_hasc": "SI.SA.PL", "note": null, "hasc_maybe": null, "region": "Savinjska", "region_cod": null, "provnum_ne": 123, "gadm_level": 2, "check_me": 10, "datarank": 8, "abbrev": null, "postal": "PL", "area_sqkm": 0, "sameascity": -99, "labelrank": 10, "name_len": 7, "mapcolor9": 2, "mapcolor13": 12, "fips": "SI00", "fips_alt": "SIK3", "woe_id": 55848398, "woe_label": "Zalec, SI, Slovenia", "woe_name": "Polzela", "latitude": 46.3034, "longitude": 15.087, "sov_a3": "SVN", "adm0_a3": "SVN", "adm0_label": 2, "admin": "Slovenia", "geonunit": "Slovenia", "gu_a3": "SVN", "gn_id": 3344906, "gn_name": "Obcina Polzela", "gns_id": 9123402, "gns_name": "Polzela, Obcina", "gn_level": 1, "gn_region": null, "gn_a1_code": "SI.K3", "region_sub": null, "sub_code": null, "gns_level": 1, "gns_lang": "kat", "gns_adm1": "SI72", "gns_region": null, "min_label": 11, "max_label": 11, "min_zoom": 11, "wikidataid": "Q938443", "name_ar": "\u0628\u0644\u062f\u064a\u0629 \u0628\u0648\u0644\u0632\u064a\u0644\u0627", "name_bn": "\u09aa\u09cb\u09b2\u099c\u09c7\u09b2\u09be \u09aa\u09cc\u09b0\u09b8\u09ad\u09be", "name_de": "Polzela", "name_en": "Polzela", "name_es": "Municipalidad del Polzela", "name_fr": "Polzela", "name_el": "\u03a0\u03bf\u03bb\u03b6\u03ad\u03bb\u03b1", "name_hi": "\u092a\u094b\u0932\u094d\u091c\u093c\u0947\u0932\u093e \u0928\u0917\u0930\u092a\u093e\u0932\u093f\u0915\u093e", "name_hu": "Polzela", "name_id": "Polzela", "name_it": "Polzela", "name_ja": "\u30dd\u30eb\u30bc\u30e9", "name_ko": "\ud3f4\uc824\ub77c", "name_nl": "Polzela", "name_pl": "Gmina Polzela", "name_pt": "Polzela", "name_ru": "\u041f\u043e\u043b\u0437\u0435\u043b\u0430", "name_sv": "Polzela", "name_tr": "Polzela Belediyesi", "name_vi": "Polzela", "name_zh": "\u6ce2\u5c14\u6cfd\u62c9", "ne_id": 1159308647, "name_he": "\u05e4\u05d5\u05dc\u05d6\u05dc\u05d4", "name_uk": "\u041f\u043e\u043b\u0437\u0435\u043b\u0430", "name_ur": "\u067e\u0648\u0644\u0632\u06cc\u0644\u0627 \u0645\u06cc\u0648\u0646\u0633\u067e\u0644\u0679\u06cc", "name_fa": "\u067e\u0648\u0644\u0632\u0644\u0627", "name_zht": "\u6ce2\u5c14\u6cfd\u62c9", "FCLASS_ISO": null, "FCLASS_US": null, "FCLASS_FR": null, "FCLASS_RU": null, "FCLASS_ES": null, "FCLASS_CN": null, "FCLASS_TW": null, "FCLASS_IN": null, "FCLASS_NP": null, "FCLASS_PK": null, "FCLASS_DE": null, "FCLASS_GB": null, "FCLASS_BR": null, "FCLASS_IL": null, "FCLASS_PS": null, "FCLASS_SA": null, "FCLASS_EG": null, "FCLASS_MA": null, "FCLASS_PT": null, "FCLASS_AR": null, "FCLASS_JP": null, "FCLASS_KO": null, "FCLASS_VN": null, "FCLASS_TR": null, "FCLASS_ID": null, "FCLASS_PL": null, "FCLASS_GR": null, "FCLASS_IT": null, "FCLASS_NL": null, "FCLASS_SE": null, "FCLASS_BD": null, "FCLASS_UA": null, "FCLASS_TLC": null}, "bbox": [15.051257, 46.255006, 15.122829, 46.351693], "geometry": {"type": "Polygon", "coordinates": [[[15.066605, 46.351693], [15.081385, 46.346422], [15.087276, 46.339859], [15.102469, 46.332624], [15.110375, 46.323013], [15.122829, 46.316966], [15.121589, 46.293609], [15.118437, 46.287511], [15.110685, 46.277176], [15.10743, 46.271388], [15.11022, 46.265936], [15.104019, 46.255006], [15.095027, 46.257668], [15.051257, 46.307251], [15.058079, 46.314486], [15.059629, 46.324718], [15.060249, 46.337069], [15.066605, 46.351693]]]}}, {"type": "Feature", "properties": {"featurecla": "Admin-1 states provinces", "scalerank": 10, "adm1_code": "SVN-994", "diss_me": 994, "iso_3166_2": "SI-125", "wikipedia": null, "iso_a2": "SI", "adm0_sr": 1, "name": "\u0160martno ob Paki", "name_alt": null, "name_local": null, "type": "Opcine", "type_en": "Commune|Municipality", "code_local": null, "code_hasc": "SI.SA.SP", "note": null, "hasc_maybe": null, "region": "Savinjska", "region_cod": null, "provnum_ne": 121, "gadm_level": 2, "check_me": 0, "datarank": 8, "abbrev": null, "postal": "SP", "area_sqkm": 0, "sameascity": -99, "labelrank": 10, "name_len": 15, "mapcolor9": 2, "mapcolor13": 12, "fips": "SIC6", "fips_alt": null, "woe_id": -55848395, "woe_label": null, "woe_name": null, "latitude": 46.3421, "longitude": 15.0326, "sov_a3": "SVN", "adm0_a3": "SVN", "adm0_label": 2, "admin": "Slovenia", "geonunit": "Slovenia", "gu_a3": "SVN", "gn_id": 3239187, "gn_name": "Obcina Smartno ob Paki", "gns_id": 243859, "gns_name": "Smartno ob Paki, Obcina", "gn_level": 1, "gn_region": null, "gn_a1_code": "SI.C6", "region_sub": null, "sub_code": null, "gns_level": 1, "gns_lang": "slv", "gns_adm1": "SI62", "gns_region": null, "min_label": 11, "max_label": 11, "min_zoom": 11, "wikidataid": "Q392188", "name_ar": "\u0628\u0644\u062f\u064a\u0629 \u0634\u0645\u0627\u0631\u062a\u0646\u0648 \u0623\u0648\u0628 \u0628\u0627\u0643\u064a", "name_bn": "\u09b8\u09cd\u09ae\u09be\u09b0\u09cd\u099f\u09a8\u09cb \u09aa\u09cc\u09b0\u09b8\u09ad\u09be", "name_de": "\u0160martno ob Paki", "name_en": "\u0160martno ob Paki", "name_es": "Municipalidad \u0160martno ob Paki", "name_fr": "\u0160martno ob Paki", "name_el": "\u03a3\u03bc\u03ac\u03c1\u03c4\u03bd\u03bf \u03bf\u03bc\u03c0 \u03a0\u03ac\u03ba\u03b9", "name_hi": "\u0938\u094d\u092e\u093e\u0930\u094d\u0924\u094d\u0928\u094b \u0913\u092c \u092a\u093e\u0915\u0940 \u0928\u0917\u0930 \u092a\u093e\u0932\u093f\u0915\u093e", "name_hu": "\u0160martno ob Paki", "name_id": "\u0160martno ob Paki", "name_it": "\u0160martno ob Paki", "name_ja": "\u30b7\u30e5\u30de\u30eb\u30c8\u30ce\u30fb\u30aa\u30d7\u30fb\u30d1\u30ad", "name_ko": "\uc288\ub9c8\ub974\ud2b8\ub178\uc624\ube0c\ud30c\ud0a4", "name_nl": "\u0160martno ob Paki", "name_pl": "Gmina \u0160martno ob Paki", "name_pt": "\u0160martno ob Paki", "name_ru": "\u0428\u043c\u0430\u0440\u0442\u043d\u043e-\u043e\u0431-\u041f\u0430\u043a\u0438", "name_sv": "Smartno ob Paki", "name_tr": "Smartno ob Paki Belediyesi", "name_vi": "\u0160martno ob Paki", "name_zh": "\u5e15\u5361\u6cb3\u7554\u4ec0\u99ac\u723e\u7279\u8afe", "ne_id": 1159310791, "name_he": "\u05e9\u05de\u05e8\u05d8\u05e0\u05d5 \u05d0\u05d5\u05d1 \u05e4\u05d0\u05e7\u05d9", "name_uk": "\u0428\u043c\u0430\u0440\u0442\u043d\u043e-\u043e\u0431-\u041f\u0430\u043a\u0456", "name_ur": "\u0633\u0645\u0627\u0631\u062a\u0646\u0648 \u0627\u0648\u0628 \u067e\u06a9\u06cc \u0645\u06cc\u0648\u0646\u0633\u067e\u0644\u0679\u06cc", "name_fa": "\u0633\u0627\u0645\u0627\u0631\u062a\u0646\u0648 \u0627\u064f\u0628 \u067e\u0627\u06a9\u06cc", "name_zht": "\u5e15\u5361\u6cb3\u7554\u4ec0\u99ac\u723e\u7279\u8afe", "FCLASS_ISO": null, "FCLASS_US": null, "FCLASS_FR": null, "FCLASS_RU": null, "FCLASS_ES": null, "FCLASS_CN": null, "FCLASS_TW": null, "FCLASS_IN": null, "FCLASS_NP": null, "FCLASS_PK": null, "FCLASS_DE": null, "FCLASS_GB": null, "FCLASS_BR": null, "FCLASS_IL": null, "FCLASS_PS": null, "FCLASS_SA": null, "FCLASS_EG": null, "FCLASS_MA": null, "FCLASS_PT": null, "FCLASS_AR": null, "FCLASS_JP": null, "FCLASS_KO": null, "FCLASS_VN": null, "FCLASS_TR": null, "FCLASS_ID": null, "FCLASS_PL": null, "FCLASS_GR": null, "FCLASS_IT": null, "FCLASS_NL": null, "FCLASS_SE": null, "FCLASS_BD": null, "FCLASS_UA": null, "FCLASS_TLC": null}, "bbox": [14.998651, 46.307251, 15.066605, 46.377221], "geometry": {"type": "Polygon", "coordinates": [[[14.999891, 46.377221], [15.013895, 46.364457], [15.03901, 46.355517], [15.066605, 46.351693], [15.060249, 46.337069], [15.059629, 46.324718], [15.058079, 46.314486], [15.051257, 46.307251], [15.037305, 46.324434], [15.008418, 46.337198], [15.000356, 46.349988], [14.998651, 46.355982], [14.999891, 46.377221]]]}}, {"type": "Feature", "properties": {"featurecla": "Admin-1 states provinces", "scalerank": 10, "adm1_code": "SVN-973", "diss_me": 973, "iso_3166_2": "SI-079", "wikipedia": null, "iso_a2": "SI", "adm0_sr": 1, "name": "Mozirje", "name_alt": null, "name_local": null, "type": "Opcine", "type_en": "Commune|Municipality", "code_local": null, "code_hasc": "SI.SA.MO", "note": null, "hasc_maybe": null, "region": "Savinjska", "region_cod": null, "provnum_ne": 120, "gadm_level": 2, "check_me": 0, "datarank": 8, "abbrev": null, "postal": "MO", "area_sqkm": 0, "sameascity": -99, "labelrank": 10, "name_len": 7, "mapcolor9": 2, "mapcolor13": 12, "fips": "SI79", "fips_alt": null, "woe_id": 55848369, "woe_label": "Mozirje, SI, Slovenia", "woe_name": "Mozirje", "latitude": 46.3593, "longitude": 14.9377, "sov_a3": "SVN", "adm0_a3": "SVN", "adm0_label": 2, "admin": "Slovenia", "geonunit": "Slovenia", "gu_a3": "SVN", "gn_id": 3194791, "gn_name": "Obcina Mozirje", "gns_id": -89620, "gns_name": "Mozirje, Obcina", "gn_level": 1, "gn_region": null, "gn_a1_code": "SI.79", "region_sub": null, "sub_code": null, "gns_level": 1, "gns_lang": "sqi", "gns_adm1": "SI79", "gns_region": null, "min_label": 11, "max_label": 11, "min_zoom": 11, "wikidataid": "Q670975", "name_ar": "\u0628\u0644\u062f\u064a\u0629 \u0645\u0648\u0632\u064a\u0631\u064a\u0647", "name_bn": "\u09ae\u09cb\u099c\u09bf\u09b0\u09cd\u099c\u09c7 \u09aa\u09cc\u09b0\u09b8\u09ad\u09be", "name_de": "Mozirje", "name_en": "Mozirje", "name_es": "Mozirje", "name_fr": "Mozirje", "name_el": "\u039c\u03bf\u03b6\u03af\u03c1\u03c4\u03b6\u03b5", "name_hi": "\u092e\u094b\u091c\u093c\u093f\u0930\u092f\u0947 \u0928\u0917\u0930 \u092a\u093e\u0932\u093f\u0915\u093e", "name_hu": "Mozirje", "name_id": "Mozirje", "name_it": "Mozirje", "name_ja": "\u30e2\u30b8\u30ea\u30a7", "name_ko": "\ubaa8\uc9c0\ub808", "name_nl": "Mozirje", "name_pl": "Gmina Mozirje", "name_pt": "Mozirje", "name_ru": "\u041c\u043e\u0437\u0438\u0440\u044c\u0435", "name_sv": "Mozirje", "name_tr": "Mozirce Belediyesi", "name_vi": "Mozirje", "name_zh": "\u83ab\u6d4e\u5217", "ne_id": 1159310743, "name_he": "\u05de\u05e7\u05d0\u05d1\u05d0", "name_uk": "\u041c\u043e\u0437\u0438\u0440\u0454", "name_ur": "\u0645\u0648\u0632\u06cc\u0631\u062c\u06cc \u0645\u06cc\u0648\u0646\u0633\u067e\u0644\u0679\u06cc", "name_fa": "\u0634\u0647\u0631\u062f\u0627\u0631\u06cc \u0645\u0648\u0632\u06cc\u0631\u062c\u0647", "name_zht": "\u83ab\u6fdf\u5217", "FCLASS_ISO": null, "FCLASS_US": null, "FCLASS_FR": null, "FCLASS_RU": null, "FCLASS_ES": null, "FCLASS_CN": null, "FCLASS_TW": null, "FCLASS_IN": null, "FCLASS_NP": null, "FCLASS_PK": null, "FCLASS_DE": null, "FCLASS_GB": null, "FCLASS_BR": null, "FCLASS_IL": null, "FCLASS_PS": null, "FCLASS_SA": null, "FCLASS_EG": null, "FCLASS_MA": null, "FCLASS_PT": null, "FCLASS_AR": null, "FCLASS_JP": null, "FCLASS_KO": null, "FCLASS_VN": null, "FCLASS_TR": null, "FCLASS_ID": null, "FCLASS_PL": null, "FCLASS_GR": null, "FCLASS_IT": null, "FCLASS_NL": null, "FCLASS_SE": null, "FCLASS_BD": null, "FCLASS_UA": null, "FCLASS_TLC": null}, "bbox": [14.866928, 46.300998, 15.008418, 46.401302], "geometry": {"type": "Polygon", "coordinates": [[[14.866928, 46.315545], [14.8815, 46.337663], [14.881655, 46.352468], [14.902171, 46.393913], [14.939533, 46.401302], [14.949765, 46.396781], [14.962994, 46.394274], [14.971986, 46.393448], [14.985628, 46.395773], [14.993535, 46.394429], [14.997876, 46.392052], [15.000201, 46.390295], [15.001906, 46.388073], [15.002526, 46.386523], [14.999891, 46.377221], [14.998651, 46.355982], [15.000356, 46.349988], [15.008418, 46.337198], [14.999891, 46.333115], [14.990124, 46.322548], [14.988729, 46.316966], [14.984853, 46.31229], [14.97059, 46.302936], [14.966405, 46.318723], [14.959893, 46.324589], [14.953847, 46.325803], [14.947749, 46.323633], [14.924805, 46.310042], [14.877004, 46.300998], [14.866928, 46.315545]]]}}, {"type": "Feature", "properties": {"featurecla": "Admin-1 states provinces", "scalerank": 10, "adm1_code": "SVN-1002", "diss_me": 1002, "iso_3166_2": "SI-137", "wikipedia": null, "iso_a2": "SI", "adm0_sr": 1, "name": "Vitanje", "name_alt": null, "name_local": null, "type": "Opcine", "type_en": "Commune|Municipality", "code_local": null, "code_hasc": "SI.SA.VI", "note": null, "hasc_maybe": null, "region": "Savinjska", "region_cod": null, "provnum_ne": 119, "gadm_level": 2, "check_me": 0, "datarank": 8, "abbrev": null, "postal": "VI", "area_sqkm": 0, "sameascity": -99, "labelrank": 10, "name_len": 7, "mapcolor9": 2, "mapcolor13": 12, "fips": "SIE2", "fips_alt": null, "woe_id": -55848389, "woe_label": null, "woe_name": null, "latitude": 46.4073, "longitude": 15.2954, "sov_a3": "SVN", "adm0_a3": "SVN", "adm0_label": 2, "admin": "Slovenia", "geonunit": "Slovenia", "gu_a3": "SVN", "gn_id": 3239204, "gn_name": "Obcina Vitanje", "gns_id": 243893, "gns_name": "Vitanje, Obcina", "gn_level": 1, "gn_region": null, "gn_a1_code": "SI.E2", "region_sub": null, "sub_code": null, "gns_level": 1, "gns_lang": "slv", "gns_adm1": "SI20", "gns_region": null, "min_label": 11, "max_label": 11, "min_zoom": 11, "wikidataid": "Q1809612", "name_ar": "\u0641\u064a\u062a\u0627\u0646\u064a\u0647", "name_bn": "\u09ad\u09bf\u099f\u09be\u09a8", "name_de": "Vitanje", "name_en": "Vitanje", "name_es": "Vitanje", "name_fr": "Vitanje", "name_el": "\u0392\u03b9\u03c4\u03ac\u03bd\u03c4\u03b6\u03b5", "name_hi": "\u0935\u093f\u0924\u093e\u0928\u094d\u092f\u0947", "name_hu": "Vitanje", "name_id": "Vitanje", "name_it": "Vitanje", "name_ja": "\u30f4\u30a3\u30bf\u30cb\u30a7", "name_ko": "\ube44\ud0c0\ub124", "name_nl": "Vitanje", "name_pl": "Vitanje", "name_pt": "Vitanje", "name_ru": "\u0412\u0438\u0442\u0430\u043d\u044c\u0435", "name_sv": "Vitanje", "name_tr": "Vitanje", "name_vi": "Vitanje", "name_zh": "\u7dad\u5854\u6d85", "ne_id": 1159310807, "name_he": "\u05d5\u05d9\u05d8\u05e0\u05d9\u05d4", "name_uk": "\u0412\u0438\u0442\u0430\u043d\u0454", "name_ur": "\u0648\u06cc\u062a\u0627\u0646\u062c\u06cc", "name_fa": "\u0648\u06cc\u062a\u0627\u0646\u062c\u06cc", "name_zht": "\u7dad\u5854\u6d85", "FCLASS_ISO": null, "FCLASS_US": null, "FCLASS_FR": null, "FCLASS_RU": null, "FCLASS_ES": null, "FCLASS_CN": null, "FCLASS_TW": null, "FCLASS_IN": null, "FCLASS_NP": null, "FCLASS_PK": null, "FCLASS_DE": null, "FCLASS_GB": null, "FCLASS_BR": null, "FCLASS_IL": null, "FCLASS_PS": null, "FCLASS_SA": null, "FCLASS_EG": null, "FCLASS_MA": null, "FCLASS_PT": null, "FCLASS_AR": null, "FCLASS_JP": null, "FCLASS_KO": null, "FCLASS_VN": null, "FCLASS_TR": null, "FCLASS_ID": null, "FCLASS_PL": null, "FCLASS_GR": null, "FCLASS_IT": null, "FCLASS_NL": null, "FCLASS_SE": null, "FCLASS_BD": null, "FCLASS_UA": null, "FCLASS_TLC": null}, "bbox": [15.232487, 46.365026, 15.35837, 46.451248], "geometry": {"type": "Polygon", "coordinates": [[[15.331189, 46.365206], [15.26773, 46.365026], [15.232487, 46.392517], [15.253932, 46.414066], [15.26711, 46.437269], [15.273466, 46.443289], [15.281062, 46.446726], [15.298012, 46.44993], [15.324832, 46.451248], [15.334134, 46.446933], [15.336925, 46.445899], [15.33677, 46.443729], [15.331499, 46.441713], [15.326848, 46.439078], [15.324677, 46.435202], [15.325297, 46.429208], [15.34018, 46.411379], [15.348759, 46.40616], [15.35558, 46.402853], [15.35837, 46.397633], [15.356665, 46.388332], [15.35403, 46.383086], [15.331189, 46.365206]]]}}, {"type": "Feature", "properties": {"featurecla": "Admin-1 states provinces", "scalerank": 10, "adm1_code": "SVN-223", "diss_me": 223, "iso_3166_2": "SI-139", "wikipedia": null, "iso_a2": "SI", "adm0_sr": 1, "name": "Vojnik", "name_alt": null, "name_local": null, "type": "Opcine", "type_en": "Commune|Municipality", "code_local": null, "code_hasc": "SI.SA.VO", "note": null, "hasc_maybe": null, "region": "Savinjska", "region_cod": null, "provnum_ne": 190, "gadm_level": 2, "check_me": 0, "datarank": 8, "abbrev": null, "postal": "VO", "area_sqkm": 0, "sameascity": -99, "labelrank": 10, "name_len": 6, "mapcolor9": 2, "mapcolor13": 12, "fips": "SIN3", "fips_alt": null, "woe_id": -55848389, "woe_label": null, "woe_name": null, "latitude": 46.3188, "longitude": 15.31, "sov_a3": "SVN", "adm0_a3": "SVN", "adm0_label": 2, "admin": "Slovenia", "geonunit": "Slovenia", "gu_a3": "SVN", "gn_id": 3239202, "gn_name": "Obcina Vojnik", "gns_id": 243890, "gns_name": "Vojnik, Obcina", "gn_level": 1, "gn_region": null, "gn_a1_code": "SI.N3", "region_sub": null, "sub_code": null, "gns_level": 1, "gns_lang": "slv", "gns_adm1": "SI20", "gns_region": null, "min_label": 11, "max_label": 11, "min_zoom": 11, "wikidataid": "Q2134561", "name_ar": "\u0628\u0644\u062f\u064a\u0629 \u0641\u0648\u064a\u0646\u064a\u0643", "name_bn": "\u09ad\u09cb\u099c\u09a8\u09bf\u0995 \u09aa\u09cc\u09b0\u09b8\u09ad\u09be", "name_de": "Gemeinde Vojnik", "name_en": "Vojnik", "name_es": "Municipalidad del Vojnik", "name_fr": "Municipalit\u00e9 deVojnik", "name_el": "\u0392\u03cc\u03b6\u03bd\u03b9\u03ba", "name_hi": "\u0935\u094b\u092f\u0928\u093f\u0915 \u0928\u0917\u0930\u092a\u093e\u0932\u093f\u0915\u093e", "name_hu": "Vojnik k\u00f6zs\u00e9g", "name_id": "Vojnik", "name_it": "Vojnik", "name_ja": "\u30f4\u30a9\u30a4\u30cb\u30af", "name_ko": "\ubcf4\uc774\ub2c8\ud06c \uc9c0\ubc29 \uc790\uce58\uc81c", "name_nl": "Vojnik", "name_pl": "Gmina Vojnik", "name_pt": "Vojnik kommune", "name_ru": "\u0412\u043e\u0439\u043d\u0438\u043a", "name_sv": "Vojnik", "name_tr": "Vojnik Belediyesi", "name_vi": "\u0110\u00f4 th\u1ecb t\u1ef1 tr\u1ecb Vojnik", "name_zh": "\u6c83\u4f0a\u5c3c\u514b", "ne_id": 1159308599, "name_he": "\u05d5\u05d5\u05d9\u05e0\u05d9\u05e7", "name_uk": "\u0412\u043e\u0439\u043d\u0438\u043a", "name_ur": "\u0648\u0648\u062c\u0646\u06cc\u06a9 \u0645\u06cc\u0648\u0646\u0633\u067e\u0644\u0679\u06cc", "name_fa": "\u0648\u0648\u062c\u0646\u06cc\u06a9", "name_zht": "\u6c83\u4f0a\u5c3c\u514b", "FCLASS_ISO": null, "FCLASS_US": null, "FCLASS_FR": null, "FCLASS_RU": null, "FCLASS_ES": null, "FCLASS_CN": null, "FCLASS_TW": null, "FCLASS_IN": null, "FCLASS_NP": null, "FCLASS_PK": null, "FCLASS_DE": null, "FCLASS_GB": null, "FCLASS_BR": null, "FCLASS_IL": null, "FCLASS_PS": null, "FCLASS_SA": null, "FCLASS_EG": null, "FCLASS_MA": null, "FCLASS_PT": null, "FCLASS_AR": null, "FCLASS_JP": null, "FCLASS_KO": null, "FCLASS_VN": null, "FCLASS_TR": null, "FCLASS_ID": null, "FCLASS_PL": null, "FCLASS_GR": null, "FCLASS_IT": null, "FCLASS_NL": null, "FCLASS_SE": null, "FCLASS_BD": null, "FCLASS_UA": null, "FCLASS_TLC": null}, "bbox": [15.240135, 46.260536, 15.379919, 46.365206], "geometry": {"type": "Polygon", "coordinates": [[[15.26773, 46.365026], [15.331189, 46.365206], [15.336925, 46.358463], [15.338785, 46.349368], [15.349844, 46.341358], [15.368757, 46.333968], [15.364417, 46.324201], [15.365657, 46.321462], [15.367827, 46.317587], [15.369843, 46.315545], [15.376509, 46.311334], [15.373563, 46.300378], [15.376354, 46.298673], [15.379919, 46.294642], [15.378059, 46.28963], [15.374183, 46.286917], [15.369533, 46.282395], [15.363796, 46.280095], [15.358525, 46.260536], [15.325763, 46.272163], [15.321112, 46.273352], [15.3146, 46.273817], [15.311035, 46.272473], [15.305919, 46.272137], [15.301578, 46.273868], [15.291811, 46.280173], [15.287264, 46.289087], [15.270055, 46.307303], [15.240135, 46.320532], [15.259203, 46.33557], [15.260599, 46.338361], [15.261529, 46.342624], [15.260909, 46.346164], [15.261219, 46.352468], [15.263234, 46.355698], [15.26773, 46.358669], [15.269435, 46.360271], [15.26773, 46.365026]]]}}, {"type": "Feature", "properties": {"featurecla": "Admin-1 states provinces", "scalerank": 10, "adm1_code": "SVN-1007", "diss_me": 1007, "iso_3166_2": "SI-144", "wikipedia": null, "iso_a2": "SI", "adm0_sr": 1, "name": "Zrece", "name_alt": null, "name_local": null, "type": "Opcine", "type_en": "Commune|Municipality", "code_local": null, "code_hasc": "SI.SA.ZR", "note": null, "hasc_maybe": null, "region": "Savinjska", "region_cod": null, "provnum_ne": 157, "gadm_level": 2, "check_me": 0, "datarank": 8, "abbrev": null, "postal": "ZR", "area_sqkm": 0, "sameascity": -99, "labelrank": 10, "name_len": 5, "mapcolor9": 2, "mapcolor13": 12, "fips": "SIF3", "fips_alt": null, "woe_id": -55848389, "woe_label": null, "woe_name": null, "latitude": 46.3914, "longitude": 15.3705, "sov_a3": "SVN", "adm0_a3": "SVN", "adm0_label": 2, "admin": "Slovenia", "geonunit": "Slovenia", "gu_a3": "SVN", "gn_id": 3239205, "gn_name": "Obcina Zrece", "gns_id": 243894, "gns_name": "Zrece, Obcina", "gn_level": 1, "gn_region": null, "gn_a1_code": "SI.F3", "region_sub": null, "sub_code": null, "gns_level": 1, "gns_lang": "slv", "gns_adm1": "SI20", "gns_region": null, "min_label": 11, "max_label": 11, "min_zoom": 11, "wikidataid": "Q227163", "name_ar": "\u0632\u0631\u064a\u0633", "name_bn": "\u099c\u09c7\u09b0\u09bf\u09af\u09bc\u09c7 \u09aa\u09cc\u09b0\u09b8\u09ad\u09be", "name_de": "Zre\u010de", "name_en": "Zre\u010de", "name_es": "Municipalidad del Zre\u010de", "name_fr": "Zre\u010de", "name_el": "\u0396\u03c1\u03ad\u03c4\u03c3\u03b5", "name_hi": "\u091c\u093c\u0947\u0921\u0930\u0947\u0938 \u0928\u0917\u0930\u092a\u093e\u0932\u093f\u0915\u093e", "name_hu": "Zre\u010de k\u00f6zs\u00e9g", "name_id": "Zre\u010de", "name_it": "Zre\u010de", "name_ja": "\u30ba\u30ec\u30c1\u30a7", "name_ko": "\uc988\ub808\uccb4", "name_nl": "Zre\u010de", "name_pl": "Gmina Zre\u010de", "name_pt": "Zre\u010de", "name_ru": "\u0416\u0440\u0435\u0447\u0435", "name_sv": "Zrece", "name_tr": "Zrece Belediyesi", "name_vi": "Zre\u010de", "name_zh": "\u8332\u96f7\u5207", "ne_id": 1159310819, "name_he": "\u05d6\u05b0\u05e8\u05b6\u05e6\u05b6\u05d4", "name_uk": "\u0417\u0440\u0435\u0447\u0435", "name_ur": "\u0645\u06cc\u0648\u0646\u0633\u067e\u0644\u0679\u06cc", "name_fa": "\u0632\u0631\u0633\u06cc", "name_zht": "\u8332\u96f7\u5207", "FCLASS_ISO": null, "FCLASS_US": null, "FCLASS_FR": null, "FCLASS_RU": null, "FCLASS_ES": null, "FCLASS_CN": null, "FCLASS_TW": null, "FCLASS_IN": null, "FCLASS_NP": null, "FCLASS_PK": null, "FCLASS_DE": null, "FCLASS_GB": null, "FCLASS_BR": null, "FCLASS_IL": null, "FCLASS_PS": null, "FCLASS_SA": null, "FCLASS_EG": null, "FCLASS_MA": null, "FCLASS_PT": null, "FCLASS_AR": null, "FCLASS_JP": null, "FCLASS_KO": null, "FCLASS_VN": null, "FCLASS_TR": null, "FCLASS_ID": null, "FCLASS_PL": null, "FCLASS_GR": null, "FCLASS_IT": null, "FCLASS_NL": null, "FCLASS_SE": null, "FCLASS_BD": null, "FCLASS_UA": null, "FCLASS_TLC": null}, "bbox": [15.315686, 46.333968, 15.42524, 46.482176], "geometry": {"type": "Polygon", "coordinates": [[[15.331189, 46.365206], [15.35403, 46.383086], [15.356665, 46.388332], [15.35837, 46.397633], [15.35558, 46.402853], [15.348759, 46.40616], [15.34018, 46.411379], [15.325297, 46.429208], [15.324677, 46.435202], [15.326848, 46.439078], [15.331499, 46.441713], [15.33677, 46.443729], [15.336925, 46.445899], [15.334134, 46.446933], [15.324832, 46.451248], [15.327003, 46.458534], [15.324522, 46.463056], [15.317701, 46.469722], [15.315686, 46.482176], [15.335064, 46.477396], [15.338475, 46.465433], [15.345658, 46.459542], [15.352479, 46.452565], [15.368137, 46.447656], [15.38209, 46.440783], [15.398368, 46.437889], [15.422759, 46.424608], [15.416558, 46.417451], [15.414698, 46.412361], [15.412372, 46.407659], [15.409892, 46.405488], [15.409892, 46.402491], [15.415163, 46.397788], [15.419039, 46.393293], [15.417488, 46.390347], [15.414853, 46.38766], [15.409892, 46.383707], [15.409117, 46.38089], [15.42524, 46.371253], [15.412217, 46.354845], [15.407721, 46.354897], [15.401469, 46.356964], [15.393717, 46.358463], [15.388136, 46.356292], [15.38209, 46.351667], [15.368757, 46.333968], [15.349844, 46.341358], [15.338785, 46.349368], [15.336925, 46.358463], [15.331189, 46.365206]]]}}, {"type": "Feature", "properties": {"featurecla": "Admin-1 states provinces", "scalerank": 10, "adm1_code": "SVN-971", "diss_me": 971, "iso_3166_2": "SI-076", "wikipedia": null, "iso_a2": "SI", "adm0_sr": 1, "name": "Mislinja", "name_alt": null, "name_local": null, "type": "Opcine", "type_en": "Commune|Municipality", "code_local": null, "code_hasc": "SI.KO.MI", "note": null, "hasc_maybe": null, "region": "Koro\u0161ka", "region_cod": null, "provnum_ne": 118, "gadm_level": 2, "check_me": 0, "datarank": 8, "abbrev": null, "postal": "MI", "area_sqkm": 0, "sameascity": -99, "labelrank": 10, "name_len": 8, "mapcolor9": 2, "mapcolor13": 12, "fips": "SI76", "fips_alt": null, "woe_id": -55848389, "woe_label": null, "woe_name": null, "latitude": 46.4442, "longitude": 15.2253, "sov_a3": "SVN", "adm0_a3": "SVN", "adm0_label": 2, "admin": "Slovenia", "geonunit": "Slovenia", "gu_a3": "SVN", "gn_id": 3239207, "gn_name": "Obcina Mislinja", "gns_id": 243898, "gns_name": "Mislinja, Obcina", "gn_level": 1, "gn_region": null, "gn_a1_code": "SI.76", "region_sub": null, "sub_code": null, "gns_level": 1, "gns_lang": "slv", "gns_adm1": "SI76", "gns_region": null, "min_label": 11, "max_label": 11, "min_zoom": 11, "wikidataid": "Q1917707", "name_ar": "\u0645\u064a\u0633\u0644\u064a\u0646\u064a\u0627", "name_bn": "\u09ae\u09bf\u09b8\u09b2\u09bf\u099e\u09cd\u099c\u09be", "name_de": "Mislinja", "name_en": "Mislinja", "name_es": "Mislinja", "name_fr": "Mislinja", "name_el": "\u039c\u03b9\u03c3\u03bb\u03af\u03bd\u03c4\u03b6\u03b1", "name_hi": "\u092e\u093f\u0938\u094d\u0932\u093f\u0928\u094d\u092f\u093e", "name_hu": "Mislinja", "name_id": "Mislinja", "name_it": "Mislinja", "name_ja": "\u30df\u30b9\u30ea\u30cb\u30e3", "name_ko": "\ubbf8\uc2ac\ub9ac\ub0d0", "name_nl": "Mislinja", "name_pl": "Mislinja", "name_pt": "Mislinja", "name_ru": "\u041c\u0438\u0441\u043b\u0438\u043d\u044f", "name_sv": "Mislinja", "name_tr": "Mislinja", "name_vi": "Mislinja", "name_zh": "\u7c73\u65af\u5229\u5c3c\u4e9a", "ne_id": 1159310739, "name_he": "\u05de\u05d9\u05e1\u05e8\u05d0\u05d8\u05d4", "name_uk": "\u041c\u0438\u0441\u043b\u0438\u043d\u044f", "name_ur": "\u0645\u0633\u0644\u06cc\u0646\u062c\u0627", "name_fa": "\u0645\u06cc\u0633\u0644\u06cc\u0646\u062c\u0627", "name_zht": "\u7c73\u65af\u5229\u5c3c\u4e9a", "FCLASS_ISO": null, "FCLASS_US": null, "FCLASS_FR": null, "FCLASS_RU": null, "FCLASS_ES": null, "FCLASS_CN": null, "FCLASS_TW": null, "FCLASS_IN": null, "FCLASS_NP": null, "FCLASS_PK": null, "FCLASS_DE": null, "FCLASS_GB": null, "FCLASS_BR": null, "FCLASS_IL": null, "FCLASS_PS": null, "FCLASS_SA": null, "FCLASS_EG": null, "FCLASS_MA": null, "FCLASS_PT": null, "FCLASS_AR": null, "FCLASS_JP": null, "FCLASS_KO": null, "FCLASS_VN": null, "FCLASS_TR": null, "FCLASS_ID": null, "FCLASS_PL": null, "FCLASS_GR": null, "FCLASS_IT": null, "FCLASS_NL": null, "FCLASS_SE": null, "FCLASS_BD": null, "FCLASS_UA": null, "FCLASS_TLC": null}, "bbox": [15.123604, 46.388435, 15.327003, 46.510908], "geometry": {"type": "Polygon", "coordinates": [[[15.31212, 46.49246], [15.315686, 46.482176], [15.317701, 46.469722], [15.324522, 46.463056], [15.327003, 46.458534], [15.324832, 46.451248], [15.298012, 46.44993], [15.281062, 46.446726], [15.273466, 46.443289], [15.26711, 46.437269], [15.253932, 46.414066], [15.232487, 46.392517], [15.190319, 46.388435], [15.175849, 46.394016], [15.175539, 46.398098], [15.176159, 46.402362], [15.175539, 46.409106], [15.169958, 46.410914], [15.161742, 46.412516], [15.155075, 46.412775], [15.123604, 46.421999], [15.134922, 46.44391], [15.139727, 46.444659], [15.142673, 46.444375], [15.144533, 46.445124], [15.149494, 46.449723], [15.1512, 46.460239], [15.162207, 46.46781], [15.186133, 46.491865], [15.195745, 46.510908], [15.22272, 46.496955], [15.238274, 46.49463], [15.258428, 46.495586], [15.31212, 46.49246]]]}}, {"type": "Feature", "properties": {"featurecla": "Admin-1 states provinces", "scalerank": 10, "adm1_code": "SVN-1006", "diss_me": 1006, "iso_3166_2": "SI-05", "wikipedia": null, "iso_a2": "SI", "adm0_sr": 1, "name": "Zasavska", "name_alt": null, "name_local": null, "type": "Statisticna Regije", "type_en": "Statistical Region", "code_local": null, "code_hasc": "SI.ZS", "note": null, "hasc_maybe": null, "region": "Zasavska", "region_cod": null, "provnum_ne": 117, "gadm_level": 2, "check_me": 0, "datarank": 8, "abbrev": null, "postal": "ZS", "area_sqkm": 0, "sameascity": -99, "labelrank": 10, "name_len": 8, "mapcolor9": 2, "mapcolor13": 12, "fips": "SIE7", "fips_alt": null, "woe_id": 55848397, "woe_label": "Zagorje Ob Savi, SI, Slovenia", "woe_name": "Zasavska", "latitude": 46.1454, "longitude": 14.924, "sov_a3": "SVN", "adm0_a3": "SVN", "adm0_label": 2, "admin": "Slovenia", "geonunit": "Slovenia", "gu_a3": "SVN", "gn_id": 3186905, "gn_name": "Obcina Zagorje ob Savi", "gns_id": -101554, "gns_name": "Zagorje ob Savi, Obcina", "gn_level": 1, "gn_region": null, "gn_a1_code": "SI.E7", "region_sub": null, "sub_code": null, "gns_level": 1, "gns_lang": "ita", "gns_adm1": "SI01", "gns_region": null, "min_label": 11, "max_label": 11, "min_zoom": 11, "wikidataid": "Q13378328", "name_ar": "\u0632\u0627\u0633\u0627\u0641\u0633\u0643\u0627", "name_bn": "\u099c\u09be\u09b8\u09ad\u09b8\u09cd\u0995\u09be", "name_de": "Zagorje ob Savi", "name_en": "Zagorje ob Savi", "name_es": "Zasavska", "name_fr": "Zagorje ob Savi", "name_el": "\u0396\u03b1\u03c3\u03ac\u03b2\u03c3\u03ba\u03b1", "name_hi": "\u091c\u093c\u0938\u093e\u0935\u094d\u0938\u094d\u0915\u093e", "name_hu": "Zagorje ob Savi k\u00f6zs\u00e9g", "name_id": "Zagorje ob Savi", "name_it": "Sava Centrale", "name_ja": "\u30b6\u30b5\u30f4\u30b9\u30ab", "name_ko": "\uc790\uc0ac\ube0c\uc2a4\uce74", "name_nl": "Zagorje ob Savi", "name_pl": "Gmina Zagorje ob Savi", "name_pt": "Zagorje ob Savi", "name_ru": "\u0417\u0430\u0441\u0430\u0432\u0441\u043a\u0438\u0439 \u0440\u0435\u0433\u0438\u043e\u043d", "name_sv": "Zasavska", "name_tr": "Zasavska", "name_vi": "Zasavska", "name_zh": "\u85a9\u74e6\u6cb3\u7554\u624e\u6208\u5217\u93ae", "ne_id": 1159310815, "name_he": "\u05d6\u05e1\u05d1\u05e1\u05e7\u05d4", "name_uk": "\u0417\u0430\u0433\u043e\u0440\u0454-\u043e\u0431-\u0421\u0430\u0432\u0456", "name_ur": "\u0632\u0627\u0633\u0627\u0648\u0633\u06a9\u0627", "name_fa": "\u0632\u0627\u0633\u0627\u0648\u0633\u06a9\u0627", "name_zht": "\u85a9\u74e6\u6cb3\u7554\u624e\u6208\u5217\u93ae", "FCLASS_ISO": null, "FCLASS_US": null, "FCLASS_FR": null, "FCLASS_RU": null, "FCLASS_ES": null, "FCLASS_CN": null, "FCLASS_TW": null, "FCLASS_IN": null, "FCLASS_NP": null, "FCLASS_PK": null, "FCLASS_DE": null, "FCLASS_GB": null, "FCLASS_BR": null, "FCLASS_IL": null, "FCLASS_PS": null, "FCLASS_SA": null, "FCLASS_EG": null, "FCLASS_MA": null, "FCLASS_PT": null, "FCLASS_AR": null, "FCLASS_JP": null, "FCLASS_KO": null, "FCLASS_VN": null, "FCLASS_TR": null, "FCLASS_ID": null, "FCLASS_PL": null, "FCLASS_GR": null, "FCLASS_IT": null, "FCLASS_NL": null, "FCLASS_SE": null, "FCLASS_BD": null, "FCLASS_UA": null, "FCLASS_TLC": null}, "bbox": [14.816801, 46.092872, 15.031259, 46.210539], "geometry": {"type": "Polygon", "coordinates": [[[14.911318, 46.092872], [14.908062, 46.093569], [14.903411, 46.09574], [14.892352, 46.108865], [14.891732, 46.11362], [14.893127, 46.116979], [14.894058, 46.1215], [14.893903, 46.124678], [14.890492, 46.127779], [14.88181, 46.129226], [14.839332, 46.129588], [14.834785, 46.136977], [14.839642, 46.141422], [14.839436, 46.145246], [14.840573, 46.148966], [14.828429, 46.160284], [14.825018, 46.16602], [14.818197, 46.168758], [14.816801, 46.170515], [14.819902, 46.171911], [14.885686, 46.177285], [14.892662, 46.179249], [14.901706, 46.190979], [14.898915, 46.208678], [14.910077, 46.210539], [14.915348, 46.201366], [14.930076, 46.193666], [14.937363, 46.191858], [14.970745, 46.197775], [14.999891, 46.198989], [15.01281, 46.182194], [15.008314, 46.179249], [15.004387, 46.177208], [14.99276, 46.173254], [14.986403, 46.168758], [14.985938, 46.166795], [14.987799, 46.166485], [14.991209, 46.167906], [14.99524, 46.168681], [14.999116, 46.168061], [15.01343, 46.155917], [15.027073, 46.140181], [15.031104, 46.131345], [15.031259, 46.125919], [15.028623, 46.123542], [15.024437, 46.12057], [15.021957, 46.119304], [15.01467, 46.116669], [15.01312, 46.116565], [15.011725, 46.116694], [14.999891, 46.119097], [14.976172, 46.112199], [14.96842, 46.108659], [14.959118, 46.101114], [14.955553, 46.099099], [14.95147, 46.097393], [14.946974, 46.096179], [14.930696, 46.094034], [14.918449, 46.094086], [14.914573, 46.093647], [14.911318, 46.092872]]]}}, {"type": "Feature", "properties": {"featurecla": "Admin-1 states provinces", "scalerank": 10, "adm1_code": "SVN-961", "diss_me": 961, "iso_3166_2": "SI-060", "wikipedia": null, "iso_a2": "SI", "adm0_sr": 1, "name": "Litija", "name_alt": null, "name_local": null, "type": "Opcine", "type_en": "Commune|Municipality", "code_local": null, "code_hasc": "SI.LJ.LI", "note": null, "hasc_maybe": null, "region": "Osrednjeslovenska", "region_cod": null, "provnum_ne": 194, "gadm_level": 2, "check_me": 0, "datarank": 8, "abbrev": null, "postal": "LI", "area_sqkm": 0, "sameascity": -99, "labelrank": 10, "name_len": 6, "mapcolor9": 2, "mapcolor13": 12, "fips": "SII5", "fips_alt": null, "woe_id": 55848363, "woe_label": "Litija, SI, Slovenia", "woe_name": "Litija", "latitude": 46.0752, "longitude": 14.9182, "sov_a3": "SVN", "adm0_a3": "SVN", "adm0_label": 2, "admin": "Slovenia", "geonunit": "Slovenia", "gu_a3": "SVN", "gn_id": 3196424, "gn_name": "Obcina Litija", "gns_id": -87159, "gns_name": "Litija, Obcina", "gn_level": 1, "gn_region": null, "gn_a1_code": "SI.I5", "region_sub": null, "sub_code": null, "gns_level": 1, "gns_lang": "sqi", "gns_adm1": "SI64", "gns_region": null, "min_label": 11, "max_label": 11, "min_zoom": 11, "wikidataid": "Q15891", "name_ar": "\u0644\u064a\u062a\u064a\u062c\u0627", "name_bn": "\u09b2\u09bf\u09a4\u09bf\u099c\u09be \u09aa\u09cc\u09b0\u09b8\u09ad\u09be", "name_de": "Litija", "name_en": "Litija", "name_es": "Litija", "name_fr": "Litija", "name_el": "\u039b\u03af\u03c4\u03b9\u03c4\u03b6\u03b1", "name_hi": "\u0932\u093f\u0924\u093f\u091c\u093e \u092e\u0939\u093e\u0928\u0917\u0930\u092a\u093e\u0932\u093f\u0915\u093e", "name_hu": "Litija", "name_id": "Litija", "name_it": "Litija", "name_ja": "\u30ea\u30c6\u30a3\u30e4", "name_ko": "\ub9ac\ud2f0\uc57c", "name_nl": "Litija", "name_pl": "Gmina Litija", "name_pt": "Litija", "name_ru": "\u041b\u0438\u0442\u0438\u044f", "name_sv": "Litjia", "name_tr": "Litija Belediyesi", "name_vi": "Litija", "name_zh": "\u5229\u8482\u4e9a", "ne_id": 1159317881, "name_he": "\u05dc\u05d9\u05d8\u05d9\u05d4", "name_uk": "\u041b\u0438\u0442\u0456\u044f", "name_ur": "\u0644\u06cc\u062a\u06cc\u062c\u0627 \u0645\u06cc\u0648\u0646\u0633\u067e\u0644\u0679\u06cc", "name_fa": "\u0644\u06cc\u062a\u06cc\u06cc\u0627", "name_zht": "\u5229\u8482\u4e9e", "FCLASS_ISO": null, "FCLASS_US": null, "FCLASS_FR": null, "FCLASS_RU": null, "FCLASS_ES": null, "FCLASS_CN": null, "FCLASS_TW": null, "FCLASS_IN": null, "FCLASS_NP": null, "FCLASS_PK": null, "FCLASS_DE": null, "FCLASS_GB": null, "FCLASS_BR": null, "FCLASS_IL": null, "FCLASS_PS": null, "FCLASS_SA": null, "FCLASS_EG": null, "FCLASS_MA": null, "FCLASS_PT": null, "FCLASS_AR": null, "FCLASS_JP": null, "FCLASS_KO": null, "FCLASS_VN": null, "FCLASS_TR": null, "FCLASS_ID": null, "FCLASS_PL": null, "FCLASS_GR": null, "FCLASS_IT": null, "FCLASS_NL": null, "FCLASS_SE": null, "FCLASS_BD": null, "FCLASS_UA": null, "FCLASS_TLC": null}, "bbox": [14.712363, 45.96443, 15.116111, 46.136977], "geometry": {"type": "Polygon", "coordinates": [[[14.834785, 46.136977], [14.839332, 46.129588], [14.88181, 46.129226], [14.890492, 46.127779], [14.893903, 46.124678], [14.894058, 46.1215], [14.893127, 46.116979], [14.891732, 46.11362], [14.892352, 46.108865], [14.903411, 46.09574], [14.908062, 46.093569], [14.911318, 46.092872], [14.914573, 46.093647], [14.918449, 46.094086], [14.930696, 46.094034], [14.946974, 46.096179], [14.95147, 46.097393], [14.955553, 46.099099], [14.959118, 46.101114], [14.96842, 46.108659], [14.976172, 46.112199], [14.999891, 46.119097], [15.004697, 46.098944], [15.001906, 46.093311], [14.997721, 46.088298], [14.99307, 46.085275], [14.99338, 46.08127], [14.99524, 46.075431], [14.99679, 46.068093], [15.001596, 46.061582], [15.002371, 46.056362], [15.016841, 46.053468], [15.026763, 46.054399], [15.071463, 46.064708], [15.075029, 46.053468], [15.078284, 46.048507], [15.094097, 46.040291], [15.093322, 46.030731], [15.116111, 46.004195], [15.102314, 46.00497], [15.100298, 46.006443], [15.097198, 46.006908], [15.089291, 46.006339], [15.079214, 46.001275], [15.054823, 46.002154], [15.04056, 46.000552], [15.037925, 45.993885], [15.036685, 45.985721], [15.032189, 45.977452], [15.024127, 45.970218], [14.999891, 45.96443], [14.982218, 45.972466], [14.968265, 45.974636], [14.954467, 45.975075], [14.949933, 45.99391], [14.93589, 46.0183], [14.912977, 46.033082], [14.889326, 46.054517], [14.865674, 46.070038], [14.84424, 46.072995], [14.805806, 46.059691], [14.751851, 46.066343], [14.736134, 46.065612], [14.725231, 46.069488], [14.72337, 46.073364], [14.712363, 46.079307], [14.744661, 46.09052], [14.749932, 46.093156], [14.753963, 46.100184], [14.806259, 46.115454], [14.834785, 46.136977]]]}}, {"type": "Feature", "properties": {"featurecla": "Admin-1 states provinces", "scalerank": 10, "adm1_code": "SVN-949", "diss_me": 949, "iso_3166_2": "SI-030", "wikipedia": null, "iso_a2": "SI", "adm0_sr": 1, "name": "Gornji Grad", "name_alt": null, "name_local": null, "type": "Opcine", "type_en": "Commune|Municipality", "code_local": null, "code_hasc": "SI.SA.GG", "note": null, "hasc_maybe": null, "region": "Savinjska", "region_cod": null, "provnum_ne": 116, "gadm_level": 2, "check_me": 0, "datarank": 8, "abbrev": null, "postal": "GG", "area_sqkm": 0, "sameascity": -99, "labelrank": 10, "name_len": 11, "mapcolor9": 2, "mapcolor13": 12, "fips": "SI30", "fips_alt": null, "woe_id": -55848369, "woe_label": null, "woe_name": null, "latitude": 46.2972, "longitude": 14.7905, "sov_a3": "SVN", "adm0_a3": "SVN", "adm0_label": 2, "admin": "Slovenia", "geonunit": "Slovenia", "gu_a3": "SVN", "gn_id": 3239133, "gn_name": "Obcina Gornji Grad", "gns_id": 243737, "gns_name": "Gornji Grad, Obcina", "gn_level": 1, "gn_region": null, "gn_a1_code": "SI.30", "region_sub": null, "sub_code": null, "gns_level": 1, "gns_lang": "slv", "gns_adm1": "SI30", "gns_region": null, "min_label": 11, "max_label": 11, "min_zoom": 11, "wikidataid": "Q726548", "name_ar": "\u0628\u0644\u062f\u064a\u0629 \u063a\u0648\u0631\u0646\u064a \u063a\u0631\u0627\u062f", "name_bn": "\u0997\u09b0\u09cd\u09a8\u099c\u09bf \u0997\u09cd\u09b0\u09be\u09a6 \u09aa\u09cc\u09b0\u09b8\u09ad\u09be", "name_de": "Gornji Grad", "name_en": "Gornji Grad", "name_es": "Municipalidad del Gornji Grad", "name_fr": "Gornji Grad", "name_el": "\u0393\u03ba\u03cc\u03c1\u03bd\u03c4\u03b6\u03b9 \u0393\u03ba\u03c1\u03ac\u03bd\u03c4", "name_hi": "\u0917\u094b\u0930\u094d\u0928\u094d\u091c\u0940 \u0917\u094d\u0930\u0948\u0921 \u0928\u0917\u0930 \u092a\u093e\u0932\u093f\u0915\u093e", "name_hu": "Gornji Grad", "name_id": "Gornji Grad", "name_it": "Gornji Grad", "name_ja": "\u30b4\u30eb\u30cb\u30fb\u30b0\u30e9\u30fc\u30c9", "name_ko": "\uace0\ub974\ub2c8\uadf8\ub77c\ub4dc", "name_nl": "Gornji Grad", "name_pl": "Gmina Gornji Grad", "name_pt": "Gornji Grad", "name_ru": "\u0413\u043e\u0440\u043d\u0438\u0439 \u0413\u0440\u0430\u0434", "name_sv": "Gornij Grand", "name_tr": "Gornji Grad Belediyesi", "name_vi": "\u0110\u00f4 th\u1ecb t\u1ef1 tr\u1ecb Gornji Grad", "name_zh": "\u6208\u5c14\u5c3c\u683c\u52d2", "ne_id": 1159310689, "name_he": "\u05d2\u05d5\u05e8\u05e0\u05d9 \u05d2\u05e8\u05d0\u05d3", "name_uk": "\u0413\u043e\u0440\u043d\u0456\u0439 \u0413\u0440\u0430\u0434", "name_ur": "\u062c\u0648\u0631\u0646\u062c\u06cc \u06af\u0631\u0627\u0688 \u0645\u06cc\u0648\u0646\u0633\u067e\u0644\u0679\u06cc", "name_fa": "\u06af\u0648\u0631\u0646\u062c\u06cc \u06af\u0631\u0627\u062f", "name_zht": "\u6208\u723e\u5c3c\u683c\u52d2", "FCLASS_ISO": null, "FCLASS_US": null, "FCLASS_FR": null, "FCLASS_RU": null, "FCLASS_ES": null, "FCLASS_CN": null, "FCLASS_TW": null, "FCLASS_IN": null, "FCLASS_NP": null, "FCLASS_PK": null, "FCLASS_DE": null, "FCLASS_GB": null, "FCLASS_BR": null, "FCLASS_IL": null, "FCLASS_PS": null, "FCLASS_SA": null, "FCLASS_EG": null, "FCLASS_MA": null, "FCLASS_PT": null, "FCLASS_AR": null, "FCLASS_JP": null, "FCLASS_KO": null, "FCLASS_VN": null, "FCLASS_TR": null, "FCLASS_ID": null, "FCLASS_PL": null, "FCLASS_GR": null, "FCLASS_IT": null, "FCLASS_NL": null, "FCLASS_SE": null, "FCLASS_BD": null, "FCLASS_UA": null, "FCLASS_TLC": null}, "bbox": [14.703992, 46.252862, 14.877004, 46.343373], "geometry": {"type": "Polygon", "coordinates": [[[14.797578, 46.343373], [14.800833, 46.340996], [14.8106, 46.337069], [14.848014, 46.316088], [14.866928, 46.315545], [14.877004, 46.300998], [14.871888, 46.288234], [14.862122, 46.27901], [14.857471, 46.268752], [14.854835, 46.252862], [14.81122, 46.254386], [14.788741, 46.253017], [14.753033, 46.254335], [14.714069, 46.263068], [14.703992, 46.269786], [14.705697, 46.286917], [14.731329, 46.310765], [14.780783, 46.338516], [14.797578, 46.343373]]]}}, {"type": "Feature", "properties": {"featurecla": "Admin-1 states provinces", "scalerank": 10, "adm1_code": "SVN-943", "diss_me": 943, "iso_3166_2": "SI-013", "wikipedia": null, "iso_a2": "SI", "adm0_sr": 1, "name": "Cerknica", "name_alt": null, "name_local": null, "type": "Opcine", "type_en": "Commune|Municipality", "code_local": null, "code_hasc": "SI.NO.CE", "note": null, "hasc_maybe": null, "region": "Notranjsko-kra\u0161ka", "region_cod": null, "provnum_ne": 115, "gadm_level": 2, "check_me": 0, "datarank": 8, "abbrev": null, "postal": "CE", "area_sqkm": 0, "sameascity": -99, "labelrank": 10, "name_len": 8, "mapcolor9": 2, "mapcolor13": 12, "fips": "SI13", "fips_alt": null, "woe_id": 55848344, "woe_label": "Cerknica, SI, Slovenia", "woe_name": "Cerknica", "latitude": 45.7886, "longitude": 14.3817, "sov_a3": "SVN", "adm0_a3": "SVN", "adm0_label": 2, "admin": "Slovenia", "geonunit": "Slovenia", "gu_a3": "SVN", "gn_id": 3202707, "gn_name": "Obcina Cerknica", "gns_id": -77247, "gns_name": "Cerknica, Obcina", "gn_level": 1, "gn_region": null, "gn_a1_code": "SI.13", "region_sub": null, "sub_code": null, "gns_level": 1, "gns_lang": "srp", "gns_adm1": "SI13", "gns_region": null, "min_label": 11, "max_label": 11, "min_zoom": 11, "wikidataid": "Q13107298", "name_ar": "\u0628\u0644\u062f\u064a\u0629 \u062a\u0633\u0631\u0643\u0646\u064a\u062a\u0633\u0627", "name_bn": "\u09b8\u09c7\u09b0\u09cd\u0995\u09a8\u09bf\u0995\u09be \u09aa\u09cc\u09b0\u09b8\u09ad\u09be", "name_de": "Gemeinde Cerknica", "name_en": "Cerknica", "name_es": "Municipalidad del Cerknica", "name_fr": "Cerknica", "name_el": "\u039a\u03b5\u03c1\u03ba\u03bd\u03af\u03ba\u03b1", "name_hi": "\u091a\u0947\u0930\u094d\u0915\u0928\u093f\u0915\u093e \u0928\u0917\u0930\u092a\u093e\u0932\u093f\u0915\u093e", "name_hu": "Cerknica k\u00f6zs\u00e9g", "name_id": "Cerknica", "name_it": "Circonio", "name_ja": "\u30c4\u30a7\u30eb\u30af\u30cb\u30c4\u30a1", "name_ko": "\uccb4\ub974\ud06c\ub2c8\ucc28 \uc9c0\ubc29 \uc790\uce58\uc81c", "name_nl": "Cerknica", "name_pl": "Gmina Cerknica", "name_pt": "Cerknica", "name_ru": "\u0426\u0435\u0440\u043a\u043d\u0438\u0446\u0430", "name_sv": "Cerknica", "name_tr": "Cerknica Belediyesi", "name_vi": "\u0110\u00f4 th\u1ecb t\u1ef1 tr\u1ecb Cerknica", "name_zh": "\u91c7\u723e\u514b\u5c3c\u5bdf\u93ae", "ne_id": 1159310677, "name_he": "\u05e6\u05e8\u05e7\u05e0\u05d9\u05e7\u05d4", "name_uk": "\u0426\u0435\u0440\u043a\u043d\u0438\u0446\u044f", "name_ur": "\u0628\u0644\u062f\u06cc\u06c1 \u062a\u0633\u06cc\u0631\u06a9\u0646\u06cc\u062a\u0633\u0627", "name_fa": "\u0633\u0631\u06a9\u0646\u06cc\u06a9\u0627", "name_zht": "\u91c7\u723e\u514b\u5c3c\u5bdf\u93ae", "FCLASS_ISO": null, "FCLASS_US": null, "FCLASS_FR": null, "FCLASS_RU": null, "FCLASS_ES": null, "FCLASS_CN": null, "FCLASS_TW": null, "FCLASS_IN": null, "FCLASS_NP": null, "FCLASS_PK": null, "FCLASS_DE": null, "FCLASS_GB": null, "FCLASS_BR": null, "FCLASS_IL": null, "FCLASS_PS": null, "FCLASS_SA": null, "FCLASS_EG": null, "FCLASS_MA": null, "FCLASS_PT": null, "FCLASS_AR": null, "FCLASS_JP": null, "FCLASS_KO": null, "FCLASS_VN": null, "FCLASS_TR": null, "FCLASS_ID": null, "FCLASS_PL": null, "FCLASS_GR": null, "FCLASS_IT": null, "FCLASS_NL": null, "FCLASS_SE": null, "FCLASS_BD": null, "FCLASS_UA": null, "FCLASS_TLC": null}, "bbox": [14.258334, 45.707495, 14.505089, 45.89123], "geometry": {"type": "Polygon", "coordinates": [[[14.435843, 45.862937], [14.442199, 45.863454], [14.490155, 45.880869], [14.498216, 45.870353], [14.496201, 45.862162], [14.497131, 45.851827], [14.505089, 45.840768], [14.4931, 45.835549], [14.483488, 45.832887], [14.457133, 45.817204], [14.450622, 45.811778], [14.446281, 45.806868], [14.442199, 45.800486], [14.442199, 45.795758], [14.446591, 45.789247], [14.46349, 45.775449], [14.481318, 45.765656], [14.486589, 45.76408], [14.490155, 45.75961], [14.49248, 45.755709], [14.478372, 45.747854], [14.410573, 45.710078], [14.386182, 45.707495], [14.327684, 45.739818], [14.323188, 45.754107], [14.299314, 45.757259], [14.287531, 45.762892], [14.269496, 45.776328], [14.258334, 45.79059], [14.259419, 45.801442], [14.279263, 45.837228], [14.276473, 45.846117], [14.299159, 45.885727], [14.30939, 45.89123], [14.325669, 45.887329], [14.364788, 45.867485], [14.37626, 45.87149], [14.384631, 45.865056], [14.388817, 45.862989], [14.393055, 45.860405], [14.399876, 45.861206], [14.406077, 45.867381], [14.417549, 45.870895], [14.435843, 45.862937]]]}}, {"type": "Feature", "properties": {"featurecla": "Admin-1 states provinces", "scalerank": 10, "adm1_code": "SVN-1000", "diss_me": 1000, "iso_3166_2": "SI-134", "wikipedia": null, "iso_a2": "SI", "adm0_sr": 1, "name": "Velike La\u0161\u010de", "name_alt": null, "name_local": null, "type": "Opcine", "type_en": "Commune|Municipality", "code_local": null, "code_hasc": "SI.LJ.VL", "note": null, "hasc_maybe": null, "region": "Osrednjeslovenska", "region_cod": null, "provnum_ne": 195, "gadm_level": 2, "check_me": 10, "datarank": 8, "abbrev": null, "postal": "VL", "area_sqkm": 0, "sameascity": -99, "labelrank": 10, "name_len": 12, "mapcolor9": 2, "mapcolor13": 12, "fips": "SID4", "fips_alt": "SID8", "woe_id": -55848364, "woe_label": null, "woe_name": null, "latitude": 45.8446, "longitude": 14.5889, "sov_a3": "SVN", "adm0_a3": "SVN", "adm0_label": 2, "admin": "Slovenia", "geonunit": "Slovenia", "gu_a3": "SVN", "gn_id": 3239062, "gn_name": "Obcina Velike Lasce", "gns_id": 243451, "gns_name": "Velike Lasce, Obcina", "gn_level": 1, "gn_region": null, "gn_a1_code": "SI.D8", "region_sub": null, "sub_code": null, "gns_level": 1, "gns_lang": "div", "gns_adm1": "SI88", "gns_region": null, "min_label": 11, "max_label": 11, "min_zoom": 11, "wikidataid": "Q13378281", "name_ar": "\u0628\u0644\u062f\u064a\u0629 \u0641\u064a\u0644\u064a\u0643 \u0644\u0627\u0633\u062a\u0634", "name_bn": "\u09ad\u09c7\u09b2\u09bf\u0995\u09be \u09b2\u09be\u09b8\u09c7 \u09aa\u09cc\u09b0\u09b8\u09ad\u09be", "name_de": "Gemeinde Velike La\u0161\u010de", "name_en": "Velike La\u0161\u010de", "name_es": "Velike La\u0161\u010de", "name_fr": "Velike La\u0161\u010de", "name_el": "\u0392\u03b5\u03bb\u03af\u03ba\u03b5 \u039b\u03ac\u03c3\u03ba\u03b5", "name_hi": "\u0935\u0947\u0932\u093f\u0915\u0947 \u0932\u093e\u0938\u0947 \u0928\u0917\u0930\u092a\u093e\u0932\u093f\u0915\u093e", "name_hu": "Velike La\u0161\u010de", "name_id": "Velike La\u0161\u010de", "name_it": "Velike La\u0161\u010de", "name_ja": "\u30f4\u30a7\u30ea\u30b1\u30fb\u30e9\u30b7\u30c1\u30a7", "name_ko": "\ubca8\ub9ac\ucf00\ub77c\uc288\uccb4 \uc9c0\ubc29 \uc790\uce58\uc81c", "name_nl": "Velike La\u0161\u010de", "name_pl": "Gmina Velike La\u0161\u010de", "name_pt": "Velike Lasce Kommune", "name_ru": "\u0412\u0435\u043b\u0438\u043a\u0435-\u041b\u0430\u0448\u0447\u0435", "name_sv": "Velike Lasce", "name_tr": "Velike Lasce Belediyesi", "name_vi": "\u0110\u00f4 th\u1ecb t\u1ef1 tr\u1ecb Velike Lasce", "name_zh": "\u97cb\u5229\u514b\u62c9\u4ec0\u5207", "ne_id": 1159310803, "name_he": "\u05d5\u05dc\u05d9\u05e7\u05d4 \u05dc\u05d0\u05e9\u05e6'\u05d4", "name_uk": "\u0412\u0435\u043b\u0438\u043a\u0435 \u041b\u0430\u0449\u0435", "name_ur": "\u0648\u06cc\u0644\u06cc\u06a9\u06cc \u0644\u0627\u0633\u06a9\u06cc \u0645\u06cc\u0648\u0646\u0633\u067e\u0644\u0679\u06cc", "name_fa": "\u0648\u0644\u06cc\u06a9\u0647 \u0644\u0634\u0686\u0647", "name_zht": "\u97cb\u5229\u514b\u62c9\u4ec0\u5207", "FCLASS_ISO": null, "FCLASS_US": null, "FCLASS_FR": null, "FCLASS_RU": null, "FCLASS_ES": null, "FCLASS_CN": null, "FCLASS_TW": null, "FCLASS_IN": null, "FCLASS_NP": null, "FCLASS_PK": null, "FCLASS_DE": null, "FCLASS_GB": null, "FCLASS_BR": null, "FCLASS_IL": null, "FCLASS_PS": null, "FCLASS_SA": null, "FCLASS_EG": null, "FCLASS_MA": null, "FCLASS_PT": null, "FCLASS_AR": null, "FCLASS_JP": null, "FCLASS_KO": null, "FCLASS_VN": null, "FCLASS_TR": null, "FCLASS_ID": null, "FCLASS_PL": null, "FCLASS_GR": null, "FCLASS_IT": null, "FCLASS_NL": null, "FCLASS_SE": null, "FCLASS_BD": null, "FCLASS_UA": null, "FCLASS_TLC": null}, "bbox": [14.490155, 45.790074, 14.687714, 45.908878], "geometry": {"type": "Polygon", "coordinates": [[[14.505089, 45.840768], [14.497131, 45.851827], [14.496201, 45.862162], [14.498216, 45.870353], [14.490155, 45.880869], [14.50788, 45.884538], [14.530669, 45.87875], [14.542606, 45.872575], [14.549738, 45.87043], [14.554854, 45.867847], [14.561727, 45.867278], [14.570098, 45.867562], [14.58126, 45.874513], [14.586531, 45.882316], [14.585291, 45.896269], [14.591647, 45.894951], [14.593818, 45.897044], [14.594593, 45.901643], [14.600949, 45.908878], [14.62162, 45.894563], [14.62596, 45.886243], [14.640223, 45.874771], [14.640223, 45.862756], [14.639138, 45.858726], [14.636967, 45.853894], [14.638828, 45.849346], [14.645184, 45.848571], [14.651695, 45.846427], [14.669213, 45.837306], [14.687714, 45.817979], [14.670454, 45.814181], [14.654486, 45.805163], [14.627821, 45.798342], [14.586996, 45.793433], [14.564207, 45.790074], [14.529584, 45.812915], [14.505089, 45.840768]]]}}, {"type": "Feature", "properties": {"featurecla": "Admin-1 states provinces", "scalerank": 10, "adm1_code": "SVN-937", "diss_me": 937, "iso_3166_2": "SI-005", "wikipedia": null, "iso_a2": "SI", "adm0_sr": 1, "name": "Borovnica", "name_alt": null, "name_local": null, "type": "Opcine", "type_en": "Commune|Municipality", "code_local": null, "code_hasc": "SI.LJ.BO", "note": null, "hasc_maybe": null, "region": "Osrednjeslovenska", "region_cod": null, "provnum_ne": 178, "gadm_level": 2, "check_me": 0, "datarank": 8, "abbrev": null, "postal": "BO", "area_sqkm": 0, "sameascity": -99, "labelrank": 10, "name_len": 9, "mapcolor9": 2, "mapcolor13": 12, "fips": "SI05", "fips_alt": null, "woe_id": -55848396, "woe_label": null, "woe_name": null, "latitude": 45.9095, "longitude": 14.3756, "sov_a3": "SVN", "adm0_a3": "SVN", "adm0_label": 2, "admin": "Slovenia", "geonunit": "Slovenia", "gu_a3": "SVN", "gn_id": 3239073, "gn_name": "Obcina Borovnica", "gns_id": 243465, "gns_name": "Borovnica, Obcina", "gn_level": 1, "gn_region": null, "gn_a1_code": "SI.05", "region_sub": null, "sub_code": null, "gns_level": 1, "gns_lang": "div", "gns_adm1": "SI05", "gns_region": null, "min_label": 11, "max_label": 11, "min_zoom": 11, "wikidataid": "Q13377747", "name_ar": "\u0628\u0644\u062f\u064a\u0629 \u0628\u0648\u0631\u0648\u0641\u0646\u064a\u0643\u0627", "name_bn": "\u09ac\u09cb\u09b0\u09cb\u09ad\u09a8\u09bf\u0995\u09be \u09aa\u09cc\u09b0\u09b8\u09ad\u09be", "name_de": "Gemeinde Borovnica", "name_en": "Borovnica", "name_es": "Municipalidad del Borovnica", "name_fr": "Municipalit\u00e9 de Borovnica", "name_el": "\u039c\u03c0\u03bf\u03c1\u03bf\u03b2\u03bd\u03af\u03ba\u03b1", "name_hi": "\u092c\u094b\u0930\u094b\u0935\u094d\u0928\u093f\u0915\u093e \u0928\u0917\u0930 \u092a\u093e\u0932\u093f\u0915\u093e", "name_hu": "Borovnica", "name_id": "Borovnica", "name_it": "Borovnica", "name_ja": "\u30dc\u30ed\u30f4\u30cb\u30c4\u30a1", "name_ko": "\ubcf4\ub85c\ube0c\ub2c8\ucc28 \uc9c0\ubc29 \uc790\uce58\uc81c", "name_nl": "Borovnica", "name_pl": "Gmina Borovnica", "name_pt": "Borovnica", "name_ru": "\u0411\u043e\u0440\u043e\u0432\u043d\u0438\u0446\u0430", "name_sv": "Borovnica", "name_tr": "Borovnica Belediyesi", "name_vi": "\u0110\u00f4 th\u1ecb t\u1ef1 tr\u1ecb Borovnica", "name_zh": "\u535a\u7f85\u592b\u5c3c\u5bdf\u93ae", "ne_id": 1159310663, "name_he": "\u05d1\u05d5\u05e8\u05d5\u05d1\u05e0\u05d9\u05e6\u05d4", "name_uk": "\u0411\u043e\u0440\u043e\u0432\u043d\u0438\u0446\u044f", "name_ur": "\u0628\u0644\u062f\u06cc\u06c1 \u0628\u0648\u0631\u0648\u0648\u0646\u06cc\u062a\u0633\u0627", "name_fa": "\u0628\u0631\u0648\u0648\u0646\u06cc\u06a9\u0627", "name_zht": "\u535a\u7f85\u592b\u5c3c\u5bdf\u93ae", "FCLASS_ISO": null, "FCLASS_US": null, "FCLASS_FR": null, "FCLASS_RU": null, "FCLASS_ES": null, "FCLASS_CN": null, "FCLASS_TW": null, "FCLASS_IN": null, "FCLASS_NP": null, "FCLASS_PK": null, "FCLASS_DE": null, "FCLASS_GB": null, "FCLASS_BR": null, "FCLASS_IL": null, "FCLASS_PS": null, "FCLASS_SA": null, "FCLASS_EG": null, "FCLASS_MA": null, "FCLASS_PT": null, "FCLASS_AR": null, "FCLASS_JP": null, "FCLASS_KO": null, "FCLASS_VN": null, "FCLASS_TR": null, "FCLASS_ID": null, "FCLASS_PL": null, "FCLASS_GR": null, "FCLASS_IT": null, "FCLASS_NL": null, "FCLASS_SE": null, "FCLASS_BD": null, "FCLASS_UA": null, "FCLASS_TLC": null}, "bbox": [14.33373, 45.860405, 14.417549, 45.965463], "geometry": {"type": "Polygon", "coordinates": [[[14.393055, 45.860405], [14.388817, 45.862989], [14.384631, 45.865056], [14.37626, 45.87149], [14.363857, 45.882316], [14.357501, 45.889215], [14.337502, 45.925517], [14.33435, 45.934354], [14.33373, 45.943294], [14.337813, 45.954766], [14.341688, 45.957919], [14.344169, 45.961123], [14.365563, 45.965463], [14.370059, 45.951976], [14.384166, 45.939315], [14.391918, 45.933734], [14.401581, 45.929187], [14.406852, 45.929238], [14.412743, 45.926215], [14.414759, 45.922624], [14.411658, 45.909704], [14.409953, 45.898956], [14.407007, 45.891618], [14.417549, 45.870895], [14.406077, 45.867381], [14.399876, 45.861206], [14.393055, 45.860405]]]}}, {"type": "Feature", "properties": {"featurecla": "Admin-1 states provinces", "scalerank": 10, "adm1_code": "SVN-978", "diss_me": 978, "iso_3166_2": "SI-094", "wikipedia": null, "iso_a2": "SI", "adm0_sr": 1, "name": "Postojna", "name_alt": null, "name_local": null, "type": "Opcine", "type_en": "Commune|Municipality", "code_local": null, "code_hasc": "SI.SP.PO", "note": null, "hasc_maybe": "SI.NO", "region": "Notranjsko-kra\u0161ka", "region_cod": null, "provnum_ne": 175, "gadm_level": 2, "check_me": 10, "datarank": 8, "abbrev": null, "postal": "PO", "area_sqkm": 0, "sameascity": -99, "labelrank": 10, "name_len": 8, "mapcolor9": 2, "mapcolor13": 12, "fips": "SI94", "fips_alt": null, "woe_id": 55848376, "woe_label": "Postojna, SI, Slovenia", "woe_name": "Postojna", "latitude": 45.7924, "longitude": 14.1802, "sov_a3": "SVN", "adm0_a3": "SVN", "adm0_label": 2, "admin": "Slovenia", "geonunit": "Slovenia", "gu_a3": "SVN", "gn_id": 3192672, "gn_name": "Obcina Postojna", "gns_id": -92807, "gns_name": "Postojna, Obcina", "gn_level": 1, "gn_region": null, "gn_a1_code": "SI.94", "region_sub": null, "sub_code": null, "gns_level": 1, "gns_lang": "srp", "gns_adm1": "SI94", "gns_region": null, "min_label": 11, "max_label": 11, "min_zoom": 11, "wikidataid": "Q2242799", "name_ar": "\u0628\u0644\u062f\u064a\u0629 \u0628\u0648\u0633\u062a\u0648\u064a\u0646\u0627", "name_bn": "\u09aa\u09b8\u09cd\u09a4\u09cb\u09a8\u09be \u09aa\u09cc\u09b0\u09b8\u09ad\u09be", "name_de": "Gemeinde Postojna", "name_en": "Postojna", "name_es": "Municipalidad del Postojina", "name_fr": "Municipalit\u00e9 de Postojna", "name_el": "\u03a0\u03bf\u03c3\u03c4\u03bf\u03c4\u03b6\u03bd\u03ac", "name_hi": "\u092a\u094b\u0938\u094d\u091f\u094b\u092f\u0928\u093e \u0928\u0917\u0930 \u092a\u093e\u0932\u093f\u0915\u093e", "name_hu": "Postojna", "name_id": "Postojna", "name_it": "Postumia", "name_ja": "\u30dd\u30b9\u30c8\u30a4\u30ca", "name_ko": "\ud3ec\uc2a4\ud1a0\uc774\ub098 \uc9c0\ubc29 \uc790\uce58\uc81c", "name_nl": "Postojna", "name_pl": "Gmina Postojna", "name_pt": "Postojna", "name_ru": "\u041f\u043e\u0441\u0442\u043e\u0439\u043d\u0430", "name_sv": "Postojna", "name_tr": "Postojna Belediyesi", "name_vi": "\u0110\u00f4 th\u1ecb t\u1ef1 tr\u1ecb Postojna", "name_zh": "\u6ce2\u65af\u6258\u4f0a\u7d0d\u93ae", "ne_id": 1159310755, "name_he": "\u05e4\u05d5\u05e1\u05d8\u05d5\u05d9\u05e0\u05d4", "name_uk": "\u041f\u043e\u0441\u0442\u043e\u0439\u043d\u0430", "name_ur": "\u067e\u0648\u0633\u062a\u0648\u062c\u0646\u0627 \u0645\u06cc\u0648\u0646\u0633\u067e\u0644\u0679\u06cc", "name_fa": "\u067e\u0648\u0633\u062a\u0648\u062c\u0646\u0627", "name_zht": "\u6ce2\u65af\u6258\u4f0a\u7d0d\u93ae", "FCLASS_ISO": null, "FCLASS_US": null, "FCLASS_FR": null, "FCLASS_RU": null, "FCLASS_ES": null, "FCLASS_CN": null, "FCLASS_TW": null, "FCLASS_IN": null, "FCLASS_NP": null, "FCLASS_PK": null, "FCLASS_DE": null, "FCLASS_GB": null, "FCLASS_BR": null, "FCLASS_IL": null, "FCLASS_PS": null, "FCLASS_SA": null, "FCLASS_EG": null, "FCLASS_MA": null, "FCLASS_PT": null, "FCLASS_AR": null, "FCLASS_JP": null, "FCLASS_KO": null, "FCLASS_VN": null, "FCLASS_TR": null, "FCLASS_ID": null, "FCLASS_PL": null, "FCLASS_GR": null, "FCLASS_IT": null, "FCLASS_NL": null, "FCLASS_SE": null, "FCLASS_BD": null, "FCLASS_UA": null, "FCLASS_TLC": null}, "bbox": [14.037211, 45.703619, 14.323188, 45.875495], "geometry": {"type": "Polygon", "coordinates": [[[14.276473, 45.846117], [14.279263, 45.837228], [14.259419, 45.801442], [14.258334, 45.79059], [14.269496, 45.776328], [14.287531, 45.762892], [14.299314, 45.757259], [14.323188, 45.754107], [14.271512, 45.734857], [14.256474, 45.726744], [14.21968, 45.717106], [14.201697, 45.716305], [14.172241, 45.706823], [14.149865, 45.703671], [14.133897, 45.703619], [14.117154, 45.706771], [14.093383, 45.71429], [14.081911, 45.734237], [14.072144, 45.743358], [14.037211, 45.761006], [14.043567, 45.772917], [14.048838, 45.778085], [14.052094, 45.796947], [14.058656, 45.808625], [14.046047, 45.836944], [14.093073, 45.84883], [14.096639, 45.851853], [14.125991, 45.868803], [14.179063, 45.875495], [14.199681, 45.87242], [14.222006, 45.862834], [14.276473, 45.846117]]]}}, {"type": "Feature", "properties": {"featurecla": "Admin-1 states provinces", "scalerank": 10, "adm1_code": "SVN-977", "diss_me": 977, "iso_3166_2": "SI-091", "wikipedia": null, "iso_a2": "SI", "adm0_sr": 1, "name": "Pivka", "name_alt": "Kra\u0161ka, Notranj", "name_local": null, "type": "Statisticna Regije", "type_en": "Statistical Region", "code_local": null, "code_hasc": "SI.SP.PI", "note": null, "hasc_maybe": null, "region": "Notranjsko-kra\u0161ka", "region_cod": null, "provnum_ne": 166, "gadm_level": 2, "check_me": 0, "datarank": 8, "abbrev": null, "postal": "NO", "area_sqkm": 0, "sameascity": -99, "labelrank": 10, "name_len": 5, "mapcolor9": 2, "mapcolor13": 12, "fips": "SI91", "fips_alt": null, "woe_id": -55848376, "woe_label": null, "woe_name": null, "latitude": 45.6834, "longitude": 14.2444, "sov_a3": "SVN", "adm0_a3": "SVN", "adm0_label": 2, "admin": "Slovenia", "geonunit": "Slovenia", "gu_a3": "SVN", "gn_id": 3239054, "gn_name": "Obcina Pivka", "gns_id": 243443, "gns_name": "Pivka, Obcina", "gn_level": 1, "gn_region": null, "gn_a1_code": "SI.91", "region_sub": null, "sub_code": null, "gns_level": 1, "gns_lang": "div", "gns_adm1": "SI91", "gns_region": null, "min_label": 11, "max_label": 11, "min_zoom": 11, "wikidataid": "Q252154", "name_ar": "\u0628\u0644\u062f\u064a\u0629 \u0628\u064a\u0641\u0643\u0627", "name_bn": "\u09aa\u09bf\u09ad\u0995\u09be \u09aa\u09cc\u09b0\u09b8\u09ad\u09be", "name_de": "Gemeinde Pivka", "name_en": "Pivka", "name_es": "Municipalidad del Pivka", "name_fr": "Pivka", "name_el": "\u03a0\u03af\u03b2\u03ba\u03b1", "name_hi": "\u092a\u093f\u0935\u0915\u093e \u0928\u0917\u0930\u092a\u093e\u0932\u093f\u0915\u093e", "name_hu": "Pivka", "name_id": "Pivka", "name_it": "San Pietro del Carso", "name_ja": "\u30d4\u30d5\u30ab", "name_ko": "\ud53c\uc6b0\uce74", "name_nl": "Pivka", "name_pl": "Gmina Pivka", "name_pt": "Pivka", "name_ru": "\u041f\u0438\u0432\u043a\u0430", "name_sv": "Pivka", "name_tr": "Pivka Belediyesi", "name_vi": "\u0110\u00f4 th\u1ecb t\u1ef1 tr\u1ecb Pivka", "name_zh": "\u76ae\u592b\u5361", "ne_id": 1159310753, "name_he": "\u05e4\u05d9\u05d1\u05e7\u05d4", "name_uk": "\u041f\u0456\u0432\u043a\u0430", "name_ur": "\u067e\u06cc\u0648\u06a9\u0627 \u0645\u06cc\u0648\u0646\u0633\u067e\u0644\u0679\u06cc", "name_fa": "\u0634\u0647\u0631\u062f\u0627\u0631\u06cc \u067e\u06cc\u0648\u06a9\u0627", "name_zht": "\u76ae\u592b\u5361", "FCLASS_ISO": null, "FCLASS_US": null, "FCLASS_FR": null, "FCLASS_RU": null, "FCLASS_ES": null, "FCLASS_CN": null, "FCLASS_TW": null, "FCLASS_IN": null, "FCLASS_NP": null, "FCLASS_PK": null, "FCLASS_DE": null, "FCLASS_GB": null, "FCLASS_BR": null, "FCLASS_IL": null, "FCLASS_PS": null, "FCLASS_SA": null, "FCLASS_EG": null, "FCLASS_MA": null, "FCLASS_PT": null, "FCLASS_AR": null, "FCLASS_JP": null, "FCLASS_KO": null, "FCLASS_VN": null, "FCLASS_TR": null, "FCLASS_ID": null, "FCLASS_PL": null, "FCLASS_GR": null, "FCLASS_IT": null, "FCLASS_NL": null, "FCLASS_SE": null, "FCLASS_BD": null, "FCLASS_UA": null, "FCLASS_TLC": null}, "bbox": [14.062532, 45.622797, 14.426231, 45.754107], "geometry": {"type": "Polygon", "coordinates": [[[14.323188, 45.754107], [14.327684, 45.739818], [14.386182, 45.707495], [14.393365, 45.689305], [14.416619, 45.670753], [14.425766, 45.661606], [14.426231, 45.644036], [14.378585, 45.651994], [14.369128, 45.659694], [14.347269, 45.6722], [14.332645, 45.67189], [14.328459, 45.670649], [14.330785, 45.6676], [14.328304, 45.66388], [14.316987, 45.659487], [14.285516, 45.655043], [14.246552, 45.644139], [14.23787, 45.640677], [14.226708, 45.633339], [14.215649, 45.631324], [14.1941, 45.629515], [14.151881, 45.631427], [14.127541, 45.630393], [14.110281, 45.626001], [14.10284, 45.622797], [14.090592, 45.624244], [14.079895, 45.627913], [14.079585, 45.629618], [14.083151, 45.635561], [14.07788, 45.645431], [14.072764, 45.653028], [14.069198, 45.659694], [14.068578, 45.673595], [14.064548, 45.679693], [14.062532, 45.686462], [14.064703, 45.693542], [14.071679, 45.702689], [14.083151, 45.706513], [14.093383, 45.71429], [14.117154, 45.706771], [14.133897, 45.703619], [14.149865, 45.703671], [14.172241, 45.706823], [14.201697, 45.716305], [14.21968, 45.717106], [14.256474, 45.726744], [14.271512, 45.734857], [14.323188, 45.754107]]]}}, {"type": "Feature", "properties": {"featurecla": "Admin-1 states provinces", "scalerank": 10, "adm1_code": "SVN-239", "diss_me": 239, "iso_3166_2": "SI-155", "wikipedia": null, "iso_a2": "SI", "adm0_sr": 1, "name": "Dobrna", "name_alt": null, "name_local": null, "type": "Opcine", "type_en": "Commune|Municipality", "code_local": null, "code_hasc": "SI.SA.DR", "note": null, "hasc_maybe": null, "region": "Savinjska", "region_cod": null, "provnum_ne": 114, "gadm_level": 2, "check_me": 10, "datarank": 8, "abbrev": null, "postal": "DR", "area_sqkm": 0, "sameascity": -99, "labelrank": 10, "name_len": 6, "mapcolor9": 2, "mapcolor13": 12, "fips": "SI00", "fips_alt": "SIG3", "woe_id": -55848395, "woe_label": null, "woe_name": null, "latitude": 46.3552, "longitude": 15.2299, "sov_a3": "SVN", "adm0_a3": "SVN", "adm0_label": 2, "admin": "Slovenia", "geonunit": "Slovenia", "gu_a3": "SVN", "gn_id": 3344914, "gn_name": "Obcina Dobrna", "gns_id": 9123430, "gns_name": "Dobrna, Obcina", "gn_level": 1, "gn_region": null, "gn_a1_code": "SI.G3", "region_sub": null, "sub_code": null, "gns_level": 1, "gns_lang": "kat", "gns_adm1": "SI72", "gns_region": null, "min_label": 11, "max_label": 11, "min_zoom": 11, "wikidataid": "Q999579", "name_ar": "\u0628\u0644\u062f\u064a\u0629 \u062f\u0648\u0628\u0631\u0646\u0627", "name_bn": "\u09a1\u09b0\u09cd\u09ac\u09a8\u09be \u09aa\u09cc\u09b0\u09b8\u09ad\u09be", "name_de": "Dobrna", "name_en": "Dobrna", "name_es": "Ob\u010dina Dobrna", "name_fr": "Dobrna", "name_el": "\u039d\u03c4\u03cc\u03bc\u03c0\u03c1\u03bd\u03b1", "name_hi": "\u0921\u094b\u092c\u0930\u0928\u093e \u0928\u0917\u0930\u092a\u093e\u0932\u093f\u0915\u093e", "name_hu": "Dobrna", "name_id": "Dobrna", "name_it": "Dobrna", "name_ja": "\u30c9\u30d6\u30e9\u30ca", "name_ko": "\ub3c4\ube0c\ub974\ub098", "name_nl": "Dobrna", "name_pl": "Gmina Dobrna", "name_pt": "Dobrna", "name_ru": "\u0414\u043e\u0431\u0440\u043d\u0430", "name_sv": "Dobrna", "name_tr": "Dobrna Belediyesi", "name_vi": "Dobrna", "name_zh": "\u591a\u5e03\u723e\u7d0d\u93ae", "ne_id": 1159308635, "name_he": "\u05d3\u05d5\u05d1\u05e8\u05e0\u05d4", "name_uk": "\u0414\u043e\u0431\u0440\u043d\u0430", "name_ur": "\u062f\u0648\u0628\u0631\u0646\u0627 \u0645\u06cc\u0648\u0646\u0633\u067e\u0644\u0679\u06cc", "name_fa": "\u0634\u0647\u0631\u062f\u0627\u0631\u06cc \u062f\u0648\u0628\u0631\u0646\u0627", "name_zht": "\u591a\u5e03\u723e\u7d0d\u93ae", "FCLASS_ISO": null, "FCLASS_US": null, "FCLASS_FR": null, "FCLASS_RU": null, "FCLASS_ES": null, "FCLASS_CN": null, "FCLASS_TW": null, "FCLASS_IN": null, "FCLASS_NP": null, "FCLASS_PK": null, "FCLASS_DE": null, "FCLASS_GB": null, "FCLASS_BR": null, "FCLASS_IL": null, "FCLASS_PS": null, "FCLASS_SA": null, "FCLASS_EG": null, "FCLASS_MA": null, "FCLASS_PT": null, "FCLASS_AR": null, "FCLASS_JP": null, "FCLASS_KO": null, "FCLASS_VN": null, "FCLASS_TR": null, "FCLASS_ID": null, "FCLASS_PL": null, "FCLASS_GR": null, "FCLASS_IT": null, "FCLASS_NL": null, "FCLASS_SE": null, "FCLASS_BD": null, "FCLASS_UA": null, "FCLASS_TLC": null}, "bbox": [15.190319, 46.31738, 15.269435, 46.392517], "geometry": {"type": "Polygon", "coordinates": [[[15.26773, 46.365026], [15.269435, 46.360271], [15.26773, 46.358669], [15.263234, 46.355698], [15.261219, 46.352468], [15.260909, 46.346164], [15.261529, 46.342624], [15.260599, 46.338361], [15.259203, 46.33557], [15.240135, 46.320532], [15.22613, 46.31738], [15.19652, 46.327663], [15.206287, 46.341978], [15.206287, 46.345699], [15.204736, 46.353915], [15.201171, 46.36053], [15.190319, 46.388435], [15.232487, 46.392517], [15.26773, 46.365026]]]}}, {"type": "Feature", "properties": {"featurecla": "Admin-1 states provinces", "scalerank": 10, "adm1_code": "SVN-941", "diss_me": 941, "iso_3166_2": "SI-011", "wikipedia": null, "iso_a2": "SI", "adm0_sr": 1, "name": "Celje", "name_alt": null, "name_local": null, "type": "Opcine", "type_en": "Commune|Municipality", "code_local": null, "code_hasc": "SI.SA.CE", "note": null, "hasc_maybe": null, "region": "Savinjska", "region_cod": null, "provnum_ne": 189, "gadm_level": 2, "check_me": 0, "datarank": 8, "abbrev": null, "postal": "CE", "area_sqkm": 0, "sameascity": -99, "labelrank": 10, "name_len": 5, "mapcolor9": 2, "mapcolor13": 12, "fips": "SI11", "fips_alt": null, "woe_id": 55848343, "woe_label": "Celje, SI, Slovenia", "woe_name": "Celje", "latitude": 46.2398, "longitude": 15.2874, "sov_a3": "SVN", "adm0_a3": "SVN", "adm0_label": 2, "admin": "Slovenia", "geonunit": "Slovenia", "gu_a3": "SVN", "gn_id": 3202780, "gn_name": "Mestna Obcina Celje", "gns_id": -77144, "gns_name": "Celje, Mestna Obcina", "gn_level": 1, "gn_region": null, "gn_a1_code": "SI.11", "region_sub": null, "sub_code": null, "gns_level": 1, "gns_lang": "srp", "gns_adm1": "SI11", "gns_region": null, "min_label": 11, "max_label": 11, "min_zoom": 11, "wikidataid": "Q3441823", "name_ar": "\u0628\u0644\u062f\u064a\u0629 \u0645\u062f\u064a\u0646\u0629 \u062a\u0633\u064a\u0644\u064a\u0647", "name_bn": "\u09b8\u09c7\u09b2\u09bf\u09af\u09bc\u09c7 \u09b6\u09b9\u09b0\u09c7\u09b0 \u09aa\u09cc\u09b0\u09b8\u09ad\u09be", "name_de": "Stadtgemeinde Celje", "name_en": "Celje", "name_es": "Ciudad del Celje", "name_fr": "Celje", "name_el": "\u0394\u03b7\u03bc\u03bf\u03c4\u03b9\u03ba\u03ae \u039a\u03bf\u03b9\u03bd\u03cc\u03c4\u03b7\u03c4\u03b1 \u03c4\u03bf\u03c5 \u039a\u03ad\u03bb\u03c4\u03b6\u03b5", "name_hi": "\u0938\u0947\u0932\u093f\u092f\u0947 \u0936\u0939\u0930 \u0928\u0917\u0930\u092a\u093e\u0932\u093f\u0915\u093e", "name_hu": "Celje v\u00e1rosi k\u00f6zs\u00e9g", "name_id": "Celje", "name_it": "Celje", "name_ja": "\u30c4\u30a7\u30ea\u30a8", "name_ko": "\uccbc\ub808\uc758 \ub3c4\uc2dc \uc9c0\ubc29 \uc790\uce58\uc81c", "name_nl": "Celje", "name_pl": "Gmina miejska Celje", "name_pt": "Cidade Municipal de Celje", "name_ru": "\u0426\u0435\u043b\u0435", "name_sv": "Ceje Huvudtsadskommun", "name_tr": "\u015eehir Meclisi", "name_vi": "\u0110\u00f4 th\u1ecb t\u1ef1 tr\u1ecb c\u1ee7a Celje", "name_zh": "\u91c7\u5217\u5e02", "ne_id": 1159310671, "name_he": "\u05e1\u05dc\u05d9\u05d9\u05d4", "name_uk": "\u0426\u0435\u043b\u0454", "name_ur": "\u0634\u06c1\u0631 \u0628\u0644\u062f\u06cc\u06c1 \u062a\u0633\u06cc\u0644\u06cc\u06d2", "name_fa": "\u0634\u0647\u0631\u062f\u0627\u0631\u06cc \u0633\u06cc\u0644\u062c\u0647", "name_zht": "\u91c7\u5217\u5e02", "FCLASS_ISO": null, "FCLASS_US": null, "FCLASS_FR": null, "FCLASS_RU": null, "FCLASS_ES": null, "FCLASS_CN": null, "FCLASS_TW": null, "FCLASS_IN": null, "FCLASS_NP": null, "FCLASS_PK": null, "FCLASS_DE": null, "FCLASS_GB": null, "FCLASS_BR": null, "FCLASS_IL": null, "FCLASS_PS": null, "FCLASS_SA": null, "FCLASS_EG": null, "FCLASS_MA": null, "FCLASS_PT": null, "FCLASS_AR": null, "FCLASS_JP": null, "FCLASS_KO": null, "FCLASS_VN": null, "FCLASS_TR": null, "FCLASS_ID": null, "FCLASS_PL": null, "FCLASS_GR": null, "FCLASS_IT": null, "FCLASS_NL": null, "FCLASS_SE": null, "FCLASS_BD": null, "FCLASS_UA": null, "FCLASS_TLC": null}, "bbox": [15.216364, 46.188912, 15.358525, 46.320532], "geometry": {"type": "Polygon", "coordinates": [[[15.22613, 46.31738], [15.240135, 46.320532], [15.270055, 46.307303], [15.287264, 46.289087], [15.291811, 46.280173], [15.301578, 46.273868], [15.305919, 46.272137], [15.311035, 46.272473], [15.3146, 46.273817], [15.321112, 46.273352], [15.325763, 46.272163], [15.358525, 46.260536], [15.3562, 46.250846], [15.351549, 46.246738], [15.343591, 46.241803], [15.339405, 46.229039], [15.332274, 46.229659], [15.327778, 46.228496], [15.321732, 46.226378], [15.314135, 46.222709], [15.308244, 46.218264], [15.308244, 46.199325], [15.30995, 46.19377], [15.301423, 46.188912], [15.264629, 46.193822], [15.257343, 46.197129], [15.248506, 46.197491], [15.229076, 46.191961], [15.221635, 46.192478], [15.218224, 46.193098], [15.216364, 46.19824], [15.22396, 46.23617], [15.22272, 46.243844], [15.219619, 46.256195], [15.218999, 46.259993], [15.220549, 46.262164], [15.220704, 46.263404], [15.218069, 46.270199], [15.219154, 46.274023], [15.222565, 46.281051], [15.22613, 46.285366], [15.22613, 46.31738]]]}}, {"type": "Feature", "properties": {"featurecla": "Admin-1 states provinces", "scalerank": 10, "adm1_code": "SVN-975", "diss_me": 975, "iso_3166_2": "SI-083", "wikipedia": null, "iso_a2": "SI", "adm0_sr": 1, "name": "Nazarje", "name_alt": null, "name_local": null, "type": "Opcine", "type_en": "Commune|Municipality", "code_local": null, "code_hasc": "SI.SA.NA", "note": null, "hasc_maybe": null, "region": "Savinjska", "region_cod": null, "provnum_ne": 113, "gadm_level": 2, "check_me": 0, "datarank": 8, "abbrev": null, "postal": "NA", "area_sqkm": 0, "sameascity": -99, "labelrank": 10, "name_len": 7, "mapcolor9": 2, "mapcolor13": 12, "fips": "SI83", "fips_alt": null, "woe_id": -55848369, "woe_label": null, "woe_name": null, "latitude": 46.2864, "longitude": 14.9127, "sov_a3": "SVN", "adm0_a3": "SVN", "adm0_label": 2, "admin": "Slovenia", "geonunit": "Slovenia", "gu_a3": "SVN", "gn_id": 3239294, "gn_name": "Obcina Nazarje", "gns_id": 244063, "gns_name": "Nazarje, Obcina", "gn_level": 1, "gn_region": null, "gn_a1_code": "SI.83", "region_sub": null, "sub_code": null, "gns_level": 1, "gns_lang": "slv", "gns_adm1": "SI83", "gns_region": null, "min_label": 11, "max_label": 11, "min_zoom": 11, "wikidataid": "Q954987", "name_ar": "\u0628\u0644\u062f\u064a\u0629 \u0646\u0627\u0632\u0627\u0631\u062c", "name_bn": "\u09a8\u09be\u099c\u09be\u09b0\u099c\u09c7 \u09aa\u09cc\u09b0\u09b8\u09ad\u09be", "name_de": "Nazarje", "name_en": "Nazarje", "name_es": "Municipalidad del Nazarje", "name_fr": "Nazarje", "name_el": "\u039a\u03bf\u03b9\u03bd\u03cc\u03c4\u03b7\u03c4\u03b1 \u039d\u03b1\u03b6\u03ac\u03c1\u03c4\u03b6\u03b5", "name_hi": "\u0928\u091c\u093c\u093e\u0930\u093f\u090f \u0928\u0917\u0930\u092a\u093e\u0932\u093f\u0915\u093e", "name_hu": "Nazarje", "name_id": "Nazarje", "name_it": "Nazarje", "name_ja": "\u30ca\u30b6\u30ea\u30a7", "name_ko": "\ub098\uc790\ub808", "name_nl": "Nazarje", "name_pl": "Gmina Nazarje", "name_pt": "Nazarje", "name_ru": "\u041d\u0430\u0437\u0430\u0440\u044c\u0435", "name_sv": "Nazarje", "name_tr": "Nazarje Belediyesi", "name_vi": "\u0110\u00f4 th\u1ecb t\u1ef1 tr\u1ecb Nazarje", "name_zh": "\u7eb3\u624e\u5217", "ne_id": 1159310749, "name_he": "\u05e0\u05d6\u05d0\u05e8\u05d9\u05d4", "name_uk": "\u041d\u0430\u0437\u0430\u0440\u0454", "name_ur": "\u0646\u0627\u0632\u0627\u0631\u062c\u06cc \u0645\u06cc\u0648\u0646\u0633\u067e\u0644\u0679\u06cc", "name_fa": "\u0634\u0647\u0631\u062f\u0627\u0631\u06cc \u0646\u0627\u0632\u0627\u0631\u062c\u0647", "name_zht": "\u7d0d\u624e\u5217", "FCLASS_ISO": null, "FCLASS_US": null, "FCLASS_FR": null, "FCLASS_RU": null, "FCLASS_ES": null, "FCLASS_CN": null, "FCLASS_TW": null, "FCLASS_IN": null, "FCLASS_NP": null, "FCLASS_PK": null, "FCLASS_DE": null, "FCLASS_GB": null, "FCLASS_BR": null, "FCLASS_IL": null, "FCLASS_PS": null, "FCLASS_SA": null, "FCLASS_EG": null, "FCLASS_MA": null, "FCLASS_PT": null, "FCLASS_AR": null, "FCLASS_JP": null, "FCLASS_KO": null, "FCLASS_VN": null, "FCLASS_TR": null, "FCLASS_ID": null, "FCLASS_PL": null, "FCLASS_GR": null, "FCLASS_IT": null, "FCLASS_NL": null, "FCLASS_SE": null, "FCLASS_BD": null, "FCLASS_UA": null, "FCLASS_TLC": null}, "bbox": [14.854835, 46.240537, 14.97059, 46.325803], "geometry": {"type": "Polygon", "coordinates": [[[14.884911, 46.240537], [14.854835, 46.252862], [14.857471, 46.268752], [14.862122, 46.27901], [14.871888, 46.288234], [14.877004, 46.300998], [14.924805, 46.310042], [14.947749, 46.323633], [14.953847, 46.325803], [14.959893, 46.324589], [14.966405, 46.318723], [14.97059, 46.302936], [14.97028, 46.283842], [14.957103, 46.283273], [14.954881, 46.283635], [14.950385, 46.281878], [14.950385, 46.278002], [14.945734, 46.274695], [14.925735, 46.268959], [14.918294, 46.265316], [14.907752, 46.264825], [14.90031, 46.263275], [14.89752, 46.25883], [14.89752, 46.254231], [14.884911, 46.240537]]]}}, {"type": "Feature", "properties": {"featurecla": "Admin-1 states provinces", "scalerank": 10, "adm1_code": "SVN-205", "diss_me": 205, "iso_3166_2": "SI-023", "wikipedia": null, "iso_a2": "SI", "adm0_sr": 1, "name": "Dom\u017eale", "name_alt": null, "name_local": null, "type": "Opcine", "type_en": "Commune|Municipality", "code_local": null, "code_hasc": "SI.LJ.DM", "note": null, "hasc_maybe": null, "region": "Osrednjeslovenska", "region_cod": null, "provnum_ne": 112, "gadm_level": 2, "check_me": 0, "datarank": 8, "abbrev": null, "postal": "DM", "area_sqkm": 0, "sameascity": -99, "labelrank": 10, "name_len": 7, "mapcolor9": 2, "mapcolor13": 12, "fips": "SIG7", "fips_alt": null, "woe_id": 55848346, "woe_label": "Domzale, SI, Slovenia", "woe_name": "Dom\u017eale", "latitude": 46.1493, "longitude": 14.6294, "sov_a3": "SVN", "adm0_a3": "SVN", "adm0_label": 2, "admin": "Slovenia", "geonunit": "Slovenia", "gu_a3": "SVN", "gn_id": 3201729, "gn_name": "Obcina Domzale", "gns_id": -78932, "gns_name": "Domzale, Obcina", "gn_level": 1, "gn_region": null, "gn_a1_code": "SI.G7", "region_sub": null, "sub_code": null, "gns_level": 1, "gns_lang": "srp", "gns_adm1": "SI02", "gns_region": null, "min_label": 11, "max_label": 11, "min_zoom": 11, "wikidataid": "Q13377763", "name_ar": "\u062f\u0648\u0645\u0632\u0627\u0644\u064a", "name_bn": "\u09a6\u09ae\u099c\u09be\u09b2\u09c7", "name_de": "Gemeinde Dom\u017eale", "name_en": "Dom\u017eale", "name_es": "Municipio de Dom\u017eale", "name_fr": "Dom\u017eale", "name_el": "\u039d\u03c4\u03bf\u03bc\u03b6\u03ac\u03bb\u03b5", "name_hi": "\u0921\u094b\u092e\u091c\u093c\u0947\u0932", "name_hu": "Dom\u017eale", "name_id": "Dom\u017eale", "name_it": "Dom\u017eale", "name_ja": "\u30c9\u30e0\u30b8\u30e3\u30ec", "name_ko": "\ub3d4\uc798\ub808", "name_nl": "Dom\u017eale", "name_pl": "Gmina Dom\u017eale", "name_pt": "Dom\u017eale", "name_ru": "\u0414\u043e\u043c\u0436\u0430\u043b\u0435", "name_sv": "Dom\u017eale", "name_tr": "Dom\u017eale", "name_vi": "Dom\u017eale", "name_zh": "\u591a\u59c6\u624e\u840a\u93ae", "ne_id": 1159308559, "name_he": "\u05d3\u05d5\u05de\u05d6'\u05d0\u05dc\u05d4", "name_uk": "\u0414\u043e\u043c\u0436\u0430\u043b\u0435", "name_ur": "\u0688\u0648\u0645\u0632\u0627\u0644\u06d2", "name_fa": "\u062f\u0648\u0645\u0632\u0627\u0644\u0627", "name_zht": "\u591a\u59c6\u624e\u840a\u93ae", "FCLASS_ISO": null, "FCLASS_US": null, "FCLASS_FR": null, "FCLASS_RU": null, "FCLASS_ES": null, "FCLASS_CN": null, "FCLASS_TW": null, "FCLASS_IN": null, "FCLASS_NP": null, "FCLASS_PK": null, "FCLASS_DE": null, "FCLASS_GB": null, "FCLASS_BR": null, "FCLASS_IL": null, "FCLASS_PS": null, "FCLASS_SA": null, "FCLASS_EG": null, "FCLASS_MA": null, "FCLASS_PT": null, "FCLASS_AR": null, "FCLASS_JP": null, "FCLASS_KO": null, "FCLASS_VN": null, "FCLASS_TR": null, "FCLASS_ID": null, "FCLASS_PL": null, "FCLASS_GR": null, "FCLASS_IT": null, "FCLASS_NL": null, "FCLASS_SE": null, "FCLASS_BD": null, "FCLASS_UA": null, "FCLASS_TLC": null}, "bbox": [14.569323, 46.096618, 14.689419, 46.206637], "geometry": {"type": "Polygon", "coordinates": [[[14.589787, 46.147674], [14.583741, 46.176458], [14.590097, 46.189119], [14.609476, 46.188499], [14.632006, 46.19731], [14.639138, 46.202193], [14.645339, 46.204596], [14.65185, 46.206121], [14.657741, 46.206637], [14.683063, 46.19917], [14.663477, 46.185708], [14.65247, 46.170309], [14.650455, 46.164573], [14.65154, 46.161472], [14.655106, 46.160878], [14.658516, 46.159302], [14.661307, 46.156459], [14.664408, 46.153772], [14.667973, 46.152429], [14.676086, 46.150749], [14.683838, 46.143954], [14.674536, 46.138889], [14.675156, 46.13274], [14.679342, 46.130854], [14.683373, 46.128218], [14.689419, 46.12566], [14.687249, 46.117289], [14.666423, 46.117625], [14.65309, 46.113051], [14.629216, 46.102225], [14.617434, 46.098375], [14.594283, 46.096618], [14.592267, 46.105455], [14.569323, 46.10778], [14.571028, 46.124523], [14.575834, 46.134445], [14.589787, 46.147674]]]}}, {"type": "Feature", "properties": {"featurecla": "Admin-1 states provinces", "scalerank": 10, "adm1_code": "SVN-955", "diss_me": 955, "iso_3166_2": "SI-039", "wikipedia": null, "iso_a2": "SI", "adm0_sr": 1, "name": "Ivancna Gorica", "name_alt": null, "name_local": null, "type": "Opcine", "type_en": "Commune|Municipality", "code_local": null, "code_hasc": "SI.LJ.IV", "note": null, "hasc_maybe": null, "region": "Osrednjeslovenska", "region_cod": null, "provnum_ne": 197, "gadm_level": 2, "check_me": 0, "datarank": 8, "abbrev": null, "postal": "IV", "area_sqkm": 0, "sameascity": -99, "labelrank": 10, "name_len": 14, "mapcolor9": 2, "mapcolor13": 12, "fips": "SI39", "fips_alt": null, "woe_id": -55848393, "woe_label": null, "woe_name": null, "latitude": 45.9017, "longitude": 14.8211, "sov_a3": "SVN", "adm0_a3": "SVN", "adm0_label": 2, "admin": "Slovenia", "geonunit": "Slovenia", "gu_a3": "SVN", "gn_id": 3239191, "gn_name": "Obcina Ivancna Gorica", "gns_id": 243868, "gns_name": "Ivancna Gorica, Obcina", "gn_level": 1, "gn_region": null, "gn_a1_code": "SI.39", "region_sub": null, "sub_code": null, "gns_level": 1, "gns_lang": "slv", "gns_adm1": "SI39", "gns_region": null, "min_label": 11, "max_label": 11, "min_zoom": 11, "wikidataid": "Q1008048", "name_ar": "\u0628\u0644\u062f\u064a\u0629 \u0625\u064a\u0641\u0627\u0646\u062a\u0633\u0627 \u063a\u0648\u0631\u064a\u0643\u0627", "name_bn": "\u0987\u09ad\u09be\u0999\u09cd\u0995\u09be \u0997\u09cb\u09b0\u09bf\u0995\u09be \u09aa\u09cc\u09b0\u09b8\u09ad\u09be", "name_de": "Ivan\u010dna Gorica", "name_en": "Ivan\u010dna Gorica", "name_es": "Municipalidad del Ivan\u010dna Gorica", "name_fr": "Ivan\u010dna Gorica", "name_el": "\u0399\u03b2\u03ac\u03bd\u03c4\u03c3\u03bd\u03b1 \u0393\u03ba\u03cc\u03c1\u03b9\u03c4\u03c3\u03b1", "name_hi": "\u0907\u0935\u093e\u0928\u0915\u0928\u093e \u0917\u094b\u0930\u093f\u0915\u093e \u0928\u0917\u0930 \u092a\u093e\u0932\u093f\u0915\u093e", "name_hu": "Ivan\u010dna Gorica k\u00f6zs\u00e9g", "name_id": "Ivan\u010dna Gorica", "name_it": "Ivan\u010dna Gorica", "name_ja": "\u30a4\u30f4\u30a1\u30f3\u30c1\u30e5\u30ca\u30fb\u30b4\u30ea\u30c4\u30a1", "name_ko": "\uc774\ubc18\uce58\ub098\uace0\ub9ac\ucc28", "name_nl": "Ivan\u010dna Gorica", "name_pl": "Gmina Ivan\u010dna Gorica", "name_pt": "Ivan\u010dna Gorica", "name_ru": "\u0418\u0432\u0430\u043d\u0447\u043d\u0430 \u0413\u043e\u0440\u0438\u0446\u0430", "name_sv": "Ivancna Gorica", "name_tr": "Ivan\u010dna Gorica Belediyesi", "name_vi": "Ivan\u010dna Gorica", "name_zh": "\u4f0a\u4e07\u5947\u7eb3\u6208\u91cc\u5bdf", "ne_id": 1159310703, "name_he": "\u05d0\u05d9\u05d5\u05d5\u05e0\u05e7\u05e0\u05d4 \u05d2\u05d5\u05e8\u05d9\u05e7\u05d4", "name_uk": "\u0406\u0432\u0430\u043d\u0447\u043d\u0430 \u0413\u043e\u0440\u0438\u0446\u044f", "name_ur": "\u06cc\u0648\u0627\u0646\u06a9\u0646\u0627 \u062c\u0648\u0631\u06cc\u06a9\u0627 \u0645\u06cc\u0648\u0646\u0633\u067e\u0644\u0679\u06cc", "name_fa": "\u0634\u0647\u0631\u062f\u0627\u0631\u06cc \u0627\u06cc\u0648\u0627\u0646\u0646\u0627 \u06af\u0648\u0631\u06cc\u06a9\u0627", "name_zht": "\u4f0a\u4e07\u5947\u7eb3\u6208\u91cc\u5bdf", "FCLASS_ISO": null, "FCLASS_US": null, "FCLASS_FR": null, "FCLASS_RU": null, "FCLASS_ES": null, "FCLASS_CN": null, "FCLASS_TW": null, "FCLASS_IN": null, "FCLASS_NP": null, "FCLASS_PK": null, "FCLASS_DE": null, "FCLASS_GB": null, "FCLASS_BR": null, "FCLASS_IL": null, "FCLASS_PS": null, "FCLASS_SA": null, "FCLASS_EG": null, "FCLASS_MA": null, "FCLASS_PT": null, "FCLASS_AR": null, "FCLASS_JP": null, "FCLASS_KO": null, "FCLASS_VN": null, "FCLASS_TR": null, "FCLASS_ID": null, "FCLASS_PL": null, "FCLASS_GR": null, "FCLASS_IT": null, "FCLASS_NL": null, "FCLASS_SE": null, "FCLASS_BD": null, "FCLASS_UA": null, "FCLASS_TLC": null}, "bbox": [14.714844, 45.796016, 14.927286, 46.008536], "geometry": {"type": "Polygon", "coordinates": [[[14.740165, 45.998149], [14.749622, 46.002955], [14.772721, 46.004531], [14.775202, 46.006288], [14.781403, 46.008536], [14.81091, 46.007761], [14.843053, 46.000629], [14.85592, 45.999983], [14.862897, 46.000784], [14.863672, 46.004324], [14.865687, 46.006443], [14.871423, 46.005254], [14.87747, 46.002102], [14.905581, 45.972905], [14.927286, 45.962983], [14.908837, 45.949185], [14.888787, 45.94133], [14.881965, 45.932623], [14.87871, 45.925001], [14.874059, 45.898749], [14.868788, 45.887354], [14.871423, 45.87751], [14.877159, 45.869552], [14.876539, 45.857098], [14.850494, 45.853687], [14.847394, 45.850923], [14.847394, 45.845006], [14.850339, 45.839838], [14.856231, 45.825058], [14.855765, 45.807824], [14.848944, 45.799685], [14.83711, 45.796016], [14.824398, 45.79798], [14.804554, 45.797515], [14.784659, 45.808315], [14.781713, 45.815137], [14.771016, 45.822991], [14.764195, 45.831776], [14.758769, 45.837357], [14.760474, 45.850948], [14.767295, 45.863816], [14.768071, 45.866761], [14.751792, 45.883298], [14.747297, 45.892445], [14.747452, 45.896992], [14.749932, 45.903219], [14.750242, 45.907896], [14.7366, 45.927068], [14.734429, 45.935284], [14.732259, 45.941175], [14.733809, 45.944612], [14.733189, 45.947015], [14.728951, 45.949289], [14.718409, 45.952131], [14.714844, 45.952596], [14.717479, 45.965748], [14.733189, 45.982077], [14.740165, 45.998149]]]}}, {"type": "Feature", "properties": {"featurecla": "Admin-1 states provinces", "scalerank": 10, "adm1_code": "SVN-962", "diss_me": 962, "iso_3166_2": "SI-061", "wikipedia": null, "iso_a2": "SI", "adm0_sr": 1, "name": "Ljubljana", "name_alt": "Ljubljana", "name_local": null, "type": "Statisticna Regije", "type_en": "Statistical Region", "code_local": null, "code_hasc": "SI.LJ", "note": null, "hasc_maybe": null, "region": "Osrednjeslovenska", "region_cod": null, "provnum_ne": 111, "gadm_level": 2, "check_me": 0, "datarank": 8, "abbrev": null, "postal": "LJ", "area_sqkm": 0, "sameascity": -99, "labelrank": 10, "name_len": 9, "mapcolor9": 2, "mapcolor13": 12, "fips": "SI61", "fips_alt": null, "woe_id": 55848364, "woe_label": "Ljubljana, SI, Slovenia", "woe_name": "Ljubljana", "latitude": 46.0616, "longitude": 14.5799, "sov_a3": "SVN", "adm0_a3": "SVN", "adm0_label": 2, "admin": "Slovenia", "geonunit": "Slovenia", "gu_a3": "SVN", "gn_id": 3239318, "gn_name": "Mestna Obcina Ljubljana", "gns_id": 244617, "gns_name": "Ljubljana, Mestna Obcina", "gn_level": 1, "gn_region": null, "gn_a1_code": "SI.61", "region_sub": null, "sub_code": null, "gns_level": 1, "gns_lang": "slv", "gns_adm1": "SI61", "gns_region": null, "min_label": 11, "max_label": 11, "min_zoom": 11, "wikidataid": "Q3434113", "name_ar": "\u0644\u064a\u0648\u0628\u0644\u064a\u0627\u0646\u0627", "name_bn": "\u09b2\u09c1\u09ac\u099c\u09bf\u09df\u09be\u09a8\u09be", "name_de": "Stadtgemeinde Ljubljana", "name_en": "Ljubljana", "name_es": "Municipalidad de la Liubliana", "name_fr": "municipalit\u00e9 de Ljubljana", "name_el": "\u03a0\u03cc\u03bb\u03b7\u03c2 \u03c4\u03b7\u03c2 \u039b\u03b9\u03bf\u03c5\u03bc\u03c0\u03bb\u03b9\u03ac\u03bd\u03b1", "name_hi": "\u0932\u0941\u092c\u094d\u0932\u094d\u092f\u093e\u0928\u093e", "name_hu": "Ljubljana v\u00e1rosi k\u00f6zs\u00e9g", "name_id": "Ljubljana", "name_it": "Lubiana", "name_ja": "\u30ea\u30e5\u30d6\u30ea\u30e3\u30ca", "name_ko": "\ub958\ube14\ub7b4\ub098", "name_nl": "Ljubljana", "name_pl": "Gmina miejska Lublana", "name_pt": "Liubliana", "name_ru": "\u041b\u044e\u0431\u043b\u044f\u043d\u0430", "name_sv": "Ljubljana", "name_tr": "Ljubljana", "name_vi": "Ljubljana", "name_zh": "\u5362\u5e03\u5c14\u96c5\u90a3\u5e02", "ne_id": 1159310719, "name_he": "\u05dc\u05d5\u05d1\u05dc\u05d9\u05d0\u05e0\u05d4", "name_uk": "\u041b\u044e\u0431\u043b\u044f\u043d\u0430", "name_ur": "\u062c\u0628\u0644\u062c\u0627\u0646\u0627", "name_fa": "\u0634\u0647\u0631\u062f\u0627\u0631\u06cc \u0634\u0647\u0631 \u0644\u06cc\u0648\u0628\u0644\u06cc\u0627\u0646\u0627", "name_zht": "\u5362\u5e03\u5c14\u96c5\u90a3\u5e02", "FCLASS_ISO": null, "FCLASS_US": null, "FCLASS_FR": null, "FCLASS_RU": null, "FCLASS_ES": null, "FCLASS_CN": null, "FCLASS_TW": null, "FCLASS_IN": null, "FCLASS_NP": null, "FCLASS_PK": null, "FCLASS_DE": null, "FCLASS_GB": null, "FCLASS_BR": null, "FCLASS_IL": null, "FCLASS_PS": null, "FCLASS_SA": null, "FCLASS_EG": null, "FCLASS_MA": null, "FCLASS_PT": null, "FCLASS_AR": null, "FCLASS_JP": null, "FCLASS_KO": null, "FCLASS_VN": null, "FCLASS_TR": null, "FCLASS_ID": null, "FCLASS_PL": null, "FCLASS_GR": null, "FCLASS_IT": null, "FCLASS_NL": null, "FCLASS_SE": null, "FCLASS_BD": null, "FCLASS_UA": null, "FCLASS_TLC": null}, "bbox": [14.408558, 45.974093, 14.751327, 46.145556], "geometry": {"type": "Polygon", "coordinates": [[[14.749622, 46.002955], [14.740165, 45.998149], [14.724611, 46.003807], [14.715309, 46.009233], [14.709728, 46.011145], [14.701201, 46.010939], [14.686473, 46.005151], [14.682598, 46.000448], [14.676862, 45.996237], [14.660687, 45.989803], [14.630611, 45.989235], [14.616193, 45.996676], [14.586996, 46.015409], [14.562967, 46.018845], [14.541831, 46.016313], [14.535475, 46.013057], [14.536095, 46.00373], [14.533304, 45.990216], [14.513306, 45.99802], [14.502919, 45.997606], [14.480543, 45.991896], [14.474342, 45.983085], [14.445144, 45.974093], [14.435533, 45.979933], [14.435998, 45.986754], [14.443284, 45.993937], [14.451862, 45.999699], [14.457754, 46.005358], [14.455428, 46.009543], [14.443129, 46.016003], [14.428866, 46.029025], [14.439563, 46.033754], [14.440339, 46.036157], [14.440804, 46.040963], [14.439873, 46.050213], [14.437238, 46.056181], [14.434758, 46.060651], [14.432432, 46.063028], [14.42406, 46.078247], [14.420805, 46.081064], [14.415069, 46.082769], [14.408558, 46.082872], [14.430572, 46.094189], [14.435688, 46.095636], [14.437858, 46.097445], [14.434913, 46.100907], [14.431037, 46.104576], [14.427936, 46.108814], [14.424681, 46.115583], [14.42065, 46.117444], [14.421115, 46.119718], [14.42251, 46.123128], [14.426851, 46.126539], [14.433207, 46.128399], [14.446281, 46.128347], [14.460389, 46.13398], [14.469226, 46.143463], [14.476357, 46.138786], [14.487209, 46.139587], [14.513926, 46.145556], [14.520592, 46.132378], [14.539661, 46.116229], [14.569323, 46.10778], [14.592267, 46.105455], [14.594283, 46.096618], [14.595833, 46.088402], [14.615573, 46.080082], [14.633092, 46.076878], [14.657431, 46.077911], [14.677947, 46.082614], [14.683838, 46.081813], [14.69221, 46.07786], [14.712363, 46.079307], [14.72337, 46.073364], [14.725231, 46.069488], [14.736134, 46.065612], [14.733189, 46.058119], [14.733189, 46.05383], [14.731329, 46.050678], [14.73753, 46.04489], [14.743731, 46.040187], [14.748692, 46.034219], [14.751327, 46.028147], [14.747762, 46.022617], [14.749622, 46.002955]]]}}, {"type": "Feature", "properties": {"featurecla": "Admin-1 states provinces", "scalerank": 10, "adm1_code": "SVN-5885", "diss_me": 5885, "iso_3166_2": "SI-194", "wikipedia": null, "iso_a2": "SI", "adm0_sr": 1, "name": "\u0160martno in Litiji", "name_alt": null, "name_local": null, "type": "Opcine", "type_en": "Commune|Municipality", "code_local": null, "code_hasc": "SI.LJ.LI", "note": null, "hasc_maybe": null, "region": "Osrednjeslovenska", "region_cod": null, "provnum_ne": 194, "gadm_level": 2, "check_me": 0, "datarank": 8, "abbrev": null, "postal": "LI", "area_sqkm": 0, "sameascity": -99, "labelrank": 10, "name_len": 17, "mapcolor9": 2, "mapcolor13": 12, "fips": "SII5", "fips_alt": null, "woe_id": 55848363, "woe_label": "Litija, SI, Slovenia", "woe_name": "Litija", "latitude": 46.0231, "longitude": 14.8692, "sov_a3": "SVN", "adm0_a3": "SVN", "adm0_label": 2, "admin": "Slovenia", "geonunit": "Slovenia", "gu_a3": "SVN", "gn_id": 3344942, "gn_name": "Obcina Smartno pri Litiji", "gns_id": 9123524, "gns_name": "Smartno pri Litiji, Obcina", "gn_level": 1, "gn_region": null, "gn_a1_code": "SI.L9", "region_sub": null, "sub_code": null, "gns_level": 1, "gns_lang": "slv", "gns_adm1": "SI72", "gns_region": null, "min_label": 11, "max_label": 11, "min_zoom": 11, "wikidataid": "Q392192", "name_ar": "\u0633\u0645\u0627\u0631\u062a\u0646\u0648 \u0628\u0631\u064a \u0644\u064a\u062a\u064a\u064a\u0647", "name_bn": "\u09b8\u09cd\u09ae\u09be\u09b0\u09cd\u09a4 \u09aa\u09cd\u09b0\u09bf \u09b2\u09bf\u09a4\u09bf", "name_de": "\u0160martno pri Litiji", "name_en": "\u0160martno pri Litiji", "name_es": "\u0160martno pri Litiji", "name_fr": "\u0160martno pri Litiji", "name_el": "\u03a3\u03bc\u03ac\u03c1\u03bd\u03c4\u03bf \u03c0\u03c1\u03b9 \u039b\u03b9\u03c4\u03af\u03c4\u03b6\u03b9", "name_hi": "\u0938\u094d\u092e\u093e\u0930\u094d\u091f\u0928\u094b \u092a\u094d\u0930\u0940 \u0932\u093f\u0924\u093f\u091c\u0940", "name_hu": "\u0160martno in Litiji", "name_id": "\u0160martno pri Litiji", "name_it": "\u0160martno pri Litiji", "name_ja": "\u30b7\u30e5\u30de\u30eb\u30c8\u30ce\u30fb\u30d7\u30ea\u30fb\u30ea\u30c6\u30a3\u30a4", "name_ko": "\uc288\ub9c8\ub974\ud2b8\ub178\ud504\ub9ac\ub9ac\ud2f0\uc774", "name_nl": "\u0160martno pri Litiji", "name_pl": "\u0160martno pri Litiji", "name_pt": "\u0160martno pri Litiji", "name_ru": "\u0428\u043c\u0430\u0440\u0442\u043d\u043e-\u043f\u0440\u0438-\u041b\u0438\u0442\u0438\u0438", "name_sv": "Smartno pri Litjii", "name_tr": "\u0160martno pri Litiji", "name_vi": "\u0160martno pri Litiji", "name_zh": "\u5229\u8482\u4f0a\u9644\u8fd1\u4ec0\u99ac\u723e\u7279\u8afe", "ne_id": 1159310717, "name_he": "\u05e9\u05de\u05e8\u05d8\u05e0\u05d5 \u05d1\u05dc\u05d9\u05d8\u05d9\u05d2'\u05d9", "name_uk": "\u0428\u043c\u0430\u0440\u0442\u043d\u043e-\u043f\u0440\u0438-\u041b\u0456\u0442\u0456\u0457", "name_ur": "\u0633\u0645\u0627\u0631\u062a\u0646\u0648 \u067e\u0631\u06cc \u0644\u06cc\u062a\u06cc\u062c\u06cc", "name_fa": "\u0633\u0627\u0645\u0627\u0631\u062a\u0646\u0648 \u0627\u064f\u0628 \u0644\u06cc\u062a\u06cc\u062c\u06cc", "name_zht": "\u5229\u8482\u4f0a\u9644\u8fd1\u4ec0\u99ac\u723e\u7279\u8afe", "FCLASS_ISO": null, "FCLASS_US": null, "FCLASS_FR": null, "FCLASS_RU": null, "FCLASS_ES": null, "FCLASS_CN": null, "FCLASS_TW": null, "FCLASS_IN": null, "FCLASS_NP": null, "FCLASS_PK": null, "FCLASS_DE": null, "FCLASS_GB": null, "FCLASS_BR": null, "FCLASS_IL": null, "FCLASS_PS": null, "FCLASS_SA": null, "FCLASS_EG": null, "FCLASS_MA": null, "FCLASS_PT": null, "FCLASS_AR": null, "FCLASS_JP": null, "FCLASS_KO": null, "FCLASS_VN": null, "FCLASS_TR": null, "FCLASS_ID": null, "FCLASS_PL": null, "FCLASS_GR": null, "FCLASS_IT": null, "FCLASS_NL": null, "FCLASS_SE": null, "FCLASS_BD": null, "FCLASS_UA": null, "FCLASS_TLC": null}, "bbox": [14.731329, 45.962983, 14.954467, 46.072995], "geometry": {"type": "Polygon", "coordinates": [[[14.749622, 46.002955], [14.747762, 46.022617], [14.751327, 46.028147], [14.748692, 46.034219], [14.743731, 46.040187], [14.73753, 46.04489], [14.731329, 46.050678], [14.733189, 46.05383], [14.733189, 46.058119], [14.736134, 46.065612], [14.751851, 46.066343], [14.805806, 46.059691], [14.84424, 46.072995], [14.865674, 46.070038], [14.889326, 46.054517], [14.912977, 46.033082], [14.93589, 46.0183], [14.949933, 45.99391], [14.954467, 45.975075], [14.939533, 45.966187], [14.927286, 45.962983], [14.905581, 45.972905], [14.87747, 46.002102], [14.871423, 46.005254], [14.865687, 46.006443], [14.863672, 46.004324], [14.862897, 46.000784], [14.85592, 45.999983], [14.843053, 46.000629], [14.81091, 46.007761], [14.781403, 46.008536], [14.775202, 46.006288], [14.772721, 46.004531], [14.749622, 46.002955]]]}}, {"type": "Feature", "properties": {"featurecla": "Admin-1 states provinces", "scalerank": 10, "adm1_code": "SVN-953", "diss_me": 953, "iso_3166_2": "SI-037", "wikipedia": null, "iso_a2": "SI", "adm0_sr": 1, "name": "Ig", "name_alt": null, "name_local": null, "type": "Opcine", "type_en": "Commune|Municipality", "code_local": null, "code_hasc": "SI.LJ.IG", "note": null, "hasc_maybe": null, "region": "Osrednjeslovenska", "region_cod": null, "provnum_ne": 186, "gadm_level": 2, "check_me": 0, "datarank": 8, "abbrev": null, "postal": "IG", "area_sqkm": 0, "sameascity": -99, "labelrank": 10, "name_len": 2, "mapcolor9": 2, "mapcolor13": 12, "fips": "SI37", "fips_alt": null, "woe_id": -55848364, "woe_label": null, "woe_name": null, "latitude": 45.9398, "longitude": 14.5158, "sov_a3": "SVN", "adm0_a3": "SVN", "adm0_label": 2, "admin": "Slovenia", "geonunit": "Slovenia", "gu_a3": "SVN", "gn_id": 3239069, "gn_name": "Obcina Ig", "gns_id": 243461, "gns_name": "Ig, Obcina", "gn_level": 1, "gn_region": null, "gn_a1_code": "SI.37", "region_sub": null, "sub_code": null, "gns_level": 1, "gns_lang": "div", "gns_adm1": "SI37", "gns_region": null, "min_label": 11, "max_label": 11, "min_zoom": 11, "wikidataid": "Q917397", "name_ar": "\u0628\u0644\u062f\u064a\u0629 \u0625\u064a\u063a", "name_bn": "\u0987\u0997 \u09aa\u09cc\u09b0\u09b8\u09ad\u09be", "name_de": "Ig", "name_en": "Ig", "name_es": "Municipalidad del Ig", "name_fr": "Ig", "name_el": "\u0399\u03b3\u03ba", "name_hi": "\u0906\u0907\u0917 \u0928\u0917\u0930\u092a\u093e\u0932\u093f\u0915\u093e", "name_hu": "Ig", "name_id": "Ig", "name_it": "Ig", "name_ja": "\u30a4\u30b0", "name_ko": "\uc774\uadf8", "name_nl": "Ig", "name_pl": "Gmina Ig", "name_pt": "Ig", "name_ru": "\u0418\u0433", "name_sv": "Ig", "name_tr": "Ig Belediyes", "name_vi": "\u0110\u00f4 th\u1ecb t\u1ef1 tr\u1ecb Ig", "name_zh": "\u4f0a\u683c\u93ae", "ne_id": 1159310699, "name_he": "\u05d0\u05d9\u05d2", "name_uk": "\u0406\u0433", "name_ur": "\u06cc\u062c \u0645\u06cc\u0648\u0646\u0633\u067e\u0644\u0679\u06cc", "name_fa": "\u0634\u0647\u0631\u062f\u0627\u0631\u06cc \u0627\u06cc\u06af", "name_zht": "\u4f0a\u683c\u93ae", "FCLASS_ISO": null, "FCLASS_US": null, "FCLASS_FR": null, "FCLASS_RU": null, "FCLASS_ES": null, "FCLASS_CN": null, "FCLASS_TW": null, "FCLASS_IN": null, "FCLASS_NP": null, "FCLASS_PK": null, "FCLASS_DE": null, "FCLASS_GB": null, "FCLASS_BR": null, "FCLASS_IL": null, "FCLASS_PS": null, "FCLASS_SA": null, "FCLASS_EG": null, "FCLASS_MA": null, "FCLASS_PT": null, "FCLASS_AR": null, "FCLASS_JP": null, "FCLASS_KO": null, "FCLASS_VN": null, "FCLASS_TR": null, "FCLASS_ID": null, "FCLASS_PL": null, "FCLASS_GR": null, "FCLASS_IT": null, "FCLASS_NL": null, "FCLASS_SE": null, "FCLASS_BD": null, "FCLASS_UA": null, "FCLASS_TLC": null}, "bbox": [14.445144, 45.867278, 14.586531, 45.99802], "geometry": {"type": "Polygon", "coordinates": [[[14.513306, 45.99802], [14.533304, 45.990216], [14.554078, 45.972388], [14.55997, 45.955128], [14.56152, 45.943656], [14.556869, 45.921125], [14.560486, 45.918619], [14.563742, 45.915027], [14.564982, 45.910428], [14.564517, 45.904744], [14.566687, 45.901979], [14.585291, 45.896269], [14.586531, 45.882316], [14.58126, 45.874513], [14.570098, 45.867562], [14.561727, 45.867278], [14.554854, 45.867847], [14.549738, 45.87043], [14.542606, 45.872575], [14.530669, 45.87875], [14.50788, 45.884538], [14.490155, 45.880869], [14.4669, 45.905984], [14.463955, 45.920608], [14.458839, 45.937119], [14.459149, 45.948152], [14.445144, 45.974093], [14.474342, 45.983085], [14.480543, 45.991896], [14.502919, 45.997606], [14.513306, 45.99802]]]}}, {"type": "Feature", "properties": {"featurecla": "Admin-1 states provinces", "scalerank": 10, "adm1_code": "SVN-946", "diss_me": 946, "iso_3166_2": "SI-022", "wikipedia": null, "iso_a2": "SI", "adm0_sr": 1, "name": "Dol pri Ljubljani", "name_alt": null, "name_local": null, "type": "Opcine", "type_en": "Commune|Municipality", "code_local": null, "code_hasc": "SI.LJ.DL", "note": null, "hasc_maybe": null, "region": "Osrednjeslovenska", "region_cod": null, "provnum_ne": 110, "gadm_level": 2, "check_me": 0, "datarank": 8, "abbrev": null, "postal": "DL", "area_sqkm": 0, "sameascity": -99, "labelrank": 10, "name_len": 17, "mapcolor9": 2, "mapcolor13": 12, "fips": "SI22", "fips_alt": null, "woe_id": -55848364, "woe_label": null, "woe_name": null, "latitude": 46.0996, "longitude": 14.6741, "sov_a3": "SVN", "adm0_a3": "SVN", "adm0_label": 2, "admin": "Slovenia", "geonunit": "Slovenia", "gu_a3": "SVN", "gn_id": 3239115, "gn_name": "Obcina Dol pri Ljubljani", "gns_id": 243531, "gns_name": "Dol pri Ljubljani, Obcina", "gn_level": 1, "gn_region": null, "gn_a1_code": "SI.22", "region_sub": null, "sub_code": null, "gns_level": 1, "gns_lang": "slv", "gns_adm1": "SI22", "gns_region": null, "min_label": 11, "max_label": 11, "min_zoom": 11, "wikidataid": "Q998557", "name_ar": "\u0628\u0644\u062f\u064a\u0629 \u062f\u0648\u0644 \u0628\u0631\u064a \u0644\u064a\u0648\u0628\u0644\u064a\u0627\u0646\u064a", "name_bn": "\u09a1\u09b2 \u09aa\u09cd\u09b0\u09bf \u09b2\u09c1\u09ac\u09cd\u09b2\u09be\u099c\u09a8\u09bf \u09aa\u09cc\u09b0\u09b8\u09ad\u09be", "name_de": "Dol pri Ljubljani", "name_en": "Dol pri Ljubljani", "name_es": "Dol pri Ljubljani", "name_fr": "Dol pri Ljubljani", "name_el": "\u039d\u03c4\u03bf\u03bb \u03c0\u03c1\u03b9 \u039b\u03bf\u03c5\u03bc\u03c0\u03bb\u03c4\u03b6\u03ac\u03bd\u03b9", "name_hi": "\u0921\u094b\u0932 \u092a\u094d\u0930\u0940 \u0932\u0941\u092c\u094d\u0932\u093f\u092f\u093e\u0928\u0940 \u0928\u0917\u0930\u092a\u093e\u0932\u093f\u0915\u093e", "name_hu": "Dol pri Ljubljani", "name_id": "Dol pri Ljubljani", "name_it": "Dol pri Ljubljani", "name_ja": "\u30c9\u30eb\u30fb\u30d7\u30ea\u30fb\u30ea\u30e5\u30d6\u30ea\u30e3\u30cb", "name_ko": "\ub3cc\ud504\ub9ac\ub958\ube14\ub7b4\ub2c8", "name_nl": "Dol pri Ljubljani", "name_pl": "Gmina Dol pri Ljubljani", "name_pt": "Dol pri Ljubljani", "name_ru": "\u0414\u043e\u043b\u044c-\u043f\u0440\u0438-\u041b\u044e\u0431\u043b\u044f\u043d\u0435", "name_sv": "Dol pri Ljubljani", "name_tr": "Dol pri Ljubljani Belediyesi", "name_vi": "Dol pri Ljubljani", "name_zh": "\u5362\u5e03\u5c14\u96c5\u90a3\u9644\u8fd1\u591a\u5c14", "ne_id": 1159310683, "name_he": "\u05d3\u05d5\u05dc \u05e4\u05e8\u05d9 \u05dc\u05d5\u05d1\u05dc\u05d9\u05d0\u05e0\u05d9", "name_uk": "\u0414\u043e\u043b-\u043f\u0440\u0438-\u041b\u044e\u0431\u043b\u044f\u043d\u0456", "name_ur": "\u0688\u0648\u0644 \u067e\u0631\u06cc \u0644\u062c\u0648\u0628\u0644\u062c\u0627\u0646\u06cc \u0645\u06cc\u0648\u0646\u0633\u067e\u0644\u0679\u06cc", "name_fa": "\u062f\u0648\u0644 \u067e\u0631\u06cc \u0644\u062c\u0648\u0628\u0644\u06cc\u062c\u0627\u0646\u06af", "name_zht": "\u5362\u5e03\u5c14\u96c5\u90a3\u9644\u8fd1\u591a\u5c14", "FCLASS_ISO": null, "FCLASS_US": null, "FCLASS_FR": null, "FCLASS_RU": null, "FCLASS_ES": null, "FCLASS_CN": null, "FCLASS_TW": null, "FCLASS_IN": null, "FCLASS_NP": null, "FCLASS_PK": null, "FCLASS_DE": null, "FCLASS_GB": null, "FCLASS_BR": null, "FCLASS_IL": null, "FCLASS_PS": null, "FCLASS_SA": null, "FCLASS_EG": null, "FCLASS_MA": null, "FCLASS_PT": null, "FCLASS_AR": null, "FCLASS_JP": null, "FCLASS_KO": null, "FCLASS_VN": null, "FCLASS_TR": null, "FCLASS_ID": null, "FCLASS_PL": null, "FCLASS_GR": null, "FCLASS_IT": null, "FCLASS_NL": null, "FCLASS_SE": null, "FCLASS_BD": null, "FCLASS_UA": null, "FCLASS_TLC": null}, "bbox": [14.594283, 46.076878, 14.753963, 46.117625], "geometry": {"type": "Polygon", "coordinates": [[[14.753963, 46.100184], [14.749932, 46.093156], [14.744661, 46.09052], [14.712363, 46.079307], [14.69221, 46.07786], [14.683838, 46.081813], [14.677947, 46.082614], [14.657431, 46.077911], [14.633092, 46.076878], [14.615573, 46.080082], [14.595833, 46.088402], [14.594283, 46.096618], [14.617434, 46.098375], [14.629216, 46.102225], [14.65309, 46.113051], [14.666423, 46.117625], [14.687249, 46.117289], [14.703527, 46.111553], [14.715929, 46.109951], [14.721665, 46.10623], [14.726316, 46.100339], [14.734739, 46.099047], [14.753963, 46.100184]]]}}, {"type": "Feature", "properties": {"featurecla": "Admin-1 states provinces", "scalerank": 10, "adm1_code": "SVN-243", "diss_me": 243, "iso_3166_2": "SI-174", "wikipedia": null, "iso_a2": "SI", "adm0_sr": 1, "name": "Prebold", "name_alt": null, "name_local": null, "type": "Opcine", "type_en": "Commune|Municipality", "code_local": null, "code_hasc": "SI.SA.PR", "note": null, "hasc_maybe": null, "region": "Savinjska", "region_cod": null, "provnum_ne": 109, "gadm_level": 2, "check_me": 10, "datarank": 8, "abbrev": null, "postal": "PR", "area_sqkm": 0, "sameascity": -99, "labelrank": 10, "name_len": 7, "mapcolor9": 2, "mapcolor13": 12, "fips": "SI00", "fips_alt": "SIK4", "woe_id": -55848398, "woe_label": null, "woe_name": null, "latitude": 46.2214, "longitude": 15.0943, "sov_a3": "SVN", "adm0_a3": "SVN", "adm0_label": 2, "admin": "Slovenia", "geonunit": "Slovenia", "gu_a3": "SVN", "gn_id": 3344907, "gn_name": "Obcina Prebold", "gns_id": 9123403, "gns_name": "Prebold, Obcina", "gn_level": 1, "gn_region": null, "gn_a1_code": "SI.K4", "region_sub": null, "sub_code": null, "gns_level": 1, "gns_lang": "kat", "gns_adm1": "SI72", "gns_region": null, "min_label": 11, "max_label": 11, "min_zoom": 11, "wikidataid": "Q1016698", "name_ar": "\u0628\u0644\u062f\u064a\u0629 \u0628\u0631\u064a\u0628\u0648\u0644\u062f", "name_bn": "\u09aa\u09cd\u09b0\u09bf\u09ac\u09cb\u09b2\u09cd\u09a1 \u09aa\u09cc\u09b0\u09b8\u09ad\u09be", "name_de": "Prebold", "name_en": "Prebold", "name_es": "Prebold", "name_fr": "Prebold", "name_el": "\u03a0\u03c1\u03b5\u03bc\u03c0\u03cc\u03bb\u03bd\u03c4", "name_hi": "\u092a\u094d\u0930\u0940\u092c\u0949\u0932\u094d\u0921 \u0928\u0917\u0930 \u092a\u093e\u0932\u093f\u0915\u093e", "name_hu": "Prebold", "name_id": "Prebold", "name_it": "Prebold", "name_ja": "\u30d7\u30ec\u30dc\u30eb\u30c9", "name_ko": "\ud504\ub808\ubcfc\ud2b8", "name_nl": "Prebold", "name_pl": "Gmina Prebold", "name_pt": "Prebold", "name_ru": "\u041f\u0440\u0435\u0431\u043e\u043b\u0434", "name_sv": "Prebold", "name_tr": "Prebold Belediyesi", "name_vi": "\u0110\u00f4 th\u1ecb t\u1ef1 tr\u1ecb Prebold", "name_zh": "\u666e\u96f7\u535a\u5c14\u5fb7", "ne_id": 1159308645, "name_he": "\u05e4\u05b0\u05e8\u05b6\u05d1\u05d5\u05dc\u05d3", "name_uk": "\u041f\u0440\u0435\u0431\u043e\u043b\u0434", "name_ur": "\u067e\u0631\u06cc\u0628\u0648\u0644\u062f \u0645\u06cc\u0648\u0646\u0633\u067e\u0644\u0679\u06cc", "name_fa": "\u067e\u0631\u0628\u0648\u0644\u062f", "name_zht": "\u666e\u96f7\u535a\u5c14\u5fb7", "FCLASS_ISO": null, "FCLASS_US": null, "FCLASS_FR": null, "FCLASS_RU": null, "FCLASS_ES": null, "FCLASS_CN": null, "FCLASS_TW": null, "FCLASS_IN": null, "FCLASS_NP": null, "FCLASS_PK": null, "FCLASS_DE": null, "FCLASS_GB": null, "FCLASS_BR": null, "FCLASS_IL": null, "FCLASS_PS": null, "FCLASS_SA": null, "FCLASS_EG": null, "FCLASS_MA": null, "FCLASS_PT": null, "FCLASS_AR": null, "FCLASS_JP": null, "FCLASS_KO": null, "FCLASS_VN": null, "FCLASS_TR": null, "FCLASS_ID": null, "FCLASS_PL": null, "FCLASS_GR": null, "FCLASS_IT": null, "FCLASS_NL": null, "FCLASS_SE": null, "FCLASS_BD": null, "FCLASS_UA": null, "FCLASS_TLC": null}, "bbox": [15.045056, 46.184365, 15.143603, 46.257668], "geometry": {"type": "Polygon", "coordinates": [[[15.095027, 46.257668], [15.104019, 46.255006], [15.123759, 46.241571], [15.137712, 46.235989], [15.143138, 46.231597], [15.143603, 46.229969], [15.140658, 46.23015], [15.138022, 46.22984], [15.135697, 46.227024], [15.134301, 46.22214], [15.134146, 46.206844], [15.132441, 46.198395], [15.130891, 46.195062], [15.12841, 46.192426], [15.125155, 46.190204], [15.121589, 46.188654], [15.118282, 46.187879], [15.110995, 46.18731], [15.077664, 46.184365], [15.045056, 46.193305], [15.051567, 46.207567], [15.052498, 46.21134], [15.051102, 46.226093], [15.066605, 46.230512], [15.095027, 46.257668]]]}}, {"type": "Feature", "properties": {"featurecla": "Admin-1 states provinces", "scalerank": 10, "adm1_code": "SVN-972", "diss_me": 972, "iso_3166_2": "SI-077", "wikipedia": null, "iso_a2": "SI", "adm0_sr": 1, "name": "Moravce", "name_alt": null, "name_local": null, "type": "Opcine", "type_en": "Commune|Municipality", "code_local": null, "code_hasc": "SI.LJ.MO", "note": null, "hasc_maybe": null, "region": "Osrednjeslovenska", "region_cod": null, "provnum_ne": 108, "gadm_level": 2, "check_me": 0, "datarank": 8, "abbrev": null, "postal": "MO", "area_sqkm": 0, "sameascity": -99, "labelrank": 10, "name_len": 7, "mapcolor9": 2, "mapcolor13": 12, "fips": "SI77", "fips_alt": null, "woe_id": -55848346, "woe_label": null, "woe_name": null, "latitude": 46.1337, "longitude": 14.7576, "sov_a3": "SVN", "adm0_a3": "SVN", "adm0_label": 2, "admin": "Slovenia", "geonunit": "Slovenia", "gu_a3": "SVN", "gn_id": 3239132, "gn_name": "Obcina Moravce", "gns_id": 243736, "gns_name": "Moravce, Obcina", "gn_level": 1, "gn_region": null, "gn_a1_code": "SI.77", "region_sub": null, "sub_code": null, "gns_level": 1, "gns_lang": "slv", "gns_adm1": "SI77", "gns_region": null, "min_label": 11, "max_label": 11, "min_zoom": 11, "wikidataid": "Q1012761", "name_ar": "\u0645\u0648\u0631\u0627\u0641\u0633\u0643\u0647\u060c \u0645\u0648\u0631\u0627\u0641\u0633\u0643\u0647", "name_bn": "\u09ae\u09cb\u09b0\u09be\u09ad\u09bf \u09aa\u09cc\u09b0\u09b8\u09ad\u09be", "name_de": "Morav\u010de", "name_en": "Morav\u010de", "name_es": "Municipalidad del Morav\u010de", "name_fr": "Morav\u010de", "name_el": "\u039c\u03bf\u03c1\u03ac\u03b2\u03c4\u03c3\u03b5", "name_hi": "\u092e\u094b\u0930\u0947\u0935\u094d\u0938\u0947 \u0928\u0917\u0930\u092a\u093e\u0932\u093f\u0915\u093e", "name_hu": "Moravce", "name_id": "Morav\u010de", "name_it": "Morav\u010de", "name_ja": "\u30e2\u30e9\u30d5\u30c1\u30a7", "name_ko": "\ubaa8\ub77c\uc6b0\uccb4", "name_nl": "Morav\u010de", "name_pl": "Gmina Morav\u010de", "name_pt": "Morav\u010de", "name_ru": "\u041c\u043e\u0440\u0430\u0432\u0447\u0435", "name_sv": "Moravce", "name_tr": "Moravce Belediyesi", "name_vi": "Morav\u010de", "name_zh": "\u6469\u62c9\u592b\u5207", "ne_id": 1159310741, "name_he": "\u05de\u05d5\u05e8\u05d1\u05e1\u05e7\u05d4 \u05d8\u05d5\u05e4\u05dc\u05d9\u05e6'\u05d4", "name_uk": "\u041c\u043e\u0440\u0430\u0432\u0447\u0435", "name_ur": "\u0645\u0648\u0631\u0627\u0648\u06cc\u0633 \u0645\u06cc\u0648\u0646\u0633\u067e\u0644\u0679\u06cc", "name_fa": "\u0645\u0631\u0627\u0648\u0633\u0647", "name_zht": "\u6469\u62c9\u592b\u5207", "FCLASS_ISO": null, "FCLASS_US": null, "FCLASS_FR": null, "FCLASS_RU": null, "FCLASS_ES": null, "FCLASS_CN": null, "FCLASS_TW": null, "FCLASS_IN": null, "FCLASS_NP": null, "FCLASS_PK": null, "FCLASS_DE": null, "FCLASS_GB": null, "FCLASS_BR": null, "FCLASS_IL": null, "FCLASS_PS": null, "FCLASS_SA": null, "FCLASS_EG": null, "FCLASS_MA": null, "FCLASS_PT": null, "FCLASS_AR": null, "FCLASS_JP": null, "FCLASS_KO": null, "FCLASS_VN": null, "FCLASS_TR": null, "FCLASS_ID": null, "FCLASS_PL": null, "FCLASS_GR": null, "FCLASS_IT": null, "FCLASS_NL": null, "FCLASS_SE": null, "FCLASS_BD": null, "FCLASS_UA": null, "FCLASS_TLC": null}, "bbox": [14.674536, 46.099047, 14.840573, 46.168371], "geometry": {"type": "Polygon", "coordinates": [[[14.834785, 46.136977], [14.806259, 46.115454], [14.753963, 46.100184], [14.734739, 46.099047], [14.726316, 46.100339], [14.721665, 46.10623], [14.715929, 46.109951], [14.703527, 46.111553], [14.687249, 46.117289], [14.689419, 46.12566], [14.683373, 46.128218], [14.679342, 46.130854], [14.675156, 46.13274], [14.674536, 46.138889], [14.683838, 46.143954], [14.711123, 46.15186], [14.729882, 46.162247], [14.772101, 46.168371], [14.804554, 46.165193], [14.828429, 46.160284], [14.840573, 46.148966], [14.839436, 46.145246], [14.839642, 46.141422], [14.834785, 46.136977]]]}}, {"type": "Feature", "properties": {"featurecla": "Admin-1 states provinces", "scalerank": 10, "adm1_code": "SVN-253", "diss_me": 253, "iso_3166_2": "SI-020", "wikipedia": null, "iso_a2": "SI", "adm0_sr": 1, "name": "Dobrepolje", "name_alt": null, "name_local": null, "type": "Opcine", "type_en": "Commune|Municipality", "code_local": null, "code_hasc": "SI.LJ.DB", "note": null, "hasc_maybe": null, "region": "Osrednjeslovenska", "region_cod": null, "provnum_ne": 193, "gadm_level": 2, "check_me": 10, "datarank": 8, "abbrev": null, "postal": "DB", "area_sqkm": 0, "sameascity": -99, "labelrank": 10, "name_len": 10, "mapcolor9": 2, "mapcolor13": 12, "fips": "SI00", "fips_alt": "SI20", "woe_id": -55848349, "woe_label": null, "woe_name": null, "latitude": 45.8342, "longitude": 14.7253, "sov_a3": "SVN", "adm0_a3": "SVN", "adm0_label": 2, "admin": "Slovenia", "geonunit": "Slovenia", "gu_a3": "SVN", "gn_id": 3239193, "gn_name": "Obcina Dobrepolje", "gns_id": 243872, "gns_name": "Dobrepolje, Obcina", "gn_level": 1, "gn_region": null, "gn_a1_code": "SI.20", "region_sub": null, "sub_code": null, "gns_level": 1, "gns_lang": "slv", "gns_adm1": "SI20", "gns_region": null, "min_label": 11, "max_label": 11, "min_zoom": 11, "wikidataid": "Q1009409", "name_ar": "\u0628\u0644\u062f\u064a\u0629 \u062f\u0648\u0628\u0631\u064a\u0628\u0648\u0644\u064a\u0647", "name_bn": "\u09a6\u09cb\u09ac\u09cd\u09b0\u09c7\u09aa\u09b2\u099c\u09c7 \u09aa\u09cc\u09b0\u09b8\u09ad\u09be", "name_de": "Dobrepolje", "name_en": "Dobrepolje", "name_es": "Minicipalidad Dobrepolje", "name_fr": "Dobrepolje", "name_el": "\u039d\u03c4\u03bf\u03bc\u03c0\u03c1\u03ad\u03c0\u03bf\u03bb\u03c4\u03b6\u03b5", "name_hi": "\u0921\u094b\u092c\u0930\u092a\u094b\u0932\u093f\u090f \u0928\u0917\u0930\u092a\u093e\u0932\u093f\u0915\u093e", "name_hu": "Dobrepolje k\u00f6zs\u00e9g", "name_id": "Dobrepolje", "name_it": "Dobrepolje", "name_ja": "\u30c9\u30d6\u30ec\u30dd\u30ea\u30a7", "name_ko": "\ub3c4\ube0c\ub808\ud3f4\ub808", "name_nl": "Dobrepolje", "name_pl": "Gmina Dobrepolje", "name_pt": "Dobrepolje", "name_ru": "\u0414\u043e\u0431\u0440\u0435\u043f\u043e\u043b\u044c\u0435", "name_sv": "Dobrepolje", "name_tr": "Dobrepolje Belediyesi", "name_vi": "Dobrepolje", "name_zh": "\u591a\u5e03\u96f7\u6ce2\u5217\u93ae", "ne_id": 1159308665, "name_he": "\u05d3\u05d5\u05d1\u05e8\u05e4\u05d5\u05dc\u05d9\u05d9\u05d4", "name_uk": "\u0414\u043e\u0431\u0440\u0435\u043f\u043e\u043b\u0454", "name_ur": "\u062f\u0648\u0628\u0631\u06cc\u067e\u0648\u0644\u062c\u06cc \u0645\u06cc\u0648\u0646\u0633\u067e\u0644\u0679\u06cc", "name_fa": "\u0634\u0647\u0631\u062f\u0627\u0631\u06cc \u062f\u0648\u0628\u0631\u067e\u0648\u0644\u062c\u0647", "name_zht": "\u591a\u5e03\u96f7\u6ce2\u5217\u93ae", "FCLASS_ISO": null, "FCLASS_US": null, "FCLASS_FR": null, "FCLASS_RU": null, "FCLASS_ES": null, "FCLASS_CN": null, "FCLASS_TW": null, "FCLASS_IN": null, "FCLASS_NP": null, "FCLASS_PK": null, "FCLASS_DE": null, "FCLASS_GB": null, "FCLASS_BR": null, "FCLASS_IL": null, "FCLASS_PS": null, "FCLASS_SA": null, "FCLASS_EG": null, "FCLASS_MA": null, "FCLASS_PT": null, "FCLASS_AR": null, "FCLASS_JP": null, "FCLASS_KO": null, "FCLASS_VN": null, "FCLASS_TR": null, "FCLASS_ID": null, "FCLASS_PL": null, "FCLASS_GR": null, "FCLASS_IT": null, "FCLASS_NL": null, "FCLASS_SE": null, "FCLASS_BD": null, "FCLASS_UA": null, "FCLASS_TLC": null}, "bbox": [14.636967, 45.7431, 14.813701, 45.890119], "geometry": {"type": "Polygon", "coordinates": [[[14.751792, 45.883298], [14.768071, 45.866761], [14.767295, 45.863816], [14.760474, 45.850948], [14.758769, 45.837357], [14.764195, 45.831776], [14.771016, 45.822991], [14.781713, 45.815137], [14.784659, 45.808315], [14.804554, 45.797515], [14.802539, 45.780281], [14.803934, 45.77532], [14.813701, 45.757672], [14.795872, 45.7431], [14.687714, 45.817979], [14.669213, 45.837306], [14.651695, 45.846427], [14.645184, 45.848571], [14.638828, 45.849346], [14.636967, 45.853894], [14.639138, 45.858726], [14.640223, 45.862756], [14.640223, 45.874771], [14.659757, 45.883298], [14.664563, 45.888672], [14.671694, 45.890119], [14.678102, 45.888724], [14.684768, 45.885778], [14.72306, 45.876425], [14.731329, 45.876425], [14.751792, 45.883298]]]}}, {"type": "Feature", "properties": {"featurecla": "Admin-1 states provinces", "scalerank": 10, "adm1_code": "SVN-980", "diss_me": 980, "iso_3166_2": "SI-099", "wikipedia": null, "iso_a2": "SI", "adm0_sr": 1, "name": "Radece", "name_alt": null, "name_local": null, "type": "Opcine", "type_en": "Commune|Municipality", "code_local": null, "code_hasc": "SI.SA.RA", "note": null, "hasc_maybe": null, "region": "Savinjska", "region_cod": null, "provnum_ne": 192, "gadm_level": 2, "check_me": 0, "datarank": 8, "abbrev": null, "postal": "RA", "area_sqkm": 0, "sameascity": -99, "labelrank": 10, "name_len": 6, "mapcolor9": 2, "mapcolor13": 12, "fips": "SI99", "fips_alt": null, "woe_id": -55848360, "woe_label": null, "woe_name": null, "latitude": 46.0658, "longitude": 15.1559, "sov_a3": "SVN", "adm0_a3": "SVN", "adm0_label": 2, "admin": "Slovenia", "geonunit": "Slovenia", "gu_a3": "SVN", "gn_id": 3239189, "gn_name": "Obcina Radece", "gns_id": 243864, "gns_name": "Radece, Obcina", "gn_level": 1, "gn_region": null, "gn_a1_code": "SI.99", "region_sub": null, "sub_code": null, "gns_level": 1, "gns_lang": "slv", "gns_adm1": "SI99", "gns_region": null, "min_label": 11, "max_label": 11, "min_zoom": 11, "wikidataid": "Q15908", "name_ar": "\u0631\u0627\u062f\u062a\u0634\u0647", "name_bn": "\u09b0\u09cd\u09af\u09be\u09a1\u09c7\u099a\u09c7", "name_de": "Rade\u010de", "name_en": "Rade\u010de", "name_es": "Rade\u010de", "name_fr": "Rade\u010de", "name_el": "\u03a1\u03b1\u03bd\u03c4\u03b5\u03c4\u03c3\u03ad", "name_hi": "\u0930\u093e\u0921\u0947\u0915\u0947", "name_hu": "Radece", "name_id": "Rade\u010de", "name_it": "Rade\u010de", "name_ja": "\u30e9\u30c7\u30c1\u30a7", "name_ko": "\ub77c\ub370\uccb4", "name_nl": "Rade\u010de", "name_pl": "Rade\u010de", "name_pt": "Rade\u010de", "name_ru": "\u0420\u0430\u0434\u0435\u0447\u0435", "name_sv": "Radece", "name_tr": "Radece", "name_vi": "Rade\u010de", "name_zh": "\u62c9\u4ee3\u5207", "ne_id": 1159310759, "name_he": "\u05e8\u05d0\u05d3\u05e6'\u05d4", "name_uk": "\u0420\u0430\u0434\u0435\u0447\u0435", "name_ur": "\u0631\u0627\u062f\u06cc\u06a9\u06cc", "name_fa": "\u0631\u0627\u062f\u0686\u0647", "name_zht": "\u62c9\u4ee3\u5207", "FCLASS_ISO": null, "FCLASS_US": null, "FCLASS_FR": null, "FCLASS_RU": null, "FCLASS_ES": null, "FCLASS_CN": null, "FCLASS_TW": null, "FCLASS_IN": null, "FCLASS_NP": null, "FCLASS_PK": null, "FCLASS_DE": null, "FCLASS_GB": null, "FCLASS_BR": null, "FCLASS_IL": null, "FCLASS_PS": null, "FCLASS_SA": null, "FCLASS_EG": null, "FCLASS_MA": null, "FCLASS_PT": null, "FCLASS_AR": null, "FCLASS_JP": null, "FCLASS_KO": null, "FCLASS_VN": null, "FCLASS_TR": null, "FCLASS_ID": null, "FCLASS_PL": null, "FCLASS_GR": null, "FCLASS_IT": null, "FCLASS_NL": null, "FCLASS_SE": null, "FCLASS_BD": null, "FCLASS_UA": null, "FCLASS_TLC": null}, "bbox": [15.071463, 46.02949, 15.24029, 46.093518], "geometry": {"type": "Polygon", "coordinates": [[[15.094097, 46.040291], [15.078284, 46.048507], [15.075029, 46.053468], [15.071463, 46.064708], [15.088981, 46.067886], [15.087741, 46.077601], [15.097508, 46.079462], [15.102004, 46.081348], [15.106344, 46.093518], [15.12841, 46.085973], [15.163447, 46.092484], [15.201946, 46.060755], [15.204581, 46.053003], [15.206907, 46.050988], [15.210162, 46.048972], [15.218379, 46.047526], [15.2221, 46.046492], [15.225045, 46.045252], [15.233107, 46.040472], [15.236879, 46.038999], [15.239205, 46.036854], [15.24029, 46.033676], [15.234864, 46.030576], [15.220704, 46.02949], [15.144533, 46.042487], [15.094097, 46.040291]]]}}, {"type": "Feature", "properties": {"featurecla": "Admin-1 states provinces", "scalerank": 10, "adm1_code": "SVN-997", "diss_me": 997, "iso_3166_2": "SI-127", "wikipedia": null, "iso_a2": "SI", "adm0_sr": 1, "name": "\u0160tore", "name_alt": null, "name_local": null, "type": "Opcine", "type_en": "Commune|Municipality", "code_local": null, "code_hasc": "SI.SA.ST", "note": null, "hasc_maybe": null, "region": "Savinjska", "region_cod": null, "provnum_ne": 191, "gadm_level": 2, "check_me": 0, "datarank": 8, "abbrev": null, "postal": "ST", "area_sqkm": 0, "sameascity": -99, "labelrank": 10, "name_len": 5, "mapcolor9": 2, "mapcolor13": 12, "fips": "SIC9", "fips_alt": null, "woe_id": -55848343, "woe_label": null, "woe_name": null, "latitude": 46.1996, "longitude": 15.3276, "sov_a3": "SVN", "adm0_a3": "SVN", "adm0_label": 2, "admin": "Slovenia", "geonunit": "Slovenia", "gu_a3": "SVN", "gn_id": 3239200, "gn_name": "Obcina Store", "gns_id": 243885, "gns_name": "Store, Obcina", "gn_level": 1, "gn_region": null, "gn_a1_code": "SI.C9", "region_sub": null, "sub_code": null, "gns_level": 1, "gns_lang": "slv", "gns_adm1": "SI20", "gns_region": null, "min_label": 11, "max_label": 11, "min_zoom": 11, "wikidataid": "Q392468", "name_ar": "\u0628\u0644\u062f\u064a\u0629 \u0634\u062a\u0648\u0631\u0647", "name_bn": "\u09b8\u09cd\u099f\u09cb\u09b0 \u09aa\u09cc\u09b0\u09b8\u09ad\u09be", "name_de": "\u0160tore", "name_en": "\u0160tore", "name_es": "\u0160tore", "name_fr": "\u0160tore", "name_el": "\u03a3\u03c4\u03cc\u03c1\u03b5", "name_hi": "\u0938\u094d\u091f\u094b\u0930 \u0928\u0917\u0930\u092a\u093e\u0932\u093f\u0915\u093e", "name_hu": "\u0160tore", "name_id": "\u0160tore", "name_it": "\u0160tore", "name_ja": "\u30b7\u30e5\u30c8\u30ec", "name_ko": "\uc288\ud1a0\ub808", "name_nl": "\u0160tore", "name_pl": "Gmina \u0160tore", "name_pt": "\u0160tore", "name_ru": "\u0428\u0442\u043e\u0440\u0435", "name_sv": "Store", "name_tr": "Store Belediyesi", "name_vi": "\u0160tore", "name_zh": "\u4ec0\u6258\u96f7", "ne_id": 1159310797, "name_he": "\u05e9\u05d8\u05d5\u05e8\u05d4", "name_uk": "\u0428\u0442\u043e\u0440\u0435", "name_ur": "\u0627\u0633\u0679\u0648\u0631 \u0645\u06cc\u0648\u0646\u0633\u067e\u0644\u0679\u06cc", "name_fa": "\u0627\u0633\u062a\u0648\u0631\u0647", "name_zht": "\u4ec0\u6258\u96f7", "FCLASS_ISO": null, "FCLASS_US": null, "FCLASS_FR": null, "FCLASS_RU": null, "FCLASS_ES": null, "FCLASS_CN": null, "FCLASS_TW": null, "FCLASS_IN": null, "FCLASS_NP": null, "FCLASS_PK": null, "FCLASS_DE": null, "FCLASS_GB": null, "FCLASS_BR": null, "FCLASS_IL": null, "FCLASS_PS": null, "FCLASS_SA": null, "FCLASS_EG": null, "FCLASS_MA": null, "FCLASS_PT": null, "FCLASS_AR": null, "FCLASS_JP": null, "FCLASS_KO": null, "FCLASS_VN": null, "FCLASS_TR": null, "FCLASS_ID": null, "FCLASS_PL": null, "FCLASS_GR": null, "FCLASS_IT": null, "FCLASS_NL": null, "FCLASS_SE": null, "FCLASS_BD": null, "FCLASS_UA": null, "FCLASS_TLC": null}, "bbox": [15.288711, 46.165451, 15.366432, 46.229659], "geometry": {"type": "Polygon", "coordinates": [[[15.332274, 46.229659], [15.339405, 46.229039], [15.361781, 46.222373], [15.363796, 46.21891], [15.366432, 46.213045], [15.364106, 46.206689], [15.363331, 46.181316], [15.312275, 46.1662], [15.293827, 46.165451], [15.290054, 46.167441], [15.288711, 46.170076], [15.290881, 46.172066], [15.295067, 46.173564], [15.298787, 46.175941], [15.301423, 46.179145], [15.302973, 46.182194], [15.301423, 46.188912], [15.30995, 46.19377], [15.308244, 46.199325], [15.308244, 46.218264], [15.314135, 46.222709], [15.321732, 46.226378], [15.327778, 46.228496], [15.332274, 46.229659]]]}}, {"type": "Feature", "properties": {"featurecla": "Admin-1 states provinces", "scalerank": 10, "adm1_code": "SVN-992", "diss_me": 992, "iso_3166_2": "SI-114", "wikipedia": null, "iso_a2": "SI", "adm0_sr": 1, "name": "Slovenske Konjice", "name_alt": null, "name_local": null, "type": "Opcine", "type_en": "Commune|Municipality", "code_local": null, "code_hasc": "SI.SA.SK", "note": null, "hasc_maybe": null, "region": "Savinjska", "region_cod": null, "provnum_ne": 188, "gadm_level": 2, "check_me": 0, "datarank": 8, "abbrev": null, "postal": "SK", "area_sqkm": 0, "sameascity": -99, "labelrank": 10, "name_len": 17, "mapcolor9": 2, "mapcolor13": 12, "fips": "SIC4", "fips_alt": null, "woe_id": 55848389, "woe_label": "Slovenske Konjice, SI, Slovenia", "woe_name": "Slovenske Konjice", "latitude": 46.3232, "longitude": 15.4612, "sov_a3": "SVN", "adm0_a3": "SVN", "adm0_label": 2, "admin": "Slovenia", "geonunit": "Slovenia", "gu_a3": "SVN", "gn_id": 3190529, "gn_name": "Obcina Slovenske Konjice", "gns_id": -96099, "gns_name": "Slovenske Konjice, Obcina", "gn_level": 1, "gn_region": null, "gn_a1_code": "SI.C4", "region_sub": null, "sub_code": null, "gns_level": 1, "gns_lang": "sqi", "gns_adm1": "SI25", "gns_region": null, "min_label": 11, "max_label": 11, "min_zoom": 11, "wikidataid": "Q15919", "name_ar": "\u0633\u0644\u0648\u0641\u0646\u064a\u0633\u0643\u0647 \u0643\u0648\u0646\u062c\u064a\u062a\u0633\u0647", "name_bn": "\u09b8\u09cd\u09b2\u09cb\u09ad\u09c7\u09a8\u09b8\u09cd\u0995\u09c7 \u0995\u09cb\u099e\u09cd\u099c\u09bf\u099a\u09c7", "name_de": "Slovenske Konjice", "name_en": "Slovenske Konjice", "name_es": "Slovenske Konjice", "name_fr": "Slovenske Konjice", "name_el": "\u03a3\u03bb\u03bf\u03b2\u03ad\u03bd\u03c3\u03ba\u03b5 \u039a\u03bf\u03bd\u03c4\u03b6\u03af\u03ba\u03b5", "name_hi": "\u0938\u094d\u0932\u094b\u0935\u0947\u0928\u094d\u0938\u094d\u0915 \u0915\u094c\u0928\u094d\u092f\u093f\u0938", "name_hu": "Slovenske Konjice", "name_id": "Slovenske Konjice", "name_it": "Slovenske Konjice", "name_ja": "\u30b9\u30ed\u30f4\u30a7\u30f3\u30b9\u30b1\u30fb\u30b3\u30cb\u30c4\u30a7", "name_ko": "\uc2ac\ub85c\ubca4\uc2a4\ucf00\ucf54\ub2c8\uccb4", "name_nl": "Slovenske Konjice", "name_pl": "Slovenske Konjice", "name_pt": "Slovenske Konjice", "name_ru": "\u0421\u043b\u043e\u0432\u0435\u043d\u0441\u043a\u0435-\u041a\u043e\u043d\u0438\u0446\u0435", "name_sv": "Slovenske Konjice", "name_tr": "Slovenske Konjice", "name_vi": "Slovenske Konjice", "name_zh": "\u65af\u6d1b\u6587\u5c3c\u4e9a\u79d1\u5c3c\u91c7", "ne_id": 1159310787, "name_he": "\u05e1\u05dc\u05d5\u05d1\u05e0\u05e1\u05e7\u05d4 \u05e7\u05d5\u05e0\u05d9\u05e6\u05d4", "name_uk": "\u0421\u043b\u043e\u0432\u0435\u043d\u0441\u044c\u043a\u0435 \u041a\u043e\u043d\u0456\u0446\u0435", "name_ur": "\u0633\u0644\u0648\u0648\u06cc\u0646\u0633\u06a9\u06cc \u06a9\u0648\u0646\u062c\u06cc\u06a9\u06cc", "name_fa": "\u0633\u0644\u0648\u0646\u0633\u06a9\u0647 \u06a9\u0646\u06cc\u06cc\u062a\u0633\u0647", "name_zht": "\u65af\u6d1b\u6587\u5c3c\u4e9e\u79d1\u5c3c\u91c7", "FCLASS_ISO": null, "FCLASS_US": null, "FCLASS_FR": null, "FCLASS_RU": null, "FCLASS_ES": null, "FCLASS_CN": null, "FCLASS_TW": null, "FCLASS_IN": null, "FCLASS_NP": null, "FCLASS_PK": null, "FCLASS_DE": null, "FCLASS_GB": null, "FCLASS_BR": null, "FCLASS_IL": null, "FCLASS_PS": null, "FCLASS_SA": null, "FCLASS_EG": null, "FCLASS_MA": null, "FCLASS_PT": null, "FCLASS_AR": null, "FCLASS_JP": null, "FCLASS_KO": null, "FCLASS_VN": null, "FCLASS_TR": null, "FCLASS_ID": null, "FCLASS_PL": null, "FCLASS_GR": null, "FCLASS_IT": null, "FCLASS_NL": null, "FCLASS_SE": null, "FCLASS_BD": null, "FCLASS_UA": null, "FCLASS_TLC": null}, "bbox": [15.364417, 46.276633, 15.557893, 46.371253], "geometry": {"type": "Polygon", "coordinates": [[[15.376509, 46.311334], [15.369843, 46.315545], [15.367827, 46.317587], [15.365657, 46.321462], [15.364417, 46.324201], [15.368757, 46.333968], [15.38209, 46.351667], [15.388136, 46.356292], [15.393717, 46.358463], [15.401469, 46.356964], [15.407721, 46.354897], [15.412217, 46.354845], [15.42524, 46.371253], [15.453765, 46.359961], [15.461568, 46.358153], [15.502961, 46.359548], [15.524562, 46.350556], [15.532313, 46.349962], [15.540995, 46.344717], [15.547816, 46.333865], [15.555103, 46.308647], [15.557893, 46.293454], [15.552467, 46.277744], [15.529988, 46.276633], [15.511953, 46.282886], [15.506062, 46.280793], [15.500015, 46.280069], [15.396198, 46.301877], [15.376509, 46.311334]]]}}, {"type": "Feature", "properties": {"featurecla": "Admin-1 states provinces", "scalerank": 10, "adm1_code": "SVN-1021", "diss_me": 1021, "iso_3166_2": "SI-147", "wikipedia": null, "iso_a2": "SI", "adm0_sr": 1, "name": "\u017diri", "name_alt": null, "name_local": null, "type": "Opcine", "type_en": "Commune|Municipality", "code_local": null, "code_hasc": "SI.GO.ZI", "note": null, "hasc_maybe": null, "region": "Gorenjska", "region_cod": null, "provnum_ne": 176, "gadm_level": 2, "check_me": 0, "datarank": 8, "abbrev": null, "postal": "ZI", "area_sqkm": 0, "sameascity": -99, "labelrank": 10, "name_len": 4, "mapcolor9": 2, "mapcolor13": 12, "fips": "SIF2", "fips_alt": null, "woe_id": -55848386, "woe_label": null, "woe_name": null, "latitude": 46.0459, "longitude": 14.1084, "sov_a3": "SVN", "adm0_a3": "SVN", "adm0_label": 2, "admin": "Slovenia", "geonunit": "Slovenia", "gu_a3": "SVN", "gn_id": 3239087, "gn_name": "Obcina Ziri", "gns_id": 243483, "gns_name": "Ziri, Obcina", "gn_level": 1, "gn_region": null, "gn_a1_code": "SI.F2", "region_sub": null, "sub_code": null, "gns_level": 1, "gns_lang": "div", "gns_adm1": "SI44", "gns_region": null, "min_label": 11, "max_label": 11, "min_zoom": 11, "wikidataid": "Q394087", "name_ar": "\u062c\u064a\u0631\u064a", "name_bn": "\u099c\u09bf\u09b0\u09bf", "name_de": "\u017diri", "name_en": "\u017diri", "name_es": "\u017diri", "name_fr": "\u017diri", "name_el": "\u0396\u03af\u03c1\u03b9", "name_hi": "\u095b\u093f\u0930\u0940", "name_hu": "\u017diri", "name_id": "\u017diri", "name_it": "\u017diri", "name_ja": "\u30b8\u30ea", "name_ko": "\uc9c0\ub9ac", "name_nl": "\u017diri", "name_pl": "Gmina \u017diri", "name_pt": "\u017diri", "name_ru": "\u0416\u0438\u0440\u0438", "name_sv": "\u017diri", "name_tr": "\u017diri", "name_vi": "\u017diri", "name_zh": "\u65e5\u91cc", "ne_id": 1159310849, "name_he": "\u05d6'\u05d9\u05e8\u05d9", "name_uk": "\u0416\u0438\u0440\u0438", "name_ur": "\u0632\u06cc\u0631\u06cc", "name_fa": "\u0698\u06cc\u0631\u06cc", "name_zht": "\u65e5\u91cc", "FCLASS_ISO": null, "FCLASS_US": null, "FCLASS_FR": null, "FCLASS_RU": null, "FCLASS_ES": null, "FCLASS_CN": null, "FCLASS_TW": null, "FCLASS_IN": null, "FCLASS_NP": null, "FCLASS_PK": null, "FCLASS_DE": null, "FCLASS_GB": null, "FCLASS_BR": null, "FCLASS_IL": null, "FCLASS_PS": null, "FCLASS_SA": null, "FCLASS_EG": null, "FCLASS_MA": null, "FCLASS_PT": null, "FCLASS_AR": null, "FCLASS_JP": null, "FCLASS_KO": null, "FCLASS_VN": null, "FCLASS_TR": null, "FCLASS_ID": null, "FCLASS_PL": null, "FCLASS_GR": null, "FCLASS_IT": null, "FCLASS_NL": null, "FCLASS_SE": null, "FCLASS_BD": null, "FCLASS_UA": null, "FCLASS_TLC": null}, "bbox": [14.030079, 46.005771, 14.186814, 46.085094], "geometry": {"type": "Polygon", "coordinates": [[[14.050233, 46.085094], [14.129867, 46.073157], [14.140564, 46.069746], [14.146455, 46.066129], [14.159012, 46.054967], [14.165885, 46.050006], [14.186814, 46.037914], [14.171156, 46.020189], [14.138703, 46.005771], [14.111211, 46.012644], [14.108576, 46.015228], [14.10563, 46.018793], [14.100669, 46.02732], [14.096484, 46.032178], [14.089972, 46.032359], [14.081756, 46.034761], [14.053954, 46.063028], [14.030079, 46.073157], [14.033025, 46.081632], [14.038761, 46.083337], [14.050233, 46.085094]]]}}, {"type": "Feature", "properties": {"featurecla": "Admin-1 states provinces", "scalerank": 10, "adm1_code": "SVN-226", "diss_me": 226, "iso_3166_2": "SI-171", "wikipedia": null, "iso_a2": "SI", "adm0_sr": 1, "name": "Oplotnica", "name_alt": null, "name_local": null, "type": "Opcine", "type_en": "Commune|Municipality", "code_local": null, "code_hasc": "SI.PD.OP", "note": null, "hasc_maybe": null, "region": "Podravska", "region_cod": null, "provnum_ne": 170, "gadm_level": 2, "check_me": 10, "datarank": 8, "abbrev": null, "postal": "OP", "area_sqkm": 0, "sameascity": -99, "labelrank": 10, "name_len": 9, "mapcolor9": 2, "mapcolor13": 12, "fips": "SI00", "fips_alt": "SIJ8", "woe_id": -55848389, "woe_label": null, "woe_name": null, "latitude": 46.381, "longitude": 15.456, "sov_a3": "SVN", "adm0_a3": "SVN", "adm0_label": 2, "admin": "Slovenia", "geonunit": "Slovenia", "gu_a3": "SVN", "gn_id": 3344915, "gn_name": "Obcina Oplotnica", "gns_id": 9123431, "gns_name": "Oplotnica, Obcina", "gn_level": 1, "gn_region": null, "gn_a1_code": "SI.J8", "region_sub": null, "sub_code": null, "gns_level": 1, "gns_lang": "kat", "gns_adm1": "SI72", "gns_region": null, "min_label": 11, "max_label": 11, "min_zoom": 11, "wikidataid": "Q1587261", "name_ar": "\u0628\u0644\u062f\u064a\u0629 \u0623\u0648\u0628\u0644\u0648\u062a\u0646\u064a\u0643\u0627", "name_bn": "\u0993\u09aa\u09cd\u09b2\u09cb\u099f\u09a8\u09bf\u0995\u09be \u09aa\u09cc\u09b0\u09b8\u09ad\u09be", "name_de": "Oplotnica", "name_en": "Oplotnica", "name_es": "Oplotnica", "name_fr": "Oplotnica", "name_el": "\u039f\u03c0\u03bb\u03bf\u03c4\u03bd\u03af\u03ba\u03b1", "name_hi": "\u0913\u092a\u094d\u0932\u094b\u091f\u0928\u093f\u0915\u093e \u0928\u0917\u0930\u092a\u093e\u0932\u093f\u0915\u093e", "name_hu": "Oplotnica k\u00f6zs\u00e9g", "name_id": "Oplotnica", "name_it": "Oplotnica", "name_ja": "\u30aa\u30d7\u30ed\u30c8\u30cb\u30c4\u30a1", "name_ko": "\uc624\ud50c\ub85c\ud2b8\ub2c8\ucc28", "name_nl": "Oplotnica", "name_pl": "Gmina Oplotnica", "name_pt": "Oplotnica", "name_ru": "\u041e\u043f\u043b\u043e\u0442\u043d\u0438\u0446\u0430", "name_sv": "Oplotnica", "name_tr": "Oplotnica Belediyesi", "name_vi": "Oplotnica", "name_zh": "\u5965\u666e\u6d1b\u7279\u5c3c\u5bdf", "ne_id": 1159308607, "name_he": "\u05d0\u05d5\u05e4\u05dc\u05d5\u05d8\u05e0\u05d9\u05e7\u05d4", "name_uk": "\u041e\u043f\u043b\u043e\u0442\u043d\u0438\u0446\u044f", "name_ur": "\u0648\u067e\u0644\u0648\u062a\u0646\u06cc\u06a9\u0627 \u0645\u06cc\u0648\u0646\u0633\u067e\u0644\u0679\u06cc", "name_fa": "\u0634\u0647\u0631\u062f\u0627\u0631\u06cc \u0627\u0648\u067e\u0644\u0648\u062a\u0646\u06cc\u06a9\u0627", "name_zht": "\u5965\u666e\u6d1b\u7279\u5c3c\u5bdf", "FCLASS_ISO": null, "FCLASS_US": null, "FCLASS_FR": null, "FCLASS_RU": null, "FCLASS_ES": null, "FCLASS_CN": null, "FCLASS_TW": null, "FCLASS_IN": null, "FCLASS_NP": null, "FCLASS_PK": null, "FCLASS_DE": null, "FCLASS_GB": null, "FCLASS_BR": null, "FCLASS_IL": null, "FCLASS_PS": null, "FCLASS_SA": null, "FCLASS_EG": null, "FCLASS_MA": null, "FCLASS_PT": null, "FCLASS_AR": null, "FCLASS_JP": null, "FCLASS_KO": null, "FCLASS_VN": null, "FCLASS_TR": null, "FCLASS_ID": null, "FCLASS_PL": null, "FCLASS_GR": null, "FCLASS_IT": null, "FCLASS_NL": null, "FCLASS_SE": null, "FCLASS_BD": null, "FCLASS_UA": null, "FCLASS_TLC": null}, "bbox": [15.409117, 46.358153, 15.502961, 46.424608], "geometry": {"type": "Polygon", "coordinates": [[[15.461568, 46.358153], [15.453765, 46.359961], [15.42524, 46.371253], [15.409117, 46.38089], [15.409892, 46.383707], [15.414853, 46.38766], [15.417488, 46.390347], [15.419039, 46.393293], [15.415163, 46.397788], [15.409892, 46.402491], [15.409892, 46.405488], [15.412372, 46.407659], [15.414698, 46.412361], [15.416558, 46.417451], [15.422759, 46.424608], [15.440743, 46.418821], [15.451285, 46.4097], [15.45454, 46.405488], [15.457486, 46.399881], [15.460328, 46.397788], [15.463584, 46.396936], [15.468855, 46.397556], [15.475986, 46.397737], [15.490094, 46.39492], [15.494745, 46.392517], [15.495675, 46.389882], [15.494124, 46.380839], [15.496915, 46.371692], [15.502961, 46.359548], [15.461568, 46.358153]]]}}, {"type": "Feature", "properties": {"featurecla": "Admin-1 states provinces", "scalerank": 10, "adm1_code": "SVN-1010", "diss_me": 1010, "iso_3166_2": "SI-014", "wikipedia": null, "iso_a2": "SI", "adm0_sr": 1, "name": "Cerkno", "name_alt": null, "name_local": null, "type": "Opcine", "type_en": "Commune|Municipality", "code_local": null, "code_hasc": "SI.SP.CE", "note": null, "hasc_maybe": null, "region": "Gori\u0161ka", "region_cod": null, "provnum_ne": 169, "gadm_level": 2, "check_me": 0, "datarank": 8, "abbrev": null, "postal": "CE", "area_sqkm": 0, "sameascity": -99, "labelrank": 10, "name_len": 6, "mapcolor9": 2, "mapcolor13": 12, "fips": "SI14", "fips_alt": null, "woe_id": -55848351, "woe_label": null, "woe_name": null, "latitude": 46.1335, "longitude": 13.9799, "sov_a3": "SVN", "adm0_a3": "SVN", "adm0_label": 2, "admin": "Slovenia", "geonunit": "Slovenia", "gu_a3": "SVN", "gn_id": 3239091, "gn_name": "Obcina Cerkno", "gns_id": 243488, "gns_name": "Cerkno, Obcina", "gn_level": 1, "gn_region": null, "gn_a1_code": "SI.14", "region_sub": null, "sub_code": null, "gns_level": 1, "gns_lang": "div", "gns_adm1": "SI14", "gns_region": null, "min_label": 11, "max_label": 11, "min_zoom": 11, "wikidataid": "Q13220435", "name_ar": "\u0628\u0644\u062f\u064a\u0629 \u062a\u0633\u064a\u0631\u0643\u0646\u0648", "name_bn": "\u099a\u09c7\u09b0\u0995\u09a8\u09cb \u09aa\u09cc\u09b0\u09b8\u09ad\u09be", "name_de": "Gemeinde Cerkno", "name_en": "Cerkno", "name_es": "Municipalidad del Cerkno", "name_fr": "Commune de Cerkno", "name_el": "\u039a\u03ad\u03c1\u03ba\u03bd\u03bf\u03bd", "name_hi": "\u0938\u0947\u0930\u094d\u0915\u094d\u0928\u094b \u0928\u0917\u0930\u092a\u093e\u0932\u093f\u0915\u093e", "name_hu": "Cerkno", "name_id": "Cerkno", "name_it": "Circhina", "name_ja": "\u30c4\u30a7\u30eb\u30af\u30ce", "name_ko": "\uccb4\ub974\ud06c\ub178 \uc9c0\ubc29 \uc790\uce58\uc81c", "name_nl": "Cerkno", "name_pl": "Gmina Cerkno", "name_pt": "Cerkno", "name_ru": "\u0426\u0435\u0440\u043a\u043d\u043e", "name_sv": "Cerkno", "name_tr": "Cerkno Belediyesi", "name_vi": "\u0110\u00f4 th\u1ecb t\u1ef1 tr\u1ecb Cerkno", "name_zh": "\u91c7\u723e\u514b\u8afe\u93ae", "ne_id": 1159310825, "name_he": "\u05e6\u05e8\u05e7\u05e0\u05d5", "name_uk": "\u041e\u0431\u0449\u0438\u043d\u0430 \u0426\u0435\u0440\u043a\u043d\u043e", "name_ur": "\u0628\u0644\u062f\u06cc\u06c1 \u062a\u0633\u06cc\u0631\u06a9\u0646\u0648", "name_fa": "\u0634\u0647\u0631\u062f\u0627\u0631\u06cc \u0633\u0631\u06a9\u0646\u0648", "name_zht": "\u91c7\u723e\u514b\u8afe\u93ae", "FCLASS_ISO": null, "FCLASS_US": null, "FCLASS_FR": null, "FCLASS_RU": null, "FCLASS_ES": null, "FCLASS_CN": null, "FCLASS_TW": null, "FCLASS_IN": null, "FCLASS_NP": null, "FCLASS_PK": null, "FCLASS_DE": null, "FCLASS_GB": null, "FCLASS_BR": null, "FCLASS_IL": null, "FCLASS_PS": null, "FCLASS_SA": null, "FCLASS_EG": null, "FCLASS_MA": null, "FCLASS_PT": null, "FCLASS_AR": null, "FCLASS_JP": null, "FCLASS_KO": null, "FCLASS_VN": null, "FCLASS_TR": null, "FCLASS_ID": null, "FCLASS_PL": null, "FCLASS_GR": null, "FCLASS_IT": null, "FCLASS_NL": null, "FCLASS_SE": null, "FCLASS_BD": null, "FCLASS_UA": null, "FCLASS_TLC": null}, "bbox": [13.886109, 46.06091, 14.073694, 46.194597], "geometry": {"type": "Polygon", "coordinates": [[[14.073694, 46.158061], [14.027754, 46.101631], [14.024343, 46.092691], [14.021863, 46.0822], [14.023258, 46.079048], [14.030079, 46.073157], [14.029924, 46.066129], [14.024498, 46.064527], [14.019227, 46.063855], [14.00915, 46.064553], [13.999797, 46.067188], [13.981969, 46.076051], [13.964605, 46.086825], [13.960109, 46.087316], [13.959024, 46.085404], [13.958249, 46.08202], [13.956854, 46.079307], [13.949257, 46.074191], [13.945072, 46.069746], [13.939594, 46.069075], [13.935563, 46.069281], [13.930912, 46.071581], [13.927502, 46.071142], [13.926261, 46.069075], [13.926416, 46.065638], [13.923471, 46.061271], [13.913859, 46.06091], [13.907968, 46.061995], [13.894946, 46.067654], [13.906883, 46.073209], [13.907813, 46.076387], [13.906418, 46.082872], [13.903782, 46.088608], [13.901457, 46.097445], [13.901612, 46.105196], [13.899596, 46.113129], [13.890295, 46.124833], [13.886109, 46.134549], [13.886212, 46.140026], [13.88983, 46.147933], [13.89355, 46.154212], [13.906573, 46.163539], [13.923626, 46.170722], [13.957939, 46.17837], [13.989255, 46.194597], [13.98817, 46.186122], [13.98848, 46.18067], [13.993596, 46.17806], [14.002949, 46.175683], [14.040621, 46.173151], [14.067493, 46.167286], [14.073694, 46.158061]]]}}, {"type": "Feature", "properties": {"featurecla": "Admin-1 states provinces", "scalerank": 10, "adm1_code": "SVN-1008", "diss_me": 1008, "iso_3166_2": "SI-003", "wikipedia": null, "iso_a2": "SI", "adm0_sr": 1, "name": "Bled", "name_alt": null, "name_local": null, "type": "Opcine", "type_en": "Commune|Municipality", "code_local": null, "code_hasc": "SI.GO.BL", "note": null, "hasc_maybe": null, "region": "Gorenjska", "region_cod": null, "provnum_ne": 168, "gadm_level": 2, "check_me": 0, "datarank": 8, "abbrev": null, "postal": "BL", "area_sqkm": 0, "sameascity": -99, "labelrank": 10, "name_len": 4, "mapcolor9": 2, "mapcolor13": 12, "fips": "SI03", "fips_alt": null, "woe_id": 55848379, "woe_label": "Radovljica, SI, Slovenia", "woe_name": "Bled", "latitude": 46.3898, "longitude": 14.0001, "sov_a3": "SVN", "adm0_a3": "SVN", "adm0_label": 2, "admin": "Slovenia", "geonunit": "Slovenia", "gu_a3": "SVN", "gn_id": 3239103, "gn_name": "Obcina Bled", "gns_id": 243508, "gns_name": "Bled, Obcina", "gn_level": 1, "gn_region": null, "gn_a1_code": "SI.03", "region_sub": null, "sub_code": null, "gns_level": 1, "gns_lang": "div", "gns_adm1": "SI03", "gns_region": null, "min_label": 11, "max_label": 11, "min_zoom": 11, "wikidataid": "Q647572", "name_ar": "\u0628\u0644\u062f\u064a\u0629 \u0628\u0644\u064a\u062f", "name_bn": "\u09ac\u09cd\u09b2\u09c7\u09a1 \u09aa\u09cc\u09b0\u09b8\u09ad\u09be", "name_de": "Gemeinde Bled", "name_en": "Bled", "name_es": "Municipalidad del Bled", "name_fr": "Bled", "name_el": "\u039c\u03c0\u03bb\u03ad\u03bd\u03c4", "name_hi": "\u092c\u094d\u0932\u0947\u0921 \u0928\u0917\u0930\u092a\u093e\u0932\u093f\u0915\u093e", "name_hu": "Bled k\u00f6zs\u00e9g", "name_id": "Bled", "name_it": "Bled", "name_ja": "\u30d6\u30ec\u30c3\u30c9", "name_ko": "\ube14\ub808\ub4dc \uc9c0\ubc29 \uc790\uce58\uc81c", "name_nl": "Bled", "name_pl": "Gmina Bled", "name_pt": "Bled", "name_ru": "\u0411\u043b\u0435\u0434", "name_sv": "Bled", "name_tr": "Bled Belediyesi", "name_vi": "\u0110\u00f4 th\u1ecb t\u1ef1 tr\u1ecb Bled", "name_zh": "\u5e03\u840a\u5fb7\u93ae", "ne_id": 1159310821, "name_he": "\u05d1\u05dc\u05d3", "name_uk": "\u0411\u043b\u0435\u0434", "name_ur": "\u0628\u0644\u062f\u06cc\u06c1 \u0628\u0644\u06cc\u062a", "name_fa": "\u0634\u0647\u0631\u062f\u0627\u0631\u06cc \u0628\u0644\u062f", "name_zht": "\u5e03\u840a\u5fb7\u93ae", "FCLASS_ISO": null, "FCLASS_US": null, "FCLASS_FR": null, "FCLASS_RU": null, "FCLASS_ES": null, "FCLASS_CN": null, "FCLASS_TW": null, "FCLASS_IN": null, "FCLASS_NP": null, "FCLASS_PK": null, "FCLASS_DE": null, "FCLASS_GB": null, "FCLASS_BR": null, "FCLASS_IL": null, "FCLASS_PS": null, "FCLASS_SA": null, "FCLASS_EG": null, "FCLASS_MA": null, "FCLASS_PT": null, "FCLASS_AR": null, "FCLASS_JP": null, "FCLASS_KO": null, "FCLASS_VN": null, "FCLASS_TR": null, "FCLASS_ID": null, "FCLASS_PL": null, "FCLASS_GR": null, "FCLASS_IT": null, "FCLASS_NL": null, "FCLASS_SE": null, "FCLASS_BD": null, "FCLASS_UA": null, "FCLASS_TLC": null}, "bbox": [13.84792, 46.298931, 14.152191, 46.444814], "geometry": {"type": "Polygon", "coordinates": [[[13.878926, 46.366472], [13.84792, 46.381226], [13.918045, 46.407504], [13.947242, 46.42572], [13.96042, 46.432076], [13.972357, 46.436184], [13.979488, 46.44223], [13.992356, 46.444814], [14.072764, 46.414583], [14.081911, 46.409209], [14.096639, 46.40461], [14.1016, 46.403576], [14.127851, 46.406832], [14.120875, 46.392724], [14.137463, 46.372157], [14.142734, 46.366059], [14.149245, 46.356964], [14.152191, 46.351848], [14.150796, 46.34681], [14.136068, 46.336552], [14.132502, 46.330041], [14.129091, 46.325958], [14.116224, 46.318207], [14.111108, 46.306709], [14.1016, 46.298931], [14.097259, 46.300947], [14.091523, 46.310662], [14.086717, 46.31601], [14.08005, 46.316631], [14.074159, 46.314744], [14.065788, 46.312936], [14.057881, 46.312109], [14.043567, 46.315235], [14.033955, 46.321333], [14.028374, 46.326268], [14.022328, 46.330351], [14.009305, 46.336397], [13.998247, 46.337947], [13.983209, 46.347662], [13.96414, 46.352313], [13.947087, 46.359806], [13.899286, 46.366602], [13.878926, 46.366472]]]}}, {"type": "Feature", "properties": {"featurecla": "Admin-1 states provinces", "scalerank": 10, "adm1_code": "SVN-1022", "diss_me": 1022, "iso_3166_2": "SI-001", "wikipedia": null, "iso_a2": "SI", "adm0_sr": 1, "name": "Ajdov\u0161\u010dina", "name_alt": null, "name_local": null, "type": "Opcine", "type_en": "Commune|Municipality", "code_local": null, "code_hasc": "SI.SP.AJ", "note": null, "hasc_maybe": null, "region": "Gori\u0161ka", "region_cod": null, "provnum_ne": 167, "gadm_level": 2, "check_me": 0, "datarank": 8, "abbrev": null, "postal": "AJ", "area_sqkm": 0, "sameascity": -99, "labelrank": 10, "name_len": 10, "mapcolor9": 2, "mapcolor13": 12, "fips": "SI01", "fips_alt": null, "woe_id": 55848341, "woe_label": "Ajdovscina, SI, Slovenia", "woe_name": "Ajdov\u0161\u010dina", "latitude": 45.9043, "longitude": 13.9294, "sov_a3": "SVN", "adm0_a3": "SVN", "adm0_label": 2, "admin": "Slovenia", "geonunit": "Slovenia", "gu_a3": "SVN", "gn_id": 3204853, "gn_name": "Obcina Ajdovscina", "gns_id": -73814, "gns_name": "Ajdovscina, Obcina", "gn_level": 1, "gn_region": null, "gn_a1_code": "SI.01", "region_sub": null, "sub_code": null, "gns_level": 1, "gns_lang": "srp", "gns_adm1": "SI01", "gns_region": null, "min_label": 11, "max_label": 11, "min_zoom": 11, "wikidataid": "Q331701", "name_ar": "\u0628\u0644\u062f\u064a\u0629 \u0622\u064a\u062f\u0648\u0634\u062a\u0634\u064a\u0646\u0627", "name_bn": "\u0986\u099c\u09a6\u09cb\u09ad\u09b8\u09bf\u09a8\u09be \u09aa\u09cc\u09b0\u09b8\u09ad\u09be", "name_de": "Ajdov\u0161\u010dina", "name_en": "Ajdov\u0161\u010dina", "name_es": "Municipio de Ajdov\u0161\u010dina", "name_fr": "Ajdov\u0161\u010dina", "name_el": "\u0391\u03b6\u03bd\u03c4\u03bf\u03b2\u03c3\u03c4\u03c3\u03af\u03bd\u03b1", "name_hi": "\u090f\u0921\u094b\u0935\u094d\u0938\u093f\u0928\u093e \u0928\u0917\u0930\u092a\u093e\u0932\u093f\u0915\u093e", "name_hu": "Ajdov\u0161\u010dina k\u00f6zs\u00e9g", "name_id": "Ajdov\u0161\u010dina", "name_it": "Aidussina", "name_ja": "\u30a2\u30a4\u30c9\u30d5\u30b7\u30e5\u30c1\u30ca", "name_ko": "\uc544\uc774\ub3c4\uc6b0\uc288\uce58\ub098", "name_nl": "Ajdov\u0161\u010dina", "name_pl": "Gmina Ajdov\u0161\u010dina", "name_pt": "Ajdov\u0161\u010dina", "name_ru": "\u0410\u0439\u0434\u043e\u0432\u0448\u0447\u0438\u043d\u0430", "name_sv": "Ajdovscina", "name_tr": "Ajdov\u0161\u010dina", "name_vi": "Ajdov\u0161\u010dina", "name_zh": "\u963f\u4f0a\u591a\u592b\u4ec0\u5951\u7eb3", "ne_id": 1159310851, "name_he": "\u05d0\u05d2'\u05d3\u05d5\u05d1\u05e9\u05e6'\u05d9\u05e0\u05d4", "name_uk": "\u0410\u0439\u0434\u043e\u0432\u0449\u0438\u043d\u0430", "name_ur": "\u0628\u0644\u062f\u06cc\u06c1 \u0622\u06cc\u062f\u0648\u0648\u0634\u0686\u06cc\u0646\u0627", "name_fa": "\u0622\u062c\u062f\u0648\u0648\u0633\u06cc\u0646\u0627", "name_zht": "\u963f\u4f0a\u591a\u592b\u4ec0\u5951\u7d0d", "FCLASS_ISO": null, "FCLASS_US": null, "FCLASS_FR": null, "FCLASS_RU": null, "FCLASS_ES": null, "FCLASS_CN": null, "FCLASS_TW": null, "FCLASS_IN": null, "FCLASS_NP": null, "FCLASS_PK": null, "FCLASS_DE": null, "FCLASS_GB": null, "FCLASS_BR": null, "FCLASS_IL": null, "FCLASS_PS": null, "FCLASS_SA": null, "FCLASS_EG": null, "FCLASS_MA": null, "FCLASS_PT": null, "FCLASS_AR": null, "FCLASS_JP": null, "FCLASS_KO": null, "FCLASS_VN": null, "FCLASS_TR": null, "FCLASS_ID": null, "FCLASS_PL": null, "FCLASS_GR": null, "FCLASS_IT": null, "FCLASS_NL": null, "FCLASS_SE": null, "FCLASS_BD": null, "FCLASS_UA": null, "FCLASS_TLC": null}, "bbox": [13.732785, 45.826195, 14.125991, 46.00205], "geometry": {"type": "Polygon", "coordinates": [[[14.120875, 45.87875], [14.125991, 45.868803], [14.096639, 45.851853], [14.093073, 45.84883], [14.046047, 45.836944], [14.021708, 45.848055], [14.018142, 45.855289], [14.014731, 45.865159], [14.00512, 45.873014], [13.997317, 45.875908], [13.986775, 45.877717], [13.973442, 45.8772], [13.956544, 45.873686], [13.932463, 45.863454], [13.921921, 45.855651], [13.907503, 45.849372], [13.891845, 45.840665], [13.885902, 45.82865], [13.863733, 45.826195], [13.857997, 45.826505], [13.833967, 45.835497], [13.823219, 45.847486], [13.820583, 45.849708], [13.804925, 45.856013], [13.800739, 45.858545], [13.797949, 45.862601], [13.794848, 45.864953], [13.791283, 45.868828], [13.786942, 45.87273], [13.768907, 45.885313], [13.755109, 45.891385], [13.747048, 45.898284], [13.738831, 45.901798], [13.73387, 45.903245], [13.732785, 45.905855], [13.746582, 45.91265], [13.753094, 45.914278], [13.774384, 45.931977], [13.798879, 45.960864], [13.844044, 45.983705], [13.844044, 45.99342], [13.852261, 46.00205], [13.865748, 45.988769], [13.866679, 45.984842], [13.87319, 45.980243], [13.882957, 45.97554], [13.900992, 45.969132], [13.923626, 45.950891], [13.947862, 45.936525], [13.961195, 45.933682], [13.970807, 45.92774], [13.990495, 45.9188], [14.003259, 45.909498], [14.042792, 45.890171], [14.120875, 45.87875]]]}}, {"type": "Feature", "properties": {"featurecla": "Admin-1 states provinces", "scalerank": 10, "adm1_code": "SVN-1025", "diss_me": 1025, "iso_3166_2": "SI-019", "wikipedia": null, "iso_a2": "SI", "adm0_sr": 1, "name": "Divaca", "name_alt": null, "name_local": null, "type": "Opcine", "type_en": "Commune|Municipality", "code_local": null, "code_hasc": "SI.JP.DI", "note": null, "hasc_maybe": null, "region": "Obalno-kra\u0161ka", "region_cod": null, "provnum_ne": 165, "gadm_level": 2, "check_me": 0, "datarank": 8, "abbrev": null, "postal": "DI", "area_sqkm": 0, "sameascity": -99, "labelrank": 10, "name_len": 6, "mapcolor9": 2, "mapcolor13": 12, "fips": "SI19", "fips_alt": null, "woe_id": -55848385, "woe_label": null, "woe_name": null, "latitude": 45.6927, "longitude": 14.0149, "sov_a3": "SVN", "adm0_a3": "SVN", "adm0_label": 2, "admin": "Slovenia", "geonunit": "Slovenia", "gu_a3": "SVN", "gn_id": 3239051, "gn_name": "Obcina Divaca", "gns_id": 243440, "gns_name": "Divaca, Obcina", "gn_level": 1, "gn_region": null, "gn_a1_code": "SI.19", "region_sub": null, "sub_code": null, "gns_level": 1, "gns_lang": "div", "gns_adm1": "SI19", "gns_region": null, "min_label": 11, "max_label": 11, "min_zoom": 11, "wikidataid": "Q557216", "name_ar": "\u0628\u0644\u062f\u064a\u0629 \u062f\u064a\u0641\u0627\u062a\u0634\u0627", "name_bn": "\u09a6\u09bf\u09ad\u09bf\u0995\u09be \u09aa\u09cc\u09b0\u09b8\u09ad\u09be", "name_de": "Gemeinde Diva\u010da", "name_en": "Diva\u010da", "name_es": "Diva\u010da", "name_fr": "Municipalit\u00e9 de Diva\u010da", "name_el": "\u039d\u03c4\u03b9\u03b2\u03ac\u03c4\u03c3\u03b1", "name_hi": "\u0926\u093f\u0935\u093e\u0915\u093e \u0928\u0917\u0930\u092a\u093e\u0932\u093f\u0915\u093e", "name_hu": "Divaca", "name_id": "Diva\u010da", "name_it": "Divaccia", "name_ja": "\u30c7\u30a3\u30f4\u30a1\u30fc\u30c1\u30e3", "name_ko": "\ub514\ubc14\ucc28 \uc9c0\ubc29 \uc790\uce58\uc81c", "name_nl": "Diva\u010da", "name_pl": "Gmina Diva\u010da", "name_pt": "Divaca", "name_ru": "\u0414\u0438\u0432\u0430\u0447\u0430", "name_sv": "Divaca", "name_tr": "Divaca Belediyesi", "name_vi": "\u0110\u00f4 th\u1ecb t\u1ef1 tr\u1ecb Divaca", "name_zh": "\u8fea\u74e6\u67e5", "ne_id": 1159310859, "name_he": "\u05d3\u05d9\u05d5\u05d5\u05d0\u05e6'\u05d4", "name_uk": "\u0414\u0456\u0432\u0430\u0447\u0430", "name_ur": "\u062f\u06cc\u0648\u0627\u06a9\u0627 \u0645\u06cc\u0648\u0646\u0633\u067e\u0644\u0679\u06cc", "name_fa": "\u062f\u06cc\u0648\u0627\u06a9\u0627", "name_zht": "\u8fea\u74e6\u67e5", "FCLASS_ISO": null, "FCLASS_US": null, "FCLASS_FR": null, "FCLASS_RU": null, "FCLASS_ES": null, "FCLASS_CN": null, "FCLASS_TW": null, "FCLASS_IN": null, "FCLASS_NP": null, "FCLASS_PK": null, "FCLASS_DE": null, "FCLASS_GB": null, "FCLASS_BR": null, "FCLASS_IL": null, "FCLASS_PS": null, "FCLASS_SA": null, "FCLASS_EG": null, "FCLASS_MA": null, "FCLASS_PT": null, "FCLASS_AR": null, "FCLASS_JP": null, "FCLASS_KO": null, "FCLASS_VN": null, "FCLASS_TR": null, "FCLASS_ID": null, "FCLASS_PL": null, "FCLASS_GR": null, "FCLASS_IT": null, "FCLASS_NL": null, "FCLASS_SE": null, "FCLASS_BD": null, "FCLASS_UA": null, "FCLASS_TLC": null}, "bbox": [13.936493, 45.599594, 14.093383, 45.771367], "geometry": {"type": "Polygon", "coordinates": [[[14.037211, 45.761006], [14.072144, 45.743358], [14.081911, 45.734237], [14.093383, 45.71429], [14.083151, 45.706513], [14.071679, 45.702689], [14.064703, 45.693542], [14.062532, 45.686462], [14.064548, 45.679693], [14.068578, 45.673595], [14.069198, 45.659694], [14.072764, 45.653028], [14.07788, 45.645431], [14.083151, 45.635561], [14.079585, 45.629618], [14.079895, 45.627913], [14.090592, 45.624244], [14.089817, 45.614089], [14.07726, 45.609878], [14.071989, 45.603573], [14.066408, 45.600989], [14.059587, 45.599594], [14.039691, 45.602436], [14.024963, 45.611428], [14.006205, 45.617784], [13.987705, 45.627138], [13.971427, 45.633081], [13.950808, 45.635974], [13.938354, 45.642641], [13.943676, 45.661141], [13.936493, 45.670391], [13.962435, 45.698115], [13.967861, 45.705273], [13.96507, 45.714109], [13.959644, 45.722093], [13.955614, 45.733281], [13.956699, 45.739973], [13.96445, 45.74434], [13.975612, 45.748474], [13.989875, 45.76501], [14.002794, 45.76992], [14.005275, 45.771367], [14.012251, 45.771057], [14.015817, 45.77054], [14.037211, 45.761006]]]}}, {"type": "Feature", "properties": {"featurecla": "Admin-1 states provinces", "scalerank": 10, "adm1_code": "SVN-1012", "diss_me": 1012, "iso_3166_2": "SI-036", "wikipedia": null, "iso_a2": "SI", "adm0_sr": 1, "name": "Idrija", "name_alt": null, "name_local": null, "type": "Opcine", "type_en": "Commune|Municipality", "code_local": null, "code_hasc": "SI.SP.ID", "note": null, "hasc_maybe": null, "region": "Gori\u0161ka", "region_cod": null, "provnum_ne": 163, "gadm_level": 2, "check_me": 0, "datarank": 8, "abbrev": null, "postal": "ID", "area_sqkm": 0, "sameascity": -99, "labelrank": 10, "name_len": 6, "mapcolor9": 2, "mapcolor13": 12, "fips": "SI36", "fips_alt": null, "woe_id": 55848351, "woe_label": "Idrija, SI, Slovenia", "woe_name": "Idrija", "latitude": 45.9922, "longitude": 13.9955, "sov_a3": "SVN", "adm0_a3": "SVN", "adm0_label": 2, "admin": "Slovenia", "geonunit": "Slovenia", "gu_a3": "SVN", "gn_id": 3199169, "gn_name": "Obcina Idrija", "gns_id": -82876, "gns_name": "Idrija, Obcina", "gn_level": 1, "gn_region": null, "gn_a1_code": "SI.36", "region_sub": null, "sub_code": null, "gns_level": 1, "gns_lang": "sqi", "gns_adm1": "SI36", "gns_region": null, "min_label": 11, "max_label": 11, "min_zoom": 11, "wikidataid": "Q3441842", "name_ar": "\u0625\u064a\u062f\u0631\u064a\u064a\u0627", "name_bn": "\u0987\u09a6\u09cd\u09b0\u09bf\u099c\u09be", "name_de": "Gemeinde Idrija", "name_en": "Idrija", "name_es": "Idrija", "name_fr": "Idrija", "name_el": "\u0399\u03bd\u03c4\u03c1\u03af\u03b3\u03b9\u03b1", "name_hi": "\u0907\u0926\u0930\u0940\u091c\u093e", "name_hu": "Idrija", "name_id": "Idrija", "name_it": "Idria", "name_ja": "\u30a4\u30c9\u30ea\u30e4", "name_ko": "\uc774\ub4dc\ub9ac\uc57c", "name_nl": "Idrija", "name_pl": "Gmina Idrija", "name_pt": "Idrija", "name_ru": "\u0418\u0434\u0440\u0438\u044f", "name_sv": "Idrija", "name_tr": "Idrija Belediyesi", "name_vi": "Idrija", "name_zh": "\u4f0a\u5fb7\u91cc\u4e9e\u93ae", "ne_id": 1159310829, "name_he": "\u05d0\u05d9\u05d3\u05e8\u05d9\u05d9\u05d4", "name_uk": "\u0406\u0434\u0440\u0456\u044f", "name_ur": "\u0627\u062f\u0631\u06cc\u062c\u0627", "name_fa": "\u0634\u0647\u0631\u062f\u0627\u0631\u06cc \u0627\u062f\u0631\u06cc\u062c\u0627", "name_zht": "\u4f0a\u5fb7\u91cc\u4e9e\u93ae", "FCLASS_ISO": null, "FCLASS_US": null, "FCLASS_FR": null, "FCLASS_RU": null, "FCLASS_ES": null, "FCLASS_CN": null, "FCLASS_TW": null, "FCLASS_IN": null, "FCLASS_NP": null, "FCLASS_PK": null, "FCLASS_DE": null, "FCLASS_GB": null, "FCLASS_BR": null, "FCLASS_IL": null, "FCLASS_PS": null, "FCLASS_SA": null, "FCLASS_EG": null, "FCLASS_MA": null, "FCLASS_PT": null, "FCLASS_AR": null, "FCLASS_JP": null, "FCLASS_KO": null, "FCLASS_VN": null, "FCLASS_TR": null, "FCLASS_ID": null, "FCLASS_PL": null, "FCLASS_GR": null, "FCLASS_IT": null, "FCLASS_NL": null, "FCLASS_SE": null, "FCLASS_BD": null, "FCLASS_UA": null, "FCLASS_TLC": null}, "bbox": [13.852261, 45.87875, 14.138703, 46.087316], "geometry": {"type": "Polygon", "coordinates": [[[14.138703, 46.005771], [14.137308, 45.992335], [14.128936, 45.984609], [14.12072, 45.978667], [14.110798, 45.973267], [14.108576, 45.969287], [14.109558, 45.967324], [14.114054, 45.966083], [14.116069, 45.961588], [14.114829, 45.951562], [14.108731, 45.939754], [14.101755, 45.930375], [14.100359, 45.921538], [14.100669, 45.913968], [14.104235, 45.90619], [14.109041, 45.901488], [14.120875, 45.87875], [14.042792, 45.890171], [14.003259, 45.909498], [13.990495, 45.9188], [13.970807, 45.92774], [13.961195, 45.933682], [13.947862, 45.936525], [13.923626, 45.950891], [13.900992, 45.969132], [13.882957, 45.97554], [13.87319, 45.980243], [13.866679, 45.984842], [13.865748, 45.988769], [13.852261, 46.00205], [13.865903, 46.006985], [13.867764, 46.025821], [13.867764, 46.031816], [13.867144, 46.037164], [13.868229, 46.040808], [13.87257, 46.041169], [13.874585, 46.042978], [13.873655, 46.046802], [13.871019, 46.049903], [13.864818, 46.052409], [13.862028, 46.055406], [13.860942, 46.058739], [13.863578, 46.063158], [13.867454, 46.064837], [13.87691, 46.062848], [13.882181, 46.063287], [13.886109, 46.066594], [13.887659, 46.068816], [13.894946, 46.067654], [13.907968, 46.061995], [13.913859, 46.06091], [13.923471, 46.061271], [13.926416, 46.065638], [13.926261, 46.069075], [13.927502, 46.071142], [13.930912, 46.071581], [13.935563, 46.069281], [13.939594, 46.069075], [13.945072, 46.069746], [13.949257, 46.074191], [13.956854, 46.079307], [13.958249, 46.08202], [13.959024, 46.085404], [13.960109, 46.087316], [13.964605, 46.086825], [13.981969, 46.076051], [13.999797, 46.067188], [14.00915, 46.064553], [14.019227, 46.063855], [14.024498, 46.064527], [14.029924, 46.066129], [14.030079, 46.073157], [14.053954, 46.063028], [14.081756, 46.034761], [14.089972, 46.032359], [14.096484, 46.032178], [14.100669, 46.02732], [14.10563, 46.018793], [14.108576, 46.015228], [14.111211, 46.012644], [14.138703, 46.005771]]]}}, {"type": "Feature", "properties": {"featurecla": "Admin-1 states provinces", "scalerank": 10, "adm1_code": "SVN-1035", "diss_me": 1035, "iso_3166_2": "SI-136", "wikipedia": null, "iso_a2": "SI", "adm0_sr": 1, "name": "Vipava", "name_alt": null, "name_local": null, "type": "Opcine", "type_en": "Commune|Municipality", "code_local": null, "code_hasc": "SI.SP.VI", "note": null, "hasc_maybe": null, "region": "Gori\u0161ka", "region_cod": null, "provnum_ne": 162, "gadm_level": 2, "check_me": 0, "datarank": 8, "abbrev": null, "postal": "VI", "area_sqkm": 0, "sameascity": -99, "labelrank": 10, "name_len": 6, "mapcolor9": 2, "mapcolor13": 12, "fips": "SIE1", "fips_alt": null, "woe_id": -55848385, "woe_label": null, "woe_name": null, "latitude": 45.8271, "longitude": 13.9723, "sov_a3": "SVN", "adm0_a3": "SVN", "adm0_label": 2, "admin": "Slovenia", "geonunit": "Slovenia", "gu_a3": "SVN", "gn_id": 3239075, "gn_name": "Obcina Vipava", "gns_id": 243467, "gns_name": "Vipava, Obcina", "gn_level": 1, "gn_region": null, "gn_a1_code": "SI.E1", "region_sub": null, "sub_code": null, "gns_level": 1, "gns_lang": "div", "gns_adm1": "SI05", "gns_region": null, "min_label": 11, "max_label": 11, "min_zoom": 11, "wikidataid": "Q1002229", "name_ar": "\u0628\u0644\u062f\u064a\u0629 \u0641\u064a\u0628\u0627\u0641\u0627", "name_bn": "\u09ad\u09bf\u09aa\u09be\u09ad\u09be \u09aa\u09cc\u09b0\u09b8\u09ad\u09be", "name_de": "Gemeinde Vipava", "name_en": "Vipava", "name_es": "Municipalidad del Vipava", "name_fr": "Municipalit\u00e9 de Vipava", "name_el": "\u0392\u03b9\u03c0\u03ac\u03b2\u03b1", "name_hi": "\u0935\u093f\u092a\u093e\u0935\u093e \u0928\u0917\u0930 \u092a\u093e\u0932\u093f\u0915\u093e", "name_hu": "Vipava", "name_id": "Vipava", "name_it": "Vipacco", "name_ja": "\u30f4\u30a3\u30d1\u30fc\u30f4\u30a1", "name_ko": "\ube44\ud30c\ubc14 \uc9c0\ubc29 \uc790\uce58\uc81c", "name_nl": "Vipava", "name_pl": "Gmina Vipava", "name_pt": "Vipava", "name_ru": "\u0412\u0438\u043f\u0430\u0432\u0430", "name_sv": "Vipava", "name_tr": "Vipava Belediyesi", "name_vi": "\u0110\u00f4 th\u1ecb t\u1ef1 tr\u1ecb Vipava", "name_zh": "\u7dad\u5e15\u74e6\u93ae", "ne_id": 1159310881, "name_he": "\u05d5\u05d9\u05e4\u05d0\u05d1\u05d4", "name_uk": "\u0412\u0438\u043f\u0430\u0432\u0430", "name_ur": "\u0648\u06cc\u067e\u0627\u0648\u0627 \u0645\u06cc\u0648\u0646\u0633\u067e\u0644\u0679\u06cc", "name_fa": "\u0634\u0647\u0631\u062f\u0627\u0631\u06cc \u0648\u06cc\u067e\u0627\u0648\u0627", "name_zht": "\u7dad\u5e15\u74e6\u93ae", "FCLASS_ISO": null, "FCLASS_US": null, "FCLASS_FR": null, "FCLASS_RU": null, "FCLASS_ES": null, "FCLASS_CN": null, "FCLASS_TW": null, "FCLASS_IN": null, "FCLASS_NP": null, "FCLASS_PK": null, "FCLASS_DE": null, "FCLASS_GB": null, "FCLASS_BR": null, "FCLASS_IL": null, "FCLASS_PS": null, "FCLASS_SA": null, "FCLASS_EG": null, "FCLASS_MA": null, "FCLASS_PT": null, "FCLASS_AR": null, "FCLASS_JP": null, "FCLASS_KO": null, "FCLASS_VN": null, "FCLASS_TR": null, "FCLASS_ID": null, "FCLASS_PL": null, "FCLASS_GR": null, "FCLASS_IT": null, "FCLASS_NL": null, "FCLASS_SE": null, "FCLASS_BD": null, "FCLASS_UA": null, "FCLASS_TLC": null}, "bbox": [13.885902, 45.761006, 14.058656, 45.877717], "geometry": {"type": "Polygon", "coordinates": [[[14.046047, 45.836944], [14.058656, 45.808625], [14.052094, 45.796947], [14.048838, 45.778085], [14.043567, 45.772917], [14.037211, 45.761006], [14.015817, 45.77054], [14.012251, 45.771057], [14.005275, 45.771367], [14.002794, 45.76992], [13.989875, 45.76501], [13.983519, 45.772943], [13.931377, 45.793226], [13.902542, 45.810227], [13.885902, 45.82865], [13.891845, 45.840665], [13.907503, 45.849372], [13.921921, 45.855651], [13.932463, 45.863454], [13.956544, 45.873686], [13.973442, 45.8772], [13.986775, 45.877717], [13.997317, 45.875908], [14.00512, 45.873014], [14.014731, 45.865159], [14.018142, 45.855289], [14.021708, 45.848055], [14.046047, 45.836944]]]}}, {"type": "Feature", "properties": {"featurecla": "Admin-1 states provinces", "scalerank": 10, "adm1_code": "SVN-254", "diss_me": 254, "iso_3166_2": "SI-150", "wikipedia": null, "iso_a2": "SI", "adm0_sr": 1, "name": "Bloke", "name_alt": null, "name_local": null, "type": "Opcine", "type_en": "Commune|Municipality", "code_local": null, "code_hasc": "SI.NO.BL", "note": null, "hasc_maybe": null, "region": "Notranjsko-kra\u0161ka", "region_cod": null, "provnum_ne": 68, "gadm_level": 2, "check_me": 10, "datarank": 8, "abbrev": null, "postal": "BL", "area_sqkm": 0, "sameascity": -99, "labelrank": 10, "name_len": 5, "mapcolor9": 2, "mapcolor13": 12, "fips": "SI00", "fips_alt": "SIF6", "woe_id": -55848344, "woe_label": null, "woe_name": null, "latitude": 45.7836, "longitude": 14.5092, "sov_a3": "SVN", "adm0_a3": "SVN", "adm0_label": 2, "admin": "Slovenia", "geonunit": "Slovenia", "gu_a3": "SVN", "gn_id": 3344899, "gn_name": "Obcina Bloke", "gns_id": 9123313, "gns_name": "Bloke, Obcina", "gn_level": 1, "gn_region": null, "gn_a1_code": "SI.F6", "region_sub": null, "sub_code": null, "gns_level": 1, "gns_lang": "kat", "gns_adm1": "SI72", "gns_region": null, "min_label": 11, "max_label": 11, "min_zoom": 11, "wikidataid": "Q164123", "name_ar": "\u0628\u0644\u062f\u064a\u0629 \u0628\u0644\u0648\u0643", "name_bn": "\u09ac\u09cd\u09b2\u09cb\u0995 \u09aa\u09cc\u09b0\u09b8\u09ad\u09be", "name_de": "Bloke", "name_en": "Bloke", "name_es": "Municipalidad del Bloke", "name_fr": "Bloke", "name_el": "\u039c\u03c0\u03bb\u03cc\u03bf\u03c5\u03ba", "name_hi": "\u092c\u094d\u0932\u094b\u0915 \u0928\u0917\u0930 \u092a\u093e\u0932\u093f\u0915\u093e", "name_hu": "Bloke", "name_id": "Bloke", "name_it": "Bloke", "name_ja": "\u30d6\u30ed\u30b1", "name_ko": "\ube14\ub85c\ucf00", "name_nl": "Bloke", "name_pl": "Gmina Bloke", "name_pt": "Bloke", "name_ru": "\u0411\u043b\u043e\u043a\u0435", "name_sv": "Bloke", "name_tr": "Bloke Belediyesi", "name_vi": "\u0110\u00f4 th\u1ecb t\u1ef1 tr\u1ecb Bloke", "name_zh": "\u5e03\u6d1b\u51ef", "ne_id": 1159308667, "name_he": "\u05d1\u05dc\u05d5\u05d0\u05d5\u05e7", "name_uk": "\u0411\u043b\u043e\u043a\u0435", "name_ur": "\u0628\u0644\u062f\u06cc\u06c1 \u0628\u0644\u0648\u06a9\u06d2", "name_fa": "\u0634\u0647\u0631\u062f\u0627\u0631\u06cc \u0628\u0644\u0648\u06a9", "name_zht": "\u5e03\u6d1b\u51ef", "FCLASS_ISO": null, "FCLASS_US": null, "FCLASS_FR": null, "FCLASS_RU": null, "FCLASS_ES": null, "FCLASS_CN": null, "FCLASS_TW": null, "FCLASS_IN": null, "FCLASS_NP": null, "FCLASS_PK": null, "FCLASS_DE": null, "FCLASS_GB": null, "FCLASS_BR": null, "FCLASS_IL": null, "FCLASS_PS": null, "FCLASS_SA": null, "FCLASS_EG": null, "FCLASS_MA": null, "FCLASS_PT": null, "FCLASS_AR": null, "FCLASS_JP": null, "FCLASS_KO": null, "FCLASS_VN": null, "FCLASS_TR": null, "FCLASS_ID": null, "FCLASS_PL": null, "FCLASS_GR": null, "FCLASS_IT": null, "FCLASS_NL": null, "FCLASS_SE": null, "FCLASS_BD": null, "FCLASS_UA": null, "FCLASS_TLC": null}, "bbox": [14.442199, 45.728914, 14.576144, 45.840768], "geometry": {"type": "Polygon", "coordinates": [[[14.505089, 45.840768], [14.529584, 45.812915], [14.564207, 45.790074], [14.553303, 45.781289], [14.566067, 45.766767], [14.569633, 45.759481], [14.569788, 45.752143], [14.576144, 45.735322], [14.555629, 45.734676], [14.550048, 45.738268], [14.53749, 45.734418], [14.529584, 45.730232], [14.525243, 45.728914], [14.50819, 45.731111], [14.478372, 45.747854], [14.49248, 45.755709], [14.490155, 45.75961], [14.486589, 45.76408], [14.481318, 45.765656], [14.46349, 45.775449], [14.446591, 45.789247], [14.442199, 45.795758], [14.442199, 45.800486], [14.446281, 45.806868], [14.450622, 45.811778], [14.457133, 45.817204], [14.483488, 45.832887], [14.4931, 45.835549], [14.505089, 45.840768]]]}}, {"type": "Feature", "properties": {"featurecla": "Admin-1 states provinces", "scalerank": 10, "adm1_code": "SVN-220", "diss_me": 220, "iso_3166_2": "SI-120", "wikipedia": null, "iso_a2": "SI", "adm0_sr": 1, "name": "\u0160entjur pri Celju", "name_alt": null, "name_local": null, "type": "Opcine", "type_en": "Commune|Municipality", "code_local": null, "code_hasc": "SI.SA.SC", "note": null, "hasc_maybe": null, "region": "Savinjska", "region_cod": null, "provnum_ne": 26, "gadm_level": 2, "check_me": 0, "datarank": 8, "abbrev": null, "postal": "SC", "area_sqkm": 0, "sameascity": -99, "labelrank": 10, "name_len": 17, "mapcolor9": 2, "mapcolor13": 12, "fips": "SIL7", "fips_alt": null, "woe_id": 55848383, "woe_label": "Sentjur Pri Celju, SI, Slovenia", "woe_name": "\u0160entjur pri Celju", "latitude": 46.1784, "longitude": 15.4424, "sov_a3": "SVN", "adm0_a3": "SVN", "adm0_label": 2, "admin": "Slovenia", "geonunit": "Slovenia", "gu_a3": "SVN", "gn_id": 3191028, "gn_name": "Obcina Sentjur", "gns_id": -95385, "gns_name": "Sentjur, Obcina", "gn_level": 1, "gn_region": null, "gn_a1_code": "SI.L7", "region_sub": null, "sub_code": null, "gns_level": 1, "gns_lang": "sqi", "gns_adm1": "SI25", "gns_region": null, "min_label": 11, "max_label": 11, "min_zoom": 11, "wikidataid": "Q13378384", "name_ar": "\u0628\u0644\u062f\u064a\u0629 \u0634\u064a\u0646\u062a\u064a\u0648\u0631", "name_bn": "\u09b8\u09c7\u09a8\u09cd\u099f\u09c1\u09b0 \u09aa\u09cc\u09b0\u09b8\u09ad\u09be", "name_de": "Gemeinde \u0160entjur", "name_en": "\u0160entjur", "name_es": "\u0160entjur", "name_fr": "Municipalit\u00e9 de \u0160entjur", "name_el": "\u03a3\u03ad\u03bd\u03c4\u03b6\u03bf\u03c5\u03c1", "name_hi": "\u0938\u0947\u0902\u0924\u094d\u092f\u0941\u0930 \u0928\u0917\u0930 \u092a\u093e\u0932\u093f\u0915\u093e", "name_hu": "\u0160entjur k\u00f6zs\u00e9g", "name_id": "\u0160entjur", "name_it": "\u0160entjur", "name_ja": "\u30b7\u30a7\u30f3\u30c8\u30e6\u30eb", "name_ko": "\uc13c\ud29c\ub974 \uc9c0\ubc29 \uc790\uce58\uc81c", "name_nl": "\u0160entjur pri Celju", "name_pl": "Gmina \u0160entjur", "name_pt": "Sentjur", "name_ru": "\u0428\u0435\u043d\u0442\u044c\u044e\u0440", "name_sv": "Sentjur", "name_tr": "Sentjur Belediyesi", "name_vi": "\u0110\u00f4 th\u1ecb t\u1ef1 tr\u1ecb Sentjur", "name_zh": "\u7533\u7279\u5c24\u723e\u93ae", "ne_id": 1159308593, "name_he": "\u05e9\u05e0\u05d8\u05d9\u05d5\u05e8 \u05e4\u05e8\u05d9 \u05e6\u05dc\u05d9\u05d5", "name_uk": "\u0428\u0435\u043d\u0442\u044e\u0440", "name_ur": "\u0633\u06cc\u0646\u062a\u062c\u0648\u0631 \u0645\u06cc\u0648\u0646\u0633\u067e\u0644\u0679\u06cc", "name_fa": "\u0633\u0646\u062a\u062c\u0648\u0631 \u067e\u0631\u06cc \u0633\u0644\u062c\u0648", "name_zht": "\u7533\u7279\u5c24\u723e\u93ae", "FCLASS_ISO": null, "FCLASS_US": null, "FCLASS_FR": null, "FCLASS_RU": null, "FCLASS_ES": null, "FCLASS_CN": null, "FCLASS_TW": null, "FCLASS_IN": null, "FCLASS_NP": null, "FCLASS_PK": null, "FCLASS_DE": null, "FCLASS_GB": null, "FCLASS_BR": null, "FCLASS_IL": null, "FCLASS_PS": null, "FCLASS_SA": null, "FCLASS_EG": null, "FCLASS_MA": null, "FCLASS_PT": null, "FCLASS_AR": null, "FCLASS_JP": null, "FCLASS_KO": null, "FCLASS_VN": null, "FCLASS_TR": null, "FCLASS_ID": null, "FCLASS_PL": null, "FCLASS_GR": null, "FCLASS_IT": null, "FCLASS_NL": null, "FCLASS_SE": null, "FCLASS_BD": null, "FCLASS_UA": null, "FCLASS_TLC": null}, "bbox": [15.339405, 46.063313, 15.545491, 46.311334], "geometry": {"type": "Polygon", "coordinates": [[[15.363331, 46.181316], [15.364106, 46.206689], [15.366432, 46.213045], [15.363796, 46.21891], [15.361781, 46.222373], [15.339405, 46.229039], [15.343591, 46.241803], [15.351549, 46.246738], [15.3562, 46.250846], [15.358525, 46.260536], [15.363796, 46.280095], [15.369533, 46.282395], [15.374183, 46.286917], [15.378059, 46.28963], [15.379919, 46.294642], [15.376354, 46.298673], [15.373563, 46.300378], [15.376509, 46.311334], [15.396198, 46.301877], [15.500015, 46.280069], [15.506062, 46.280793], [15.511953, 46.282886], [15.529988, 46.276633], [15.524097, 46.272137], [15.520996, 46.268856], [15.51495, 46.265006], [15.502806, 46.254257], [15.487768, 46.247255], [15.476296, 46.243483], [15.458726, 46.234749], [15.450354, 46.228496], [15.447874, 46.226093], [15.447099, 46.221468], [15.450044, 46.213097], [15.458313, 46.198395], [15.476141, 46.179068], [15.478466, 46.173332], [15.483582, 46.165916], [15.491179, 46.1608], [15.505131, 46.156976], [15.5165, 46.159405], [15.526422, 46.160128], [15.532003, 46.16142], [15.545491, 46.155168], [15.536034, 46.130363], [15.517896, 46.121681], [15.507457, 46.112483], [15.49924, 46.109331], [15.491799, 46.110416], [15.487923, 46.111966], [15.481567, 46.11269], [15.478466, 46.108116], [15.476451, 46.102225], [15.486528, 46.087756], [15.492574, 46.067679], [15.418418, 46.063313], [15.368447, 46.072124], [15.377284, 46.083854], [15.380074, 46.089151], [15.378989, 46.097807], [15.38271, 46.108194], [15.389996, 46.10747], [15.394182, 46.108142], [15.398368, 46.109511], [15.405706, 46.115299], [15.413923, 46.120079], [15.415783, 46.122353], [15.416868, 46.124833], [15.420124, 46.12566], [15.423069, 46.124007], [15.4271, 46.120338], [15.431596, 46.118322], [15.435627, 46.118116], [15.437332, 46.119614], [15.438417, 46.122611], [15.439037, 46.125764], [15.440278, 46.128554], [15.438572, 46.131784], [15.435007, 46.135014], [15.425705, 46.138889], [15.421984, 46.141292], [15.413302, 46.149121], [15.411752, 46.152067], [15.407101, 46.152687], [15.403329, 46.15217], [15.370928, 46.135737], [15.367052, 46.149638], [15.373253, 46.158061], [15.374959, 46.167777], [15.363331, 46.181316]]]}}, {"type": "Feature", "properties": {"featurecla": "Admin-1 states provinces", "scalerank": 10, "adm1_code": "SVN-957", "diss_me": 957, "iso_3166_2": "SI-051", "wikipedia": null, "iso_a2": "SI", "adm0_sr": 1, "name": "Kozje", "name_alt": null, "name_local": null, "type": "Opcine", "type_en": "Commune|Municipality", "code_local": null, "code_hasc": "SI.SA.KO", "note": null, "hasc_maybe": null, "region": "Savinjska", "region_cod": null, "provnum_ne": 52, "gadm_level": 2, "check_me": 10, "datarank": 8, "abbrev": null, "postal": "KO", "area_sqkm": 0, "sameascity": -99, "labelrank": 10, "name_len": 5, "mapcolor9": 2, "mapcolor13": 12, "fips": "SI08", "fips_alt": "SI51", "woe_id": -55848390, "woe_label": null, "woe_name": null, "latitude": 46.0666, "longitude": 15.5721, "sov_a3": "SVN", "adm0_a3": "SVN", "adm0_label": 2, "admin": "Slovenia", "geonunit": "Slovenia", "gu_a3": "SVN", "gn_id": 3239243, "gn_name": "Obcina Kozje", "gns_id": 243971, "gns_name": "Kozje, Obcina", "gn_level": 1, "gn_region": null, "gn_a1_code": "SI.51", "region_sub": null, "sub_code": null, "gns_level": 1, "gns_lang": "slv", "gns_adm1": "SI51", "gns_region": null, "min_label": 11, "max_label": 11, "min_zoom": 11, "wikidataid": "Q1009421", "name_ar": "\u0628\u0644\u062f\u064a\u0629 \u0643\u0648\u0632\u064a\u0647", "name_bn": "\u0995\u09cb\u099c\u09c7 \u09aa\u09cc\u09b0\u09b8\u09ad\u09be", "name_de": "Kozje", "name_en": "Kozje", "name_es": "Kozje", "name_fr": "Kozje", "name_el": "\u039a\u03cc\u03b6\u03c4\u03b6\u03b5", "name_hi": "\u0915\u094b\u091c\u093c\u093f\u090f \u0928\u0917\u0930\u092a\u093e\u0932\u093f\u0915\u093e", "name_hu": "Kozje", "name_id": "Kozje", "name_it": "Kozje", "name_ja": "\u30b3\u30b8\u30a8", "name_ko": "\ucf54\uc81c", "name_nl": "Kozje", "name_pl": "Gmina Kozje", "name_pt": "Kozje", "name_ru": "\u041a\u043e\u0437\u044c\u0435", "name_sv": "Kozje", "name_tr": "Kozje Belediyesi", "name_vi": "Kozje", "name_zh": "\u79d1\u5179\u8036", "ne_id": 1159310707, "name_he": "\u05e7\u05d5\u05d6\u05d9\u05d9\u05d4", "name_uk": "\u041a\u043e\u0437\u0454", "name_ur": "\u06a9\u0648\u0632\u062c\u06cc \u0645\u06cc\u0648\u0646\u0633\u067e\u0644\u0679\u06cc", "name_fa": "\u0634\u0647\u0631\u062f\u0627\u0631\u06cc \u06a9\u0648\u0632\u062c\u0647", "name_zht": "\u79d1\u8332\u8036", "FCLASS_ISO": null, "FCLASS_US": null, "FCLASS_FR": null, "FCLASS_RU": null, "FCLASS_ES": null, "FCLASS_CN": null, "FCLASS_TW": null, "FCLASS_IN": null, "FCLASS_NP": null, "FCLASS_PK": null, "FCLASS_DE": null, "FCLASS_GB": null, "FCLASS_BR": null, "FCLASS_IL": null, "FCLASS_PS": null, "FCLASS_SA": null, "FCLASS_EG": null, "FCLASS_MA": null, "FCLASS_PT": null, "FCLASS_AR": null, "FCLASS_JP": null, "FCLASS_KO": null, "FCLASS_VN": null, "FCLASS_TR": null, "FCLASS_ID": null, "FCLASS_PL": null, "FCLASS_GR": null, "FCLASS_IT": null, "FCLASS_NL": null, "FCLASS_SE": null, "FCLASS_BD": null, "FCLASS_UA": null, "FCLASS_TLC": null}, "bbox": [15.476451, 45.993989, 15.667757, 46.130363], "geometry": {"type": "Polygon", "coordinates": [[[15.49924, 46.109331], [15.507457, 46.112483], [15.517896, 46.121681], [15.536034, 46.130363], [15.546576, 46.123826], [15.558978, 46.121965], [15.575618, 46.112018], [15.58461, 46.108581], [15.599338, 46.086024], [15.596237, 46.082407], [15.595307, 46.078738], [15.599028, 46.069126], [15.607554, 46.065871], [15.619646, 46.040859], [15.624142, 46.03781], [15.63117, 46.034193], [15.638612, 46.032281], [15.663261, 46.032178], [15.667757, 46.02639], [15.623832, 46.003704], [15.597632, 45.994454], [15.58368, 45.993989], [15.603678, 46.018225], [15.601818, 46.020499], [15.599338, 46.022307], [15.585075, 46.021016], [15.577944, 46.01931], [15.571897, 46.019], [15.56735, 46.017734], [15.559443, 46.017114], [15.548436, 46.044115], [15.537739, 46.052642], [15.524872, 46.059256], [15.51743, 46.059876], [15.492574, 46.067679], [15.486528, 46.087756], [15.476451, 46.102225], [15.478466, 46.108116], [15.481567, 46.11269], [15.487923, 46.111966], [15.491799, 46.110416], [15.49924, 46.109331]]]}}, {"type": "Feature", "properties": {"featurecla": "Admin-1 states provinces", "scalerank": 10, "adm1_code": "SVN-993", "diss_me": 993, "iso_3166_2": "SI-124", "wikipedia": null, "iso_a2": "SI", "adm0_sr": 1, "name": "\u0160marje pri Jel\u0161ah", "name_alt": null, "name_local": null, "type": "Opcine", "type_en": "Commune|Municipality", "code_local": null, "code_hasc": "SI.SA.SJ", "note": null, "hasc_maybe": null, "region": "Savinjska", "region_cod": null, "provnum_ne": 46, "gadm_level": 2, "check_me": 0, "datarank": 8, "abbrev": null, "postal": "SJ", "area_sqkm": 0, "sameascity": -99, "labelrank": 10, "name_len": 17, "mapcolor9": 2, "mapcolor13": 12, "fips": "SIC5", "fips_alt": null, "woe_id": 55848390, "woe_label": "Smarje Pri Jelsah, SI, Slovenia", "woe_name": "\u0160marje pri Jel\u0161ah", "latitude": 46.2188, "longitude": 15.5302, "sov_a3": "SVN", "adm0_a3": "SVN", "adm0_label": 2, "admin": "Slovenia", "geonunit": "Slovenia", "gu_a3": "SVN", "gn_id": 3190509, "gn_name": "Obcina Smarje pri Jelsah", "gns_id": -96126, "gns_name": "Smarje pri Jelsah, Obcina", "gn_level": 1, "gn_region": null, "gn_a1_code": "SI.C5", "region_sub": null, "sub_code": null, "gns_level": 1, "gns_lang": "sqi", "gns_adm1": "SI25", "gns_region": null, "min_label": 11, "max_label": 11, "min_zoom": 11, "wikidataid": "Q392173", "name_ar": "\u0628\u0644\u062f\u064a\u0629 \u0634\u0645\u0627\u0631\u064a\u0647 \u0628\u0631\u064a \u064a\u0644\u0634\u0627\u062e", "name_bn": "\u09ae\u09be\u09b0\u099c\u09c7 \u09aa\u09cd\u09b0\u09bf \u099c\u09b2\u09b6\u09be \u09aa\u09cc\u09b0\u09b8\u09ad\u09be", "name_de": "\u0160marje pri Jel\u0161ah", "name_en": "\u0160marje pri Jel\u0161ah", "name_es": "Municipalidad del \u0160marje pri Jel\u0161ah", "name_fr": "\u0160marje pri Jel\u0161ah", "name_el": "\u03a3\u03bc\u03ac\u03c1\u03c4\u03b6\u03b5 \u03c0\u03c1\u03b9 \u03a4\u03b6\u03b5\u03bb\u03c3\u03ac\u03c7", "name_hi": "\u0938\u094d\u092e\u093e\u0930\u093f\u092f\u0947 \u092a\u094d\u0930\u0940 \u091c\u0947\u0932\u094d\u0938\u093e\u0939 \u0928\u0917\u0930\u092a\u093e\u0932\u093f\u0915\u093e", "name_hu": "\u0160marje pri Jel\u0161ah", "name_id": "\u0160marje pri Jel\u0161ah", "name_it": "\u0160marje pri Jel\u0161ah", "name_ja": "\u30b7\u30e5\u30de\u30ea\u30a7\u30fb\u30d7\u30ea\u30fb\u30a4\u30a7\u30eb\u30b7\u30e3\u30d5", "name_ko": "\uc288\ub9c8\ub808\ud504\ub9ac\uc610\uc0e4\ud750", "name_nl": "\u0160marje pri Jel\u0161ah", "name_pl": "Gmina \u0160marje pri Jel\u0161ah", "name_pt": "\u0160marje pri Jel\u0161ah", "name_ru": "\u0428\u043c\u0430\u0440\u044c\u0435-\u043f\u0440\u0438-\u0415\u043b\u0448\u0430\u0445", "name_sv": "Smarje pri Jelsah", "name_tr": "Smarje Pri Jelsah", "name_vi": "\u0160marje pri Jel\u0161ah", "name_zh": "\u8036\u723e\u6c99\u8d6b\u9644\u8fd1\u4ec0\u99ac\u5217", "ne_id": 1159310789, "name_he": "\u05e9\u05de\u05d0\u05e8\u05d9\u05d4 \u05e4\u05e8\u05d9 \u05d9\u05dc\u05e1\u05d4", "name_uk": "\u0428\u043c\u0430\u0440\u0454-\u043f\u0440\u0438-\u0404\u043b\u0448\u0430\u0445", "name_ur": "\u0633\u0645\u0627\u0631\u062c\u06cc \u067e\u0631\u06cc \u062c\u06cc\u0644\u0633\u0627\u062d \u0645\u06cc\u0648\u0646\u0633\u067e\u0644\u0679\u06cc", "name_fa": "\u0633\u0627\u0645\u0631\u06cc\u0647 \u067e\u0631\u06cc \u062c\u0644\u0633\u0627\u0647", "name_zht": "\u8036\u723e\u6c99\u8d6b\u9644\u8fd1\u4ec0\u99ac\u5217", "FCLASS_ISO": null, "FCLASS_US": null, "FCLASS_FR": null, "FCLASS_RU": null, "FCLASS_ES": null, "FCLASS_CN": null, "FCLASS_TW": null, "FCLASS_IN": null, "FCLASS_NP": null, "FCLASS_PK": null, "FCLASS_DE": null, "FCLASS_GB": null, "FCLASS_BR": null, "FCLASS_IL": null, "FCLASS_PS": null, "FCLASS_SA": null, "FCLASS_EG": null, "FCLASS_MA": null, "FCLASS_PT": null, "FCLASS_AR": null, "FCLASS_JP": null, "FCLASS_KO": null, "FCLASS_VN": null, "FCLASS_TR": null, "FCLASS_ID": null, "FCLASS_PL": null, "FCLASS_GR": null, "FCLASS_IT": null, "FCLASS_NL": null, "FCLASS_SE": null, "FCLASS_BD": null, "FCLASS_UA": null, "FCLASS_TLC": null}, "bbox": [15.447099, 46.155168, 15.61329, 46.277744], "geometry": {"type": "Polygon", "coordinates": [[[15.505131, 46.156976], [15.491179, 46.1608], [15.483582, 46.165916], [15.478466, 46.173332], [15.476141, 46.179068], [15.458313, 46.198395], [15.450044, 46.213097], [15.447099, 46.221468], [15.447874, 46.226093], [15.450354, 46.228496], [15.458726, 46.234749], [15.476296, 46.243483], [15.487768, 46.247255], [15.502806, 46.254257], [15.51495, 46.265006], [15.520996, 46.268856], [15.524097, 46.272137], [15.529988, 46.276633], [15.552467, 46.277744], [15.5658, 46.273662], [15.58585, 46.235989], [15.596857, 46.225447], [15.603988, 46.222605], [15.607089, 46.21997], [15.61329, 46.20426], [15.578719, 46.179223], [15.567505, 46.164728], [15.545491, 46.155168], [15.532003, 46.16142], [15.526422, 46.160128], [15.5165, 46.159405], [15.505131, 46.156976]]]}}, {"type": "Feature", "properties": {"featurecla": "Admin-1 states provinces", "scalerank": 10, "adm1_code": "SVN-988", "diss_me": 988, "iso_3166_2": "SI-110", "wikipedia": null, "iso_a2": "SI", "adm0_sr": 1, "name": "Sevnica", "name_alt": null, "name_local": null, "type": "Opcine", "type_en": "Commune|Municipality", "code_local": null, "code_hasc": "SI.PS.SE", "note": null, "hasc_maybe": null, "region": "Spodnjeposavska", "region_cod": null, "provnum_ne": 28, "gadm_level": 2, "check_me": 0, "datarank": 8, "abbrev": null, "postal": "SE", "area_sqkm": 0, "sameascity": -99, "labelrank": 10, "name_len": 7, "mapcolor9": 2, "mapcolor13": 12, "fips": "SIB6", "fips_alt": null, "woe_id": 55848384, "woe_label": "Sevnica, SI, Slovenia", "woe_name": "Sevnica", "latitude": 46.0132, "longitude": 15.2616, "sov_a3": "SVN", "adm0_a3": "SVN", "adm0_label": 2, "admin": "Slovenia", "geonunit": "Slovenia", "gu_a3": "SVN", "gn_id": 3190949, "gn_name": "Obcina Sevnica", "gns_id": -95490, "gns_name": "Sevnica, Obcina", "gn_level": 1, "gn_region": null, "gn_a1_code": "SI.B6", "region_sub": null, "sub_code": null, "gns_level": 1, "gns_lang": "sqi", "gns_adm1": "SI25", "gns_region": null, "min_label": 11, "max_label": 11, "min_zoom": 11, "wikidataid": "Q11214302", "name_ar": "\u0628\u0644\u062f\u064a\u0629 \u0633\u064a\u0641\u062a\u064a\u062a\u0633\u0627", "name_bn": "\u09b8\u09c7\u09ad\u09a8\u09bf\u0995\u09be \u09aa\u09cc\u09b0\u09b8\u09ad\u09be", "name_de": "Sevnica", "name_en": "Sevnica", "name_es": "Municipalidad del Sevnica", "name_fr": "Municipalit\u00e9 de Sevnica", "name_el": "\u03a3\u03b5\u03b2\u03bd\u03af\u03ba\u03b1", "name_hi": "\u0938\u0947\u0935\u094d\u0928\u093f\u0915\u093e \u0928\u0917\u0930 \u092a\u093e\u0932\u093f\u0915\u093e", "name_hu": "Sevnica", "name_id": "Sevnica", "name_it": "Sevnica", "name_ja": "\u30bb\u30f4\u30cb\u30c4\u30a1", "name_ko": "\uc138\ube0c\ub2c8\ucc28 \uc9c0\ubc29 \uc790\uce58\uc81c", "name_nl": "Sevnica", "name_pl": "Gmina Sevnica", "name_pt": "Sevnica", "name_ru": "\u0421\u0435\u0432\u043d\u0438\u0446\u0430", "name_sv": "Sevnica", "name_tr": "Sevnica Belediyesi", "name_vi": "\u0110\u00f4 th\u1ecb t\u1ef1 tr\u1ecb Sevnica", "name_zh": "\u585e\u592b\u5c3c\u5bdf\u93ae", "ne_id": 1159310777, "name_he": "\u05e1\u05d1\u05e0\u05d9\u05e6\u05d4", "name_uk": "\u0421\u0435\u0432\u043d\u0438\u0446\u044f", "name_ur": "\u0633\u06cc\u0648\u0646\u06cc\u06a9\u0627 \u0645\u06cc\u0648\u0646\u0633\u067e\u0644\u0679\u06cc", "name_fa": "\u0633\u0648\u0646\u06cc\u06a9\u0627", "name_zht": "\u585e\u592b\u5c3c\u5bdf\u93ae", "FCLASS_ISO": null, "FCLASS_US": null, "FCLASS_FR": null, "FCLASS_RU": null, "FCLASS_ES": null, "FCLASS_CN": null, "FCLASS_TW": null, "FCLASS_IN": null, "FCLASS_NP": null, "FCLASS_PK": null, "FCLASS_DE": null, "FCLASS_GB": null, "FCLASS_BR": null, "FCLASS_IL": null, "FCLASS_PS": null, "FCLASS_SA": null, "FCLASS_EG": null, "FCLASS_MA": null, "FCLASS_PT": null, "FCLASS_AR": null, "FCLASS_JP": null, "FCLASS_KO": null, "FCLASS_VN": null, "FCLASS_TR": null, "FCLASS_ID": null, "FCLASS_PL": null, "FCLASS_GR": null, "FCLASS_IT": null, "FCLASS_NL": null, "FCLASS_SE": null, "FCLASS_BD": null, "FCLASS_UA": null, "FCLASS_TLC": null}, "bbox": [15.093322, 45.924355, 15.429891, 46.083699], "geometry": {"type": "Polygon", "coordinates": [[[15.368447, 46.072124], [15.418418, 46.063313], [15.420279, 46.049928], [15.419504, 46.04644], [15.416713, 46.041789], [15.416713, 46.033159], [15.419039, 46.025821], [15.422604, 46.017889], [15.427875, 46.012618], [15.429891, 46.006985], [15.429425, 46.000629], [15.424154, 45.993989], [15.389531, 45.969649], [15.371548, 45.951097], [15.363021, 45.934768], [15.346381, 45.944483], [15.342506, 45.951407], [15.334599, 45.954198], [15.327158, 45.955852], [15.317081, 45.957143], [15.295687, 45.956058], [15.289641, 45.953836], [15.286488, 45.951821], [15.285403, 45.949082], [15.285093, 45.945465], [15.286644, 45.9404], [15.284008, 45.935749], [15.279357, 45.936163], [15.266025, 45.944767], [15.259668, 45.944999], [15.257343, 45.943914], [15.257033, 45.941589], [15.255173, 45.93854], [15.238119, 45.932132], [15.238584, 45.924355], [15.203651, 45.937351], [15.180707, 45.951356], [15.166082, 45.964326], [15.158951, 45.974171], [15.159881, 45.98045], [15.163137, 45.984609], [15.167633, 45.988614], [15.168873, 45.994144], [15.166237, 45.995901], [15.161742, 45.995436], [15.156936, 45.993885], [15.15151, 45.991121], [15.143448, 45.989235], [15.137247, 45.991302], [15.133061, 45.996469], [15.116111, 46.004195], [15.093322, 46.030731], [15.094097, 46.040291], [15.144533, 46.042487], [15.220704, 46.02949], [15.234864, 46.030576], [15.24029, 46.033676], [15.239205, 46.036854], [15.236879, 46.038999], [15.233107, 46.040472], [15.225045, 46.045252], [15.2221, 46.046492], [15.218379, 46.047526], [15.210162, 46.048972], [15.206907, 46.050988], [15.204581, 46.053003], [15.201946, 46.060755], [15.204891, 46.066413], [15.203806, 46.06879], [15.200861, 46.072589], [15.193729, 46.07848], [15.192954, 46.080883], [15.193884, 46.082175], [15.203496, 46.083699], [15.253932, 46.083337], [15.268815, 46.079642], [15.276722, 46.076077], [15.281062, 46.071452], [15.282613, 46.067731], [15.284008, 46.061995], [15.287109, 46.059101], [15.292121, 46.059049], [15.302663, 46.064708], [15.316771, 46.068661], [15.368447, 46.072124]]]}}, {"type": "Feature", "properties": {"featurecla": "Admin-1 states provinces", "scalerank": 10, "adm1_code": "SVN-242", "diss_me": 242, "iso_3166_2": "SI-170", "wikipedia": null, "iso_a2": "SI", "adm0_sr": 1, "name": "Mirna Pec", "name_alt": null, "name_local": null, "type": "Opcine", "type_en": "Commune|Municipality", "code_local": null, "code_hasc": "SI.DO.MP", "note": null, "hasc_maybe": null, "region": "Jugovzhodna Slovenija", "region_cod": null, "provnum_ne": 25, "gadm_level": 2, "check_me": 10, "datarank": 8, "abbrev": null, "postal": "MP", "area_sqkm": 0, "sameascity": -99, "labelrank": 10, "name_len": 9, "mapcolor9": 2, "mapcolor13": 12, "fips": "SI00", "fips_alt": "SIJ6", "woe_id": -55848393, "woe_label": null, "woe_name": null, "latitude": 45.8487, "longitude": 15.0911, "sov_a3": "SVN", "adm0_a3": "SVN", "adm0_label": 2, "admin": "Slovenia", "geonunit": "Slovenia", "gu_a3": "SVN", "gn_id": 3344911, "gn_name": "Obcina Mirna Pec", "gns_id": 9123424, "gns_name": "Mirna Pec, Obcina", "gn_level": 1, "gn_region": null, "gn_a1_code": "SI.J6", "region_sub": null, "sub_code": null, "gns_level": 1, "gns_lang": "kat", "gns_adm1": "SI72", "gns_region": null, "min_label": 11, "max_label": 11, "min_zoom": 11, "wikidataid": "Q1016805", "name_ar": "\u0628\u0644\u062f\u064a\u0629 \u0645\u064a\u0631\u0646\u0627 \u0628\u064a\u062a\u0634", "name_bn": "\u09ae\u09bf\u09b0\u09a8\u09be \u09aa\u09c7\u099a \u09aa\u09cc\u09b0\u09b8\u09ad\u09be", "name_de": "Mirna Pe\u010d", "name_en": "Mirna Pe\u010d", "name_es": "Mirna Pe\u010d", "name_fr": "Mirna Pe\u010d", "name_el": "\u039c\u03af\u03c1\u03bd\u03b1 \u03a0\u03b5\u03ba", "name_hi": "\u092e\u0940\u0930\u0928\u093e \u092a\u0947\u0915 \u0928\u0917\u0930\u092a\u093e\u0932\u093f\u0915\u093e", "name_hu": "Mirna Pe\u010d k\u00f6zs\u00e9g", "name_id": "Mirna Pe\u010d", "name_it": "Mirna Pe\u010d", "name_ja": "\u30df\u30eb\u30ca\u30fb\u30da\u30c1", "name_ko": "\ubbf8\ub974\ub098\ud398\uce58", "name_nl": "Mirna Pe\u010d", "name_pl": "Gmina Mirna Pe\u010d", "name_pt": "Mirna Pe\u010d", "name_ru": "\u041c\u0438\u0440\u043d\u0430 \u041f\u0435\u0447", "name_sv": "Mirna Pec", "name_tr": "Mirna Pec Belediyesi", "name_vi": "Mirna Pe\u010d", "name_zh": "\u7c73\u5c14\u7eb3\u4f69\u5947", "ne_id": 1159308643, "name_he": "\u05de\u05d9\u05e1\u05d0\u05de\u05d9\u05e1 \u05d4\u05de\u05e2\u05e8\u05d1\u05d9\u05ea", "name_uk": "\u041c\u0438\u0440\u043d\u0430 \u041f\u0435\u0447", "name_ur": "\u0645\u0631\u0646\u0627 \u067e\u06cc\u06a9 \u0645\u06cc\u0648\u0646\u0633\u067e\u0644\u0679\u06cc", "name_fa": "\u0645\u06cc\u0631\u0646\u0627 \u067e\u06a9", "name_zht": "\u7c73\u5c14\u7eb3\u4f69\u5947", "FCLASS_ISO": null, "FCLASS_US": null, "FCLASS_FR": null, "FCLASS_RU": null, "FCLASS_ES": null, "FCLASS_CN": null, "FCLASS_TW": null, "FCLASS_IN": null, "FCLASS_NP": null, "FCLASS_PK": null, "FCLASS_DE": null, "FCLASS_GB": null, "FCLASS_BR": null, "FCLASS_IL": null, "FCLASS_PS": null, "FCLASS_SA": null, "FCLASS_EG": null, "FCLASS_MA": null, "FCLASS_PT": null, "FCLASS_AR": null, "FCLASS_JP": null, "FCLASS_KO": null, "FCLASS_VN": null, "FCLASS_TR": null, "FCLASS_ID": null, "FCLASS_PL": null, "FCLASS_GR": null, "FCLASS_IT": null, "FCLASS_NL": null, "FCLASS_SE": null, "FCLASS_BD": null, "FCLASS_UA": null, "FCLASS_TLC": null}, "bbox": [15.037305, 45.806145, 15.144843, 45.894796], "geometry": {"type": "Polygon", "coordinates": [[[15.144843, 45.873324], [15.135232, 45.84914], [15.12872, 45.845006], [15.12531, 45.843791], [15.122002, 45.844024], [15.120142, 45.843817], [15.118592, 45.842577], [15.119677, 45.838804], [15.120039, 45.835962], [15.119677, 45.832397], [15.118282, 45.829038], [15.115181, 45.823715], [15.112701, 45.820356], [15.10929, 45.816868], [15.101228, 45.815317], [15.096268, 45.81015], [15.086036, 45.806145], [15.052498, 45.823663], [15.048777, 45.826144], [15.037305, 45.840871], [15.03777, 45.860974], [15.043351, 45.866865], [15.050482, 45.872601], [15.060404, 45.878027], [15.070688, 45.879784], [15.074563, 45.880094], [15.082935, 45.881903], [15.088671, 45.886347], [15.093942, 45.892961], [15.097508, 45.894667], [15.102004, 45.894796], [15.105414, 45.891773], [15.111925, 45.888362], [15.117041, 45.884357], [15.123139, 45.881567], [15.127945, 45.878337], [15.144843, 45.873324]]]}}, {"type": "Feature", "properties": {"featurecla": "Admin-1 states provinces", "scalerank": 10, "adm1_code": "SVN-999", "diss_me": 999, "iso_3166_2": "SI-130", "wikipedia": null, "iso_a2": "SI", "adm0_sr": 1, "name": "Trebnje", "name_alt": null, "name_local": null, "type": "Opcine", "type_en": "Commune|Municipality", "code_local": null, "code_hasc": "SI.DO.TR", "note": null, "hasc_maybe": null, "region": "Jugovzhodna Slovenija", "region_cod": null, "provnum_ne": 36, "gadm_level": 2, "check_me": 0, "datarank": 8, "abbrev": null, "postal": "TR", "area_sqkm": 0, "sameascity": -99, "labelrank": 10, "name_len": 7, "mapcolor9": 2, "mapcolor13": 12, "fips": "SID4", "fips_alt": null, "woe_id": 55848393, "woe_label": "Trebnje, SI, Slovenia", "woe_name": "Trebnje", "latitude": 45.9382, "longitude": 15.0537, "sov_a3": "SVN", "adm0_a3": "SVN", "adm0_label": 2, "admin": "Slovenia", "geonunit": "Slovenia", "gu_a3": "SVN", "gn_id": 3188885, "gn_name": "Obcina Trebnje", "gns_id": -98577, "gns_name": "Trebnje, Obcina", "gn_level": 1, "gn_region": null, "gn_a1_code": "SI.D4", "region_sub": null, "sub_code": null, "gns_level": 1, "gns_lang": "sqi", "gns_adm1": "SI00", "gns_region": null, "min_label": 11, "max_label": 11, "min_zoom": 11, "wikidataid": "Q13378243", "name_ar": "\u0628\u0644\u062f\u064a\u0629 \u062a\u0631\u064a\u0628\u0646\u064a\u0647", "name_bn": "\u09a4\u09cd\u09b0\u09c7\u09ac\u09a8\u09bf\u099c \u09aa\u09cc\u09b0\u09b8\u09ad\u09be", "name_de": "Trebnje", "name_en": "Trebnje", "name_es": "Municipalidad del Trebnje", "name_fr": "Municipalit\u00e9 de Trebnje", "name_el": "\u03a4\u03c1\u03ad\u03bc\u03c0\u03bd\u03c4\u03b6\u03b5", "name_hi": "\u091f\u094d\u0930\u0947\u092c\u0947\u0902\u091c \u0928\u0917\u0930\u092a\u093e\u0932\u093f\u0915\u093e", "name_hu": "Trebnje k\u00f6zs\u00e9g", "name_id": "Trebnje", "name_it": "Trebnje", "name_ja": "\u30c8\u30ec\u30d3\u30cb\u30a7", "name_ko": "\ud2b8\ub808\ube0c\ub124 \uc9c0\ubc29 \uc790\uce58\uc81c", "name_nl": "Trebnje", "name_pl": "Gmina Trebnje", "name_pt": "Trebnje kommune", "name_ru": "\u0422\u0440\u0435\u0431\u043d\u0435", "name_sv": "Trebnje", "name_tr": "Trenje Belediyesi", "name_vi": "\u0110\u00f4 th\u1ecb t\u1ef1 tr\u1ecb Trebnje", "name_zh": "\u7279\u96f7\u5e03\u6d85\u93ae", "ne_id": 1159310801, "name_he": "\u05d8\u05e8\u05d1\u05e0\u05d9\u05d9\u05d4", "name_uk": "\u0422\u0440\u0435\u0431\u043d\u0454", "name_ur": "\u062a\u0631\u06cc\u0628\u0646\u062c\u06cc \u0645\u06cc\u0648\u0646\u0633\u067e\u0644\u0679\u06cc", "name_fa": "\u0634\u0647\u0631\u062f\u0627\u0631\u06cc \u062a\u0631\u0628\u0646\u062c\u0647", "name_zht": "\u7279\u96f7\u5e03\u6d85\u93ae", "FCLASS_ISO": null, "FCLASS_US": null, "FCLASS_FR": null, "FCLASS_RU": null, "FCLASS_ES": null, "FCLASS_CN": null, "FCLASS_TW": null, "FCLASS_IN": null, "FCLASS_NP": null, "FCLASS_PK": null, "FCLASS_DE": null, "FCLASS_GB": null, "FCLASS_BR": null, "FCLASS_IL": null, "FCLASS_PS": null, "FCLASS_SA": null, "FCLASS_EG": null, "FCLASS_MA": null, "FCLASS_PT": null, "FCLASS_AR": null, "FCLASS_JP": null, "FCLASS_KO": null, "FCLASS_VN": null, "FCLASS_TR": null, "FCLASS_ID": null, "FCLASS_PL": null, "FCLASS_GR": null, "FCLASS_IT": null, "FCLASS_NL": null, "FCLASS_SE": null, "FCLASS_BD": null, "FCLASS_UA": null, "FCLASS_TLC": null}, "bbox": [14.868788, 45.837978, 15.238584, 46.006908], "geometry": {"type": "Polygon", "coordinates": [[[15.144843, 45.873324], [15.127945, 45.878337], [15.123139, 45.881567], [15.117041, 45.884357], [15.111925, 45.888362], [15.105414, 45.891773], [15.102004, 45.894796], [15.097508, 45.894667], [15.093942, 45.892961], [15.088671, 45.886347], [15.082935, 45.881903], [15.074563, 45.880094], [15.070688, 45.879784], [15.060404, 45.878027], [15.050482, 45.872601], [15.043351, 45.866865], [15.03777, 45.860974], [15.037305, 45.840871], [15.025678, 45.837978], [15.019631, 45.839709], [15.015446, 45.844851], [14.999891, 45.84914], [14.978962, 45.842163], [14.967025, 45.843817], [14.958963, 45.848055], [14.954777, 45.853429], [14.952917, 45.859062], [14.94868, 45.863661], [14.938603, 45.868622], [14.929456, 45.870585], [14.877159, 45.869552], [14.871423, 45.87751], [14.868788, 45.887354], [14.874059, 45.898749], [14.87871, 45.925001], [14.881965, 45.932623], [14.888787, 45.94133], [14.908837, 45.949185], [14.927286, 45.962983], [14.939533, 45.966187], [14.954467, 45.975075], [14.968265, 45.974636], [14.982218, 45.972466], [14.999891, 45.96443], [15.024127, 45.970218], [15.032189, 45.977452], [15.036685, 45.985721], [15.037925, 45.993885], [15.04056, 46.000552], [15.054823, 46.002154], [15.079214, 46.001275], [15.089291, 46.006339], [15.097198, 46.006908], [15.100298, 46.006443], [15.102314, 46.00497], [15.116111, 46.004195], [15.133061, 45.996469], [15.137247, 45.991302], [15.143448, 45.989235], [15.15151, 45.991121], [15.156936, 45.993885], [15.161742, 45.995436], [15.166237, 45.995901], [15.168873, 45.994144], [15.167633, 45.988614], [15.163137, 45.984609], [15.159881, 45.98045], [15.158951, 45.974171], [15.166082, 45.964326], [15.180707, 45.951356], [15.203651, 45.937351], [15.238584, 45.924355], [15.227371, 45.909084], [15.226906, 45.904795], [15.228301, 45.900506], [15.228766, 45.895804], [15.217759, 45.879629], [15.209852, 45.873815], [15.19652, 45.869862], [15.184738, 45.867485], [15.144843, 45.873324]]]}}, {"type": "Feature", "properties": {"featurecla": "Admin-1 states provinces", "scalerank": 10, "adm1_code": "SVN-238", "diss_me": 238, "iso_3166_2": "SI-193", "wikipedia": null, "iso_a2": "SI", "adm0_sr": 1, "name": "\u017du\u017eemberk", "name_alt": null, "name_local": null, "type": "Opcine", "type_en": "Commune|Municipality", "code_local": null, "code_hasc": "SI.DO.ZU", "note": null, "hasc_maybe": null, "region": "Jugovzhodna Slovenija", "region_cod": null, "provnum_ne": 27, "gadm_level": 2, "check_me": 10, "datarank": 8, "abbrev": null, "postal": "ZU", "area_sqkm": 0, "sameascity": -99, "labelrank": 10, "name_len": 9, "mapcolor9": 2, "mapcolor13": 12, "fips": "SI00", "fips_alt": "SIN8", "woe_id": -55848372, "woe_label": null, "woe_name": null, "latitude": 45.8184, "longitude": 14.9443, "sov_a3": "SVN", "adm0_a3": "SVN", "adm0_label": 2, "admin": "Slovenia", "geonunit": "Slovenia", "gu_a3": "SVN", "gn_id": 3344909, "gn_name": "Obcina Zuzemberk", "gns_id": 9123422, "gns_name": "Zuzemberk, Obcina", "gn_level": 1, "gn_region": null, "gn_a1_code": "SI.N8", "region_sub": null, "sub_code": null, "gns_level": 1, "gns_lang": "kat", "gns_adm1": "SI72", "gns_region": null, "min_label": 11, "max_label": 11, "min_zoom": 11, "wikidataid": "Q394340", "name_ar": "\u062c\u0648\u062c\u064a\u0645\u0628\u064a\u0631\u0643", "name_bn": "\u099c\u09c1\u099c\u09c7\u09ae\u09ac\u09be\u09b0\u09cd\u0995", "name_de": "\u017du\u017eemberk", "name_en": "\u017du\u017eemberk", "name_es": "\u017du\u017eemberk", "name_fr": "\u017du\u017eemberk", "name_el": "\u0396\u03bf\u03c5\u03b6\u03ad\u03bc\u03c0\u03b5\u03c1\u03ba", "name_hi": "\u091c\u093c\u0941\u091c\u093c\u0947\u092e\u092c\u0930\u094d\u0915", "name_hu": "\u017du\u017eemberk", "name_id": "\u017du\u017eemberk", "name_it": "\u017du\u017eemberk", "name_ja": "\u30b8\u30e5\u30b8\u30a7\u30f3\u30d9\u30eb\u30af", "name_ko": "\uc8fc\uc82c\ubca0\ub974\ud06c", "name_nl": "\u017du\u017eemberk", "name_pl": "\u017du\u017eemberk", "name_pt": "\u017du\u017eemberk", "name_ru": "\u0416\u0443\u0436\u0435\u043c\u0431\u0435\u0440\u043a", "name_sv": "\u017du\u017eemberk", "name_tr": "Zuzembark", "name_vi": "\u017du\u017eemberk", "name_zh": "\u7956\u70ed\u59c6\u5e03\u5c14\u514b", "ne_id": 1159308633, "name_he": "\u05d6'\u05d5\u05d6'\u05de\u05d1\u05e8\u05e7", "name_uk": "\u0416\u0443\u0436\u0435\u043c\u0431\u0435\u0440\u043a", "name_ur": "\u0632\u0648\u0632\u06cc\u0645\u0628\u06cc\u0631\u06a9", "name_fa": "\u0632\u0648\u0632\u0645\u0628\u0631\u06a9", "name_zht": "\u7956\u71b1\u59c6\u5e03\u723e\u514b", "FCLASS_ISO": null, "FCLASS_US": null, "FCLASS_FR": null, "FCLASS_RU": null, "FCLASS_ES": null, "FCLASS_CN": null, "FCLASS_TW": null, "FCLASS_IN": null, "FCLASS_NP": null, "FCLASS_PK": null, "FCLASS_DE": null, "FCLASS_GB": null, "FCLASS_BR": null, "FCLASS_IL": null, "FCLASS_PS": null, "FCLASS_SA": null, "FCLASS_EG": null, "FCLASS_MA": null, "FCLASS_PT": null, "FCLASS_AR": null, "FCLASS_JP": null, "FCLASS_KO": null, "FCLASS_VN": null, "FCLASS_TR": null, "FCLASS_ID": null, "FCLASS_PL": null, "FCLASS_GR": null, "FCLASS_IT": null, "FCLASS_NL": null, "FCLASS_SE": null, "FCLASS_BD": null, "FCLASS_UA": null, "FCLASS_TLC": null}, "bbox": [14.802539, 45.743927, 15.086036, 45.870585], "geometry": {"type": "Polygon", "coordinates": [[[15.037305, 45.840871], [15.048777, 45.826144], [15.052498, 45.823663], [15.086036, 45.806145], [15.058079, 45.781082], [15.033429, 45.781211], [15.014981, 45.784777], [15.003612, 45.782374], [14.99648, 45.779738], [14.982063, 45.766302], [14.939223, 45.771548], [14.926355, 45.769196], [14.895763, 45.745115], [14.877004, 45.743927], [14.869718, 45.752246], [14.862432, 45.755657], [14.846464, 45.759584], [14.835715, 45.76054], [14.826878, 45.757621], [14.813701, 45.757672], [14.803934, 45.77532], [14.802539, 45.780281], [14.804554, 45.797515], [14.824398, 45.79798], [14.83711, 45.796016], [14.848944, 45.799685], [14.855765, 45.807824], [14.856231, 45.825058], [14.850339, 45.839838], [14.847394, 45.845006], [14.847394, 45.850923], [14.850494, 45.853687], [14.876539, 45.857098], [14.877159, 45.869552], [14.929456, 45.870585], [14.938603, 45.868622], [14.94868, 45.863661], [14.952917, 45.859062], [14.954777, 45.853429], [14.958963, 45.848055], [14.967025, 45.843817], [14.978962, 45.842163], [14.999891, 45.84914], [15.015446, 45.844851], [15.019631, 45.839709], [15.025678, 45.837978], [15.037305, 45.840871]]]}}, {"type": "Feature", "properties": {"featurecla": "Admin-1 states provinces", "scalerank": 10, "adm1_code": "SVN-1049", "diss_me": 1049, "iso_3166_2": "SI-132", "wikipedia": null, "iso_a2": "SI", "adm0_sr": 1, "name": "Turni\u0161\u010de", "name_alt": null, "name_local": null, "type": "Opcine", "type_en": "Commune|Municipality", "code_local": null, "code_hasc": "SI.PM.TU", "note": null, "hasc_maybe": null, "region": "Pomurska", "region_cod": null, "provnum_ne": 24, "gadm_level": 2, "check_me": 0, "datarank": 8, "abbrev": null, "postal": "TU", "area_sqkm": 0, "sameascity": -99, "labelrank": 10, "name_len": 8, "mapcolor9": 2, "mapcolor13": 12, "fips": "SID6", "fips_alt": null, "woe_id": -55848362, "woe_label": null, "woe_name": null, "latitude": 46.6089, "longitude": 16.3308, "sov_a3": "SVN", "adm0_a3": "SVN", "adm0_label": 2, "admin": "Slovenia", "geonunit": "Slovenia", "gu_a3": "SVN", "gn_id": 3239283, "gn_name": "Obcina Turnisce", "gns_id": 244030, "gns_name": "Turnisce, Obcina", "gn_level": 1, "gn_region": null, "gn_a1_code": "SI.D6", "region_sub": null, "sub_code": null, "gns_level": 1, "gns_lang": "slv", "gns_adm1": "SI02", "gns_region": null, "min_label": 11, "max_label": 11, "min_zoom": 11, "wikidataid": "Q201074", "name_ar": "\u062a\u0648\u0631\u0646\u064a\u062a\u0634\u064a", "name_bn": "\u099f\u09be\u09b0\u09cd\u09a8\u09bf", "name_de": "Turni\u0161\u010de", "name_en": "Turni\u0161\u010de", "name_es": "Turni\u0161\u010de", "name_fr": "Turni\u0161\u010de", "name_el": "\u03a4\u03bf\u03cd\u03c1\u03bd\u03b9\u03c3\u03b5", "name_hi": "\u091f\u0930\u0928\u0940\u0936", "name_hu": "B\u00e1ntornya k\u00f6zs\u00e9g", "name_id": "Turni\u0161\u010de", "name_it": "Turni\u0161\u010de", "name_ja": "\u30c8\u30a5\u30eb\u30cb\u30b7\u30c1\u30a7", "name_ko": "\ud22c\ub974\ub2c8\uc288\uccb4", "name_nl": "Turni\u0161\u010de", "name_pl": "Gmina Turni\u0161\u010de", "name_pt": "Turni\u0161\u010de", "name_ru": "\u0422\u0443\u0440\u043d\u0438\u0448\u0447\u0435", "name_sv": "Turni\u0161\u010de", "name_tr": "Turni\u0161\u010de", "name_vi": "Turni\u0161\u010de", "name_zh": "\u5716\u723e\u5c3c\u4ec0\u5207", "ne_id": 1159310905, "name_he": "\u05d8\u05d5\u05e8\u05e0\u05d9\u05e9\u05e6'\u05d4", "name_uk": "\u0422\u0443\u0440\u043d\u0438\u0449\u0435", "name_ur": "\u0679\u0631\u0646\u0627\u0626\u0633\u06d2", "name_fa": "\u0634\u0647\u0631\u062f\u0627\u0631\u06cc \u062a\u0648\u0631\u0646\u06cc\u0634\u0647", "name_zht": "\u5716\u723e\u5c3c\u4ec0\u5207", "FCLASS_ISO": null, "FCLASS_US": null, "FCLASS_FR": null, "FCLASS_RU": null, "FCLASS_ES": null, "FCLASS_CN": null, "FCLASS_TW": null, "FCLASS_IN": null, "FCLASS_NP": null, "FCLASS_PK": null, "FCLASS_DE": null, "FCLASS_GB": null, "FCLASS_BR": null, "FCLASS_IL": null, "FCLASS_PS": null, "FCLASS_SA": null, "FCLASS_EG": null, "FCLASS_MA": null, "FCLASS_PT": null, "FCLASS_AR": null, "FCLASS_JP": null, "FCLASS_KO": null, "FCLASS_VN": null, "FCLASS_TR": null, "FCLASS_ID": null, "FCLASS_PL": null, "FCLASS_GR": null, "FCLASS_IT": null, "FCLASS_NL": null, "FCLASS_SE": null, "FCLASS_BD": null, "FCLASS_UA": null, "FCLASS_TLC": null}, "bbox": [16.283172, 46.583824, 16.378463, 46.647851], "geometry": {"type": "Polygon", "coordinates": [[[16.347871, 46.615346], [16.378463, 46.599792], [16.36389, 46.597414], [16.349111, 46.600567], [16.340429, 46.599352], [16.335623, 46.597156], [16.335158, 46.593952], [16.328492, 46.583824], [16.300535, 46.597337], [16.29821, 46.617878], [16.283172, 46.627671], [16.286427, 46.636223], [16.286272, 46.641236], [16.2979, 46.647851], [16.314384, 46.645138], [16.347871, 46.615346]]]}}, {"type": "Feature", "properties": {"featurecla": "Admin-1 states provinces", "scalerank": 10, "adm1_code": "SVN-930", "diss_me": 930, "iso_3166_2": "SI-100", "wikipedia": null, "iso_a2": "SI", "adm0_sr": 1, "name": "Radenci", "name_alt": null, "name_local": null, "type": "Opcine", "type_en": "Commune|Municipality", "code_local": null, "code_hasc": "SI.PM.RD", "note": null, "hasc_maybe": null, "region": "Pomurska", "region_cod": null, "provnum_ne": 126, "gadm_level": 2, "check_me": 0, "datarank": 8, "abbrev": null, "postal": "RD", "area_sqkm": 0, "sameascity": -99, "labelrank": 10, "name_len": 7, "mapcolor9": 2, "mapcolor13": 12, "fips": "SIA1", "fips_alt": null, "woe_id": -55848348, "woe_label": null, "woe_name": null, "latitude": 46.6266, "longitude": 16.0594, "sov_a3": "SVN", "adm0_a3": "SVN", "adm0_label": 2, "admin": "Slovenia", "geonunit": "Slovenia", "gu_a3": "SVN", "gn_id": 3239262, "gn_name": "Obcina Radenci", "gns_id": 243999, "gns_name": "Radenci, Obcina", "gn_level": 1, "gn_region": null, "gn_a1_code": "SI.A1", "region_sub": null, "sub_code": null, "gns_level": 1, "gns_lang": "slv", "gns_adm1": "SI42", "gns_region": null, "min_label": 11, "max_label": 11, "min_zoom": 11, "wikidataid": "Q338743", "name_ar": "\u0631\u0627\u062f\u064a\u0646\u0634\u064a", "name_bn": "\u09b0\u09be\u09a6\u09c7\u0999\u09cd\u0995\u09bf", "name_de": "Radenci", "name_en": "Radenci", "name_es": "Radenci", "name_fr": "Radenci", "name_el": "\u03a1\u03b1\u03bd\u03c4\u03ad\u03bd\u03c4\u03c3\u03b9", "name_hi": "\u0930\u0948\u0921\u0947\u0928\u094d\u0938\u0940", "name_hu": "Radenci", "name_id": "Radenci", "name_it": "Radenci", "name_ja": "\u30e9\u30c7\u30f3\u30c4\u30a3", "name_ko": "\ub77c\ub374\uce58", "name_nl": "Radenci", "name_pl": "Gmina Radenci", "name_pt": "Radenci", "name_ru": "\u0420\u0430\u0434\u0435\u043d\u0446\u044b", "name_sv": "Radenci", "name_tr": "Radenci", "name_vi": "Radenci", "name_zh": "\u62c9\u767b\u9f50", "ne_id": 1159310659, "name_he": "\u05e8\u05d0\u05d3\u05e0\u05e6'\u05d9", "name_uk": "\u0420\u0430\u0434\u0435\u043d\u0446\u0456", "name_ur": "\u0631\u0627\u0688\u06cc\u0646\u06a9\u06cc", "name_fa": "\u0634\u0647\u0631\u062f\u0627\u0631\u06cc \u0631\u0627\u062f\u0646\u0686\u06cc", "name_zht": "\u62c9\u767b\u9f50", "FCLASS_ISO": null, "FCLASS_US": null, "FCLASS_FR": null, "FCLASS_RU": null, "FCLASS_ES": null, "FCLASS_CN": null, "FCLASS_TW": null, "FCLASS_IN": null, "FCLASS_NP": null, "FCLASS_PK": null, "FCLASS_DE": null, "FCLASS_GB": null, "FCLASS_BR": null, "FCLASS_IL": null, "FCLASS_PS": null, "FCLASS_SA": null, "FCLASS_EG": null, "FCLASS_MA": null, "FCLASS_PT": null, "FCLASS_AR": null, "FCLASS_JP": null, "FCLASS_KO": null, "FCLASS_VN": null, "FCLASS_TR": null, "FCLASS_ID": null, "FCLASS_PL": null, "FCLASS_GR": null, "FCLASS_IT": null, "FCLASS_NL": null, "FCLASS_SE": null, "FCLASS_BD": null, "FCLASS_UA": null, "FCLASS_TLC": null}, "bbox": [16.006806, 46.587286, 16.112019, 46.662733], "geometry": {"type": "Polygon", "coordinates": [[[16.013628, 46.593694], [16.006806, 46.621392], [16.007736, 46.632839], [16.04174, 46.662733], [16.04205, 46.662682], [16.067113, 46.644337], [16.110314, 46.623873], [16.105198, 46.617207], [16.112019, 46.608008], [16.095586, 46.60744], [16.079308, 46.593151], [16.07228, 46.588061], [16.069645, 46.587286], [16.066079, 46.5908], [16.060963, 46.602014], [16.055847, 46.605786], [16.048871, 46.606251], [16.036934, 46.596484], [16.031043, 46.592712], [16.027322, 46.58956], [16.013628, 46.593694]]]}}, {"type": "Feature", "properties": {"featurecla": "Admin-1 states provinces", "scalerank": 10, "adm1_code": "SVN-1048", "diss_me": 1048, "iso_3166_2": "SI-116", "wikipedia": null, "iso_a2": "SI", "adm0_sr": 1, "name": "Sveti Jurij", "name_alt": null, "name_local": null, "type": "Opcine", "type_en": "Commune|Municipality", "code_local": null, "code_hasc": "SI.PM.SJ", "note": null, "hasc_maybe": null, "region": "Pomurska", "region_cod": null, "provnum_ne": 38, "gadm_level": 2, "check_me": 0, "datarank": 8, "abbrev": null, "postal": "SJ", "area_sqkm": 0, "sameascity": -99, "labelrank": 10, "name_len": 11, "mapcolor9": 2, "mapcolor13": 12, "fips": "SID1", "fips_alt": null, "woe_id": -55848365, "woe_label": null, "woe_name": null, "latitude": 46.5629, "longitude": 16.0294, "sov_a3": "SVN", "adm0_a3": "SVN", "adm0_label": 2, "admin": "Slovenia", "geonunit": "Slovenia", "gu_a3": "SVN", "gn_id": 3239259, "gn_name": "Obcina Sveti Jurij ob Scavnici", "gns_id": 243994, "gns_name": "Sveti Jurij ob Scavnici, Obcina", "gn_level": 1, "gn_region": null, "gn_a1_code": "SI.D1", "region_sub": null, "sub_code": null, "gns_level": 1, "gns_lang": "slv", "gns_adm1": "SI42", "gns_region": null, "min_label": 11, "max_label": 11, "min_zoom": 11, "wikidataid": "Q920353", "name_ar": "\u0628\u0644\u062f\u064a\u0629 \u0633\u0641\u064a\u062a\u064a \u064a\u0648\u0631\u064a \u0641\u064a \u0633\u0644\u0648\u0641\u064a\u0646\u0633\u0643\u064a\u062e", "name_bn": "\u09ad\u09c7\u09a4\u09bf \u099c\u09c1\u09b0\u09bf\u099c \u0985\u09ac \u09b8\u09cd\u0995\u09cd\u09af\u09be\u09ac\u09a8\u09bf\u0995\u09bf \u09aa\u09cc\u09b0\u09b8\u09ad\u09be", "name_de": "Sveti Jurij", "name_en": "Sveti Jurij ob \u0160\u010davnici", "name_es": "Sveti Jurij", "name_fr": "Sveti Jurij", "name_el": "\u03a3\u03b2\u03ad\u03c4\u03b9 \u03a4\u03b6\u03bf\u03cd\u03c1\u03b9\u03c4\u03b6 \u03bf\u03bc\u03c0 \u03a3\u03ba\u03b1\u03b2\u03bd\u03af\u03c4\u03c3\u03b9", "name_hi": "\u0938\u094d\u0935\u0947\u0924\u0940 \u091c\u0942\u0930\u0940\u092f \u0911\u092c \u0938\u094d\u0915\u093e\u0935\u0928\u0940\u0915\u0940 \u0928\u0917\u0930\u092a\u093e\u0932\u093f\u0915\u093e", "name_hu": "Sveti Jurij", "name_id": "Sveti Jurij ob \u0160\u010davnici", "name_it": "Sveti Jurij ob \u0160\u010davnici", "name_ja": "\u30b9\u30f4\u30a7\u30c6\u30a3\u30fb\u30e6\u30ea\u30a4\u30fb\u30aa\u30d7\u30fb\u30b7\u30e5\u30c1\u30e3\u30f4\u30cb\u30c4\u30a3", "name_ko": "\uc2a4\ubca0\ud2f0\uc720\ub9ac\uc624\ube0c\uc288\ucc28\ube0c\ub2c8\uce58", "name_nl": "Sveti Jurij", "name_pl": "Gmina Sveti Jurij ob \u0160\u010davnici", "name_pt": "Sveti Jurij ob \u0160\u010davnici", "name_ru": "\u0421\u0432\u044f\u0442\u0438-\u042e\u0440\u0438\u0439-\u043e\u0431-\u0428\u0447\u0430\u0432\u043d\u0438\u0446\u0438", "name_sv": "Sveti Jurij", "name_tr": "Sveti Jurij ob \u0160\u010davnici Belediyesi", "name_vi": "Sveti Jurij ob \u0160\u010davnici", "name_zh": "\u4ec0\u5bdf\u592b\u5c3c\u897f\u6cb3\u7554\u65af\u97cb\u63d0\u5c24\u723e\u5229", "ne_id": 1159310903, "name_he": "\u05e1\u05d1\u05d8\u05d9 \u05d9\u05d5\u05e8\u05d9\u05d2'", "name_uk": "\u0421\u0432\u0435\u0442\u0438\u0439 \u042e\u0440\u0456\u0439-\u043e\u0431-\u0429\u0430\u0432\u043d\u0438\u0446\u0456", "name_ur": "\u0633\u0648\u06cc\u062a\u06cc \u062c\u0648\u0631\u06cc\u062c \u0627\u0648\u0628 \u0633\u06a9\u0627\u0648\u0646\u06cc\u06a9\u06cc \u0645\u06cc\u0648\u0646\u0633\u067e\u0644\u0679\u06cc", "name_fa": "\u0627\u0633\u0648\u062a\u06cc \u062c\u0648\u0631\u06cc", "name_zht": "\u4ec0\u5bdf\u592b\u5c3c\u897f\u6cb3\u7554\u65af\u97cb\u63d0\u5c24\u723e\u5229", "FCLASS_ISO": null, "FCLASS_US": null, "FCLASS_FR": null, "FCLASS_RU": null, "FCLASS_ES": null, "FCLASS_CN": null, "FCLASS_TW": null, "FCLASS_IN": null, "FCLASS_NP": null, "FCLASS_PK": null, "FCLASS_DE": null, "FCLASS_GB": null, "FCLASS_BR": null, "FCLASS_IL": null, "FCLASS_PS": null, "FCLASS_SA": null, "FCLASS_EG": null, "FCLASS_MA": null, "FCLASS_PT": null, "FCLASS_AR": null, "FCLASS_JP": null, "FCLASS_KO": null, "FCLASS_VN": null, "FCLASS_TR": null, "FCLASS_ID": null, "FCLASS_PL": null, "FCLASS_GR": null, "FCLASS_IT": null, "FCLASS_NL": null, "FCLASS_SE": null, "FCLASS_BD": null, "FCLASS_UA": null, "FCLASS_TLC": null}, "bbox": [15.968514, 46.511296, 16.090315, 46.606251], "geometry": {"type": "Polygon", "coordinates": [[[15.978281, 46.585968], [16.013628, 46.593694], [16.027322, 46.58956], [16.031043, 46.592712], [16.036934, 46.596484], [16.048871, 46.606251], [16.055847, 46.605786], [16.060963, 46.602014], [16.066079, 46.5908], [16.069645, 46.587286], [16.07228, 46.588061], [16.079308, 46.593151], [16.090315, 46.569638], [16.08923, 46.564083], [16.077758, 46.541862], [16.045615, 46.545273], [16.040964, 46.542379], [16.034298, 46.539149], [16.028252, 46.533284], [16.026857, 46.530907], [16.028252, 46.528375], [16.026702, 46.524757], [16.026547, 46.521553], [16.020345, 46.511296], [16.007426, 46.524396], [15.986652, 46.546668], [15.968514, 46.56615], [15.978281, 46.585968]]]}}, {"type": "Feature", "properties": {"featurecla": "Admin-1 states provinces", "scalerank": 10, "adm1_code": "SVN-270", "diss_me": 270, "iso_3166_2": "SI-187", "wikipedia": null, "iso_a2": "SI", "adm0_sr": 1, "name": "Velika Polana", "name_alt": null, "name_local": null, "type": "Opcine", "type_en": "Commune|Municipality", "code_local": null, "code_hasc": "SI.PM.VP", "note": null, "hasc_maybe": null, "region": "Pomurska", "region_cod": null, "provnum_ne": 7, "gadm_level": 2, "check_me": 10, "datarank": 8, "abbrev": null, "postal": "VP", "area_sqkm": 0, "sameascity": -99, "labelrank": 10, "name_len": 13, "mapcolor9": 2, "mapcolor13": 12, "fips": "SI00", "fips_alt": "SIM9", "woe_id": -55848362, "woe_label": null, "woe_name": null, "latitude": 46.5796, "longitude": 16.363, "sov_a3": "SVN", "adm0_a3": "SVN", "adm0_label": 2, "admin": "Slovenia", "geonunit": "Slovenia", "gu_a3": "SVN", "gn_id": 3344934, "gn_name": "Obcina Velika Polana", "gns_id": 9123459, "gns_name": "Velika Polana, Obcina", "gn_level": 1, "gn_region": null, "gn_a1_code": "SI.M9", "region_sub": null, "sub_code": null, "gns_level": 1, "gns_lang": "kat", "gns_adm1": "SI72", "gns_region": null, "min_label": 11, "max_label": 11, "min_zoom": 11, "wikidataid": "Q995101", "name_ar": "\u0628\u0644\u062f\u064a\u0629 \u0641\u064a\u0644\u064a\u0643\u0627 \u0628\u0648\u0644\u0627\u0646\u0627", "name_bn": "\u0995\u09cb\u09ae\u09c7\u09a8\u09cd\u09a1\u09be \u09aa\u09cc\u09b0\u09b8\u09ad\u09be", "name_de": "Velika Polana", "name_en": "Velika Polana", "name_es": "Municipalidad de Vekila Polana", "name_fr": "Velika Polana", "name_el": "\u0392\u03b5\u03bb\u03af\u03ba\u03b1 \u03a0\u03bf\u03bb\u03ac\u03bd\u03b1", "name_hi": "\u0935\u0947\u0932\u093f\u0915\u093e \u092a\u094b\u0932\u093e\u0928\u093e \u0928\u0917\u0930 \u092a\u093e\u0932\u093f\u0915\u093e", "name_hu": "Nagypalina", "name_id": "Velika Polana", "name_it": "Velika Polana", "name_ja": "\u30f4\u30a7\u30ea\u30ab\u30fb\u30dd\u30e9\u30ca", "name_ko": "\ubca8\ub9ac\uce74\ud3f4\ub77c\ub098", "name_nl": "Velika Polana", "name_pl": "Gmina Velika Polana", "name_pt": "Velika Polana", "name_ru": "\u0412\u0435\u043b\u0438\u043a\u0430-\u041f\u043b\u0430\u043d\u0430", "name_sv": "Velika Polana", "name_tr": "Velika Polana Belediyesi", "name_vi": "Velika Polana", "name_zh": "\u97cb\u5229\u5361\u6ce2\u62c9\u90a3", "ne_id": 1159308701, "name_he": "\u05d5\u05d5\u05dc\u05d9\u05e7\u05d4 \u05e4\u05d5\u05dc\u05e0\u05d4", "name_uk": "\u0412\u0435\u043b\u0438\u043a\u0430 \u041f\u043e\u043b\u0430\u043d\u0430", "name_ur": "\u0648\u06cc\u0644\u06cc\u06a9\u0627 \u067e\u0648\u0644\u0627\u0646\u0627 \u0645\u06cc\u0648\u0646\u0633\u067e\u0644\u0679\u06cc", "name_fa": "\u0634\u0647\u0631\u062f\u0627\u0631\u06cc \u0648\u0644\u06cc\u06a9\u0627 \u067e\u0648\u0644\u0627\u0646\u0627", "name_zht": "\u97cb\u5229\u5361\u6ce2\u62c9\u90a3", "FCLASS_ISO": null, "FCLASS_US": null, "FCLASS_FR": null, "FCLASS_RU": null, "FCLASS_ES": null, "FCLASS_CN": null, "FCLASS_TW": null, "FCLASS_IN": null, "FCLASS_NP": null, "FCLASS_PK": null, "FCLASS_DE": null, "FCLASS_GB": null, "FCLASS_BR": null, "FCLASS_IL": null, "FCLASS_PS": null, "FCLASS_SA": null, "FCLASS_EG": null, "FCLASS_MA": null, "FCLASS_PT": null, "FCLASS_AR": null, "FCLASS_JP": null, "FCLASS_KO": null, "FCLASS_VN": null, "FCLASS_TR": null, "FCLASS_ID": null, "FCLASS_PL": null, "FCLASS_GR": null, "FCLASS_IT": null, "FCLASS_NL": null, "FCLASS_SE": null, "FCLASS_BD": null, "FCLASS_UA": null, "FCLASS_TLC": null}, "bbox": [16.328492, 46.556487, 16.397532, 46.600567], "geometry": {"type": "Polygon", "coordinates": [[[16.378463, 46.599792], [16.397532, 46.578191], [16.389625, 46.57478], [16.383114, 46.570026], [16.367456, 46.562946], [16.350661, 46.557649], [16.344305, 46.556745], [16.334538, 46.556487], [16.337949, 46.563825], [16.334538, 46.577622], [16.328492, 46.583824], [16.335158, 46.593952], [16.335623, 46.597156], [16.340429, 46.599352], [16.349111, 46.600567], [16.36389, 46.597414], [16.378463, 46.599792]]]}}, {"type": "Feature", "properties": {"featurecla": "Admin-1 states provinces", "scalerank": 10, "adm1_code": "SVN-1039", "diss_me": 1039, "iso_3166_2": "SI-002", "wikipedia": null, "iso_a2": "SI", "adm0_sr": 1, "name": "Beltinci", "name_alt": null, "name_local": null, "type": "Opcine", "type_en": "Commune|Municipality", "code_local": null, "code_hasc": "SI.PM.BE", "note": null, "hasc_maybe": null, "region": "Pomurska", "region_cod": null, "provnum_ne": 3, "gadm_level": 2, "check_me": 0, "datarank": 8, "abbrev": null, "postal": "BE", "area_sqkm": 0, "sameascity": -99, "labelrank": 10, "name_len": 8, "mapcolor9": 2, "mapcolor13": 12, "fips": "SI02", "fips_alt": null, "woe_id": -55848365, "woe_label": null, "woe_name": null, "latitude": 46.6086, "longitude": 16.2307, "sov_a3": "SVN", "adm0_a3": "SVN", "adm0_label": 2, "admin": "Slovenia", "geonunit": "Slovenia", "gu_a3": "SVN", "gn_id": 3239282, "gn_name": "Obcina Beltinci", "gns_id": 244029, "gns_name": "Beltinci, Obcina", "gn_level": 1, "gn_region": null, "gn_a1_code": "SI.02", "region_sub": null, "sub_code": null, "gns_level": 1, "gns_lang": "slv", "gns_adm1": "SI02", "gns_region": null, "min_label": 11, "max_label": 11, "min_zoom": 11, "wikidataid": "Q778542", "name_ar": "\u0628\u0644\u062f\u064a\u0629 \u0628\u064a\u0644\u062a\u064a\u0646\u062a\u0633\u064a", "name_bn": "\u09ac\u09c7\u09b2\u09cd\u099f\u09bf\u0999\u09cd\u0995\u09bf \u09aa\u09cc\u09b0\u09b8\u09ad\u09be", "name_de": "Gemeinde Beltinci", "name_en": "Beltinci", "name_es": "Municipio de Beltinci", "name_fr": "Municipalit\u00e9 de Beltinci", "name_el": "\u039c\u03c0\u03b5\u03bb\u03c4\u03af\u03bd\u03ba\u03b9", "name_hi": "\u092c\u0947\u0932\u094d\u091f\u093f\u0902\u0915\u0940 \u0928\u0917\u0930 \u092a\u093e\u0932\u093f\u0915\u093e", "name_hu": "Belatinc k\u00f6zs\u00e9g", "name_id": "Beltinci", "name_it": "Beltinci", "name_ja": "\u30d9\u30eb\u30c6\u30a3\u30f3\u30c4\u30a3", "name_ko": "\ubca8\ud2f4\uce58 \uc9c0\ubc29 \uc790\uce58\uc81c", "name_nl": "Beltinci", "name_pl": "Gmina Beltinci", "name_pt": "Beltinci", "name_ru": "\u0411\u0435\u043b\u044c\u0442\u0438\u043d\u0446\u0438", "name_sv": "Beltinci", "name_tr": "Beltinci Belediyesi", "name_vi": "\u0110\u00f4 th\u1ecb t\u1ef1 tr\u1ecb Beltinci", "name_zh": "\u8c9d\u723e\u5ef7\u9f4a\u93ae", "ne_id": 1159310883, "name_he": "\u05d1\u05dc\u05e0\u05d8\u05d9\u05e0\u05e6\u05d9", "name_uk": "\u0411\u0435\u043b\u0442\u0438\u043d\u0446\u0456", "name_ur": "\u0628\u0644\u062f\u06cc\u06c1 \u0628\u06cc\u0644\u062a\u06cc\u0646\u062a\u0633\u06cc", "name_fa": "\u0634\u0647\u0631\u062f\u0627\u0631\u06cc \u0628\u0644\u062a\u06cc\u0646\u0686\u06cc", "name_zht": "\u8c9d\u723e\u5ef7\u9f4a\u93ae", "FCLASS_ISO": null, "FCLASS_US": null, "FCLASS_FR": null, "FCLASS_RU": null, "FCLASS_ES": null, "FCLASS_CN": null, "FCLASS_TW": null, "FCLASS_IN": null, "FCLASS_NP": null, "FCLASS_PK": null, "FCLASS_DE": null, "FCLASS_GB": null, "FCLASS_BR": null, "FCLASS_IL": null, "FCLASS_PS": null, "FCLASS_SA": null, "FCLASS_EG": null, "FCLASS_MA": null, "FCLASS_PT": null, "FCLASS_AR": null, "FCLASS_JP": null, "FCLASS_KO": null, "FCLASS_VN": null, "FCLASS_TR": null, "FCLASS_ID": null, "FCLASS_PL": null, "FCLASS_GR": null, "FCLASS_IT": null, "FCLASS_NL": null, "FCLASS_SE": null, "FCLASS_BD": null, "FCLASS_UA": null, "FCLASS_TLC": null}, "bbox": [16.160802, 46.553851, 16.300535, 46.657307], "geometry": {"type": "Polygon", "coordinates": [[[16.160802, 46.605889], [16.182609, 46.615269], [16.192273, 46.62563], [16.205295, 46.62935], [16.240797, 46.653587], [16.268599, 46.65152], [16.276506, 46.657307], [16.283482, 46.655964], [16.2979, 46.647851], [16.286272, 46.641236], [16.286427, 46.636223], [16.283172, 46.627671], [16.29821, 46.617878], [16.300535, 46.597337], [16.274025, 46.598448], [16.266274, 46.592919], [16.261933, 46.589146], [16.259452, 46.583358], [16.261313, 46.579379], [16.261933, 46.576279], [16.265964, 46.569147], [16.247515, 46.553851], [16.216768, 46.584134], [16.203435, 46.591937], [16.160802, 46.605889]]]}}, {"type": "Feature", "properties": {"featurecla": "Admin-1 states provinces", "scalerank": 10, "adm1_code": "SVN-267", "diss_me": 267, "iso_3166_2": "SI-188", "wikipedia": null, "iso_a2": "SI", "adm0_sr": 1, "name": "Ver\u017eej", "name_alt": null, "name_local": null, "type": "Opcine", "type_en": "Commune|Municipality", "code_local": null, "code_hasc": "SI.PM.VE", "note": null, "hasc_maybe": null, "region": "Pomurska", "region_cod": null, "provnum_ne": 40, "gadm_level": 2, "check_me": 10, "datarank": 8, "abbrev": null, "postal": "VE", "area_sqkm": 0, "sameascity": -99, "labelrank": 10, "name_len": 6, "mapcolor9": 2, "mapcolor13": 12, "fips": "SI00", "fips_alt": "SIN1", "woe_id": -55848365, "woe_label": null, "woe_name": null, "latitude": 46.5804, "longitude": 16.1766, "sov_a3": "SVN", "adm0_a3": "SVN", "adm0_label": 2, "admin": "Slovenia", "geonunit": "Slovenia", "gu_a3": "SVN", "gn_id": 3344933, "gn_name": "Obcina Verzej", "gns_id": 9123458, "gns_name": "Verzej, Obcina", "gn_level": 1, "gn_region": null, "gn_a1_code": "SI.N1", "region_sub": null, "sub_code": null, "gns_level": 1, "gns_lang": "kat", "gns_adm1": "SI72", "gns_region": null, "min_label": 11, "max_label": 11, "min_zoom": 11, "wikidataid": "Q1008086", "name_ar": "\u0628\u0644\u062f\u064a\u0629 \u0641\u064a\u0631\u0632\u064a", "name_bn": "\u09ad\u09be\u09b0\u09cd\u099c\u09c7\u09b8 \u09aa\u09cc\u09b0\u09b8\u09ad\u09be", "name_de": "Ver\u017eej", "name_en": "Ver\u017eej", "name_es": "Ver\u017eej", "name_fr": "Ver\u017eej", "name_el": "\u0392\u03ad\u03c1\u03b6\u03b5\u03c4\u03b6", "name_hi": "\u0935\u0947\u0930\u094d\u091c\u0947\u091c \u0928\u0917\u0930 \u092a\u093e\u0932\u093f\u0915\u093e", "name_hu": "Ver\u017eej", "name_id": "Ver\u017eej", "name_it": "Ver\u017eej", "name_ja": "\u30f4\u30a7\u30eb\u30b8\u30a7\u30a4", "name_ko": "\ubca0\ub974\uc81c\uc774", "name_nl": "Ver\u017eej", "name_pl": "Gmina Ver\u017eej", "name_pt": "Ver\u017eej", "name_ru": "\u0412\u0435\u0440\u0436\u0435\u0439", "name_sv": "Verzej", "name_tr": "Verzej Belediyesi", "name_vi": "Ver\u017eej", "name_zh": "\u97cb\u723e\u71b1", "ne_id": 1159308695, "name_he": "\u05d5\u05d5\u05e8\u05d6'\u05d9\u05d9", "name_uk": "\u0412\u0435\u0440\u0436\u0435\u0439", "name_ur": "\u0648\u06cc\u0631\u0632\u06cc\u062c \u0645\u06cc\u0648\u0646\u0633\u067e\u0644\u0679\u06cc", "name_fa": "\u0648\u0631\u0686\u06cc", "name_zht": "\u97cb\u723e\u71b1", "FCLASS_ISO": null, "FCLASS_US": null, "FCLASS_FR": null, "FCLASS_RU": null, "FCLASS_ES": null, "FCLASS_CN": null, "FCLASS_TW": null, "FCLASS_IN": null, "FCLASS_NP": null, "FCLASS_PK": null, "FCLASS_DE": null, "FCLASS_GB": null, "FCLASS_BR": null, "FCLASS_IL": null, "FCLASS_PS": null, "FCLASS_SA": null, "FCLASS_EG": null, "FCLASS_MA": null, "FCLASS_PT": null, "FCLASS_AR": null, "FCLASS_JP": null, "FCLASS_KO": null, "FCLASS_VN": null, "FCLASS_TR": null, "FCLASS_ID": null, "FCLASS_PL": null, "FCLASS_GR": null, "FCLASS_IT": null, "FCLASS_NL": null, "FCLASS_SE": null, "FCLASS_BD": null, "FCLASS_UA": null, "FCLASS_TLC": null}, "bbox": [16.136411, 46.560052, 16.216768, 46.605889], "geometry": {"type": "Polygon", "coordinates": [[[16.160802, 46.605889], [16.203435, 46.591937], [16.216768, 46.584134], [16.20421, 46.567959], [16.20173, 46.566512], [16.194753, 46.566667], [16.190413, 46.566357], [16.176718, 46.560052], [16.158425, 46.568527], [16.155479, 46.578191], [16.144162, 46.585038], [16.138116, 46.593074], [16.137496, 46.595012], [16.136411, 46.603099], [16.150053, 46.601239], [16.160802, 46.605889]]]}}, {"type": "Feature", "properties": {"featurecla": "Admin-1 states provinces", "scalerank": 10, "adm1_code": "SVN-1046", "diss_me": 1046, "iso_3166_2": "SI-086", "wikipedia": null, "iso_a2": "SI", "adm0_sr": 1, "name": "Odranci", "name_alt": null, "name_local": null, "type": "Opcine", "type_en": "Commune|Municipality", "code_local": null, "code_hasc": "SI.PM.OD", "note": null, "hasc_maybe": null, "region": "Pomurska", "region_cod": null, "provnum_ne": 30, "gadm_level": 2, "check_me": 11, "datarank": 8, "abbrev": null, "postal": "OD", "area_sqkm": 0, "sameascity": -99, "labelrank": 10, "name_len": 7, "mapcolor9": 2, "mapcolor13": 12, "fips": "SI86", "fips_alt": null, "woe_id": -55848362, "woe_label": null, "woe_name": null, "latitude": 46.5874, "longitude": 16.28, "sov_a3": "SVN", "adm0_a3": "SVN", "adm0_label": 2, "admin": "Slovenia", "geonunit": "Slovenia", "gu_a3": "SVN", "gn_id": 3239285, "gn_name": "Obcina Odranci", "gns_id": 244033, "gns_name": "Odranci, Obcina", "gn_level": 1, "gn_region": null, "gn_a1_code": "SI.86", "region_sub": null, "sub_code": null, "gns_level": 1, "gns_lang": "slv", "gns_adm1": "SI86", "gns_region": null, "min_label": 11, "max_label": 11, "min_zoom": 11, "wikidataid": "Q966592", "name_ar": "\u0623\u0648\u062f\u0631\u0627\u0646\u0633\u064a", "name_bn": "\u0993\u09a6\u09cd\u09b0\u09be\u099e\u09cd\u099a\u09bf", "name_de": "Odranci", "name_en": "Odranci", "name_es": "Odranci", "name_fr": "Odranci", "name_el": "\u039f\u03bd\u03c4\u03c1\u03ac\u03bd\u03c4\u03c3\u03b9", "name_hi": "\u0913\u0926\u094d\u0930\u093e\u0902\u091a\u0940", "name_hu": "Adorj\u00e1nfalva", "name_id": "Odranci", "name_it": "Odranci", "name_ja": "\u30aa\u30c9\u30e9\u30f3\u30c4\u30a3", "name_ko": "\uc624\ub4dc\ub780\uce58", "name_nl": "Odranci", "name_pl": "Odranci", "name_pt": "Odranci", "name_ru": "\u041e\u0434\u0440\u0430\u043d\u0446\u0438", "name_sv": "Odranci", "name_tr": "Odranci", "name_vi": "Odranci", "name_zh": "\u5965\u5fb7\u5170\u9f50", "ne_id": 1159310899, "name_he": "\u05d0\u05d5\u05d3\u05e8\u05d0\u05e0\u05e6'\u05d9", "name_uk": "\u041e\u0434\u0440\u0430\u043d\u0446\u0456", "name_ur": "\u0648\u062f\u0631\u0627\u0646\u06a9\u06cc", "name_fa": "\u0627\u0648\u062f\u0631\u0627\u0646\u0633\u06cc", "name_zht": "\u5967\u5fb7\u862d\u9f4a", "FCLASS_ISO": null, "FCLASS_US": null, "FCLASS_FR": null, "FCLASS_RU": null, "FCLASS_ES": null, "FCLASS_CN": null, "FCLASS_TW": null, "FCLASS_IN": null, "FCLASS_NP": null, "FCLASS_PK": null, "FCLASS_DE": null, "FCLASS_GB": null, "FCLASS_BR": null, "FCLASS_IL": null, "FCLASS_PS": null, "FCLASS_SA": null, "FCLASS_EG": null, "FCLASS_MA": null, "FCLASS_PT": null, "FCLASS_AR": null, "FCLASS_JP": null, "FCLASS_KO": null, "FCLASS_VN": null, "FCLASS_TR": null, "FCLASS_ID": null, "FCLASS_PL": null, "FCLASS_GR": null, "FCLASS_IT": null, "FCLASS_NL": null, "FCLASS_SE": null, "FCLASS_BD": null, "FCLASS_UA": null, "FCLASS_TLC": null}, "bbox": [16.259452, 46.569147, 16.300535, 46.598448], "geometry": {"type": "Polygon", "coordinates": [[[16.274025, 46.598448], [16.300535, 46.597337], [16.299812, 46.589456], [16.287048, 46.578191], [16.279451, 46.576511], [16.265964, 46.569147], [16.261933, 46.576279], [16.261313, 46.579379], [16.259452, 46.583358], [16.261933, 46.589146], [16.266274, 46.592919], [16.274025, 46.598448]]]}}, {"type": "Feature", "properties": {"featurecla": "Admin-1 states provinces", "scalerank": 10, "adm1_code": "SVN-950", "diss_me": 950, "iso_3166_2": "SI-032", "wikipedia": null, "iso_a2": "SI", "adm0_sr": 1, "name": "Grosuplje", "name_alt": null, "name_local": null, "type": "Opcine", "type_en": "Commune|Municipality", "code_local": null, "code_hasc": "SI.LJ.GR", "note": null, "hasc_maybe": null, "region": "Osrednjeslovenska", "region_cod": null, "provnum_ne": 107, "gadm_level": 2, "check_me": 0, "datarank": 8, "abbrev": null, "postal": "GR", "area_sqkm": 0, "sameascity": -99, "labelrank": 10, "name_len": 9, "mapcolor9": 2, "mapcolor13": 12, "fips": "SI32", "fips_alt": null, "woe_id": 55848349, "woe_label": "Grosuplje, SI, Slovenia", "woe_name": "Grosuplje", "latitude": 45.9421, "longitude": 14.6714, "sov_a3": "SVN", "adm0_a3": "SVN", "adm0_label": 2, "admin": "Slovenia", "geonunit": "Slovenia", "gu_a3": "SVN", "gn_id": 3199522, "gn_name": "Obcina Grosuplje", "gns_id": -82416, "gns_name": "Grosuplje, Obcina", "gn_level": 1, "gn_region": null, "gn_a1_code": "SI.32", "region_sub": null, "sub_code": null, "gns_level": 1, "gns_lang": "sqi", "gns_adm1": "SI32", "gns_region": null, "min_label": 11, "max_label": 11, "min_zoom": 11, "wikidataid": "Q13377778", "name_ar": "\u0628\u0644\u062f\u064a\u0629 \u063a\u0631\u0648\u0633\u0648\u0628\u0644\u064a", "name_bn": "\u0997\u09cd\u09b0\u09cb\u09b8\u09c1\u09aa\u099c\u09c7 \u09aa\u09cc\u09b0\u09b8\u09ad\u09be", "name_de": "Gemeinde Grosuplje", "name_en": "Grosuplje", "name_es": "Municipalidad del Grosuplje", "name_fr": "Municipalit\u00e9 de Grosuplje", "name_el": "\u0393\u03ba\u03c1\u03bf\u03c3\u03bf\u03c5\u03c0\u03bb\u03c4\u03b6\u03ad", "name_hi": "\u0917\u094d\u0930\u094b\u0938\u0941\u092a\u094d\u0932\u093f\u090f \u0928\u0917\u0930 \u092a\u093e\u0932\u093f\u0915\u093e", "name_hu": "Grosuplje k\u00f6zs\u00e9g", "name_id": "Grosuplje", "name_it": "Grosuplje", "name_ja": "\u30b0\u30ed\u30fc\u30b9\u30d7\u30ea\u30a7", "name_ko": "\uadf8\ub85c\uc218\ud50c\uc608 \uc9c0\ubc29 \uc790\uce58\uc81c", "name_nl": "Grosuplje", "name_pl": "Gmina Grosuplje", "name_pt": "Grosuplje", "name_ru": "\u0413\u0440\u043e\u0441\u0443\u043f\u043b\u0435", "name_sv": "Grosuplje", "name_tr": "Grospulje Belediyesi", "name_vi": "\u0110\u00f4 th\u1ecb t\u1ef1 tr\u1ecb Grosuplje", "name_zh": "\u683c\u7f85\u8607\u666e\u5217\u93ae", "ne_id": 1159310693, "name_he": "\u05d2\u05e8\u05d5\u05e1\u05d5\u05e4\u05dc\u05d9\u05d9\u05d4", "name_uk": "\u0413\u0440\u043e\u0441\u0443\u043f\u043b\u0454", "name_ur": "\u062c\u0631\u0648\u0633\u0648\u067e\u0644\u062c\u06cc \u0645\u06cc\u0648\u0646\u0633\u067e\u0644\u0679\u06cc", "name_fa": "\u06af\u0631\u0648\u0633\u0648\u067e\u0644\u06cc\u062c", "name_zht": "\u683c\u7f85\u8607\u666e\u5217\u93ae", "FCLASS_ISO": null, "FCLASS_US": null, "FCLASS_FR": null, "FCLASS_RU": null, "FCLASS_ES": null, "FCLASS_CN": null, "FCLASS_TW": null, "FCLASS_IN": null, "FCLASS_NP": null, "FCLASS_PK": null, "FCLASS_DE": null, "FCLASS_GB": null, "FCLASS_BR": null, "FCLASS_IL": null, "FCLASS_PS": null, "FCLASS_SA": null, "FCLASS_EG": null, "FCLASS_MA": null, "FCLASS_PT": null, "FCLASS_AR": null, "FCLASS_JP": null, "FCLASS_KO": null, "FCLASS_VN": null, "FCLASS_TR": null, "FCLASS_ID": null, "FCLASS_PL": null, "FCLASS_GR": null, "FCLASS_IT": null, "FCLASS_NL": null, "FCLASS_SE": null, "FCLASS_BD": null, "FCLASS_UA": null, "FCLASS_TLC": null}, "bbox": [14.591027, 45.874771, 14.751792, 46.011145], "geometry": {"type": "Polygon", "coordinates": [[[14.740165, 45.998149], [14.733189, 45.982077], [14.717479, 45.965748], [14.714844, 45.952596], [14.718409, 45.952131], [14.728951, 45.949289], [14.733189, 45.947015], [14.733809, 45.944612], [14.732259, 45.941175], [14.734429, 45.935284], [14.7366, 45.927068], [14.750242, 45.907896], [14.749932, 45.903219], [14.747452, 45.896992], [14.747297, 45.892445], [14.751792, 45.883298], [14.731329, 45.876425], [14.72306, 45.876425], [14.684768, 45.885778], [14.678102, 45.888724], [14.671694, 45.890119], [14.664563, 45.888672], [14.659757, 45.883298], [14.640223, 45.874771], [14.62596, 45.886243], [14.62162, 45.894563], [14.600949, 45.908878], [14.591647, 45.928747], [14.595368, 45.960347], [14.594748, 45.968848], [14.591027, 45.980139], [14.594283, 45.984739], [14.597383, 45.987891], [14.600329, 45.98939], [14.603894, 45.991741], [14.60653, 45.99156], [14.616193, 45.996676], [14.630611, 45.989235], [14.660687, 45.989803], [14.676862, 45.996237], [14.682598, 46.000448], [14.686473, 46.005151], [14.701201, 46.010939], [14.709728, 46.011145], [14.715309, 46.009233], [14.724611, 46.003807], [14.740165, 45.998149]]]}}, {"type": "Feature", "properties": {"featurecla": "Admin-1 states provinces", "scalerank": 10, "adm1_code": "SVN-990", "diss_me": 990, "iso_3166_2": "SI-123", "wikipedia": null, "iso_a2": "SI", "adm0_sr": 1, "name": "\u0160kofljica", "name_alt": null, "name_local": null, "type": "Opcine", "type_en": "Commune|Municipality", "code_local": null, "code_hasc": "SI.LJ.SK", "note": null, "hasc_maybe": null, "region": "Osrednjeslovenska", "region_cod": null, "provnum_ne": 106, "gadm_level": 2, "check_me": 0, "datarank": 8, "abbrev": null, "postal": "SK", "area_sqkm": 0, "sameascity": -99, "labelrank": 10, "name_len": 9, "mapcolor9": 2, "mapcolor13": 12, "fips": "SIC1", "fips_alt": null, "woe_id": -55848364, "woe_label": null, "woe_name": null, "latitude": 45.9583, "longitude": 14.5747, "sov_a3": "SVN", "adm0_a3": "SVN", "adm0_label": 2, "admin": "Slovenia", "geonunit": "Slovenia", "gu_a3": "SVN", "gn_id": 3239066, "gn_name": "Obcina Skofljica", "gns_id": 243456, "gns_name": "Skofljica, Obcina", "gn_level": 1, "gn_region": null, "gn_a1_code": "SI.C1", "region_sub": null, "sub_code": null, "gns_level": 1, "gns_lang": "div", "gns_adm1": "SI88", "gns_region": null, "min_label": 11, "max_label": 11, "min_zoom": 11, "wikidataid": "Q392103", "name_ar": "\u0628\u0644\u062f\u064a\u0629 \u0634\u0643\u0648\u0641\u0644\u064a\u062a\u0633\u0627", "name_bn": "\u09b8\u09cd\u0995\u09cb\u09ab\u09cd\u09b2\u09bf\u0995\u09be \u09aa\u09cc\u09b0\u09b8\u09ad\u09be", "name_de": "\u0160kofljica", "name_en": "\u0160kofljica", "name_es": "\u0160kofljica", "name_fr": "\u0160kofljica", "name_el": "\u03a3\u03ba\u03bf\u03c6\u03bb\u03c4\u03b6\u03af\u03ba\u03b1", "name_hi": "\u0938\u094d\u0915\u094b\u092b\u093c\u0932\u093f\u0915\u093e \u0928\u0917\u0930 \u092a\u093e\u0932\u093f\u0915\u093e", "name_hu": "\u0160kofljica", "name_id": "\u0160kofljica", "name_it": "\u0160kofljica", "name_ja": "\u30b7\u30e5\u30b3\u30d5\u30ea\u30c4\u30a1", "name_ko": "\uc288\ucf54\ud50c\ub9ac\ucc28", "name_nl": "\u0160kofljica", "name_pl": "Gmina \u0160kofljica", "name_pt": "\u0160kofljica", "name_ru": "\u0428\u043a\u043e\u0444\u043b\u0438\u0446\u0430", "name_sv": "Skofljica", "name_tr": "Skoflika Belediyesi", "name_vi": "\u0160kofljica", "name_zh": "\u4ec0\u79d1\u592b\u5229\u5bdf", "ne_id": 1159310783, "name_he": "\u05e9\u05e7\u05d5\u05e4\u05dc\u05d9\u05e6\u05d4", "name_uk": "\u0428\u043a\u043e\u0444\u043b\u0456\u0446\u044f", "name_ur": "\u0633\u06a9\u0648\u0641\u0644\u062c\u06cc\u06a9\u0627 \u0645\u06cc\u0648\u0646\u0633\u067e\u0644\u0679\u06cc", "name_fa": "\u0627\u0633\u06a9\u0648\u0641\u0644\u06cc\u0633\u0627", "name_zht": "\u4ec0\u79d1\u592b\u5229\u5bdf", "FCLASS_ISO": null, "FCLASS_US": null, "FCLASS_FR": null, "FCLASS_RU": null, "FCLASS_ES": null, "FCLASS_CN": null, "FCLASS_TW": null, "FCLASS_IN": null, "FCLASS_NP": null, "FCLASS_PK": null, "FCLASS_DE": null, "FCLASS_GB": null, "FCLASS_BR": null, "FCLASS_IL": null, "FCLASS_PS": null, "FCLASS_SA": null, "FCLASS_EG": null, "FCLASS_MA": null, "FCLASS_PT": null, "FCLASS_AR": null, "FCLASS_JP": null, "FCLASS_KO": null, "FCLASS_VN": null, "FCLASS_TR": null, "FCLASS_ID": null, "FCLASS_PL": null, "FCLASS_GR": null, "FCLASS_IT": null, "FCLASS_NL": null, "FCLASS_SE": null, "FCLASS_BD": null, "FCLASS_UA": null, "FCLASS_TLC": null}, "bbox": [14.533304, 45.894951, 14.616193, 46.018845], "geometry": {"type": "Polygon", "coordinates": [[[14.600949, 45.908878], [14.594593, 45.901643], [14.593818, 45.897044], [14.591647, 45.894951], [14.585291, 45.896269], [14.566687, 45.901979], [14.564517, 45.904744], [14.564982, 45.910428], [14.563742, 45.915027], [14.560486, 45.918619], [14.556869, 45.921125], [14.56152, 45.943656], [14.55997, 45.955128], [14.554078, 45.972388], [14.533304, 45.990216], [14.536095, 46.00373], [14.535475, 46.013057], [14.541831, 46.016313], [14.562967, 46.018845], [14.586996, 46.015409], [14.616193, 45.996676], [14.60653, 45.99156], [14.603894, 45.991741], [14.600329, 45.98939], [14.597383, 45.987891], [14.594283, 45.984739], [14.591027, 45.980139], [14.594748, 45.968848], [14.595368, 45.960347], [14.591647, 45.928747], [14.600949, 45.908878]]]}}, {"type": "Feature", "properties": {"featurecla": "Admin-1 states provinces", "scalerank": 10, "adm1_code": "SVN-951", "diss_me": 951, "iso_3166_2": "SI-034", "wikipedia": null, "iso_a2": "SI", "adm0_sr": 1, "name": "Hrastnik", "name_alt": null, "name_local": null, "type": "Opcine", "type_en": "Commune|Municipality", "code_local": null, "code_hasc": "SI.ZS.HR", "note": null, "hasc_maybe": null, "region": "Zasavska", "region_cod": null, "provnum_ne": 105, "gadm_level": 2, "check_me": 0, "datarank": 8, "abbrev": null, "postal": "HR", "area_sqkm": 0, "sameascity": -99, "labelrank": 10, "name_len": 8, "mapcolor9": 2, "mapcolor13": 12, "fips": "SI34", "fips_alt": null, "woe_id": 55848350, "woe_label": "Hrastnik, SI, Slovenia", "woe_name": "Hrastnik", "latitude": 46.1289, "longitude": 15.1268, "sov_a3": "SVN", "adm0_a3": "SVN", "adm0_label": 2, "admin": "Slovenia", "geonunit": "Slovenia", "gu_a3": "SVN", "gn_id": 3199296, "gn_name": "Obcina Hrastnik", "gns_id": -82733, "gns_name": "Hrastnik, Obcina", "gn_level": 1, "gn_region": null, "gn_a1_code": "SI.34", "region_sub": null, "sub_code": null, "gns_level": 1, "gns_lang": "sqi", "gns_adm1": "SI34", "gns_region": null, "min_label": 11, "max_label": 11, "min_zoom": 11, "wikidataid": "Q13377780", "name_ar": "\u0628\u0644\u062f\u064a\u0629 \u0647\u0631\u0627\u0633\u062a\u0646\u064a\u0643", "name_bn": "\u09b9\u09cd\u09b0\u09be\u09b8\u09ce\u09a8\u09bf\u0995 \u09aa\u09cc\u09b0\u09b8\u09ad\u09be", "name_de": "Gemeinde Hrastnik", "name_en": "Hrastnik", "name_es": "Municipalidad del Hrastnik", "name_fr": "Municipalit\u00e9 de Hrastnik", "name_el": "\u03a7\u03c1\u03ac\u03c3\u03c4\u03bd\u03b9\u03ba", "name_hi": "\u0939\u094d\u0930\u093e\u0938\u094d\u0924\u0928\u093f\u0915 \u0928\u0917\u0930 \u092a\u093e\u0932\u093f\u0915\u093e", "name_hu": "Hrastnik", "name_id": "Hrastnik", "name_it": "Hrastnik", "name_ja": "\u30d5\u30e9\u30b9\u30c8\u30cb\u30af", "name_ko": "\ud750\ub77c\uc2a4\ud2b8\ub2c8\ud06c \uc9c0\ubc29 \uc790\uce58\uc81c", "name_nl": "Hrastnik", "name_pl": "Gmina Hrastnik", "name_pt": "Hrastnik", "name_ru": "\u0425\u0440\u0430\u0441\u0442\u043d\u0438\u043a", "name_sv": "Hrastnik", "name_tr": "Hrastnik Belediyesi", "name_vi": "\u0110\u00f4 th\u1ecb t\u1ef1 tr\u1ecb Hrastnik", "name_zh": "\u8d6b\u62c9\u65af\u7279\u5c3c\u514b\u93ae", "ne_id": 1159310695, "name_he": "\u05d4\u05e8\u05e1\u05d8\u05e0\u05d9\u05e7", "name_uk": "\u0425\u0440\u0430\u0441\u0442\u043d\u0438\u043a", "name_ur": "\u062d\u0631\u0627\u0633\u062a\u0646\u06cc\u06a9 \u0645\u06cc\u0648\u0646\u0633\u067e\u0644\u0679\u06cc", "name_fa": "\u0634\u0647\u0631\u062f\u0627\u0631\u06cc \u0647\u0631\u0633\u062a\u0646\u06cc\u06a9", "name_zht": "\u8d6b\u62c9\u65af\u7279\u5c3c\u514b\u93ae", "FCLASS_ISO": null, "FCLASS_US": null, "FCLASS_FR": null, "FCLASS_RU": null, "FCLASS_ES": null, "FCLASS_CN": null, "FCLASS_TW": null, "FCLASS_IN": null, "FCLASS_NP": null, "FCLASS_PK": null, "FCLASS_DE": null, "FCLASS_GB": null, "FCLASS_BR": null, "FCLASS_IL": null, "FCLASS_PS": null, "FCLASS_SA": null, "FCLASS_EG": null, "FCLASS_MA": null, "FCLASS_PT": null, "FCLASS_AR": null, "FCLASS_JP": null, "FCLASS_KO": null, "FCLASS_VN": null, "FCLASS_TR": null, "FCLASS_ID": null, "FCLASS_PL": null, "FCLASS_GR": null, "FCLASS_IT": null, "FCLASS_NL": null, "FCLASS_SE": null, "FCLASS_BD": null, "FCLASS_UA": null, "FCLASS_TLC": null}, "bbox": [15.065055, 46.085973, 15.188458, 46.183383], "geometry": {"type": "Polygon", "coordinates": [[[15.12841, 46.085973], [15.106344, 46.093518], [15.099058, 46.10331], [15.097353, 46.107367], [15.088051, 46.113671], [15.08092, 46.115945], [15.077509, 46.119201], [15.071308, 46.126849], [15.068362, 46.129226], [15.065055, 46.136512], [15.065675, 46.141577], [15.070533, 46.149742], [15.08402, 46.165606], [15.102004, 46.173926], [15.113321, 46.183383], [15.131046, 46.167286], [15.134766, 46.161498], [15.159261, 46.14876], [15.171663, 46.138166], [15.180242, 46.129123], [15.188458, 46.116204], [15.188458, 46.110881], [15.185048, 46.107315], [15.176676, 46.103336], [15.173214, 46.102251], [15.161121, 46.105145], [15.153215, 46.108581], [15.149029, 46.110028], [15.144998, 46.109666], [15.142208, 46.106385], [15.141898, 46.104266], [15.143448, 46.101527], [15.146239, 46.099254], [15.150114, 46.096928], [15.163447, 46.092484], [15.12841, 46.085973]]]}}, {"type": "Feature", "properties": {"featurecla": "Admin-1 states provinces", "scalerank": 10, "adm1_code": "SVN-224", "diss_me": 224, "iso_3166_2": "SI-190", "wikipedia": null, "iso_a2": "SI", "adm0_sr": 1, "name": "\u017dalec", "name_alt": null, "name_local": null, "type": "Statisticna Regije", "type_en": "Statistical Region", "code_local": null, "code_hasc": "SI.SA.ZA", "note": null, "hasc_maybe": null, "region": "Savinjska", "region_cod": null, "provnum_ne": 104, "gadm_level": 2, "check_me": 0, "datarank": 8, "abbrev": null, "postal": "SA", "area_sqkm": 0, "sameascity": -99, "labelrank": 10, "name_len": 5, "mapcolor9": 2, "mapcolor13": 12, "fips": "SIN5", "fips_alt": null, "woe_id": 55848398, "woe_label": null, "woe_name": "Zalec", "latitude": 46.2587, "longitude": 15.1651, "sov_a3": "SVN", "adm0_a3": "SVN", "adm0_label": 2, "admin": "Slovenia", "geonunit": "Slovenia", "gu_a3": "SVN", "gn_id": 3186843, "gn_name": "Obcina Zalec", "gns_id": -101641, "gns_name": "Zalec, Obcina", "gn_level": 1, "gn_region": null, "gn_a1_code": "SI.N5", "region_sub": null, "sub_code": null, "gns_level": 1, "gns_lang": "ita", "gns_adm1": "SI01", "gns_region": null, "min_label": 11, "max_label": 11, "min_zoom": 11, "wikidataid": "Q15931", "name_ar": "\u062c\u0627\u0644\u064a\u062a\u0633", "name_bn": "\u099c\u09be\u09b2\u09c7\u0995 \u09aa\u09cc\u09b0\u09b8\u09ad\u09be", "name_de": "\u017dalec", "name_en": "\u017dalec", "name_es": "\u017dalec", "name_fr": "\u017dalec", "name_el": "\u0396\u03ac\u03bb\u03b5\u03ba", "name_hi": "\u091c\u093c\u0947\u0932\u0947\u0915 \u0928\u0917\u0930 \u092a\u093e\u0932\u093f\u0915\u093e", "name_hu": "\u017dalec", "name_id": "\u017dalec", "name_it": "\u017dalec", "name_ja": "\u30b8\u30e3\u30ec\u30c4", "name_ko": "\uc798\ub808\uce20", "name_nl": "\u017dalec", "name_pl": "Gmina \u017dalec", "name_pt": "\u017dalec", "name_ru": "\u0416\u0430\u043b\u0435\u0446", "name_sv": "Zalec", "name_tr": "Zalec Belediyesi", "name_vi": "\u017dalec", "name_zh": "\u624e\u83b1\u8328", "ne_id": 1159308601, "name_he": "\u05d6'\u05d0\u05dc\u05e5", "name_uk": "\u0416\u0430\u043b\u0435\u0446\u044c", "name_ur": "\u0632\u0627\u0644\u06cc\u06a9 \u0645\u06cc\u0648\u0646\u0633\u067e\u0644\u0679\u06cc", "name_fa": "\u0698\u0627\u0644\u062a\u0633", "name_zht": "\u624e\u840a\u8328", "FCLASS_ISO": null, "FCLASS_US": null, "FCLASS_FR": null, "FCLASS_RU": null, "FCLASS_ES": null, "FCLASS_CN": null, "FCLASS_TW": null, "FCLASS_IN": null, "FCLASS_NP": null, "FCLASS_PK": null, "FCLASS_DE": null, "FCLASS_GB": null, "FCLASS_BR": null, "FCLASS_IL": null, "FCLASS_PS": null, "FCLASS_SA": null, "FCLASS_EG": null, "FCLASS_MA": null, "FCLASS_PT": null, "FCLASS_AR": null, "FCLASS_JP": null, "FCLASS_KO": null, "FCLASS_VN": null, "FCLASS_TR": null, "FCLASS_ID": null, "FCLASS_PL": null, "FCLASS_GR": null, "FCLASS_IT": null, "FCLASS_NL": null, "FCLASS_SE": null, "FCLASS_BD": null, "FCLASS_UA": null, "FCLASS_TLC": null}, "bbox": [15.104019, 46.183383, 15.22613, 46.336087], "geometry": {"type": "Polygon", "coordinates": [[[15.22613, 46.31738], [15.22613, 46.285366], [15.222565, 46.281051], [15.219154, 46.274023], [15.218069, 46.270199], [15.220704, 46.263404], [15.220549, 46.262164], [15.218999, 46.259993], [15.219619, 46.256195], [15.22272, 46.243844], [15.22396, 46.23617], [15.216364, 46.19824], [15.203961, 46.18824], [15.176469, 46.184546], [15.113321, 46.183383], [15.110995, 46.18731], [15.118282, 46.187879], [15.121589, 46.188654], [15.125155, 46.190204], [15.12841, 46.192426], [15.130891, 46.195062], [15.132441, 46.198395], [15.134146, 46.206844], [15.134301, 46.22214], [15.135697, 46.227024], [15.138022, 46.22984], [15.140658, 46.23015], [15.143603, 46.229969], [15.143138, 46.231597], [15.137712, 46.235989], [15.123759, 46.241571], [15.104019, 46.255006], [15.11022, 46.265936], [15.10743, 46.271388], [15.110685, 46.277176], [15.118437, 46.287511], [15.121589, 46.293609], [15.122829, 46.316966], [15.131201, 46.327663], [15.138022, 46.332831], [15.146084, 46.335803], [15.158486, 46.336087], [15.181637, 46.325235], [15.19652, 46.327663], [15.22613, 46.31738]]]}}, {"type": "Feature", "properties": {"featurecla": "Admin-1 states provinces", "scalerank": 10, "adm1_code": "SVN-952", "diss_me": 952, "iso_3166_2": "SI-129", "wikipedia": null, "iso_a2": "SI", "adm0_sr": 1, "name": "Trbovlje", "name_alt": null, "name_local": null, "type": "Statisticna Regije", "type_en": "Statistical Region", "code_local": null, "code_hasc": "SI.ZS", "note": null, "hasc_maybe": null, "region": "Zasavska", "region_cod": null, "provnum_ne": 100, "gadm_level": 2, "check_me": 10, "datarank": 8, "abbrev": null, "postal": "ZS", "area_sqkm": 0, "sameascity": -99, "labelrank": 10, "name_len": 8, "mapcolor9": 2, "mapcolor13": 12, "fips": "SI34", "fips_alt": "SID3", "woe_id": 55848392, "woe_label": "Trbovlje, SI, Slovenia", "woe_name": "Trbovlje", "latitude": 46.078, "longitude": 15.041, "sov_a3": "SVN", "adm0_a3": "SVN", "adm0_label": 2, "admin": "Slovenia", "geonunit": "Slovenia", "gu_a3": "SVN", "gn_id": 3188914, "gn_name": "Obcina Trbovlje", "gns_id": -98536, "gns_name": "Trbovlje, Obcina", "gn_level": 1, "gn_region": null, "gn_a1_code": "SI.D3", "region_sub": null, "sub_code": null, "gns_level": 1, "gns_lang": "sqi", "gns_adm1": "SI00", "gns_region": null, "min_label": 11, "max_label": 11, "min_zoom": 11, "wikidataid": "Q15925", "name_ar": "\u062a\u0631\u0628\u0648\u0641\u0644\u062c\u0647", "name_bn": "\u099f\u09cd\u09b0\u09be\u0987\u09ab\u09c7\u09b2", "name_de": "Trbovlje", "name_en": "Trbovlje", "name_es": "Trbovlje", "name_fr": "Trbovlje", "name_el": "\u03a4\u03c1\u03bc\u03c0\u03bf\u03b2\u03bb\u03b3\u03b9\u03b5", "name_hi": "\u0924\u094d\u0930\u092c\u094b\u0935\u094d\u0932\u094d\u091c\u0947", "name_hu": "Trbovlje", "name_id": "Trbovlje", "name_it": "Trbovlje", "name_ja": "\u30c8\u30eb\u30dc\u30f4\u30ea\u30a7", "name_ko": "\ud2b8\ub974\ubcf4\ube14\ub808", "name_nl": "Trbovlje", "name_pl": "Gmina Trbovlje", "name_pt": "Trbovlje", "name_ru": "\u0422\u0440\u0431\u043e\u0432\u043b\u0435", "name_sv": "Trbovlje", "name_tr": "Trbovlje", "name_vi": "Trbovlje", "name_zh": "\u7279\u5c14\u4f2f\u592b\u5217", "ne_id": 1159310697, "name_he": "\u05d8\u05e8\u05d1\u05d5\u05d5\u05dc\u05d6'", "name_uk": "\u0422\u0440\u0431\u043e\u0432\u043b\u0454", "name_ur": "\u0679\u0631\u0628\u0648\u0644\u062c\u06d2", "name_fa": "\u062a\u0631\u0628\u0648\u0644\u06cc\u0647", "name_zht": "\u7279\u5c14\u4f2f\u592b\u5217", "FCLASS_ISO": null, "FCLASS_US": null, "FCLASS_FR": null, "FCLASS_RU": null, "FCLASS_ES": null, "FCLASS_CN": null, "FCLASS_TW": null, "FCLASS_IN": null, "FCLASS_NP": null, "FCLASS_PK": null, "FCLASS_DE": null, "FCLASS_GB": null, "FCLASS_BR": null, "FCLASS_IL": null, "FCLASS_PS": null, "FCLASS_SA": null, "FCLASS_EG": null, "FCLASS_MA": null, "FCLASS_PT": null, "FCLASS_AR": null, "FCLASS_JP": null, "FCLASS_KO": null, "FCLASS_VN": null, "FCLASS_TR": null, "FCLASS_ID": null, "FCLASS_PL": null, "FCLASS_GR": null, "FCLASS_IT": null, "FCLASS_NL": null, "FCLASS_SE": null, "FCLASS_BD": null, "FCLASS_UA": null, "FCLASS_TLC": null}, "bbox": [14.985938, 46.053468, 15.113321, 46.198989], "geometry": {"type": "Polygon", "coordinates": [[[15.106344, 46.093518], [15.102004, 46.081348], [15.097508, 46.079462], [15.087741, 46.077601], [15.088981, 46.067886], [15.071463, 46.064708], [15.026763, 46.054399], [15.016841, 46.053468], [15.002371, 46.056362], [15.001596, 46.061582], [14.99679, 46.068093], [14.99524, 46.075431], [14.99338, 46.08127], [14.99307, 46.085275], [14.997721, 46.088298], [15.001906, 46.093311], [15.004697, 46.098944], [14.999891, 46.119097], [15.011725, 46.116694], [15.01312, 46.116565], [15.01467, 46.116669], [15.021957, 46.119304], [15.024437, 46.12057], [15.028623, 46.123542], [15.031259, 46.125919], [15.031104, 46.131345], [15.027073, 46.140181], [15.01343, 46.155917], [14.999116, 46.168061], [14.99524, 46.168681], [14.991209, 46.167906], [14.987799, 46.166485], [14.985938, 46.166795], [14.986403, 46.168758], [14.99276, 46.173254], [15.004387, 46.177208], [15.008314, 46.179249], [15.01281, 46.182194], [14.999891, 46.198989], [15.018391, 46.191212], [15.045056, 46.193305], [15.077664, 46.184365], [15.110995, 46.18731], [15.113321, 46.183383], [15.102004, 46.173926], [15.08402, 46.165606], [15.070533, 46.149742], [15.065675, 46.141577], [15.065055, 46.136512], [15.068362, 46.129226], [15.071308, 46.126849], [15.077509, 46.119201], [15.08092, 46.115945], [15.088051, 46.113671], [15.097353, 46.107367], [15.099058, 46.10331], [15.106344, 46.093518]]]}}, {"type": "Feature", "properties": {"featurecla": "Admin-1 states provinces", "scalerank": 10, "adm1_code": "SVN-247", "diss_me": 247, "iso_3166_2": "SI-151", "wikipedia": null, "iso_a2": "SI", "adm0_sr": 1, "name": "Braslovce", "name_alt": null, "name_local": null, "type": "Opcine", "type_en": "Commune|Municipality", "code_local": null, "code_hasc": "SI.SA.BR", "note": null, "hasc_maybe": null, "region": "Savinjska", "region_cod": null, "provnum_ne": 102, "gadm_level": 2, "check_me": 10, "datarank": 8, "abbrev": null, "postal": "BR", "area_sqkm": 0, "sameascity": -99, "labelrank": 10, "name_len": 9, "mapcolor9": 2, "mapcolor13": 12, "fips": "SI00", "fips_alt": "SIF7", "woe_id": -55848398, "woe_label": null, "woe_name": null, "latitude": 46.2889, "longitude": 15.0327, "sov_a3": "SVN", "adm0_a3": "SVN", "adm0_label": 2, "admin": "Slovenia", "geonunit": "Slovenia", "gu_a3": "SVN", "gn_id": 3344905, "gn_name": "Obcina Braslovce", "gns_id": 9123401, "gns_name": "Braslovce, Obcina", "gn_level": 1, "gn_region": null, "gn_a1_code": "SI.F7", "region_sub": null, "sub_code": null, "gns_level": 1, "gns_lang": "kat", "gns_adm1": "SI72", "gns_region": null, "min_label": 11, "max_label": 11, "min_zoom": 11, "wikidataid": "Q1034410", "name_ar": "\u0628\u0644\u062f\u064a\u0629 \u0628\u0631\u0627\u0633\u0644\u0648\u0641\u062a\u0634\u0647", "name_bn": "\u09ac\u09cd\u09b0\u09be\u09b8\u09cd\u09b2\u09cb\u09ad\u09bf\u099a \u09aa\u09cc\u09b0\u09b8\u09ad\u09be", "name_de": "Gemeinde Braslov\u010de", "name_en": "Braslov\u010de", "name_es": "Braslov\u010de", "name_fr": "Municipalit\u00e9 de Braslov\u010de", "name_el": "\u039c\u03c0\u03c1\u03ac\u03c3\u03bb\u03bf\u03b2\u03c4\u03c3\u03b5", "name_hi": "\u092c\u094d\u0930\u093e\u0938\u094d\u0932\u094b\u0935\u093f\u090f \u0928\u0917\u0930 \u092a\u093e\u0932\u093f\u0915\u093e", "name_hu": "Braslovce", "name_id": "Braslov\u010de", "name_it": "Braslov\u010de", "name_ja": "\u30d6\u30e9\u30b9\u30ed\u30d5\u30c1\u30a7", "name_ko": "\ube14\ub77c\uc2ac\ub85c\ube0c\uccb4 \uc9c0\ubc29 \uc790\uce58\uc81c", "name_nl": "Braslov\u010de", "name_pl": "Gmina Braslov\u010de", "name_pt": "Braslovce", "name_ru": "\u0411\u0440\u0430\u0441\u043b\u043e\u0432\u0447\u0435", "name_sv": "Braslovce", "name_tr": "Braslovce Belediyesi", "name_vi": "\u0110\u00f4 th\u1ecb t\u1ef1 tr\u1ecb Braslovce", "name_zh": "\u5e03\u62c9\u65af\u6d1b\u592b\u91c7", "ne_id": 1159308651, "name_he": "\u05d1\u05e8\u05e1\u05dc\u05d5\u05d1\u05e6\u05d4", "name_uk": "\u0411\u0440\u0430\u0441\u043b\u043e\u0432\u0447\u0435", "name_ur": "\u0628\u0644\u062f\u06cc\u06c1 \u0628\u0631\u0627\u0633\u0644\u0648\u0648\u0686\u06d2", "name_fa": "\u0628\u0631\u0627\u0633\u0644\u0648\u0648\u06a9", "name_zht": "\u5e03\u62c9\u65af\u6d1b\u592b\u91c7", "FCLASS_ISO": null, "FCLASS_US": null, "FCLASS_FR": null, "FCLASS_RU": null, "FCLASS_ES": null, "FCLASS_CN": null, "FCLASS_TW": null, "FCLASS_IN": null, "FCLASS_NP": null, "FCLASS_PK": null, "FCLASS_DE": null, "FCLASS_GB": null, "FCLASS_BR": null, "FCLASS_IL": null, "FCLASS_PS": null, "FCLASS_SA": null, "FCLASS_EG": null, "FCLASS_MA": null, "FCLASS_PT": null, "FCLASS_AR": null, "FCLASS_JP": null, "FCLASS_KO": null, "FCLASS_VN": null, "FCLASS_TR": null, "FCLASS_ID": null, "FCLASS_PL": null, "FCLASS_GR": null, "FCLASS_IT": null, "FCLASS_NL": null, "FCLASS_SE": null, "FCLASS_BD": null, "FCLASS_UA": null, "FCLASS_TLC": null}, "bbox": [14.97028, 46.226093, 15.095027, 46.337198], "geometry": {"type": "Polygon", "coordinates": [[[15.009968, 46.257978], [14.97028, 46.283842], [14.97059, 46.302936], [14.984853, 46.31229], [14.988729, 46.316966], [14.990124, 46.322548], [14.999891, 46.333115], [15.008418, 46.337198], [15.037305, 46.324434], [15.051257, 46.307251], [15.095027, 46.257668], [15.066605, 46.230512], [15.051102, 46.226093], [15.045521, 46.237746], [15.042421, 46.242139], [15.030483, 46.253327], [15.009968, 46.257978]]]}}, {"type": "Feature", "properties": {"featurecla": "Admin-1 states provinces", "scalerank": 10, "adm1_code": "SVN-240", "diss_me": 240, "iso_3166_2": "SI-184", "wikipedia": null, "iso_a2": "SI", "adm0_sr": 1, "name": "Tabor", "name_alt": null, "name_local": null, "type": "Opcine", "type_en": "Commune|Municipality", "code_local": null, "code_hasc": "SI.SA.TA", "note": null, "hasc_maybe": null, "region": "Savinjska", "region_cod": null, "provnum_ne": 101, "gadm_level": 2, "check_me": 10, "datarank": 8, "abbrev": null, "postal": "TA", "area_sqkm": 0, "sameascity": -99, "labelrank": 10, "name_len": 5, "mapcolor9": 2, "mapcolor13": 12, "fips": "SI00", "fips_alt": "SIM5", "woe_id": -55848398, "woe_label": null, "woe_name": null, "latitude": 46.2258, "longitude": 15.0116, "sov_a3": "SVN", "adm0_a3": "SVN", "adm0_label": 2, "admin": "Slovenia", "geonunit": "Slovenia", "gu_a3": "SVN", "gn_id": 3344904, "gn_name": "Obcina Tabor", "gns_id": 9123400, "gns_name": "Tabor, Obcina", "gn_level": 1, "gn_region": null, "gn_a1_code": "SI.M5", "region_sub": null, "sub_code": null, "gns_level": 1, "gns_lang": "kat", "gns_adm1": "SI72", "gns_region": null, "min_label": 11, "max_label": 11, "min_zoom": 11, "wikidataid": "Q2672913", "name_ar": "\u062a\u0627\u0628\u0648\u0631", "name_bn": "\u09a4\u09be\u09ac\u09cb\u09b0", "name_de": "T\u00e1bor", "name_en": "Tabor", "name_es": "Tabor", "name_fr": "Tabor", "name_el": "\u03a4\u03b1\u03bc\u03c0\u03cc\u03c1", "name_hi": "\u091f\u0948\u092c\u094b\u0930", "name_hu": "Tabor", "name_id": "Tabor", "name_it": "Tabor", "name_ja": "\u30bf\u30dc\u30eb", "name_ko": "\ud0c0\ubcf4\ub974", "name_nl": "Tabor", "name_pl": "Tabor", "name_pt": "T\u00e1bor", "name_ru": "\u0422\u0430\u0431\u043e\u0440", "name_sv": "Tabor", "name_tr": "Tabor", "name_vi": "Tabor", "name_zh": "\u5854\u535a\u723e", "ne_id": 1159308637, "name_he": "\u05d8\u05d0\u05d1\u05d5\u05e8", "name_uk": "\u0422\u0430\u0431\u043e\u0440", "name_ur": "\u062a\u0627\u0628\u0648\u0631", "name_fa": "\u062a\u0627\u0628\u0648\u0631", "name_zht": "\u5854\u535a\u723e", "FCLASS_ISO": null, "FCLASS_US": null, "FCLASS_FR": null, "FCLASS_RU": null, "FCLASS_ES": null, "FCLASS_CN": null, "FCLASS_TW": null, "FCLASS_IN": null, "FCLASS_NP": null, "FCLASS_PK": null, "FCLASS_DE": null, "FCLASS_GB": null, "FCLASS_BR": null, "FCLASS_IL": null, "FCLASS_PS": null, "FCLASS_SA": null, "FCLASS_EG": null, "FCLASS_MA": null, "FCLASS_PT": null, "FCLASS_AR": null, "FCLASS_JP": null, "FCLASS_KO": null, "FCLASS_VN": null, "FCLASS_TR": null, "FCLASS_ID": null, "FCLASS_PL": null, "FCLASS_GR": null, "FCLASS_IT": null, "FCLASS_NL": null, "FCLASS_SE": null, "FCLASS_BD": null, "FCLASS_UA": null, "FCLASS_TLC": null}, "bbox": [14.970745, 46.191212, 15.052498, 46.257978], "geometry": {"type": "Polygon", "coordinates": [[[14.970745, 46.197775], [14.972451, 46.21165], [14.974931, 46.21842], [15.009968, 46.257978], [15.030483, 46.253327], [15.042421, 46.242139], [15.045521, 46.237746], [15.051102, 46.226093], [15.052498, 46.21134], [15.051567, 46.207567], [15.045056, 46.193305], [15.018391, 46.191212], [14.999891, 46.198989], [14.970745, 46.197775]]]}}, {"type": "Feature", "properties": {"featurecla": "Admin-1 states provinces", "scalerank": 10, "adm1_code": "SVN-939", "diss_me": 939, "iso_3166_2": "SI-054", "wikipedia": null, "iso_a2": "SI", "adm0_sr": 1, "name": "Krsko", "name_alt": null, "name_local": null, "type": "Opcine", "type_en": "Commune|Municipality", "code_local": null, "code_hasc": "SI.PS.KS", "note": null, "hasc_maybe": null, "region": "Savinjska", "region_cod": null, "provnum_ne": 130, "gadm_level": 2, "check_me": 10, "datarank": 8, "abbrev": null, "postal": null, "area_sqkm": 0, "sameascity": -99, "labelrank": 10, "name_len": 5, "mapcolor9": 2, "mapcolor13": 12, "fips": null, "fips_alt": null, "woe_id": 55848359, "woe_label": "Krsko, SI, Slovenia", "woe_name": "Krsko", "latitude": 46.0073, "longitude": 15.5816, "sov_a3": "SVN", "adm0_a3": "SVN", "adm0_label": 2, "admin": "Slovenia", "geonunit": "Slovenia", "gu_a3": "SVN", "gn_id": -99, "gn_name": null, "gns_id": 0, "gns_name": null, "gn_level": 0, "gn_region": null, "gn_a1_code": "SI.", "region_sub": null, "sub_code": null, "gns_level": 0, "gns_lang": null, "gns_adm1": null, "gns_region": null, "min_label": 11, "max_label": 11, "min_zoom": 11, "wikidataid": null, "name_ar": "\u0643\u0631\u0633\u0643\u0648", "name_bn": "\u0995\u09cd\u09b0\u09b8\u0995\u09cb", "name_de": "Kr\u0161ko (deutsch Gurkfeld)", "name_en": "Krsko", "name_es": "Kr\u0161ko", "name_fr": "Kr\u0161ko", "name_el": "\u039a\u03c1\u03c3\u03ba\u03cc", "name_hi": "\u0915\u094d\u0930\u094d\u0938\u0915\u094b", "name_hu": "Krsko", "name_id": "Krsko", "name_it": "Kr\u0161ko", "name_ja": "\u30af\u30eb\u30b7\u30e5\u30b3", "name_ko": "\ud06c\ub974\uc2a4\ucf54", "name_nl": "Krsko", "name_pl": "Kr\u0161ko", "name_pt": "Kr\u0161ko", "name_ru": "\u041a\u0440\u0448\u043a\u043e", "name_sv": "Kr\u0161ko", "name_tr": "Krsko", "name_vi": "Krsko", "name_zh": "\u514b\u5c14\u4ec0\u79d1", "ne_id": 1159310667, "name_he": "\u05e7\u05e8\u05e1\u05e7\u05d5", "name_uk": "\u041a\u0440\u0448\u043a\u043e", "name_ur": "\u06a9\u0631\u0633\u06a9\u0648", "name_fa": "\u06a9\u0631\u0633\u06a9\u0648", "name_zht": "\u514b\u723e\u65af\u79d1", "FCLASS_ISO": null, "FCLASS_US": null, "FCLASS_FR": null, "FCLASS_RU": null, "FCLASS_ES": null, "FCLASS_CN": null, "FCLASS_TW": null, "FCLASS_IN": null, "FCLASS_NP": null, "FCLASS_PK": null, "FCLASS_DE": null, "FCLASS_GB": null, "FCLASS_BR": null, "FCLASS_IL": null, "FCLASS_PS": null, "FCLASS_SA": null, "FCLASS_EG": null, "FCLASS_MA": null, "FCLASS_PT": null, "FCLASS_AR": null, "FCLASS_JP": null, "FCLASS_KO": null, "FCLASS_VN": null, "FCLASS_TR": null, "FCLASS_ID": null, "FCLASS_PL": null, "FCLASS_GR": null, "FCLASS_IT": null, "FCLASS_NL": null, "FCLASS_SE": null, "FCLASS_BD": null, "FCLASS_UA": null, "FCLASS_TLC": null}, "bbox": [15.559443, 45.993989, 15.603678, 46.022307], "geometry": {"type": "Polygon", "coordinates": [[[15.58368, 45.993989], [15.56859, 45.997761], [15.564714, 45.999983], [15.563939, 46.004634], [15.559443, 46.017114], [15.56735, 46.017734], [15.571897, 46.019], [15.577944, 46.01931], [15.585075, 46.021016], [15.599338, 46.022307], [15.601818, 46.020499], [15.603678, 46.018225], [15.58368, 45.993989]]]}}, {"type": "Feature", "properties": {"featurecla": "Admin-1 states provinces", "scalerank": 10, "adm1_code": "SVN-227", "diss_me": 227, "iso_3166_2": "SI-159", "wikipedia": null, "iso_a2": "SI", "adm0_sr": 1, "name": "Hajdina", "name_alt": null, "name_local": null, "type": "Opcine", "type_en": "Commune|Municipality", "code_local": null, "code_hasc": "SI.PD.HA", "note": null, "hasc_maybe": null, "region": "Podravska", "region_cod": null, "provnum_ne": 48, "gadm_level": 2, "check_me": 10, "datarank": 8, "abbrev": null, "postal": "HA", "area_sqkm": 0, "sameascity": -99, "labelrank": 10, "name_len": 7, "mapcolor9": 2, "mapcolor13": 12, "fips": "SI00", "fips_alt": "SIG9", "woe_id": -55848377, "woe_label": null, "woe_name": null, "latitude": 46.4161, "longitude": 15.8358, "sov_a3": "SVN", "adm0_a3": "SVN", "adm0_label": 2, "admin": "Slovenia", "geonunit": "Slovenia", "gu_a3": "SVN", "gn_id": 3344922, "gn_name": "Obcina Hajdina", "gns_id": 9123439, "gns_name": "Hajdina, Obcina", "gn_level": 1, "gn_region": null, "gn_a1_code": "SI.G9", "region_sub": null, "sub_code": null, "gns_level": 1, "gns_lang": "kat", "gns_adm1": "SI72", "gns_region": null, "min_label": 11, "max_label": 11, "min_zoom": 11, "wikidataid": "Q995065", "name_ar": "\u0628\u0644\u062f\u064a\u0629 \u0647\u0627\u064a\u062f\u064a\u0646\u0627", "name_bn": "\u09b9\u09be\u099c\u09a6\u09bf\u09a8\u09be \u09aa\u09cc\u09b0\u09b8\u09ad\u09be", "name_de": "Hajdina", "name_en": "Hajdina", "name_es": "Municipalidade del Hajdina", "name_fr": "Hajdina", "name_el": "\u03a7\u03b1\u03c4\u03b6\u03bd\u03c4\u03af\u03bd\u03b1", "name_hi": "\u0939\u0926\u0940\u0928\u093e \u0928\u0917\u0930\u092a\u093e\u0932\u093f\u0915\u093e", "name_hu": "Hajdina k\u00f6zs\u00e9g", "name_id": "Hajdina", "name_it": "Hajdina", "name_ja": "\u30cf\u30a4\u30c7\u30a3\u30ca", "name_ko": "\ud558\uc774\ub514\ub098", "name_nl": "Hajdina", "name_pl": "Gmina Hajdina", "name_pt": "Hajdina", "name_ru": "\u0425\u0430\u0439\u0434\u0438\u043d\u0430", "name_sv": "Hajdina", "name_tr": "Hajdina Belediyesi", "name_vi": "Hajdina", "name_zh": "\u54c8\u4f0a\u8fea\u7eb3", "ne_id": 1159308609, "name_he": "\u05d7\u05d2'\u05d9\u05e0\u05d4", "name_uk": "\u0425\u0430\u0439\u0434\u0438\u043d\u0430", "name_ur": "\u062d\u0627\u062c\u062f\u06cc\u0646\u0627 \u0645\u06cc\u0648\u0646\u0633\u067e\u0644\u0679\u06cc", "name_fa": "\u0634\u0647\u0631\u062f\u0627\u0631\u06cc \u0647\u0627\u062c\u062f\u06cc\u0646\u0627", "name_zht": "\u54c8\u4f0a\u8fea\u7eb3", "FCLASS_ISO": null, "FCLASS_US": null, "FCLASS_FR": null, "FCLASS_RU": null, "FCLASS_ES": null, "FCLASS_CN": null, "FCLASS_TW": null, "FCLASS_IN": null, "FCLASS_NP": null, "FCLASS_PK": null, "FCLASS_DE": null, "FCLASS_GB": null, "FCLASS_BR": null, "FCLASS_IL": null, "FCLASS_PS": null, "FCLASS_SA": null, "FCLASS_EG": null, "FCLASS_MA": null, "FCLASS_PT": null, "FCLASS_AR": null, "FCLASS_JP": null, "FCLASS_KO": null, "FCLASS_VN": null, "FCLASS_TR": null, "FCLASS_ID": null, "FCLASS_PL": null, "FCLASS_GR": null, "FCLASS_IT": null, "FCLASS_NL": null, "FCLASS_SE": null, "FCLASS_BD": null, "FCLASS_UA": null, "FCLASS_TLC": null}, "bbox": [15.800462, 46.381872, 15.871207, 46.454788], "geometry": {"type": "Polygon", "coordinates": [[[15.800462, 46.431585], [15.805888, 46.437579], [15.803718, 46.444917], [15.805578, 46.449103], [15.818601, 46.454788], [15.847436, 46.43068], [15.85834, 46.414997], [15.859735, 46.41125], [15.859735, 46.408434], [15.85865, 46.406522], [15.85896, 46.400476], [15.857875, 46.39784], [15.860355, 46.395385], [15.863456, 46.393448], [15.869347, 46.391536], [15.871207, 46.389572], [15.869502, 46.384017], [15.850227, 46.381872], [15.831468, 46.394791], [15.800462, 46.431585]]]}}, {"type": "Feature", "properties": {"featurecla": "Admin-1 states provinces", "scalerank": 10, "adm1_code": "SVN-216", "diss_me": 216, "iso_3166_2": "SI-096", "wikipedia": null, "iso_a2": "SI", "adm0_sr": 1, "name": "Ptuj", "name_alt": null, "name_local": null, "type": "Opcine", "type_en": "Commune|Municipality", "code_local": null, "code_hasc": "SI.PD.PT", "note": null, "hasc_maybe": null, "region": "Podravska", "region_cod": null, "provnum_ne": 47, "gadm_level": 2, "check_me": 0, "datarank": 8, "abbrev": null, "postal": "PT", "area_sqkm": 0, "sameascity": -99, "labelrank": 10, "name_len": 4, "mapcolor9": 2, "mapcolor13": 12, "fips": "SIK7", "fips_alt": null, "woe_id": 55848377, "woe_label": "Ptuj, SI, Slovenia", "woe_name": "Ptuj", "latitude": 46.4273, "longitude": 15.8673, "sov_a3": "SVN", "adm0_a3": "SVN", "adm0_label": 2, "admin": "Slovenia", "geonunit": "Slovenia", "gu_a3": "SVN", "gn_id": 3192240, "gn_name": "Mestna Obcina Ptuj", "gns_id": -93439, "gns_name": "Ptuj, Mestna Obcina", "gn_level": 1, "gn_region": null, "gn_a1_code": "SI.K7", "region_sub": null, "sub_code": null, "gns_level": 1, "gns_lang": "mkd", "gns_adm1": "SI86", "gns_region": null, "min_label": 11, "max_label": 11, "min_zoom": 11, "wikidataid": "Q15906", "name_ar": "\u0628\u064a\u062a\u0648\u062c", "name_bn": "\u09aa\u09c1\u099c", "name_de": "Ptuj", "name_en": "Ptuj", "name_es": "Ptuj", "name_fr": "Ptuj", "name_el": "\u03a0\u03c4\u03bf\u03cd\u03b9", "name_hi": "\u092a\u0924\u0941\u091c", "name_hu": "Ptuj", "name_id": "Ptuj", "name_it": "Ptuj", "name_ja": "\u30d7\u30c8\u30a5\u30a4", "name_ko": "\ud504\ud22c\uc774", "name_nl": "Ptuj", "name_pl": "Ptuj", "name_pt": "Ptuj", "name_ru": "\u041f\u0442\u0443\u0439", "name_sv": "Ptuj", "name_tr": "Ptuj", "name_vi": "Ptuj", "name_zh": "\u666e\u56fe\u4f0a", "ne_id": 1159308583, "name_he": "\u05e4\u05d8\u05d5\u05d9", "name_uk": "\u041f\u0442\u0443\u0439", "name_ur": "\u067e\u062a\u0648\u062c", "name_fa": "\u067e\u062a\u0648\u06cc", "name_zht": "\u666e\u5716\u4f0a", "FCLASS_ISO": null, "FCLASS_US": null, "FCLASS_FR": null, "FCLASS_RU": null, "FCLASS_ES": null, "FCLASS_CN": null, "FCLASS_TW": null, "FCLASS_IN": null, "FCLASS_NP": null, "FCLASS_PK": null, "FCLASS_DE": null, "FCLASS_GB": null, "FCLASS_BR": null, "FCLASS_IL": null, "FCLASS_PS": null, "FCLASS_SA": null, "FCLASS_EG": null, "FCLASS_MA": null, "FCLASS_PT": null, "FCLASS_AR": null, "FCLASS_JP": null, "FCLASS_KO": null, "FCLASS_VN": null, "FCLASS_TR": null, "FCLASS_ID": null, "FCLASS_PL": null, "FCLASS_GR": null, "FCLASS_IT": null, "FCLASS_NL": null, "FCLASS_SE": null, "FCLASS_BD": null, "FCLASS_UA": null, "FCLASS_TLC": null}, "bbox": [15.781497, 46.384017, 15.953114, 46.497317], "geometry": {"type": "Polygon", "coordinates": [[[15.816275, 46.497317], [15.823407, 46.49494], [15.845421, 46.482848], [15.869967, 46.460007], [15.88485, 46.453573], [15.892911, 46.452255], [15.900508, 46.453728], [15.905469, 46.456545], [15.908414, 46.460394], [15.922419, 46.470962], [15.944278, 46.480522], [15.943503, 46.460007], [15.953114, 46.450963], [15.943038, 46.420526], [15.942883, 46.414222], [15.939162, 46.410501], [15.935441, 46.407297], [15.904074, 46.393603], [15.896322, 46.396858], [15.869502, 46.384017], [15.871207, 46.389572], [15.869347, 46.391536], [15.863456, 46.393448], [15.860355, 46.395385], [15.857875, 46.39784], [15.85896, 46.400476], [15.85865, 46.406522], [15.859735, 46.408434], [15.859735, 46.41125], [15.85834, 46.414997], [15.847436, 46.43068], [15.818601, 46.454788], [15.804803, 46.466828], [15.801547, 46.468017], [15.79607, 46.469205], [15.781497, 46.467732], [15.794726, 46.480006], [15.806508, 46.485432], [15.816275, 46.497317]]]}}, {"type": "Feature", "properties": {"featurecla": "Admin-1 states provinces", "scalerank": 10, "adm1_code": "SVN-211", "diss_me": 211, "iso_3166_2": "SI-069", "wikipedia": null, "iso_a2": "SI", "adm0_sr": 1, "name": "Maj\u0161perk", "name_alt": null, "name_local": null, "type": "Opcine", "type_en": "Commune|Municipality", "code_local": null, "code_hasc": "SI.PD.MJ", "note": null, "hasc_maybe": null, "region": "Podravska", "region_cod": null, "provnum_ne": 45, "gadm_level": 2, "check_me": 0, "datarank": 8, "abbrev": null, "postal": "MJ", "area_sqkm": 0, "sameascity": -99, "labelrank": 10, "name_len": 8, "mapcolor9": 2, "mapcolor13": 12, "fips": "SIJ1", "fips_alt": null, "woe_id": -55848377, "woe_label": null, "woe_name": null, "latitude": 46.3148, "longitude": 15.7455, "sov_a3": "SVN", "adm0_a3": "SVN", "adm0_label": 2, "admin": "Slovenia", "geonunit": "Slovenia", "gu_a3": "SVN", "gn_id": 3239229, "gn_name": "Obcina Majsperk", "gns_id": 243938, "gns_name": "Majsperk, Obcina", "gn_level": 1, "gn_region": null, "gn_a1_code": "SI.J1", "region_sub": null, "sub_code": null, "gns_level": 1, "gns_lang": "slv", "gns_adm1": "SI45", "gns_region": null, "min_label": 11, "max_label": 11, "min_zoom": 11, "wikidataid": "Q1002371", "name_ar": "\u0628\u0644\u062f\u064a\u0629 \u0645\u0627\u062c\u062a\u0634\u064a\u0631\u0643", "name_bn": "\u09ae\u09be\u099c\u09b8\u09cd\u09aa\u09be\u09b0\u09cd\u0995 \u09aa\u09cc\u09b0\u09b8\u09ad\u09be", "name_de": "Maj\u0161perk", "name_en": "Maj\u0161perk", "name_es": "Municipalidad del Maj\u0161perk", "name_fr": "Maj\u0161perk", "name_el": "\u039c\u03ac\u03c4\u03b6\u03c3\u03c0\u03b5\u03c1\u03ba", "name_hi": "\u092e\u093e\u091c\u0938\u094d\u092a\u0930\u094d\u0915 \u0928\u0917\u0930 \u092a\u093e\u0932\u093f\u0915\u093e", "name_hu": "Maj\u0161perk k\u00f6zs\u00e9g", "name_id": "Maj\u0161perk", "name_it": "Maj\u0161perk", "name_ja": "\u30de\u30a4\u30b7\u30e5\u30da\u30eb\u30af", "name_ko": "\ub9c8\uc774\uc288\ud398\ub974\ud06c", "name_nl": "Maj\u0161perk", "name_pl": "Gmina Maj\u0161perk", "name_pt": "Maj\u0161perk", "name_ru": "\u041c\u0430\u0439\u0448\u043f\u0435\u0440\u043a", "name_sv": "Maj\u0161perk", "name_tr": "Majsprk Belediyesi", "name_vi": "\u0110\u00f4 th\u1ecb t\u1ef1 tr\u1ecb Majsperk", "name_zh": "\u9a6c\u4f0a\u4ec0\u4f69\u514b", "ne_id": 1159308573, "name_he": "\u05d4\u05d0\u05d9 \u05de\u05d2'\u05d5\u05e8\u05d5", "name_uk": "\u041c\u0430\u0439\u0448\u043f\u0435\u0440\u043a", "name_ur": "\u0645\u0627\u062c\u0633\u067e\u06cc\u0631\u06a9 \u0645\u06cc\u0648\u0646\u0633\u067e\u0644\u0679\u06cc", "name_fa": "\u0645\u062c\u0633\u067e\u0631\u06a9", "name_zht": "\u99ac\u4f0a\u4ec0\u4f69\u514b", "FCLASS_ISO": null, "FCLASS_US": null, "FCLASS_FR": null, "FCLASS_RU": null, "FCLASS_ES": null, "FCLASS_CN": null, "FCLASS_TW": null, "FCLASS_IN": null, "FCLASS_NP": null, "FCLASS_PK": null, "FCLASS_DE": null, "FCLASS_GB": null, "FCLASS_BR": null, "FCLASS_IL": null, "FCLASS_PS": null, "FCLASS_SA": null, "FCLASS_EG": null, "FCLASS_MA": null, "FCLASS_PT": null, "FCLASS_AR": null, "FCLASS_JP": null, "FCLASS_KO": null, "FCLASS_VN": null, "FCLASS_TR": null, "FCLASS_ID": null, "FCLASS_PL": null, "FCLASS_GR": null, "FCLASS_IT": null, "FCLASS_NL": null, "FCLASS_SE": null, "FCLASS_BD": null, "FCLASS_UA": null, "FCLASS_TLC": null}, "bbox": [15.677679, 46.262034, 15.81333, 46.367687], "geometry": {"type": "Polygon", "coordinates": [[[15.757933, 46.262034], [15.741344, 46.266065], [15.703776, 46.264179], [15.684862, 46.274075], [15.711837, 46.296864], [15.714938, 46.303246], [15.719589, 46.311334], [15.721294, 46.325235], [15.721449, 46.336733], [15.716023, 46.344097], [15.708892, 46.346629], [15.690133, 46.348696], [15.68047, 46.356602], [15.677679, 46.361977], [15.68078, 46.367687], [15.769095, 46.363424], [15.784288, 46.361124], [15.802478, 46.354949], [15.808834, 46.344872], [15.811624, 46.342391], [15.81333, 46.338929], [15.801082, 46.320584], [15.77297, 46.297743], [15.761808, 46.285754], [15.757933, 46.262034]]]}}, {"type": "Feature", "properties": {"featurecla": "Admin-1 states provinces", "scalerank": 10, "adm1_code": "SVN-221", "diss_me": 221, "iso_3166_2": "SI-113", "wikipedia": null, "iso_a2": "SI", "adm0_sr": 1, "name": "Slovenska Bistrica", "name_alt": null, "name_local": null, "type": "Opcine", "type_en": "Commune|Municipality", "code_local": null, "code_hasc": "SI.PD.SB", "note": null, "hasc_maybe": null, "region": "Podravska", "region_cod": null, "provnum_ne": 44, "gadm_level": 2, "check_me": 0, "datarank": 8, "abbrev": null, "postal": "SB", "area_sqkm": 0, "sameascity": -99, "labelrank": 10, "name_len": 18, "mapcolor9": 2, "mapcolor13": 12, "fips": "SIL8", "fips_alt": null, "woe_id": 55848388, "woe_label": "Slovenska Bistrica, SI, Slovenia", "woe_name": "Slovenska Bistrica", "latitude": 46.4241, "longitude": 15.5283, "sov_a3": "SVN", "adm0_a3": "SVN", "adm0_label": 2, "admin": "Slovenia", "geonunit": "Slovenia", "gu_a3": "SVN", "gn_id": 3190533, "gn_name": "Obcina Slovenska Bistrica", "gns_id": -96095, "gns_name": "Slovenska Bistrica, Obcina", "gn_level": 1, "gn_region": null, "gn_a1_code": "SI.L8", "region_sub": null, "sub_code": null, "gns_level": 1, "gns_lang": "sqi", "gns_adm1": "SI25", "gns_region": null, "min_label": 11, "max_label": 11, "min_zoom": 11, "wikidataid": "Q15917", "name_ar": "\u0633\u0644\u0648\u0641\u064a\u0646\u064a\u0633\u0643\u0627 \u0628\u064a\u0633\u062a\u0631\u064a\u0633\u0627", "name_bn": "\u09b8\u09cd\u09b2\u09cb\u09ad\u09c7\u09a8\u09b8\u09cd\u0995\u09be \u09ac\u09bf\u09b8\u09cd\u09a4\u09cd\u09b0\u09bf\u0995\u09be", "name_de": "Slovenska Bistrica", "name_en": "Slovenska Bistrica", "name_es": "Slovenska Bistrica", "name_fr": "Slovenska Bistrica", "name_el": "\u03a3\u03bb\u03bf\u03b2\u03ad\u03bd\u03c3\u03ba\u03b1 \u039c\u03c0\u03af\u03c3\u03c4\u03c1\u03b9\u03ba\u03b1", "name_hi": "\u0938\u094d\u0932\u094b\u0935\u0947\u0928\u094d\u0938\u094d\u0915\u093e \u092c\u093f\u0938\u094d\u091f\u094d\u0930\u093f\u0915\u093e", "name_hu": "Vendbeszterce", "name_id": "Slovenska Bistrica", "name_it": "Slovenska Bistrica", "name_ja": "\u30b9\u30ed\u30f4\u30a7\u30f3\u30b9\u30ab\u30fb\u30d3\u30b9\u30c8\u30ea\u30c4\u30a1", "name_ko": "\uc2ac\ub85c\ubca4\uc2a4\uce74\ube44\uc2a4\ud2b8\ub9ac\ucc28", "name_nl": "Slovenska Bistrica", "name_pl": "Slovenska Bistrica", "name_pt": "Slovenska Bistrica", "name_ru": "\u0421\u043b\u043e\u0432\u0435\u043d\u0441\u043a\u0430-\u0411\u0438\u0441\u0442\u0440\u0438\u0446\u0430", "name_sv": "Slovenska Bistrica", "name_tr": "Slovenska Bistrica", "name_vi": "Slovenska Bistrica", "name_zh": "\u65af\u6d1b\u6587\u5c3c\u4e9a\u6bd4\u65af\u7279\u91cc\u5bdf", "ne_id": 1159308595, "name_he": "\u05e1\u05dc\u05d5\u05d1\u05e0\u05e1\u05e7\u05d4 \u05d1\u05d9\u05e1\u05d8\u05e8\u05d9\u05e6\u05d4", "name_uk": "\u0421\u043b\u043e\u0432\u0435\u043d\u0441\u044c\u043a\u0430 \u0411\u0438\u0441\u0442\u0440\u0438\u0446\u044f", "name_ur": "\u0633\u0644\u0648\u0648\u06cc\u0646\u0633\u06a9\u0627 \u0628\u06cc\u0633\u062a\u0631\u06cc\u06a9\u0627", "name_fa": "\u0633\u0644\u0648\u0646\u0633\u06a9\u0627 \u0628\u06cc\u0633\u062a\u0631\u06cc\u062a\u0633\u0627", "name_zht": "\u65af\u6d1b\u6587\u5c3c\u4e9e\u6bd4\u65af\u7279\u91cc\u5bdf", "FCLASS_ISO": null, "FCLASS_US": null, "FCLASS_FR": null, "FCLASS_RU": null, "FCLASS_ES": null, "FCLASS_CN": null, "FCLASS_TW": null, "FCLASS_IN": null, "FCLASS_NP": null, "FCLASS_PK": null, "FCLASS_DE": null, "FCLASS_GB": null, "FCLASS_BR": null, "FCLASS_IL": null, "FCLASS_PS": null, "FCLASS_SA": null, "FCLASS_EG": null, "FCLASS_MA": null, "FCLASS_PT": null, "FCLASS_AR": null, "FCLASS_JP": null, "FCLASS_KO": null, "FCLASS_VN": null, "FCLASS_TR": null, "FCLASS_ID": null, "FCLASS_PL": null, "FCLASS_GR": null, "FCLASS_IT": null, "FCLASS_NL": null, "FCLASS_SE": null, "FCLASS_BD": null, "FCLASS_UA": null, "FCLASS_TLC": null}, "bbox": [15.335064, 46.273662, 15.721449, 46.499281], "geometry": {"type": "Polygon", "coordinates": [[[15.552467, 46.277744], [15.557893, 46.293454], [15.555103, 46.308647], [15.547816, 46.333865], [15.540995, 46.344717], [15.532313, 46.349962], [15.524562, 46.350556], [15.502961, 46.359548], [15.496915, 46.371692], [15.494124, 46.380839], [15.495675, 46.389882], [15.494745, 46.392517], [15.490094, 46.39492], [15.475986, 46.397737], [15.468855, 46.397556], [15.463584, 46.396936], [15.460328, 46.397788], [15.457486, 46.399881], [15.45454, 46.405488], [15.451285, 46.4097], [15.440743, 46.418821], [15.422759, 46.424608], [15.398368, 46.437889], [15.38209, 46.440783], [15.368137, 46.447656], [15.352479, 46.452565], [15.345658, 46.459542], [15.338475, 46.465433], [15.335064, 46.477396], [15.359146, 46.480186], [15.363951, 46.478171], [15.376819, 46.469412], [15.38116, 46.468843], [15.387361, 46.470368], [15.390772, 46.472099], [15.408186, 46.477706], [15.500481, 46.499281], [15.539445, 46.497421], [15.545801, 46.48321], [15.547816, 46.476595], [15.547971, 46.474425], [15.557118, 46.468688], [15.640162, 46.43453], [15.641712, 46.43112], [15.653339, 46.428484], [15.667602, 46.42373], [15.687498, 46.408615], [15.677369, 46.402336], [15.679229, 46.400191], [15.685172, 46.396652], [15.685172, 46.395463], [15.683725, 46.392466], [15.685482, 46.38735], [15.682382, 46.380012], [15.677989, 46.375361], [15.68078, 46.367687], [15.677679, 46.361977], [15.68047, 46.356602], [15.690133, 46.348696], [15.708892, 46.346629], [15.716023, 46.344097], [15.721449, 46.336733], [15.721294, 46.325235], [15.719589, 46.311334], [15.714938, 46.303246], [15.711837, 46.296864], [15.684862, 46.274075], [15.653029, 46.273662], [15.608949, 46.283842], [15.587865, 46.284049], [15.577013, 46.281775], [15.571381, 46.279165], [15.5658, 46.273662], [15.552467, 46.277744]]]}}, {"type": "Feature", "properties": {"featurecla": "Admin-1 states provinces", "scalerank": 10, "adm1_code": "SVN-272", "diss_me": 272, "iso_3166_2": "SI-168", "wikipedia": null, "iso_a2": "SI", "adm0_sr": 1, "name": "Markovci", "name_alt": null, "name_local": null, "type": "Opcine", "type_en": "Commune|Municipality", "code_local": null, "code_hasc": "SI.PD.MK", "note": null, "hasc_maybe": null, "region": "Podravska", "region_cod": null, "provnum_ne": 43, "gadm_level": 2, "check_me": 10, "datarank": 8, "abbrev": null, "postal": "MK", "area_sqkm": 0, "sameascity": -99, "labelrank": 10, "name_len": 8, "mapcolor9": 2, "mapcolor13": 12, "fips": "SI00", "fips_alt": "SIJ3", "woe_id": -55848377, "woe_label": null, "woe_name": null, "latitude": 46.3928, "longitude": 15.9513, "sov_a3": "SVN", "adm0_a3": "SVN", "adm0_label": 2, "admin": "Slovenia", "geonunit": "Slovenia", "gu_a3": "SVN", "gn_id": 3344925, "gn_name": "Obcina Markovci", "gns_id": 9123442, "gns_name": "Markovci, Obcina", "gn_level": 1, "gn_region": null, "gn_a1_code": "SI.J3", "region_sub": null, "sub_code": null, "gns_level": 1, "gns_lang": "kat", "gns_adm1": "SI72", "gns_region": null, "min_label": 11, "max_label": 11, "min_zoom": 11, "wikidataid": "Q1008095", "name_ar": "\u0628\u0644\u062f\u064a\u0629 \u0645\u0627\u0631\u0643\u0648\u0641\u062a\u0634\u064a", "name_bn": "\u09ae\u09be\u09b0\u09cd\u0995\u09cb\u09ad\u09b8\u09bf \u09aa\u09cc\u09b0\u09b8\u09ad\u09be", "name_de": "Markovci", "name_en": "Markovci", "name_es": "Municipalidad del Markovci", "name_fr": "Markovci", "name_el": "\u039c\u03b1\u03c1\u03ba\u03cc\u03b2\u03c4\u03c3\u03b9", "name_hi": "\u092e\u0930\u094d\u0915\u094b\u0935\u094d\u0938\u0940 \u0928\u0917\u0930\u092a\u093e\u0932\u093f\u0915\u093e", "name_hu": "Markovci k\u00f6zs\u00e9g", "name_id": "Markovci", "name_it": "Markovci", "name_ja": "\u30de\u30eb\u30b3\u30d5\u30c4\u30a3", "name_ko": "\ub9c8\ub974\ucf54\uc6b0\uce58", "name_nl": "Markovci", "name_pl": "Gmina Markovci", "name_pt": "Markovci", "name_ru": "\u041c\u0430\u0440\u043a\u043e\u0432\u0446\u044b", "name_sv": "Markovci", "name_tr": "Markovici Beledyesi", "name_vi": "Markovci", "name_zh": "\u9a6c\u5c14\u79d1\u592b\u9f50", "ne_id": 1159309553, "name_he": "\u05de\u05d7\u05d5\u05d6 \u05de\u05e8\u05dc\u05d1\u05d5\u05e8\u05d5", "name_uk": "\u041c\u0430\u0440\u043a\u043e\u0432\u0446\u0456", "name_ur": "\u0645\u0631\u06a9\u0648\u0648\u06a9\u06cc \u0645\u06cc\u0648\u0646\u0633\u067e\u0644\u0679\u06cc", "name_fa": "\u0634\u0647\u0631\u062f\u0627\u0631\u06cc \u0645\u0627\u0631\u06a9\u0648\u0641\u0686\u06cc", "name_zht": "\u9a6c\u5c14\u79d1\u592b\u9f50", "FCLASS_ISO": null, "FCLASS_US": null, "FCLASS_FR": null, "FCLASS_RU": null, "FCLASS_ES": null, "FCLASS_CN": null, "FCLASS_TW": null, "FCLASS_IN": null, "FCLASS_NP": null, "FCLASS_PK": null, "FCLASS_DE": null, "FCLASS_GB": null, "FCLASS_BR": null, "FCLASS_IL": null, "FCLASS_PS": null, "FCLASS_SA": null, "FCLASS_EG": null, "FCLASS_MA": null, "FCLASS_PT": null, "FCLASS_AR": null, "FCLASS_JP": null, "FCLASS_KO": null, "FCLASS_VN": null, "FCLASS_TR": null, "FCLASS_ID": null, "FCLASS_PL": null, "FCLASS_GR": null, "FCLASS_IT": null, "FCLASS_NL": null, "FCLASS_SE": null, "FCLASS_BD": null, "FCLASS_UA": null, "FCLASS_TLC": null}, "bbox": [15.904074, 46.361899, 15.998435, 46.420526], "geometry": {"type": "Polygon", "coordinates": [[[15.969289, 46.361899], [15.951254, 46.365852], [15.942572, 46.369573], [15.936371, 46.380735], [15.935131, 46.383397], [15.928465, 46.386885], [15.904074, 46.393603], [15.935441, 46.407297], [15.939162, 46.410501], [15.942883, 46.414222], [15.943038, 46.420526], [15.983087, 46.41665], [15.987893, 46.402594], [15.988668, 46.393758], [15.996729, 46.381252], [15.998125, 46.376084], [15.998435, 46.373035], [15.988823, 46.365852], [15.985567, 46.364276], [15.977351, 46.362209], [15.969289, 46.361899]]]}}, {"type": "Feature", "properties": {"featurecla": "Admin-1 states provinces", "scalerank": 10, "adm1_code": "SVN-956", "diss_me": 956, "iso_3166_2": "SI-045", "wikipedia": null, "iso_a2": "SI", "adm0_sr": 1, "name": "Kidricevo", "name_alt": null, "name_local": null, "type": "Opcine", "type_en": "Commune|Municipality", "code_local": null, "code_hasc": "SI.PD.KI", "note": null, "hasc_maybe": null, "region": "Podravska", "region_cod": null, "provnum_ne": 42, "gadm_level": 2, "check_me": 0, "datarank": 8, "abbrev": null, "postal": "KI", "area_sqkm": 0, "sameascity": -99, "labelrank": 10, "name_len": 9, "mapcolor9": 2, "mapcolor13": 12, "fips": "SI45", "fips_alt": null, "woe_id": -55848377, "woe_label": null, "woe_name": null, "latitude": 46.3982, "longitude": 15.7544, "sov_a3": "SVN", "adm0_a3": "SVN", "adm0_label": 2, "admin": "Slovenia", "geonunit": "Slovenia", "gu_a3": "SVN", "gn_id": 3239227, "gn_name": "Obcina Kidricevo", "gns_id": 243934, "gns_name": "Kidricevo, Obcina", "gn_level": 1, "gn_region": null, "gn_a1_code": "SI.45", "region_sub": null, "sub_code": null, "gns_level": 1, "gns_lang": "slv", "gns_adm1": "SI45", "gns_region": null, "min_label": 11, "max_label": 11, "min_zoom": 11, "wikidataid": "Q776770", "name_ar": "\u0628\u0644\u062f\u064a\u0629 \u0643\u064a\u062f\u0631\u064a\u062a\u0634\u064a\u0641\u0648", "name_bn": "\u0995\u09bf\u09a6\u09cd\u09b0\u09bf\u099a\u09c7\u09ad\u09cb \u09aa\u09cc\u09b0\u09b8\u09ad\u09be", "name_de": "Kidri\u010devo", "name_en": "Kidri\u010devo", "name_es": "Municipalidad del Kidri\u010devo", "name_fr": "Kidri\u010devo", "name_el": "\u039a\u03b9\u03bd\u03c4\u03c1\u03b9\u03c4\u03c3\u03ad\u03b2\u03bf", "name_hi": "\u0915\u093f\u0921\u094d\u0930\u093f\u091a\u0947\u0935\u094b \u0928\u0917\u0930 \u092a\u093e\u0932\u093f\u0915\u093e", "name_hu": "Kidri\u010devo k\u00f6zs\u00e9g", "name_id": "Kidri\u010devo", "name_it": "Kidri\u010devo", "name_ja": "\u30ad\u30c9\u30ea\u30c1\u30a7\u30f4\u30a9", "name_ko": "\ud0a4\ub4dc\ub9ac\uccb4\ubcf4", "name_nl": "Kidri\u010devo", "name_pl": "Gmina Kidri\u010devo", "name_pt": "Kidri\u010devo", "name_ru": "\u041a\u0438\u0434\u0440\u0438\u0447\u0435\u0432\u043e", "name_sv": "Kidricevo", "name_tr": "Kidricevo Belediyesi", "name_vi": "\u0110\u00f4 th\u1ecb t\u1ef1 tr\u1ecb Kidricevo", "name_zh": "\u57fa\u5fb7\u91cc\u5207\u6c83", "ne_id": 1159310705, "name_he": "\u05e7\u05d9\u05d3\u05e8\u05d9\u05e6'\u05d1\u05d5", "name_uk": "\u041a\u0438\u0434\u0440\u0438\u0447\u0435\u0432\u043e", "name_ur": "\u06a9\u06cc\u062f\u0631\u06cc\u06a9\u06cc\u0648\u0648 \u0645\u06cc\u0648\u0646\u0633\u067e\u0644\u0679\u06cc", "name_fa": "\u0634\u0647\u0631\u062f\u0627\u0631\u06cc \u06a9\u06cc\u062f\u0631\u06cc\u0686\u0648\u0648", "name_zht": "\u57fa\u5fb7\u91cc\u5207\u6c83", "FCLASS_ISO": null, "FCLASS_US": null, "FCLASS_FR": null, "FCLASS_RU": null, "FCLASS_ES": null, "FCLASS_CN": null, "FCLASS_TW": null, "FCLASS_IN": null, "FCLASS_NP": null, "FCLASS_PK": null, "FCLASS_DE": null, "FCLASS_GB": null, "FCLASS_BR": null, "FCLASS_IL": null, "FCLASS_PS": null, "FCLASS_SA": null, "FCLASS_EG": null, "FCLASS_MA": null, "FCLASS_PT": null, "FCLASS_AR": null, "FCLASS_JP": null, "FCLASS_KO": null, "FCLASS_VN": null, "FCLASS_TR": null, "FCLASS_ID": null, "FCLASS_PL": null, "FCLASS_GR": null, "FCLASS_IT": null, "FCLASS_NL": null, "FCLASS_SE": null, "FCLASS_BD": null, "FCLASS_UA": null, "FCLASS_TLC": null}, "bbox": [15.677369, 46.354949, 15.831468, 46.434789], "geometry": {"type": "Polygon", "coordinates": [[[15.687498, 46.408615], [15.734471, 46.428329], [15.752196, 46.432386], [15.76987, 46.431016], [15.782272, 46.434789], [15.800462, 46.431585], [15.831468, 46.394791], [15.824647, 46.371563], [15.821236, 46.366059], [15.818756, 46.359134], [15.802478, 46.354949], [15.784288, 46.361124], [15.769095, 46.363424], [15.68078, 46.367687], [15.677989, 46.375361], [15.682382, 46.380012], [15.685482, 46.38735], [15.683725, 46.392466], [15.685172, 46.395463], [15.685172, 46.396652], [15.679229, 46.400191], [15.677369, 46.402336], [15.687498, 46.408615]]]}}, {"type": "Feature", "properties": {"featurecla": "Admin-1 states provinces", "scalerank": 10, "adm1_code": "SVN-1040", "diss_me": 1040, "iso_3166_2": "SI-024", "wikipedia": null, "iso_a2": "SI", "adm0_sr": 1, "name": "Dornava", "name_alt": null, "name_local": null, "type": "Opcine", "type_en": "Commune|Municipality", "code_local": null, "code_hasc": "SI.PD.DO", "note": null, "hasc_maybe": null, "region": "Podravska", "region_cod": null, "provnum_ne": 41, "gadm_level": 2, "check_me": 11, "datarank": 8, "abbrev": null, "postal": "DO", "area_sqkm": 0, "sameascity": -99, "labelrank": 10, "name_len": 7, "mapcolor9": 2, "mapcolor13": 12, "fips": "SI24", "fips_alt": null, "woe_id": -55848377, "woe_label": null, "woe_name": null, "latitude": 46.4406, "longitude": 15.9915, "sov_a3": "SVN", "adm0_a3": "SVN", "adm0_label": 2, "admin": "Slovenia", "geonunit": "Slovenia", "gu_a3": "SVN", "gn_id": 3239248, "gn_name": "Obcina Dornava", "gns_id": 243983, "gns_name": "Dornava, Obcina", "gn_level": 1, "gn_region": null, "gn_a1_code": "SI.24", "region_sub": null, "sub_code": null, "gns_level": 1, "gns_lang": "slv", "gns_adm1": "SI24", "gns_region": null, "min_label": 11, "max_label": 11, "min_zoom": 11, "wikidataid": "Q1003969", "name_ar": "\u0628\u0644\u062f\u064a\u0629 \u062f\u0648\u0631\u0646\u0627\u0641\u0627", "name_bn": "\u09a1\u09b0\u09a8\u09be\u09ad\u09be \u09aa\u09cc\u09b0\u09b8\u09ad\u09be", "name_de": "Dornava", "name_en": "Dornava", "name_es": "Municipalidad del Dornava", "name_fr": "Dornava", "name_el": "\u039d\u03c4\u03bf\u03c1\u03bd\u03ac\u03b2\u03b1", "name_hi": "\u0921\u094b\u0930\u0928\u093e\u0935\u093e \u0928\u0917\u0930\u092a\u093e\u0932\u093f\u0915\u093e", "name_hu": "Dornava k\u00f6zs\u00e9g", "name_id": "Dornava", "name_it": "Dornava", "name_ja": "\u30c9\u30eb\u30ca\u30f4\u30a1", "name_ko": "\ub3c4\ub974\ub098\ubc14", "name_nl": "Dornava", "name_pl": "Gmina Dornava", "name_pt": "Dornava", "name_ru": "\u0414\u043e\u0440\u043d\u0430\u0432\u0430", "name_sv": "Dornava", "name_tr": "Dornava Beledyesi", "name_vi": "\u0110\u00f4 th\u1ecb t\u1ef1 tr\u1ecb Dornava", "name_zh": "\u591a\u5c14\u7eb3\u74e6", "ne_id": 1159310885, "name_he": "\u05d3\u05d5\u05e8\u05e0\u05d1\u05d4", "name_uk": "\u0414\u043e\u0440\u043d\u0430\u0432\u0430", "name_ur": "\u062f\u0648\u0631\u0646\u0627\u0648\u0627 \u0645\u06cc\u0648\u0646\u0633\u067e\u0644\u0679\u06cc", "name_fa": "\u0634\u0647\u0631\u062f\u0627\u0631\u06cc \u062f\u0648\u0631\u0646\u0627\u0648\u0627", "name_zht": "\u591a\u723e\u7d0d\u74e6", "FCLASS_ISO": null, "FCLASS_US": null, "FCLASS_FR": null, "FCLASS_RU": null, "FCLASS_ES": null, "FCLASS_CN": null, "FCLASS_TW": null, "FCLASS_IN": null, "FCLASS_NP": null, "FCLASS_PK": null, "FCLASS_DE": null, "FCLASS_GB": null, "FCLASS_BR": null, "FCLASS_IL": null, "FCLASS_PS": null, "FCLASS_SA": null, "FCLASS_EG": null, "FCLASS_MA": null, "FCLASS_PT": null, "FCLASS_AR": null, "FCLASS_JP": null, "FCLASS_KO": null, "FCLASS_VN": null, "FCLASS_TR": null, "FCLASS_ID": null, "FCLASS_PL": null, "FCLASS_GR": null, "FCLASS_IT": null, "FCLASS_NL": null, "FCLASS_SE": null, "FCLASS_BD": null, "FCLASS_UA": null, "FCLASS_TLC": null}, "bbox": [15.943038, 46.41665, 16.040034, 46.490703], "geometry": {"type": "Polygon", "coordinates": [[[16.026082, 46.432308], [16.011922, 46.434944], [15.995489, 46.42882], [15.991303, 46.425539], [15.983087, 46.41665], [15.943038, 46.420526], [15.953114, 46.450963], [15.977196, 46.446313], [15.996729, 46.458663], [16.004016, 46.466621], [16.008357, 46.473753], [16.020966, 46.490703], [16.040034, 46.468637], [16.039104, 46.449258], [16.026082, 46.432308]]]}}, {"type": "Feature", "properties": {"featurecla": "Admin-1 states provinces", "scalerank": 10, "adm1_code": "SVN-266", "diss_me": 266, "iso_3166_2": "SI-166", "wikipedia": null, "iso_a2": "SI", "adm0_sr": 1, "name": "Kri\u017eevci", "name_alt": null, "name_local": null, "type": "Opcine", "type_en": "Commune|Municipality", "code_local": null, "code_hasc": "SI.PM.KR", "note": null, "hasc_maybe": null, "region": "Pomurska", "region_cod": null, "provnum_ne": 39, "gadm_level": 2, "check_me": 10, "datarank": 8, "abbrev": null, "postal": "KR", "area_sqkm": 0, "sameascity": -99, "labelrank": 10, "name_len": 8, "mapcolor9": 2, "mapcolor13": 12, "fips": "SI00", "fips_alt": "SII1", "woe_id": -55848365, "woe_label": null, "woe_name": null, "latitude": 46.5723, "longitude": 16.1282, "sov_a3": "SVN", "adm0_a3": "SVN", "adm0_label": 2, "admin": "Slovenia", "geonunit": "Slovenia", "gu_a3": "SVN", "gn_id": 3344932, "gn_name": "Obcina Krizevci", "gns_id": 9123452, "gns_name": "Krizevci, Obcina", "gn_level": 1, "gn_region": null, "gn_a1_code": "SI.I1", "region_sub": null, "sub_code": null, "gns_level": 1, "gns_lang": "kat", "gns_adm1": "SI72", "gns_region": null, "min_label": 11, "max_label": 11, "min_zoom": 11, "wikidataid": "Q999563", "name_ar": "\u0628\u0644\u062f\u064a\u0629 \u0643\u0631\u064a\u062c\u064a\u0641\u062a\u0633\u064a", "name_bn": "\u0995\u09cd\u09b0\u09bf\u099c\u09c7\u09ad\u099a\u09bf \u09aa\u09cc\u09b0\u09b8\u09ad\u09be", "name_de": "Kri\u017eevci", "name_en": "Kri\u017eevci", "name_es": "Municipalidad del Kri\u017eevci", "name_fr": "Kri\u017eevci", "name_el": "\u039a\u03c1\u03b9\u03b6\u03ad\u03b2\u03ba\u03b9", "name_hi": "\u0915\u094d\u0930\u093f\u091c\u093c\u0947\u0935\u094d\u0915\u0940 \u0928\u0917\u0930 \u092a\u093e\u0932\u093f\u0915\u093e", "name_hu": "Kri\u017eevci", "name_id": "Kri\u017eevci", "name_it": "Kri\u017eevci", "name_ja": "\u30af\u30ea\u30b8\u30a7\u30d5\u30c4\u30a3", "name_ko": "\ud06c\ub9ac\uc81c\uc6b0\uce58", "name_nl": "Kri\u017eevci", "name_pl": "Gmina Kri\u017eevci", "name_pt": "Kri\u017eevci", "name_ru": "\u041a\u0440\u0438\u0436\u0435\u0432\u0446\u0438", "name_sv": "Krizevci", "name_tr": "Krizevci Belediyesi", "name_vi": "\u0110\u00f4 th\u1ecb t\u1ef1 tr\u1ecb Krizevci", "name_zh": "\u514b\u91cc\u71b1\u592b\u9f4a", "ne_id": 1159308691, "name_he": "\u05e7\u05e8\u05d9\u05d6'\u05d1\u05e6'\u05d9", "name_uk": "\u041a\u0440\u0438\u0436\u0435\u0432\u0446\u0456", "name_ur": "\u06a9\u0631\u06cc\u0632\u06cc\u0648\u06a9\u06cc \u0645\u06cc\u0648\u0646\u0633\u067e\u0644\u0679\u06cc", "name_fa": "\u06a9\u0631\u06cc\u0632\u0648\u0633\u06cc", "name_zht": "\u514b\u91cc\u71b1\u592b\u9f4a", "FCLASS_ISO": null, "FCLASS_US": null, "FCLASS_FR": null, "FCLASS_RU": null, "FCLASS_ES": null, "FCLASS_CN": null, "FCLASS_TW": null, "FCLASS_IN": null, "FCLASS_NP": null, "FCLASS_PK": null, "FCLASS_DE": null, "FCLASS_GB": null, "FCLASS_BR": null, "FCLASS_IL": null, "FCLASS_PS": null, "FCLASS_SA": null, "FCLASS_EG": null, "FCLASS_MA": null, "FCLASS_PT": null, "FCLASS_AR": null, "FCLASS_JP": null, "FCLASS_KO": null, "FCLASS_VN": null, "FCLASS_TR": null, "FCLASS_ID": null, "FCLASS_PL": null, "FCLASS_GR": null, "FCLASS_IT": null, "FCLASS_NL": null, "FCLASS_SE": null, "FCLASS_BD": null, "FCLASS_UA": null, "FCLASS_TLC": null}, "bbox": [16.077758, 46.525429, 16.178734, 46.623873], "geometry": {"type": "Polygon", "coordinates": [[[16.110314, 46.623873], [16.120391, 46.619119], [16.160802, 46.605889], [16.150053, 46.601239], [16.136411, 46.603099], [16.137496, 46.595012], [16.138116, 46.593074], [16.144162, 46.585038], [16.155479, 46.578191], [16.158425, 46.568527], [16.176718, 46.560052], [16.173928, 46.554058], [16.175788, 46.552043], [16.178734, 46.549975], [16.178424, 46.547547], [16.177183, 46.545015], [16.176098, 46.541914], [16.175013, 46.535739], [16.173928, 46.532948], [16.170672, 46.530261], [16.166021, 46.527755], [16.154084, 46.525429], [16.142767, 46.525843], [16.122251, 46.529021], [16.097757, 46.53902], [16.077758, 46.541862], [16.08923, 46.564083], [16.090315, 46.569638], [16.079308, 46.593151], [16.095586, 46.60744], [16.112019, 46.608008], [16.105198, 46.617207], [16.110314, 46.623873]]]}}, {"type": "Feature", "properties": {"featurecla": "Admin-1 states provinces", "scalerank": 10, "adm1_code": "SVN-1042", "diss_me": 1042, "iso_3166_2": "SI-042", "wikipedia": null, "iso_a2": "SI", "adm0_sr": 1, "name": "Jur\u0161inci", "name_alt": null, "name_local": null, "type": "Opcine", "type_en": "Commune|Municipality", "code_local": null, "code_hasc": "SI.PD.DO", "note": null, "hasc_maybe": null, "region": "Podravska", "region_cod": null, "provnum_ne": 37, "gadm_level": 2, "check_me": 10, "datarank": 8, "abbrev": null, "postal": "DO", "area_sqkm": 0, "sameascity": -99, "labelrank": 10, "name_len": 8, "mapcolor9": 2, "mapcolor13": 12, "fips": "SI42", "fips_alt": "SI24", "woe_id": -55848377, "woe_label": null, "woe_name": null, "latitude": 46.4841, "longitude": 15.9822, "sov_a3": "SVN", "adm0_a3": "SVN", "adm0_label": 2, "admin": "Slovenia", "geonunit": "Slovenia", "gu_a3": "SVN", "gn_id": 3239251, "gn_name": "Obcina Jursinci", "gns_id": 243986, "gns_name": "Jursinci, Obcina", "gn_level": 1, "gn_region": null, "gn_a1_code": "SI.42", "region_sub": null, "sub_code": null, "gns_level": 1, "gns_lang": "slv", "gns_adm1": "SI42", "gns_region": null, "min_label": 11, "max_label": 11, "min_zoom": 11, "wikidataid": "Q1003984", "name_ar": "\u0628\u0644\u062f\u064a\u0629 \u064a\u0648\u0631\u0634\u064a\u0646\u062a\u0633\u064a", "name_bn": "\u099c\u09c1\u09b0\u09b8\u09bf\u099e\u09cd\u099a\u09bf \u09aa\u09cc\u09b0\u09b8\u09ad\u09be", "name_de": "Jur\u0161inci", "name_en": "Jur\u0161inci", "name_es": "Jur\u0161inci", "name_fr": "Jur\u0161inci", "name_el": "\u03a4\u03b6\u03bf\u03c5\u03c1\u03c3\u03af\u03bd\u03ba\u03b9", "name_hi": "\u091c\u0941\u0930\u094d\u0938\u093f\u0902\u0915\u0940 \u0928\u0917\u0930\u092a\u093e\u0932\u093f\u0915\u093e", "name_hu": "Jur\u0161inci k\u00f6zs\u00e9g", "name_id": "Jur\u0161inci", "name_it": "Jur\u0161inci", "name_ja": "\u30e6\u30eb\u30b7\u30f3\u30c4\u30a3", "name_ko": "\uc720\ub974\uc2e0\uce58", "name_nl": "Jur\u0161inci", "name_pl": "Gmina Jur\u0161inci", "name_pt": "Jur\u0161inci", "name_ru": "\u042e\u0440\u0448\u0438\u043d\u0446\u0438", "name_sv": "Jur\u0161inci", "name_tr": "Jursinca Belediyesi", "name_vi": "Jur\u0161inci", "name_zh": "\u5c24\u5c14\u6b23\u9f50", "ne_id": 1159310891, "name_he": "\u05d2'\u05d5\u05e8\u05e9\u05d9\u05e0\u05e6'\u05d9", "name_uk": "\u042e\u0440\u0448\u0438\u043d\u0446\u0456", "name_ur": "\u062c\u0648\u0631\u0633\u06cc\u0646\u06a9\u06cc \u0645\u06cc\u0648\u0646\u0633\u067e\u0644\u0679\u06cc", "name_fa": "\u0634\u0647\u0631\u062f\u0627\u0631\u06cc \u062c\u0648\u0631\u0686\u06cc\u0646\u0686\u06cc", "name_zht": "\u5c24\u5c14\u6b23\u9f50", "FCLASS_ISO": null, "FCLASS_US": null, "FCLASS_FR": null, "FCLASS_RU": null, "FCLASS_ES": null, "FCLASS_CN": null, "FCLASS_TW": null, "FCLASS_IN": null, "FCLASS_NP": null, "FCLASS_PK": null, "FCLASS_DE": null, "FCLASS_GB": null, "FCLASS_BR": null, "FCLASS_IL": null, "FCLASS_PS": null, "FCLASS_SA": null, "FCLASS_EG": null, "FCLASS_MA": null, "FCLASS_PT": null, "FCLASS_AR": null, "FCLASS_JP": null, "FCLASS_KO": null, "FCLASS_VN": null, "FCLASS_TR": null, "FCLASS_ID": null, "FCLASS_PL": null, "FCLASS_GR": null, "FCLASS_IT": null, "FCLASS_NL": null, "FCLASS_SE": null, "FCLASS_BD": null, "FCLASS_UA": null, "FCLASS_TLC": null}, "bbox": [15.943503, 46.446313, 16.020966, 46.524396], "geometry": {"type": "Polygon", "coordinates": [[[15.947223, 46.487163], [15.949549, 46.501632], [15.954665, 46.506102], [15.962158, 46.510908], [15.97146, 46.513931], [15.983242, 46.519254], [16.007426, 46.524396], [16.020345, 46.511296], [16.014093, 46.507549], [16.020966, 46.490703], [16.008357, 46.473753], [16.004016, 46.466621], [15.996729, 46.458663], [15.977196, 46.446313], [15.953114, 46.450963], [15.943503, 46.460007], [15.944278, 46.480522], [15.947223, 46.487163]]]}}, {"type": "Feature", "properties": {"featurecla": "Admin-1 states provinces", "scalerank": 10, "adm1_code": "SVN-984", "diss_me": 984, "iso_3166_2": "SI-109", "wikipedia": null, "iso_a2": "SI", "adm0_sr": 1, "name": "Semic", "name_alt": null, "name_local": null, "type": "Opcine", "type_en": "Commune|Municipality", "code_local": null, "code_hasc": "SI.DO.SM", "note": null, "hasc_maybe": null, "region": "Jugovzhodna Slovenija", "region_cod": null, "provnum_ne": 34, "gadm_level": 2, "check_me": 0, "datarank": 8, "abbrev": null, "postal": "SM", "area_sqkm": 0, "sameascity": -99, "labelrank": 10, "name_len": 5, "mapcolor9": 2, "mapcolor13": 12, "fips": "SIB1", "fips_alt": null, "woe_id": -55848345, "woe_label": null, "woe_name": null, "latitude": 45.6477, "longitude": 15.161, "sov_a3": "SVN", "adm0_a3": "SVN", "adm0_label": 2, "admin": "Slovenia", "geonunit": "Slovenia", "gu_a3": "SVN", "gn_id": 3239195, "gn_name": "Obcina Semic", "gns_id": 243877, "gns_name": "Semic, Obcina", "gn_level": 1, "gn_region": null, "gn_a1_code": "SI.B1", "region_sub": null, "sub_code": null, "gns_level": 1, "gns_lang": "slv", "gns_adm1": "SI20", "gns_region": null, "min_label": 11, "max_label": 11, "min_zoom": 11, "wikidataid": "Q1587704", "name_ar": "\u0628\u0644\u062f\u064a\u0629 \u0633\u064a\u0645\u064a\u062a\u0634", "name_bn": "\u09b8\u09c7\u09ae\u09bf\u0995 \u09aa\u09cc\u09b0\u09b8\u09ad\u09be", "name_de": "Semi\u010d", "name_en": "Semi\u010d", "name_es": "Municipalidad Semi\u010d", "name_fr": "Municipalit\u00e9 de Semi\u010d", "name_el": "\u03a3\u03b5\u03bc\u03af\u03c4\u03c2", "name_hi": "\u0938\u0947\u092e\u093f\u0915 \u0928\u0917\u0930\u092a\u093e\u0932\u093f\u0915\u093e", "name_hu": "Semi\u010d k\u00f6zs\u00e9g", "name_id": "Semi\u010d", "name_it": "Semi\u010d", "name_ja": "\u30bb\u30df\u30c1", "name_ko": "\uc138\ubbf8\uce58", "name_nl": "Semi\u010d", "name_pl": "Gmina Semi\u010d", "name_pt": "Semi\u010d", "name_ru": "\u0421\u0435\u043c\u0438\u0447", "name_sv": "Semic", "name_tr": "Semic Belediyesi", "name_vi": "\u0110\u00f4 th\u1ecb t\u1ef1 tr\u1ecb Semic", "name_zh": "\u8cfd\u7c73\u5947", "ne_id": 1159310769, "name_he": "\u05e1\u05de\u05d9", "name_uk": "\u0421\u0435\u043c\u0438\u0447", "name_ur": "\u0633\u06cc\u0645\u06cc\u06a9 \u0645\u06cc\u0648\u0646\u0633\u067e\u0644\u0679\u06cc", "name_fa": "\u0634\u0647\u0631\u062f\u0627\u0631\u06cc \u0633\u0645\u06cc\u0686", "name_zht": "\u8cfd\u7c73\u5947", "FCLASS_ISO": null, "FCLASS_US": null, "FCLASS_FR": null, "FCLASS_RU": null, "FCLASS_ES": null, "FCLASS_CN": null, "FCLASS_TW": null, "FCLASS_IN": null, "FCLASS_NP": null, "FCLASS_PK": null, "FCLASS_DE": null, "FCLASS_GB": null, "FCLASS_BR": null, "FCLASS_IL": null, "FCLASS_PS": null, "FCLASS_SA": null, "FCLASS_EG": null, "FCLASS_MA": null, "FCLASS_PT": null, "FCLASS_AR": null, "FCLASS_JP": null, "FCLASS_KO": null, "FCLASS_VN": null, "FCLASS_TR": null, "FCLASS_ID": null, "FCLASS_PL": null, "FCLASS_GR": null, "FCLASS_IT": null, "FCLASS_NL": null, "FCLASS_SE": null, "FCLASS_BD": null, "FCLASS_UA": null, "FCLASS_TLC": null}, "bbox": [15.037615, 45.594504, 15.284318, 45.70274], "geometry": {"type": "Polygon", "coordinates": [[[15.171508, 45.68238], [15.184583, 45.683258], [15.190784, 45.684447], [15.228146, 45.70274], [15.236414, 45.702534], [15.238119, 45.700906], [15.250987, 45.681295], [15.264629, 45.673026], [15.274551, 45.663208], [15.284318, 45.650134], [15.283543, 45.643416], [15.279202, 45.638558], [15.271916, 45.637912], [15.268195, 45.636129], [15.264939, 45.632874], [15.261684, 45.625639], [15.258893, 45.621608], [15.253157, 45.618198], [15.248816, 45.614839], [15.244321, 45.612927], [15.24184, 45.610705], [15.238894, 45.609981], [15.236259, 45.608663], [15.233727, 45.608353], [15.225045, 45.608276], [15.206752, 45.61458], [15.188613, 45.617009], [15.173989, 45.617423], [15.15585, 45.610524], [15.150734, 45.606364], [15.147479, 45.60285], [15.146084, 45.600679], [15.141278, 45.598354], [15.133216, 45.596339], [15.105414, 45.594504], [15.073633, 45.601946], [15.056373, 45.606829], [15.037615, 45.631324], [15.04087, 45.651426], [15.045211, 45.65711], [15.06366, 45.675559], [15.072858, 45.682225], [15.084485, 45.686281], [15.102779, 45.684421], [15.12624, 45.681915], [15.156161, 45.683258], [15.171508, 45.68238]]]}}, {"type": "Feature", "properties": {"featurecla": "Admin-1 states provinces", "scalerank": 10, "adm1_code": "SVN-249", "diss_me": 249, "iso_3166_2": "SI-157", "wikipedia": null, "iso_a2": "SI", "adm0_sr": 1, "name": "Dolenjske Toplice", "name_alt": null, "name_local": null, "type": "Statisticna Regije", "type_en": "Statistical Region", "code_local": null, "code_hasc": "SI.DO.DT", "note": null, "hasc_maybe": null, "region": "Jugovzhodna Slovenija", "region_cod": null, "provnum_ne": 33, "gadm_level": 2, "check_me": 10, "datarank": 8, "abbrev": null, "postal": null, "area_sqkm": 0, "sameascity": -99, "labelrank": 10, "name_len": 17, "mapcolor9": 2, "mapcolor13": 12, "fips": "SI00", "fips_alt": "SIG6", "woe_id": -55848372, "woe_label": null, "woe_name": null, "latitude": 45.7205, "longitude": 15.048, "sov_a3": "SVN", "adm0_a3": "SVN", "adm0_label": 2, "admin": "Slovenia", "geonunit": "Slovenia", "gu_a3": "SVN", "gn_id": 3344910, "gn_name": "Obcina Dolenjske Toplice", "gns_id": 9123423, "gns_name": "Dolenjske Toplice, Obcina", "gn_level": 1, "gn_region": null, "gn_a1_code": "SI.G6", "region_sub": null, "sub_code": null, "gns_level": 1, "gns_lang": "kat", "gns_adm1": "SI72", "gns_region": null, "min_label": 11, "max_label": 11, "min_zoom": 11, "wikidataid": "Q1016840", "name_ar": "\u0628\u0644\u062f\u064a\u0629 \u062f\u0648\u0644\u064a\u0646\u064a\u0633\u0643\u064a \u062a\u0648\u0628\u0644\u064a\u0633", "name_bn": "\u09a1\u09b2\u09c7\u09a8\u099c\u09b8\u09cd\u0995 \u099f\u09cb\u09aa\u09b2\u09bf\u09b8 \u09aa\u09cc\u09b0\u09b8\u09ad\u09be", "name_de": "Dolenjske Toplice", "name_en": "Dolenjske Toplice", "name_es": "Municipalidad Dolenjske Toplice", "name_fr": "Dolenjske Toplice", "name_el": "\u039d\u03c4\u03bf\u03bb\u03ad\u03bd\u03c4\u03b6\u03c3\u03ba\u03b5", "name_hi": "\u0921\u094b\u0932\u094d\u0928\u094d\u091c\u0938\u094d\u0915\u0947 \u091f\u0949\u092a\u094d\u0932\u093f\u0938 \u0928\u0917\u0930 \u092a\u093e\u0932\u093f\u0915\u093e", "name_hu": "Dolenjske Toplice k\u00f6zs\u00e9g", "name_id": "Dolenjske Toplice", "name_it": "Dolenjske Toplice", "name_ja": "\u30c9\u30ec\u30fc\u30cb\u30b9\u30b1\u30fb\u30c8\u30d7\u30ea\u30fc\u30c4\u30a7", "name_ko": "\ub3cc\ub80c\uc2a4\ucf00\ud1a0\ud50c\ub9ac\uccb4", "name_nl": "Dolenjske Toplice", "name_pl": "Gmina Dolenjske Toplice", "name_pt": "Dolenjske Toplice", "name_ru": "\u0414\u043e\u043b\u0435\u043d\u044c\u0441\u043a\u0435-\u0422\u043e\u043f\u043b\u0438\u0446\u0435", "name_sv": "Dolenjske Toplice", "name_tr": "Dolenjske Toplice Belediyesi", "name_vi": "Dolenjske Toplice", "name_zh": "\u591a\u840a\u5c3c\u65af\u51f1\u6258\u666e\u5229\u91c7\u93ae", "ne_id": 1159308655, "name_he": null, "name_uk": "\u0414\u043e\u043b\u0435\u043d\u044c\u0441\u044c\u043a\u0435 \u0422\u043e\u043f\u043b\u0438\u0446\u0435", "name_ur": "\u062f\u0648\u0644\u06cc\u0646\u062c\u0633\u06a9\u06cc \u062a\u0648\u067e\u0644\u06cc\u06a9\u06cc \u0645\u06cc\u0648\u0646\u0633\u067e\u0644\u0679\u06cc", "name_fa": "\u062f\u0648\u0644\u0646\u062c\u0633\u06a9 \u062a\u0627\u067e\u0644\u06cc\u0633", "name_zht": "\u591a\u840a\u5c3c\u65af\u51f1\u6258\u666e\u5229\u91c7\u93ae", "FCLASS_ISO": null, "FCLASS_US": null, "FCLASS_FR": null, "FCLASS_RU": null, "FCLASS_ES": null, "FCLASS_CN": null, "FCLASS_TW": null, "FCLASS_IN": null, "FCLASS_NP": null, "FCLASS_PK": null, "FCLASS_DE": null, "FCLASS_GB": null, "FCLASS_BR": null, "FCLASS_IL": null, "FCLASS_PS": null, "FCLASS_SA": null, "FCLASS_EG": null, "FCLASS_MA": null, "FCLASS_PT": null, "FCLASS_AR": null, "FCLASS_JP": null, "FCLASS_KO": null, "FCLASS_VN": null, "FCLASS_TR": null, "FCLASS_ID": null, "FCLASS_PL": null, "FCLASS_GR": null, "FCLASS_IT": null, "FCLASS_NL": null, "FCLASS_SE": null, "FCLASS_BD": null, "FCLASS_UA": null, "FCLASS_TLC": null}, "bbox": [14.971986, 45.631324, 15.124069, 45.784777], "geometry": {"type": "Polygon", "coordinates": [[[15.058079, 45.781082], [15.062885, 45.768369], [15.076114, 45.754313], [15.079369, 45.749146], [15.08061, 45.744159], [15.114251, 45.718373], [15.121072, 45.711732], [15.124069, 45.706823], [15.121899, 45.702379], [15.120039, 45.700467], [15.118437, 45.69858], [15.115956, 45.697004], [15.112856, 45.696022], [15.105724, 45.692767], [15.102779, 45.684421], [15.084485, 45.686281], [15.072858, 45.682225], [15.06366, 45.675559], [15.045211, 45.65711], [15.04087, 45.651426], [15.037615, 45.631324], [15.024592, 45.647498], [15.020096, 45.665017], [14.999891, 45.681786], [14.981132, 45.696591], [14.976637, 45.702895], [14.971986, 45.711577], [14.980202, 45.741446], [14.983613, 45.749172], [14.982063, 45.766302], [14.99648, 45.779738], [15.003612, 45.782374], [15.014981, 45.784777], [15.033429, 45.781211], [15.058079, 45.781082]]]}}, {"type": "Feature", "properties": {"featurecla": "Admin-1 states provinces", "scalerank": 10, "adm1_code": "SVN-248", "diss_me": 248, "iso_3166_2": "SI-179", "wikipedia": null, "iso_a2": "SI", "adm0_sr": 1, "name": "Sodra\u017eica", "name_alt": null, "name_local": null, "type": "Opcine", "type_en": "Commune|Municipality", "code_local": null, "code_hasc": "SI.LJ.SO", "note": null, "hasc_maybe": null, "region": "Jugovzhodna Slovenija", "region_cod": null, "provnum_ne": 32, "gadm_level": 2, "check_me": 10, "datarank": 8, "abbrev": null, "postal": "SO", "area_sqkm": 0, "sameascity": -99, "labelrank": 10, "name_len": 9, "mapcolor9": 2, "mapcolor13": 12, "fips": "SI00", "fips_alt": "SIM1", "woe_id": -55848381, "woe_label": null, "woe_name": null, "latitude": 45.7548, "longitude": 14.6157, "sov_a3": "SVN", "adm0_a3": "SVN", "adm0_label": 2, "admin": "Slovenia", "geonunit": "Slovenia", "gu_a3": "SVN", "gn_id": 3344900, "gn_name": "Obcina Sodrazica", "gns_id": 9123314, "gns_name": "Sodrazica, Obcina", "gn_level": 1, "gn_region": null, "gn_a1_code": "SI.M1", "region_sub": null, "sub_code": null, "gns_level": 1, "gns_lang": "kat", "gns_adm1": "SI72", "gns_region": null, "min_label": 11, "max_label": 11, "min_zoom": 11, "wikidataid": "Q1008079", "name_ar": "\u0628\u0644\u062f\u064a\u0629 \u0633\u0648\u062f\u0631\u0627\u062c\u064a\u062a\u0633\u0627", "name_bn": "\u09b8\u09cb\u09a6\u09cd\u09b0\u09be\u099c\u09bf\u0995\u09be \u09aa\u09cc\u09b0\u09b8\u09ad\u09be", "name_de": "Sodra\u017eica", "name_en": "Sodra\u017eica", "name_es": "Municipalidad del Sodra\u017eica", "name_fr": "Sodra\u017eica", "name_el": "\u03a3\u03bf\u03bd\u03c4\u03c1\u03b1\u03b6\u03af\u03ba\u03b1", "name_hi": "\u0938\u094b\u0926\u094d\u0930\u0947\u091c\u093c\u093f\u0915\u093e \u0928\u0917\u0930\u092a\u093e\u0932\u093f\u0915\u093e", "name_hu": "Sodra\u017eica", "name_id": "Sodra\u017eica", "name_it": "Sodra\u017eica", "name_ja": "\u30bd\u30c9\u30e9\u30b8\u30c4\u30a1", "name_ko": "\uc18c\ub4dc\ub77c\uc9c0\ucc28", "name_nl": "Sodra\u017eica", "name_pl": "Gmina Sodra\u017eica", "name_pt": "Sodra\u017eica", "name_ru": "\u0421\u043e\u0434\u0440\u0430\u0436\u0438\u0446\u0430", "name_sv": "Sodrazica", "name_tr": "Sodrazica Eyaleti", "name_vi": "\u0110\u00f4 th\u1ecb t\u1ef1 tr\u1ecb Sodrazica", "name_zh": "\u7d22\u5fb7\u62c9\u65e5\u5361", "ne_id": 1159308653, "name_he": "\u05e1\u05d5\u05d3\u05e8\u05d6'\u05d9\u05e7\u05d4", "name_uk": "\u0421\u043e\u0434\u0440\u0430\u0436\u0438\u0446\u044f", "name_ur": "\u0633\u0648\u062f\u0631\u0627\u0632\u06cc\u06a9\u0627 \u0645\u06cc\u0648\u0646\u0633\u067e\u0644\u0679\u06cc", "name_fa": "\u0634\u0647\u0631\u062f\u0627\u0631\u06cc \u0633\u0648\u062f\u0631\u0627\u0686\u06cc\u06a9\u0627", "name_zht": "\u7d22\u5fb7\u62c9\u65e5\u5361", "FCLASS_ISO": null, "FCLASS_US": null, "FCLASS_FR": null, "FCLASS_RU": null, "FCLASS_ES": null, "FCLASS_CN": null, "FCLASS_TW": null, "FCLASS_IN": null, "FCLASS_NP": null, "FCLASS_PK": null, "FCLASS_DE": null, "FCLASS_GB": null, "FCLASS_BR": null, "FCLASS_IL": null, "FCLASS_PS": null, "FCLASS_SA": null, "FCLASS_EG": null, "FCLASS_MA": null, "FCLASS_PT": null, "FCLASS_AR": null, "FCLASS_JP": null, "FCLASS_KO": null, "FCLASS_VN": null, "FCLASS_TR": null, "FCLASS_ID": null, "FCLASS_PL": null, "FCLASS_GR": null, "FCLASS_IT": null, "FCLASS_NL": null, "FCLASS_SE": null, "FCLASS_BD": null, "FCLASS_UA": null, "FCLASS_TLC": null}, "bbox": [14.553303, 45.707495, 14.678102, 45.793433], "geometry": {"type": "Polygon", "coordinates": [[[14.564207, 45.790074], [14.586996, 45.793433], [14.599554, 45.785552], [14.609165, 45.781909], [14.613971, 45.780772], [14.62348, 45.779532], [14.643789, 45.774545], [14.663012, 45.772038], [14.668593, 45.770281], [14.675156, 45.767646], [14.678102, 45.759533], [14.677482, 45.750644], [14.663787, 45.723153], [14.657586, 45.714574], [14.646269, 45.707495], [14.634642, 45.720388], [14.629681, 45.724574], [14.619604, 45.728889], [14.598934, 45.729535], [14.576144, 45.735322], [14.569788, 45.752143], [14.569633, 45.759481], [14.566067, 45.766767], [14.553303, 45.781289], [14.564207, 45.790074]]]}}, {"type": "Feature", "properties": {"featurecla": "Admin-1 states provinces", "scalerank": 10, "adm1_code": "SVN-218", "diss_me": 218, "iso_3166_2": "SI-104", "wikipedia": null, "iso_a2": "SI", "adm0_sr": 1, "name": "Ribnica", "name_alt": null, "name_local": null, "type": "Opcine", "type_en": "Commune|Municipality", "code_local": null, "code_hasc": "SI.LJ.RI", "note": null, "hasc_maybe": null, "region": "Jugovzhodna Slovenija", "region_cod": null, "provnum_ne": 31, "gadm_level": 2, "check_me": 0, "datarank": 8, "abbrev": null, "postal": "RI", "area_sqkm": 0, "sameascity": -99, "labelrank": 10, "name_len": 7, "mapcolor9": 2, "mapcolor13": 12, "fips": "SIL1", "fips_alt": null, "woe_id": 55848381, "woe_label": "Ribnica, SI, Slovenia", "woe_name": "Ribnica", "latitude": 45.7413, "longitude": 14.7047, "sov_a3": "SVN", "adm0_a3": "SVN", "adm0_label": 2, "admin": "Slovenia", "geonunit": "Slovenia", "gu_a3": "SVN", "gn_id": 3191679, "gn_name": "Obcina Ribnica", "gns_id": -94372, "gns_name": "Ribnica, Obcina", "gn_level": 1, "gn_region": null, "gn_a1_code": "SI.L1", "region_sub": null, "sub_code": null, "gns_level": 1, "gns_lang": "sqi", "gns_adm1": "SI00", "gns_region": null, "min_label": 11, "max_label": 11, "min_zoom": 11, "wikidataid": "Q15912", "name_ar": "\u0628\u0644\u062f\u064a\u0629 \u0631\u064a\u0628\u0646\u064a\u062a\u0633\u0627", "name_bn": "\u09b0\u09bf\u09ac\u09a8\u09bf\u0995\u09be \u09aa\u09cc\u09b0\u09b8\u09ad\u09be", "name_de": "Ribnica", "name_en": "Ribnica", "name_es": "Ribnica", "name_fr": "Ribnica", "name_el": "\u03a1\u03b9\u03bc\u03c0\u03bd\u03af\u03ba\u03b1", "name_hi": "\u0930\u0940\u092c\u0928\u093f\u0915\u093e \u0928\u0917\u0930 \u092a\u093e\u0932\u093f\u0915\u093e", "name_hu": "Ribnica k\u00f6zs\u00e9g", "name_id": "Ribnica", "name_it": "Ribnica", "name_ja": "\u30ea\u30d6\u30cb\u30c4\u30a1", "name_ko": "\ub9ac\ube0c\ub2c8\ucc28", "name_nl": "Ribnica", "name_pl": "Gmina Ribnica", "name_pt": "Ribnica", "name_ru": "\u0420\u0438\u0431\u043d\u0438\u0446\u0430", "name_sv": "Ribnica", "name_tr": "Ribnica Belediyesi", "name_vi": "\u0110\u00f4 th\u1ecb t\u1ef1 tr\u1ecb Ribnica", "name_zh": "\u91cc\u5e03\u5c3c\u5bdf", "ne_id": 1159308589, "name_he": "\u05e8\u05d9\u05d1\u05e0\u05d9\u05e7\u05d4", "name_uk": "\u0420\u0438\u0431\u043d\u0438\u0446\u044f", "name_ur": "\u0631\u06cc\u0628\u0646\u06cc\u06a9\u0627 \u0645\u06cc\u0648\u0646\u0633\u067e\u0644\u0679\u06cc", "name_fa": "\u0634\u0647\u0631\u062f\u0627\u0631\u06cc \u0631\u06cc\u0628\u0646\u06cc\u06a9\u0627", "name_zht": "\u91cc\u5e03\u5c3c\u5bdf", "FCLASS_ISO": null, "FCLASS_US": null, "FCLASS_FR": null, "FCLASS_RU": null, "FCLASS_ES": null, "FCLASS_CN": null, "FCLASS_TW": null, "FCLASS_IN": null, "FCLASS_NP": null, "FCLASS_PK": null, "FCLASS_DE": null, "FCLASS_GB": null, "FCLASS_BR": null, "FCLASS_IL": null, "FCLASS_PS": null, "FCLASS_SA": null, "FCLASS_EG": null, "FCLASS_MA": null, "FCLASS_PT": null, "FCLASS_AR": null, "FCLASS_JP": null, "FCLASS_KO": null, "FCLASS_VN": null, "FCLASS_TR": null, "FCLASS_ID": null, "FCLASS_PL": null, "FCLASS_GR": null, "FCLASS_IT": null, "FCLASS_NL": null, "FCLASS_SE": null, "FCLASS_BD": null, "FCLASS_UA": null, "FCLASS_TLC": null}, "bbox": [14.586996, 45.63954, 14.822382, 45.817979], "geometry": {"type": "Polygon", "coordinates": [[[14.586996, 45.793433], [14.627821, 45.798342], [14.654486, 45.805163], [14.670454, 45.814181], [14.687714, 45.817979], [14.795872, 45.7431], [14.822382, 45.727855], [14.789361, 45.674112], [14.788276, 45.663466], [14.777837, 45.648687], [14.770706, 45.641866], [14.754738, 45.63954], [14.731794, 45.646982], [14.735204, 45.652149], [14.734584, 45.65556], [14.735204, 45.659487], [14.733034, 45.664216], [14.731174, 45.667316], [14.72058, 45.669771], [14.708022, 45.675559], [14.676552, 45.683103], [14.667198, 45.689408], [14.646269, 45.707495], [14.657586, 45.714574], [14.663787, 45.723153], [14.677482, 45.750644], [14.678102, 45.759533], [14.675156, 45.767646], [14.668593, 45.770281], [14.663012, 45.772038], [14.643789, 45.774545], [14.62348, 45.779532], [14.613971, 45.780772], [14.609165, 45.781909], [14.599554, 45.785552], [14.586996, 45.793433]]]}}, {"type": "Feature", "properties": {"featurecla": "Admin-1 states provinces", "scalerank": 10, "adm1_code": "SVN-989", "diss_me": 989, "iso_3166_2": "SI-121", "wikipedia": null, "iso_a2": "SI", "adm0_sr": 1, "name": "\u0160kocjan", "name_alt": null, "name_local": null, "type": "Opcine", "type_en": "Commune|Municipality", "code_local": null, "code_hasc": "SI.DO.SK", "note": null, "hasc_maybe": null, "region": "Jugovzhodna Slovenija", "region_cod": null, "provnum_ne": 29, "gadm_level": 2, "check_me": 0, "datarank": 8, "abbrev": null, "postal": "SK", "area_sqkm": 0, "sameascity": -99, "labelrank": 10, "name_len": 7, "mapcolor9": 2, "mapcolor13": 12, "fips": "SIB8", "fips_alt": null, "woe_id": -55848372, "woe_label": null, "woe_name": null, "latitude": 45.9221, "longitude": 15.3006, "sov_a3": "SVN", "adm0_a3": "SVN", "adm0_label": 2, "admin": "Slovenia", "geonunit": "Slovenia", "gu_a3": "SVN", "gn_id": 3239199, "gn_name": "Obcina Skocjan", "gns_id": 243884, "gns_name": "Skocjan, Obcina", "gn_level": 1, "gn_region": null, "gn_a1_code": "SI.B8", "region_sub": null, "sub_code": null, "gns_level": 1, "gns_lang": "slv", "gns_adm1": "SI20", "gns_region": null, "min_label": 11, "max_label": 11, "min_zoom": 11, "wikidataid": "Q391800", "name_ar": "\u0628\u0644\u062f\u064a\u0629 \u0634\u0643\u0648\u062a\u0633\u064a\u0627\u0646", "name_bn": "\u09b8\u09cd\u0995\u09cb\u0995\u099c\u09be\u09a8 \u09aa\u09cc\u09b0\u09b8\u09ad\u09be", "name_de": "\u0160kocjan", "name_en": "\u0160kocjan", "name_es": "\u0160kocjan", "name_fr": "\u0160kocjan", "name_el": "\u03a3\u03ba\u03bf\u03ba\u03c4\u03b6\u03ac\u03bd", "name_hi": "\u0938\u094d\u0915\u094b\u0915\u094d\u092f\u0947\u0928 \u0928\u0917\u0930 \u092a\u093e\u0932\u093f\u0915\u093e", "name_hu": "\u0160kocjan", "name_id": "\u0160kocjan", "name_it": "\u0160kocjan", "name_ja": "\u30b7\u30e5\u30b3\u30c4\u30a3\u30a2\u30f3", "name_ko": "\uc288\ucf54\ucc2c", "name_nl": "\u0160kocjan", "name_pl": "Gmina \u0160kocjan", "name_pt": "\u0160kocjan", "name_ru": "\u0428\u043a\u043e\u0446\u044c\u044f\u043d", "name_sv": "Skocjan", "name_tr": "Skocjan Belediyesi", "name_vi": "\u0160kocjan", "name_zh": "\u65af\u79d1\u8328\u63da", "ne_id": 1159310779, "name_he": "\u05e9\u05e7\u05d5\u05e6'\u05d9\u05d0\u05df", "name_uk": "\u0428\u043a\u043e\u0446\u044f\u043d", "name_ur": "\u0633\u06a9\u0648\u06a9\u062c\u0627\u0646 \u0645\u06cc\u0648\u0646\u0633\u067e\u0644\u0679\u06cc", "name_fa": "\u0627\u0633\u06a9\u0648\u0633\u06cc\u0627\u0646", "name_zht": "\u65af\u79d1\u8328\u63da", "FCLASS_ISO": null, "FCLASS_US": null, "FCLASS_FR": null, "FCLASS_RU": null, "FCLASS_ES": null, "FCLASS_CN": null, "FCLASS_TW": null, "FCLASS_IN": null, "FCLASS_NP": null, "FCLASS_PK": null, "FCLASS_DE": null, "FCLASS_GB": null, "FCLASS_BR": null, "FCLASS_IL": null, "FCLASS_PS": null, "FCLASS_SA": null, "FCLASS_EG": null, "FCLASS_MA": null, "FCLASS_PT": null, "FCLASS_AR": null, "FCLASS_JP": null, "FCLASS_KO": null, "FCLASS_VN": null, "FCLASS_TR": null, "FCLASS_ID": null, "FCLASS_PL": null, "FCLASS_GR": null, "FCLASS_IT": null, "FCLASS_NL": null, "FCLASS_SE": null, "FCLASS_BD": null, "FCLASS_UA": null, "FCLASS_TLC": null}, "bbox": [15.238119, 45.864462, 15.363021, 45.957143], "geometry": {"type": "Polygon", "coordinates": [[[15.303748, 45.864462], [15.301733, 45.874875], [15.306074, 45.881231], [15.303128, 45.885313], [15.298167, 45.890455], [15.288504, 45.898517], [15.277652, 45.903839], [15.268505, 45.906914], [15.238584, 45.924355], [15.238119, 45.932132], [15.255173, 45.93854], [15.257033, 45.941589], [15.257343, 45.943914], [15.259668, 45.944999], [15.266025, 45.944767], [15.279357, 45.936163], [15.284008, 45.935749], [15.286644, 45.9404], [15.285093, 45.945465], [15.285403, 45.949082], [15.286488, 45.951821], [15.289641, 45.953836], [15.295687, 45.956058], [15.317081, 45.957143], [15.327158, 45.955852], [15.334599, 45.954198], [15.342506, 45.951407], [15.346381, 45.944483], [15.363021, 45.934768], [15.354185, 45.916448], [15.353254, 45.899524], [15.350619, 45.891695], [15.361006, 45.883737], [15.355735, 45.874099], [15.347983, 45.869862], [15.343901, 45.868312], [15.341421, 45.868493], [15.340025, 45.870818], [15.329483, 45.87472], [15.303748, 45.864462]]]}}]}