46.2001407,13.275322
46.2001699,9.6263731
46.2002276,9.469305
46.2002585,9.8675592
46.2003582,9.5084532
46.2004104,12.9810571
46.2006146,9.9501623
46.200692,12.1990198
46.2006933,10.1606259
46.2007015,9.5200242
46.2008293,12.6132497
46.2009112,11.811778
46.2009323,12.9123283
46.2009669,10.7537394
46.2010072,9.8738793
46.2010998,9.9504126
46.2011104,9.5256378
46.2012877,10.0826582
46.2014024,12.8300752
46.2014682,12.6158255
46.2015046,9.4206016
46.2015462,10.1291617
46.2016087,9.4961345
46.2017956,10.1130239
46.2018022,10.3863267
46.2019726,10.4737399
46.2021007,11.6736656
46.2022554,13.3441514
46.2022973,9.882789
46.2023001,12.6002533
46.2023869,12.6824174
46.2024444,12.2880278
46.2024939,12.8298684
46.2026007,12.6006671
46.2026266,10.5712004
46.2026312,9.4638395
46.202781,11.9315912
46.2029233,9.4188349
46.2029961,12.6136127
46.203032,9.5003847
46.2030659,12.9977589
46.2030866,10.9332706
46.2032599,13.1257519
46.203342,9.9230743
46.2034363,12.6029045
46.2034569,11.9417391
46.2034576,9.462875
46.2034655,12.825748
46.2035777,9.4591547
46.2036832,9.6553186
46.2037539,11.0855087
46.203769,9.864692
46.2037698,11.385233
46.2037934,9.8835529
46.203989,12.7378888
46.2040542,12.8302327
46.2041492,11.6888421
46.2042939,12.7153786
46.2043188,9.6732017
46.2045617,12.6262977
46.2047435,11.9289575
46.2048191,13.355374
46.2049541,11.9296945
46.2049723,9.509932
46.2050729,12.9416312
46.2053037,9.5117926
46.2053472,11.9252448
46.2056451,12.9000758
46.2056688,9.8751147
46.2056873,12.6984586
46.2058048,12.9424493
46.2058891,9.5134881
46.2062198,9.4952311
46.206346,10.0401222
46.2063877,10.1345471
46.2064554,13.2186585
46.2066306,10.2459771
46.2066934,9.5156781
46.2067405,9.4975398
46.2067488,10.8174133
46.2067709,11.2658865
46.2068071,9.6716698
46.2068554,11.9758226
46.2068766,11.3116373
46.2068839,12.9381062
46.2069943,13.3443636
46.2070931,9.9221439
46.2071776,11.2637726
46.2072324,9.4172635
46.207234,12.3831768
46.2073046,10.1338979
46.2073423,11.9371041
46.2075243,11.1282718
46.2075667,9.703962
46.2076687,11.2674123
46.2079424,10.2364361
46.2079522,10.2357918
46.2080053,9.4935864
46.2084047,9.4585471
46.2084524,9.7043619
46.208503,12.9327993
46.2085125,11.0957139
46.2085641,12.9326939
46.2086739,10.8201507
46.2087432,11.0945434
46.2087677,9.7976786
46.2087683,11.6258977
46.2087704,10.3894612
46.2087791,11.2087665
46.2087818,11.3484275
46.208786,12.3028821
46.2087965,10.143064
46.2088049,10.1380599
46.2088701,11.5029239
46.2090479,12.9693788
46.2090981,9.785645
46.209123,13.1259621
46.2092096,11.0893454
46.2092192,11.2250773
46.2092694,11.0410859
46.2092985,9.8742166
46.2096117,12.9076883
46.2098932,12.8527915
46.2099059,11.7049385
46.2099446,10.1502562
46.2100231,10.1984452
46.2101462,12.9607494
46.2103457,12.6281893
46.2103891,10.1692385
46.2104884,9.7880173
46.2106384,11.6852362
46.2107783,9.4499807
46.2107915,9.9791117
46.2108139,10.8231693
46.2108286,11.5655994
46.2108468,12.3844811
46.211007,12.9597578
46.2110934,11.9256716
46.2112178,10.3416516
46.2113695,9.7922174
46.2117693,10.3446431
46.2119001,12.3002259
46.2120318,11.0899811
46.2120574,11.0897743
46.2120675,10.3248624
46.2122215,11.3528185
46.2123954,9.6373765
46.2125341,10.1465765
46.2125441,11.0928612
46.2126477,10.3396167
46.2126771,10.1627502
46.2126836,12.2516163
46.2127255,11.3764021
46.2127713,9.8719072
46.2128108,11.0930124
46.2128143,10.1737927
46.2128213,12.726371
46.2128402,10.3543796
46.2128602,10.3386028
46.2129531,11.0927079
46.2129842,12.3005344
46.2130256,11.0927831
46.2130618,11.1478108
46.2130706,10.1638982
46.2131208,9.6374296
46.2131263,10.1616344
46.213201,11.0879764
46.2132863,11.0931941
46.2133429,9.8715639
46.2135295,10.171519
46.2135575,11.7004718
46.2136044,10.3356879
46.2136456,10.1359788
46.2136942,12.0643846
46.2137256,9.6897614
46.2138143,11.3941807
46.2138144,9.7856168
46.2139585,11.441347
46.2140833,12.9551111
46.2140922,11.0897654
46.2141829,10.1749236
46.2143054,11.323812
46.2143152,13.3632813
46.2144245,13.2251306
46.2144674,11.1134326
46.2146141,10.044965
46.2146219,12.7055979
46.2146697,10.1653952
46.2147085,10.3375241
46.2147298,10.1655869
46.2147421,9.6561926
46.2150159,12.8317523
46.2152482,11.8779083
46.2152542,13.1025471
46.2153444,9.980477
46.2153564,10.1677944
46.2154943,10.1737028
46.215535,9.6944774
46.2155879,10.1671836
46.2156356,11.3278976
46.2157031,11.1946261
46.2157076,11.8581276
46.2157291,10.1746903
46.2157661,10.1713073
46.2158276,10.3586872
46.2158552,10.1670343
46.2159217,11.0877317
46.2159744,10.1750664
46.2161184,10.3282911
46.2161374,11.1180286
46.2161662,10.1760275
46.2162738,11.3202926
46.2163533,12.297383
46.2164028,11.9882734
46.2164159,9.4590379
46.2164413,12.7080084
46.2165342,11.1182012
46.2166931,11.1203591
46.2167326,11.3269348
46.2167451,10.1771516
46.216844,11.034734
46.2168977,10.1538057
46.2169461,12.7101553
46.2169534,11.3276504
46.2170321,11.1081648
46.2170324,11.1033109
46.2170668,11.8782231
46.2171196,11.1191685
46.217132,11.1264907
46.2171871,10.3577302
46.217194,13.1210566
46.217204,11.4917384
46.2172092,11.9881435
46.2172987,11.0462934
46.2173052,11.1254755
46.2174654,10.1602937
46.2174681,12.7078611
46.2174786,11.3246865
46.2175002,10.1765056
46.2175641,10.1816949
46.2176612,10.1199344
46.217811,10.1566066
46.2179187,10.1764981
46.2179223,9.6391538
46.2179269,12.709399
46.2180285,12.7992485
46.218049,10.358324
46.2181025,11.0478428
46.2181044,11.8772112
46.2181839,10.1755879
46.2182142,9.8988737
46.2184189,12.7997399
46.2185471,10.3585889
46.2185738,11.2743608
46.2187054,11.3240911
46.2187353,10.4357428
46.2188466,10.1452835
46.2189969,10.1554445
46.2190604,9.640679
46.2191244,13.134709
46.2191987,11.1031506
46.2192245,10.9378602
46.2194206,11.4883037
46.2194352,9.6373385
46.2194717,10.1521759
46.2195304,10.3591067
46.2195398,11.4900249
46.2196862,11.1212123
46.2197429,11.1917894
46.2197683,11.256714
46.2199065,11.0998112
46.2199506,13.3169203
46.2199665,9.4464894
46.2200595,11.4197131
46.220127,11.2882292
46.2201457,11.8354776
46.2201743,11.0463389
46.2204091,10.1796348
46.220537,10.1452279
46.2206981,11.0460502
46.2207731,10.0540561
46.2208476,9.4571504
46.2208576,11.6924046
46.2208636,9.4571389
46.2208679,9.6863871
46.2208902,9.4479887
46.2209388,11.0370654
46.2209959,11.2934054
46.2210949,10.173133
46.2211093,11.0517621
46.2211114,10.139065
46.2211998,10.1761418
46.2212467,11.0375687
46.2213033,9.4602974
46.2213064,10.2106681
46.2214752,10.3891584
46.2216224,12.7309931
46.2217691,11.3158102
46.221788,10.8282805
46.2219137,12.1886167
46.2220163,10.9617074
46.2220739,9.6389046
46.2221627,12.3087015
46.2223791,10.3983466
46.2224467,10.3572495
46.2225197,10.390662
46.2226168,12.9603902
46.2226693,11.3149303
46.2227042,11.3075455
46.2227663,11.0963516
46.2228891,10.1524928
46.2230028,10.1716427
46.223054,12.7286752
46.2231054,11.8884623
46.2231743,12.7293763
46.2231927,10.7239194
46.2235238,10.2029569
46.2237473,11.9967865
46.2240036,10.3605868
46.2240672,12.9744937
46.2240875,13.0062189
46.2241166,11.2121355
46.2242674,11.1232166
46.2242996,10.2715318
46.2243071,10.129369
46.2244156,13.0053717
46.224618,11.0940581
46.2246511,13.0059632
46.2246682,10.1657667
46.2247786,10.9309181
46.2248254,12.9684512
46.2248291,10.4786757
46.2248348,9.8158395
46.224929,11.218131
46.2249887,10.1637958
46.2249945,10.4745385
46.2250159,9.480042
46.2251145,10.9306441
46.2251362,11.9989851
46.2252722,10.9309518
46.2253205,9.8343002
46.2253684,11.1208649
46.2253768,9.8621705
46.2254926,11.092862
46.2255667,9.6373684
46.2258403,9.6360982
46.2258924,13.4054026
46.226004,12.0020061
46.2262603,11.1226128
46.2262925,12.2622594
46.2263887,9.4470373
46.2263947,11.2123631
46.2265604,10.364673
46.2265629,10.8295805
46.2266326,12.7717306
46.2267035,10.8284214
46.2267223,9.862603
46.2268698,10.8255083
46.2268939,9.6356243
46.2269381,12.9996668
46.2269596,11.3967707
46.22715,9.8374458
46.2271786,10.198212
46.2272403,10.192212
46.2272895,13.4071026
46.2274715,11.7000868
46.2275865,11.070928
46.2277782,11.0949929
46.227867,12.2870225
46.2278681,10.8272721
46.2278902,12.9383446
46.2279883,12.0029644
46.2280118,10.9703801
46.2280629,12.0048926
46.2281221,11.123579
46.2281794,10.8332427
46.228354,10.2603158
46.2283542,12.0040008
46.2283977,12.6068786
46.2284572,11.9566158
46.228463,12.0061244
46.2286109,9.4691446
46.2287498,11.8703653
46.2289497,12.2415335
46.2291699,9.9674413
46.2292749,12.3245118
46.2294918,10.1826295
46.2296705,10.3186324
46.2297094,10.8273421
46.2298858,10.3185446
46.2299554,10.1837327
46.230026,11.2978172
46.2300963,11.3598683
46.2301621,10.3690388
46.2302054,11.611067
46.2302142,12.9291379
46.2302226,10.4090731
46.2302396,11.1032275
46.2302635,11.025285
46.2302801,10.1843561
46.2302885,9.6348798
46.2303352,9.8207776
46.2305222,11.4881376
46.230524,10.8273322
46.2305684,9.6347585
46.2306141,11.2986429
46.2306762,11.4888256
46.2308791,10.8293582
46.2309169,9.8243864
46.2310613,9.8254354
46.2311079,10.1858243
46.2315805,9.4003057
46.2320377,10.2300602
46.2321205,10.187794
46.2321742,10.4020035
46.2323191,9.4740621
46.2323955,10.2283245
46.2324562,11.475635
46.2325579,9.4743144
46.2326226,10.3071895
46.2326628,13.3000125
46.2328113,9.4013052
46.2328293,12.0129738
46.2329931,10.3151093
46.233151,11.9974196
46.2332057,9.8669467
46.2333553,10.3902011
46.2334537,9.8518279
46.2334919,10.8235913
46.23361,10.1417469
46.2337416,10.972707
46.2337821,10.8237179
46.2337824,10.1424909
46.2338202,13.3008402
46.2340408,13.3033893
46.2341096,10.3131657
46.2341635,11.3568174
46.2341781,11.3561132
46.2342696,12.9522799
46.2343161,12.0024447
46.2343179,12.4882954
46.2343535,9.8510929
46.2343686,10.3839662
46.2344395,9.4432216
46.2345278,13.1492222
46.234605,13.3080011
46.2346543,13.1514346
46.2350307,10.3214246
46.2350907,10.1561153
46.2351051,12.9604717
46.2351368,10.1739821
46.2351456,12.961571
46.2354192,11.2061426
46.2354811,11.4197903
46.235554,12.0103916
46.235568,10.9223331
46.2356081,11.0312365
46.2356418,11.0305084
46.2356554,10.3901099
46.2356633,10.406243
46.2358284,12.9613376
46.2358413,9.7902513
46.236023,10.1873928
46.2362144,12.857641
46.2362576,10.4004499
46.2364191,11.3667445
46.2364444,11.0522287
46.2365364,10.4410644
46.2366026,10.2283565
46.236612,11.8900479
46.2367324,9.8372006
46.2367587,12.290134
46.2368925,10.3205455
46.2368925,11.0329952
46.2369926,10.3118597
46.2370067,9.856332
46.2370168,11.0529713
46.2370245,11.0232366
46.2370366,9.8294552
46.2370502,11.7064406
46.2370726,10.8714287
46.2370787,11.5412509
46.2371709,11.5423366
46.2372628,9.7770153
46.2372911,11.7073753
46.2373159,11.0303754
46.2373482,10.2244266
46.2373572,12.8441441
46.2373979,11.0310409
46.2374472,11.2104479
46.2374574,11.2101129
46.2376111,12.896
46.2379262,11.3190812
46.2379454,9.791539
46.2382888,10.4140667
46.2383617,11.2084439
46.238374,9.4730095
46.2384034,9.7823522
46.2385002,9.6325479
46.238518,11.3607538
46.2385849,10.3137506
46.2386599,9.473519
46.2386834,11.212727
46.2387049,11.3505664
46.2387136,9.7998507
46.2387519,12.2438435
46.2389552,11.3636355
46.2389682,11.2156826
46.2389907,11.3602674
46.239088,9.8145328
46.2391073,12.0166777
46.2393081,12.0174543
46.2393568,9.4743856
46.2394168,11.2350167
46.239431,10.3977577
46.2394643,11.0610658
46.2394953,9.8502156
46.239562,10.428087
46.2396304,9.8573085
46.23968,11.212025
46.2397618,11.2189027
46.2397645,12.0175761
46.2398403,11.3248818
46.2399084,11.2088231
46.2399705,11.6158117
46.2400899,9.6282709
46.2401971,10.4009466
46.2402705,10.1328923
46.2402944,9.6270183
46.240361,12.7493021
46.2403697,9.4746404
46.2404459,10.3987653
46.240493,11.3494293
46.2405722,10.3072679
46.2406626,9.8673393
46.2406774,13.1677209
46.2408282,11.8180641
46.2410403,12.0129112
46.2412162,9.628088
46.2414734,10.1616563
46.2415279,11.4549818
46.2415368,9.6303816
46.2415646,9.8489151
46.2416115,9.6289467
46.2416216,12.0900857
46.241702,12.0169834
46.2417221,10.8654387
46.2418701,11.4272082
46.2418976,10.3105791
46.2419375,10.3194465
46.2419705,10.4254494
46.242157,10.1503222
46.2422605,12.7446261
46.2425529,13.2829055
46.2426686,10.4379867
46.2427819,10.1757155
46.2427838,10.1757409
46.2428992,10.3848313
46.2429592,11.0582569
46.2430819,10.4363206
46.2431215,10.3862585
46.2431487,9.8057842
46.2432249,10.4347479
46.243321,11.5556954
46.2434037,12.019484
46.2434948,11.9111765
46.2435673,12.1610815
46.2436093,10.247605
46.2436337,10.3185726
46.24382,13.1640452
46.2439278,10.2450549
46.2440345,11.2059306
46.2440425,11.205982
46.2443437,9.4765848
46.2443615,13.1671944
46.2444467,10.3909508
46.2444964,12.9903396
46.2445013,11.5805574
46.2445021,11.1318063
46.2448267,12.3145097
46.2449275,10.8346417
46.244936,11.8808814
46.2450755,10.2449049
46.245151,10.1308373
46.2452735,13.1893184
46.2453381,9.5974677
46.245387,10.4300522
46.2454194,11.0834321
46.2454639,12.8906801
46.2454764,11.0678336
46.2457671,11.0118431
46.2458067,9.5933094
46.2459485,10.1480969
46.2461385,11.06794
46.2461391,10.2287784
46.2461576,10.3947414
46.2461819,10.3174585
46.2462067,9.8613227
46.2463964,10.3945772
46.246428,11.5243981
46.2464603,11.1091142
46.2466948,10.8560802
46.246718,11.0677126
46.2467474,10.2928354
46.2467584,10.4110789
46.2468196,13.143566
46.2468439,12.1002495
46.2470654,12.022135
46.2471356,10.2960415
46.247152,13.1683918
46.2472107,13.1511462
46.2472503,10.4109093
46.2472889,13.3393065
46.247291,10.317986
46.2475297,10.2955066
46.2476881,10.5341283
46.2477115,10.2476785
46.247721,13.3410383
46.2478425,11.8237385
46.247998,13.1488436
46.2480087,11.3464948
46.2480923,10.3072532
46.2480923,10.7039109
46.2482014,13.3406827
46.2483051,10.3146219
46.2483211,9.8247705
46.2483223,11.0475951
46.2483572,10.2020861
46.2484875,10.4468089
46.2486,10.3140693
46.2486632,10.447835
46.2487173,11.0326056
46.2487396,12.3607457
46.2487422,10.468424
46.2488545,10.4490498
46.2488693,10.4691863
46.248886,10.5282239
46.2488933,11.1669818
46.2489297,10.1176886
46.2491737,10.3068294
46.2492202,9.8718873
46.2492947,11.1727164
46.2493299,10.0063492
46.2493465,11.6971124
46.249359,10.2295379
46.2494092,10.4752946
46.2495378,10.4687888
46.2497258,9.5928533
46.2497263,11.170091
46.2497553,11.3433648
46.2499014,10.9808671
46.2499042,12.0208441
46.2499953,10.2496742
46.2500363,10.5268514
46.2502262,10.3093091
46.2503206,13.1839038
46.2503631,9.8643974
46.2503941,11.1732419
46.2504525,11.3433105
46.2504683,10.4813513
46.2510025,11.4404915
46.2510393,9.8305561
46.2510748,10.4269373
46.2513982,10.9666819
46.2514105,12.0223414
46.2515199,13.1669542
46.2515457,10.4825421
46.2515848,11.1419861
46.2517102,10.2218654
46.2519691,10.3155251
46.2520557,12.9082393
46.2522131,10.4675639
46.252226,10.2404593
46.2525601,11.3557302
46.2525947,11.9776069
46.2526672,13.1703943
46.2527134,10.4698164
46.2528655,9.8601017
46.2528928,9.5920187
46.2531032,11.5842552
46.2531168,11.180748
46.2531301,10.4705292
46.2531701,12.7450975
46.2531958,13.1706223
46.2532001,13.3983855
46.2535074,13.1955747
46.2536297,10.1384701
46.2537592,10.4566529
46.2537757,9.8615493
46.2539023,9.8620905
46.2539941,11.9838175
46.2540125,11.5850008
46.2540316,12.7463333
46.2540914,10.4983552
46.2547118,12.7365489
46.2547537,10.23439
46.2548453,10.6107889
46.2549385,10.5011379
46.2549455,10.0183484
46.2549525,10.5116791
46.2550001,11.9828447
46.2551838,11.5780182
46.2552996,11.6661973
46.2553442,12.7374314
46.2554453,10.1268953
46.2557847,10.12759
46.2558002,9.8660952
46.2558199,11.0938002
46.2559084,9.8650609
46.2559496,13.2831034
46.2560722,10.5357385
46.2561178,10.241468
46.2563663,9.8693125
46.2563781,13.3704408
46.2565293,13.1884619
46.2568026,9.660438
46.2568056,12.8970833
46.2568186,10.3384931
46.256821,11.9699786
46.2568483,10.9466046
46.2568874,9.8652702
46.2569762,10.5839663
46.2570017,10.3882948
46.2570649,10.2858475
46.2571021,10.4890271
46.2571485,12.0260842
46.2571491,11.3633846
46.2573382,10.4580139
46.25735,10.3904217
46.2575947,10.4899397
46.2577227,10.5130101
46.2578433,9.8705458
46.2582095,12.8216548
46.2583253,9.8722415
46.258355,13.038835
46.258422,13.0389053
46.2585233,10.242307
46.2586163,11.5132434
46.2586976,10.4356943
46.2587141,10.5822498
46.2587405,11.0834825
46.258752,10.4911474
46.2588533,12.7097207
46.2588832,11.0857549
46.2588991,13.1584922
46.259053,10.5079394
46.2590629,10.4405287
46.2591303,10.3872299
46.2591363,12.3704875
46.2592954,10.4892811
46.259306,10.4876566
46.2593447,10.4893436
46.2593694,11.6248731
46.2594112,10.2745369
46.259419,10.2551633
46.2595141,10.4696192
46.2595345,10.573679
46.2595894,11.266104
46.2596054,11.6246321
46.2596549,9.8594466
46.2598769,11.5496972
46.2598804,11.8087873
46.2599274,10.1230288
46.2599643,13.0399943
46.259991,11.8019885
46.2600415,13.1559977
46.2603496,11.5987864
46.2603831,10.9453637
46.2604141,9.8754222
46.2605065,13.1801602
46.2605851,10.023656
46.2606394,10.490187
46.260709,10.2561044
46.2607224,11.7994777
46.2609696,9.8770727
46.261023,12.0745504
46.2613664,12.0333392
46.2614567,11.0198799
46.2615067,11.0638131
46.2615281,10.4862127
46.2615468,12.0491486
46.2616843,13.1899778
46.261721,13.0758972
46.2617733,12.97248
46.2617782,10.200888
46.2618396,11.5308211
46.2618865,11.0290391
46.2618867,10.5117375
46.2619171,12.2991411
46.2619366,9.6720516
46.2619825,9.8469634
46.262015,12.1762103
46.2620215,10.6107843
46.2621115,11.3374814
46.262116,11.0858403
46.2621749,9.8473987
46.2622486,11.0874601
46.2623995,9.5230102
46.2624175,10.1374542
46.2624922,9.8694778
46.2627034,12.3716398
46.2627723,12.2176237
46.2627746,12.3721796
46.2627754,11.8018043
46.2627813,11.3972885
46.2628316,11.8033936
46.2630685,10.49984
46.2630967,11.2707623
46.2631811,13.1960446
46.2631969,11.339819
46.2632911,13.179174
46.2633495,12.2991604
46.2633528,11.8039146
46.2633779,11.8017222
46.2633955,11.3375775
46.2634068,9.8628337
46.2634943,9.5029783
46.2635165,9.5151984
46.2635908,11.0859798
46.2638089,11.3383195
46.2639104,13.1562537
46.2639598,11.3379422
46.2640661,11.2242912
46.2641133,9.8659357
46.2641431,10.2016657
46.2641822,12.3730315
46.2642694,9.8651304
46.2643362,9.8483509
46.264359,11.3482051
46.2644664,9.8618672
46.2645125,9.8586238
46.2646618,10.2458879
46.2646927,11.0845744
46.2648111,11.8029931
46.2648652,11.337539
46.2648723,9.8504939
46.2651199,11.4031434
46.2652596,11.0875265
46.2654248,11.0862799
46.265483,9.5318421
46.2656347,11.0892492
46.2656523,10.4849662
46.2657684,13.2049185
46.2657778,10.4225222
46.2658491,11.0869666
46.2658549,12.5167727
46.2660988,12.4839994
46.2661078,10.953469
46.2661975,10.440222
46.2663236,10.5150379
46.2664064,10.4874592
46.2664396,11.417135
46.2664651,10.1223565
46.2666854,12.5180856
46.2666899,10.986819
46.2668399,11.403817
46.2669619,12.3755638
46.2670172,9.9882279
46.2671495,13.3702522
46.2672597,10.5149822
46.2672906,11.4177655
46.2673579,12.513708
46.2674353,10.4328018
46.2674961,11.4391568
46.2676037,9.4057861
46.2676686,12.4944095
46.2677092,11.1852397
46.2679511,12.3001956
46.267967,12.2769901
46.2680443,12.5150623
46.2681756,11.6349112
46.268177,9.8562551
46.2682667,9.408625
46.268359,10.288227
46.2683713,9.8245138
46.2684307,9.8485353
46.2684845,12.5134884
46.2685278,12.5135
46.2687804,13.1831947
46.2687897,11.3479361
46.2687899,12.8857039
46.2687978,11.3855536
46.268873,11.2224034
46.268953,11.2411648
46.2690839,9.8826615
46.2691359,11.4298389
46.2691493,11.0356294
46.2692356,9.8718163
46.2693393,10.2805613
46.2693414,12.5761588
46.2694371,11.3818082
46.2695061,12.3793364
46.2696015,10.51668
46.2696109,11.2417445
46.2697668,11.4139842
46.2698972,9.8730182
46.2704848,10.6728799
46.2706563,12.0558149
46.2707598,9.8592703
46.2709037,9.8424334
46.2709164,13.1857911
46.2710826,12.3612526
46.2711087,11.1656656
46.2711376,12.0558103
46.2711394,10.516554
46.2711853,12.5107247
46.2712416,12.3827591
46.2712448,11.41542
46.2713045,10.9323312
46.2713212,9.8572645
46.2713889,13.2591944
46.2715047,11.2399849
46.2716616,10.932009
46.2717675,11.2795359
46.2718115,10.5249077
46.2718443,12.3312614
46.2718624,12.3314314
46.2718779,12.5125004
46.2718943,11.8216718
46.2719284,12.3002937
46.2719696,11.2835439
46.2720328,12.3314596
46.2720496,12.3327065
46.2720568,11.4230274
46.2721562,13.3413232
46.2721861,11.5831625
46.2721938,11.415566
46.2722043,13.3148348
46.2722113,13.3382475
46.2723229,13.3183081
46.2724295,11.4645195
46.2724305,12.3662423
46.2725075,11.2399277
46.2725712,13.1449751
46.2726278,11.4554878
46.2726836,12.3323559
46.2730653,10.1011121
46.2730655,9.8911527
46.2730666,9.891119
46.2730897,9.9047142
46.2731807,10.2508831
46.2732104,9.9049563
46.2732869,13.1333779
46.2733648,11.4162708
46.2733846,10.1002479
46.273633,10.5163392
46.2736467,11.4248012
46.273745,11.4191789
46.273866,10.1145891
46.2738917,13.1850272
46.2739636,13.3101316
46.2740502,10.2760814
46.2740933,9.892228
46.2741154,10.4530423
46.2741165,12.3718566
46.2741882,12.3714071
46.274219,11.357739
46.274269,10.5168758
46.2744485,11.4160847
46.2744846,13.3172473
46.2746,11.090097
46.2746007,13.3026563
46.2746057,9.8931164
46.2747052,13.1302225
46.2747612,10.4529934
46.2747837,12.3730205
46.2748276,11.0516833
46.2749911,13.2691232
46.2750792,11.3720593
46.2750926,11.0505698
46.2750933,12.3728243
46.2751123,9.8437745
46.2752688,12.11769
46.2754283,10.6137552
46.2754398,11.0914378
46.2754732,10.5238489
46.2755352,10.5241939
46.2755482,12.91706
46.2756561,11.4151922
46.2757779,13.1414399
46.2758372,13.1374589
46.2758625,12.9265863
46.2759256,10.5135742
46.2759323,10.2971252
46.2760668,12.0163865
46.2760863,11.5624535
46.2762673,10.887274
46.2762801,11.0812703
46.2764288,12.2397941
46.2764291,12.9276272
46.2764405,12.4202073
46.2764625,12.3724938
46.2764969,11.538889
46.2766186,11.3657952
46.2766358,10.2842551
46.2766406,12.3100279
46.276681,11.360164
46.276695,10.7793281
46.2767035,11.4144888
46.2767904,12.9225397
46.2768669,13.1390423
46.2768858,11.0797792
46.27725,12.4488889
46.2773123,11.2595009
46.2773403,12.2447375
46.2773802,11.1063988
46.2774167,12.4400556
46.2775044,11.4137883
46.277594,11.366801
46.2778062,12.2438905
46.2778713,13.1381215
46.2779249,11.4268635
46.2779995,13.1354461
46.2780956,10.5174862
46.278219,12.372875
46.2782639,11.3678721
46.2783044,11.4341944
46.2783384,13.3831826
46.2783898,12.2445028
46.2784787,13.1395248
46.278491,12.301984
46.2784944,13.3916925
46.278635,11.4515044
46.2786493,11.3678271
46.2787502,11.4815454
46.2787652,12.3054352
46.2788008,12.381729
46.2790611,11.673539
46.279091,9.8690632
46.2791255,13.1407511
46.279233,13.2609035
46.2792641,9.8700072
46.2793031,11.4333583
46.2793589,12.0457122
46.2793741,12.0657761
46.2793868,11.4356183
46.2794069,11.5445622
46.2798134,11.4329031
46.2799577,11.4344289
46.279959,11.368634
46.27997,11.3599612
46.2800272,11.237688
46.2800509,11.5916864
46.2801374,11.4864256
46.280163,11.4340334
46.2802731,13.246056
46.2804422,11.4337203
46.2806144,11.4343985
46.2806963,9.5843413
46.2807755,11.5057108
46.2808618,10.8086235
46.2812633,11.7667468
46.2813799,12.0657707
46.2813933,11.4858294
46.2814156,11.4351204
46.2814775,12.0430729
46.2814792,9.4012812
46.2814938,12.3752662
46.281597,11.368071
46.2816347,11.4555403
46.2816709,12.0645584
46.2817144,11.4362236
46.2817359,11.5165223
46.281879,10.6229612
46.2819495,12.0349418
46.2819791,10.5179232
46.2820028,11.5142477
46.2820816,10.8985052
46.2821358,11.5593523
46.2821689,11.5536784
46.2823399,11.4857937
46.2825072,11.4387279
46.2825727,10.7103777
46.2826843,10.518346
46.2827676,12.041182
46.2828295,11.4795363
46.2829921,12.2951549
46.2830846,12.0396933
46.2831473,11.4525589
46.2832837,11.4849931
46.2832913,10.0975893
46.2833158,11.4860637
46.2833282,11.5709555
46.2833341,13.0750034
46.2835098,11.8108309
46.2835301,12.0674498
46.2835569,11.524762
46.2835575,11.5725705
46.2836564,12.7963119
46.2837112,11.4874342
46.2839774,11.4842703
46.2840214,13.1619956
46.2840911,12.0370192
46.2841323,11.488284
46.2842693,9.9468313
46.2843888,9.947346
46.2844704,11.543104
46.2844871,11.4802888
46.2845668,11.4534197
46.285165,10.2591493
46.2851909,10.0812428
46.2852034,10.6722285
46.2852417,13.1377173
46.2853184,11.4568973
46.285389,12.4378134
46.2855601,11.0375392
46.2856052,11.5629011
46.2856796,11.5676141
46.2858014,11.2089372
46.2859258,11.5651507
46.2859363,11.5440076
46.2859474,11.5612572
46.2861301,12.1254588
46.2861625,11.5396309
46.2861695,10.685721
46.2861829,13.1656404
46.286355,12.0708642
46.2864846,11.704454
46.2864971,11.5633246
46.2865594,11.4721994
46.286632,9.4533126
46.2866382,11.5726255
46.2866996,13.1154404
46.2867999,11.208835
46.2868266,10.5227614
46.2868389,10.2854959
46.2868554,11.4610969
46.2868843,12.7912098
46.2869349,10.6632262
46.2870053,11.4599833
46.2870437,10.6802277
46.2870719,11.562584
46.2871272,11.5392283
46.2871284,9.9251068
46.2871377,11.4570211
46.2873191,13.0549647
46.2873517,11.2097145
46.2873576,11.5656475
46.2873747,10.4014089
46.2874558,10.5219989
46.2875271,9.6639136
46.2875585,11.2116993
46.2875651,12.1230761
46.2875678,13.152792
46.2875977,13.0932853
46.2876128,11.8544768
46.2876308,10.5247776
46.2876541,12.4376392
46.2876781,10.5224285
46.2876993,11.4585232
46.2878003,11.4361463
46.2881464,10.522693
46.2882296,12.4363604
46.2882859,11.2102262
46.2883086,10.5221701
46.2884561,11.5390749
46.288536,10.5226668
46.2885497,11.5063071
46.2886192,13.0936541
46.2886902,10.2817497
46.2887667,13.0951955
46.2887991,11.4611651
46.2888861,11.4729125
46.2889676,10.5210715
46.2891364,11.0939399
46.2891598,12.2761225
46.2892053,10.5183301
46.2892712,11.7023676
46.2893266,10.5211989
46.2894011,11.4550064
46.2894328,11.5384666
46.2894667,11.5101945
46.2895455,10.6812099
46.2896872,12.4403416
46.2896934,11.3392758
46.2897578,11.4781982
46.2898113,11.4566314
46.289841,10.697666
46.2898561,11.509833
46.2900204,11.646009
46.2900692,11.0938608
46.290115,11.4604349
46.2902658,11.4608402
46.2902744,10.5145359
46.2903201,9.415392
46.2903733,10.5144
46.2906189,10.7262304
46.2906356,10.7294571
46.2906816,11.4589925
46.290714,12.1184356
46.2908004,11.5119663
46.2908443,11.4607399
46.2909319,10.6532234
46.2910062,10.5334582
46.2910366,10.5328536
46.2910696,10.7423796
46.2910942,11.4592135
46.2911318,9.4166239
46.2911443,9.4148464
46.2911599,11.438825
46.2912515,10.7688361
46.2913631,10.6573594
46.2915792,9.4412121
46.2916788,11.4421994
46.2917431,11.9329689
46.2918259,13.1082306
46.2918654,11.4410306
46.291966,11.4367316
46.2919954,11.458265
46.2922959,11.4636906
46.2924043,13.0478029
46.2924348,11.4371278
46.2924663,11.4457038
46.2925022,11.4599084
46.292532,11.4560159
46.292566,11.4605013
46.2925738,10.6839486
46.2926599,10.5391328
46.2926813,13.050146
46.2927382,9.9076897
46.2927483,11.4655246
46.2928458,10.0770789
46.2928598,9.4158295
46.2929322,11.4631975
46.293058,11.5070043
46.2930855,12.3678395
46.2931305,11.8328431
46.2931588,9.4110081
46.2931695,11.5168789
46.2932775,11.6398832
46.2932802,9.4158777
46.2937941,10.7767776
46.2938299,11.4601832
46.2939588,10.776474
46.2941302,11.360073
46.2941517,13.0275182
46.294174,11.6177677
46.2943288,10.7429092
46.2944272,9.4082259
46.294657,10.6895835
46.2947406,11.8636684
46.2949234,10.6881146
46.294977,10.0873666
46.2950026,10.6868745
46.2951441,10.6876118
46.295384,11.4603121
46.2956137,11.5977101
46.2956701,10.6881884
46.2957169,10.6848051
46.2958855,10.4408195
46.2958889,10.6859555
46.2959087,10.6888403
46.2959333,9.8211501
46.2960353,9.4850495
46.2961488,10.6893147
46.2962311,11.6034347
46.2963046,11.3444821
46.2963459,11.7864232
46.2964202,12.1105488
46.2965336,10.690173
46.2965446,12.4016268
46.2965502,11.0797663
46.2968679,10.6936991
46.2969632,10.6931318
46.2969859,10.5063325
46.2969875,11.0295177
46.2969948,10.6816536
46.2972243,10.6894281
46.2972278,11.0245664
46.2974771,10.6951371
46.2976725,10.2741296
46.2976975,13.1192574
46.2977841,10.2757723
46.2977927,9.8356717
46.2979971,10.2791125
46.2983908,9.4079595
46.2984465,11.4989196
46.298486,9.4034061
46.2985897,9.4032043
46.2986439,10.5481061
46.2987849,10.692683
46.2988889,12.0124444
46.2989093,11.5939731
46.2989437,10.6943205
46.2990929,11.4611967
46.2991019,10.6935772
46.2993145,10.6932961
46.2993345,9.4011027
46.2993464,10.7009786
46.2993774,12.9636822
46.2995475,10.6944935
46.2995837,9.4295143
46.2997772,11.5996324
46.2997856,11.8916529
46.2999573,9.8356381
46.2999782,9.8520244
46.3000133,11.4054117
46.3000761,11.1341208
46.3001127,9.4862893
46.3003117,10.702354
46.3003754,10.8061756
46.3005045,11.5893781
46.3006872,10.7016327
46.3007502,9.4021114
46.3007909,10.761728
46.30081,9.4287039
46.3009263,10.2604984
46.3010351,9.4296944
46.3010429,11.8157641
46.301054,11.301858
46.3011004,11.4465911
46.3012075,10.7008763
46.3012876,11.4455906
46.3013004,10.8781198
46.3013366,11.4580483
46.3015494,11.3906089
46.3015914,11.4556933
46.3017205,11.0427886
46.301794,10.5006817
46.3017965,10.2782261
46.3019021,11.5987841
46.3019692,11.4448295
46.3022641,12.319595
46.3023733,11.9193142
46.3023939,9.8650107
46.3024698,10.7072904
46.3025799,10.499628
46.3026188,11.6355344
46.3026533,11.3557728
46.3026584,11.4971117
46.3026847,10.4993482
46.3027143,11.4556693
46.3029306,10.2545473
46.3029322,11.4649028
46.3031079,10.4987528
46.3032027,11.6821482
46.3032122,12.1506944
46.3032401,11.9051762
46.3032443,9.4143699
46.3034683,10.6788629
46.3034798,10.4995426
46.3035214,11.4417469
46.3035558,11.1538664
46.303577,12.1060123
46.3036776,9.930876
46.3037924,11.4567856
46.3041169,10.8604889
46.304292,13.322551
46.3045234,10.8332736
46.3048082,10.7402367
46.30483,11.219251
46.3048611,13.3218333
46.3050201,11.4974507
46.3050418,10.2825915
46.3050644,10.5508306
46.3050704,11.4571989
46.3051421,13.1434056
46.3052062,10.7319999
46.3052754,10.5509488
46.3053709,10.7317698
46.3054453,10.7312593
46.3055722,9.8569757
46.3056546,10.5512497
46.305685,9.4034195
46.3057248,9.4015725
46.3057374,11.117711
46.3057402,11.1177291
46.3059757,11.3648874
46.3060028,10.7376807
46.3061978,10.2889522
46.3062565,9.9390254
46.3063395,10.7378257
46.3063566,13.4006052
46.3063993,10.7366154
46.3064196,13.1561856
46.306434,11.383001
46.3064556,10.5087906
46.3065029,9.4383406
46.306591,10.4949288
46.3066402,9.4023839
46.3068582,9.4365807
46.3068977,13.4021407
46.3069973,11.1183102
46.307022,13.0494818
46.3070442,11.4592699
46.3070958,9.4083769
46.3072432,10.7376477
46.3073348,11.1189892
46.3075079,13.2728377
46.307635,13.2726869
46.3076584,11.6011852
46.3076697,12.0528676
46.3077074,11.6032002
46.3078372,11.4325365
46.3079143,9.4073846
46.3080492,11.3590742
46.3080795,9.4242069
46.3080922,11.4613194
46.308111,13.3780445
46.3081368,11.1198051
46.3081423,11.079615
46.3081519,9.4733546
46.3082187,11.1249847
46.3082608,11.8830828
46.3082706,10.7340858
46.3083961,10.757011
46.3085356,9.7420428
46.3087146,10.289789
46.3087651,11.2205459
46.3088029,11.014056
46.3088143,10.7602637
46.3089085,10.730102
46.3089607,10.744114
46.3090087,11.4281916
46.3092015,11.5054458
46.3094691,11.7480341
46.3095381,10.7311045
46.3095454,10.4908053
46.3095489,10.7614131
46.3096124,10.7314384
46.3096293,12.7704383
46.3096417,11.1193208
46.3096899,11.5967957
46.3098276,11.6616518
46.3098333,13.0561944
46.3098734,12.0635654
46.309908,10.7311549
46.3099395,10.7394278
46.3099711,10.4135131
46.3099763,10.7582024
46.3099892,11.0228836
46.3099993,11.6002911
46.3100207,12.7896255
46.3100657,12.2969453
46.3101885,10.7466852
46.3102566,10.7460914
46.3105049,11.0239476
46.3105174,12.9958419
46.3105198,11.2684768
46.3105484,10.7615344
46.3105802,11.1910685
46.3106303,11.5799677
46.3106787,10.7456336
46.3106868,11.601422
46.3107003,12.7892249
46.3108133,11.5047391
46.3108285,11.3656017
46.3108709,11.6165168
46.3110089,10.7320943
46.3111129,11.6093832
46.311293,11.601414
46.311534,11.295201
46.3115517,11.4178589
46.3115552,11.606817
46.3115712,10.2997635
46.3116055,11.5975847
46.3116414,11.6760408
46.3117217,11.6048576
46.3118351,11.2725551
46.3119366,11.669742
46.3120728,10.7405735
46.3122426,11.5982017
46.3122792,12.9337712
46.3123326,11.4628443
46.3123497,9.6111938
46.3123547,11.6053949
46.3124113,11.2804435
46.3124398,9.5370384
46.3125254,10.3015763
46.3125369,11.6030755
46.3126212,10.7363749
46.3127242,11.6647694
46.3127437,11.8807496
46.3128107,9.4000228
46.3129287,11.8822787
46.3131037,9.4498053
46.3131444,10.3003874
46.3131471,11.8802761
46.313194,9.5227003
46.3132658,11.6620352
46.3133561,11.8147768
46.313382,11.2230962
46.3134314,11.6024249
46.3134806,9.4775386
46.313546,11.358451
46.3136994,12.0724485
46.3138071,11.2844972
46.3139951,10.542876
46.3140022,13.1078986
46.3142761,11.6016654
46.3142898,9.7817051
46.3144233,10.7963208
46.3144957,11.9273835
46.3145658,12.9372596
46.3146077,11.6012266
46.314657,13.0527948
46.3147058,11.4717304
46.3147405,10.7967352
46.3147696,11.262036
46.3148702,11.5987922
46.3148859,9.9000092
46.3149183,9.4411428
46.3149561,11.599468
46.314959,9.4178422
46.3150121,10.3016944
46.3151547,11.5962996
46.3151754,9.7599223
46.3151762,12.7763577
46.3152132,11.2225549
46.315254,9.5824515
46.3152729,9.4189781
46.3152897,9.4199589
46.3153817,12.0067393
46.3154158,9.4007259
46.3154829,10.8485106
46.3156454,9.5087259
46.3157106,12.006451
46.3157242,10.8028012
46.3157249,11.6016331
46.3158154,11.4985649
46.3158719,10.8018961
46.3158856,10.7649741
46.3159728,10.8900901
46.316002,9.7879272
46.3161103,9.4031633
46.3161129,11.2813332
46.3161781,11.6008307
46.316204,10.7735947
46.3162159,9.4156233
46.3162356,12.3261162
46.3163343,9.4454715
46.3163591,10.7967201
46.3163635,13.0987503
46.3164173,12.0073308
46.3164757,12.0083285
46.316486,9.4769177
46.3164907,9.403729
46.3164977,9.4210385
46.3165157,13.1738905
46.3165828,10.7671937
46.3166638,12.008121
46.3166747,13.0513514
46.3167403,9.7902007
46.3167427,11.6008641
46.316745,11.597435
46.316792,11.224208
46.3168232,13.2135205
46.3169439,9.4071048
46.3169723,11.5975982
46.3171511,9.7646332
46.3171548,10.8021449
46.3172598,10.7684511
46.3172917,12.0058743
46.3173487,9.4251191
46.3174262,11.2824892
46.3174421,11.358686
46.3174427,12.0089226
46.3176534,13.0518411
46.3177056,12.3229606
46.3177207,10.30548
46.3177212,10.8001564
46.3179286,10.8018163
46.3179402,11.5756081
46.3180551,10.8020349
46.3181049,13.1740245
46.3181091,11.44878
46.318199,12.0671407
46.3183429,10.9325806
46.3184363,9.7939183
46.3184751,11.2970299
46.3185142,9.4054497
46.318566,11.348169
46.3186578,13.1757999
46.3187896,9.7932297
46.3188029,13.051641
46.3188437,11.9130994
46.3189407,11.8858073
46.318987,10.0681067
46.3190969,11.210183
46.3191049,9.4016166
46.3191757,10.0673268
46.3192814,10.8183253
46.3194735,11.5027537
46.3195779,9.9642372
46.319619,10.8273953
46.3196236,11.4981142
46.3198185,13.1783695
46.319978,9.402274
46.3199812,11.321047
46.3199986,10.7180869
46.3201124,11.0218784
46.3201436,9.4705551
46.3201456,11.0681601
46.3202511,9.7694644
46.3203639,9.5312821
46.3204095,10.8286491
46.3204372,10.8426539
46.3204995,9.4001521
46.3205692,12.1334353
46.3205799,11.0948315
46.3206726,11.2930683
46.3206766,11.5169868
46.3206789,9.4071127
46.3207613,9.4066319
46.3208041,11.0952687
46.3209529,11.3496143
46.3210486,13.0531847
46.3211421,10.8090965
46.3211715,11.3459364
46.3212903,9.4065834
46.321326,10.8385117
46.3214245,11.3749842
46.3215479,11.277412
46.3215954,12.3926044
46.3215991,10.8088334
46.3216375,11.4635312
46.3216769,11.3498952
46.3218289,11.7962319
46.3218453,11.0654037
46.3218566,9.4009275
46.321897,12.0821929
46.3220503,9.402968
46.3224673,11.9473541
46.3224946,9.4083259
46.3225204,11.3492442
46.3225802,11.946345
46.3227262,11.0152306
46.32277,11.112826
46.3227904,11.2158219
46.3228461,11.1172549
46.3228674,11.3502811
46.3229864,11.5709251
46.3230037,10.0578703
46.3230787,9.4045344
46.3233815,11.5539292
46.3234087,10.2488384
46.3235149,11.3516813
46.3236641,12.0544436
46.323694,10.7197156
46.3237252,10.87544
46.3237492,11.5168631
46.3238541,10.7216113
46.3239301,10.7227069
46.323939,9.4063232
46.3240678,12.0882073
46.3241124,9.4445204
46.3241236,10.7219478
46.3242645,11.7451659
46.3242877,12.0950967
46.324345,10.8783838
46.3243513,10.88335
46.3244126,10.7207356
46.3244291,10.8823977
46.3244329,10.8862628
46.3244824,11.2163129
46.3245273,9.403096
46.3245479,9.4482097
46.3245554,9.4073089
46.324653,11.352747
46.3246682,10.883873
46.3247038,9.414953
46.324715,11.352624
46.3247546,9.4083464
46.3247833,9.43278
46.324794,13.0837727
46.3248088,10.3055662
46.3248231,9.4520705
46.324831,10.8827741
46.3248366,10.8753153
46.3249449,9.4579506
46.3250508,11.3550843
46.3251173,10.8671523
46.325168,10.8780058
46.3252865,11.5715345
46.3253787,9.4113226
46.3254831,9.4097825
46.3254891,11.3598211
46.3255595,10.8743684
46.3255861,10.0590545
46.3256403,9.4200936
46.3256615,9.4516074
46.3257201,10.3211445
46.3257858,9.4424842
46.3257943,10.8753971
46.3259462,10.8723076
46.3260399,9.491342
46.3260487,11.5735797
46.3260737,9.4203502
46.3261165,10.8757807
46.3261768,10.8734528
46.3262115,9.4278702
46.3262781,9.4180094
46.326281,10.335595
46.32637,10.0571111
46.3264583,11.0241508
46.3265034,9.4931659
46.3266947,9.4007034
46.3267173,9.4551201
46.3267542,9.4070345
46.3268578,9.4932028
46.3268603,12.7313019
46.326871,10.7848217
46.3268787,10.3249738
46.3270699,11.0213715
46.327241,10.7840587
46.3272542,11.0240322
46.3274442,9.4225547
46.3275209,9.4001182
46.3275732,11.0262663
46.3275826,9.4816927
46.327682,9.4143984
46.3276831,10.7896045
46.3276973,11.5210425
46.3277008,9.4206482
46.3277855,10.2858388
46.3279907,9.4202353
46.3279907,9.481222
46.3280168,10.0575546
46.3280309,11.470761
46.328119,11.0207109
46.3281446,11.3003583
46.3282338,10.7867124
46.328363,10.7052402
46.3284229,11.5228288
46.3284931,12.2182971
46.3285207,11.022597
46.3285793,10.7241499
46.328621,11.23565
46.328638,9.4365938
46.3287467,9.4383531
46.3290108,11.2016779
46.3291156,10.7179335
46.3291491,9.4424565
46.3291911,9.4156458
46.3291911,9.4766745
46.3291942,10.7848943
46.3291971,9.4121563
46.3292462,9.4399678
46.3292667,9.4007693
46.329369,9.4368693
46.3293715,9.4142475
46.3293846,9.5053481
46.3293954,9.9623123
46.3294833,13.4275544
46.3294919,9.421878
46.3295457,10.718312
46.3295723,10.777351
46.3296975,9.4342171
46.3297023,10.144837
46.3298337,9.4695657
46.329936,9.4346407
46.3300317,9.4731953
46.330075,11.303047
46.3300771,9.4207614
46.3301174,11.3747445
46.3302592,9.482262
46.3303505,9.8196396
46.3303541,10.3058966
46.3303758,9.4893056
46.3304108,10.3072468
46.3304109,10.9381228
46.3304515,9.4186542
46.3304625,9.5205568
46.3304695,11.0425092
46.3304748,9.4402697
46.3305091,9.422649
46.3306541,9.9829934
46.3306576,10.3248837
46.3307288,10.3065662
46.3308127,9.419814
46.3309335,9.4877666
46.3309357,11.1022979
46.3310409,10.6864857
46.3310797,10.3063102
46.331154,11.304277
46.3312427,9.4441338
46.3315172,12.3240758
46.3315494,11.0035822
46.3315737,12.7543418
46.3317957,10.8833588
46.3318219,9.4330644
46.3319015,9.4218867
46.3320337,10.8892767
46.3320428,11.6050165
46.332047,13.1388974
46.3321114,10.3292247
46.332112,10.3291261
46.3321185,10.3309171
46.3321274,11.5272942
46.3322193,9.4324566
46.3322621,12.4162396
46.3322776,9.4110312
46.3323119,10.35256
46.3323586,10.8798427
46.3325345,9.4219594
46.3325384,10.8806736
46.332546,10.3291808
46.3325933,10.3290724
46.332664,13.0560745
46.3326861,9.4122471
46.3327462,10.2359071
46.3327963,10.8889319
46.3328024,13.1382976
46.3328654,10.3257298
46.3329415,10.32799
46.3330063,9.5113472
46.3331322,11.28851
46.3331451,12.815854
46.3331976,9.4162465
46.3332429,10.8803981
46.3333226,9.4184168
46.3333302,9.4293454
46.3333484,10.728541
46.3334505,9.5145766
46.3334939,10.151593
46.3335453,11.2236093
46.3336435,9.515444
46.3337493,13.1377069
46.3337659,9.5178269
46.3338063,10.6294115
46.3338511,13.2071176
46.3339412,13.1399509
46.3339548,11.5855421
46.3339875,9.5171035
46.3340327,10.3490003
46.3340585,12.1760756
46.3340668,10.6853376
46.3341156,11.529776
46.3342751,11.7093124
46.33428,9.4207308
46.3344165,9.5172373
46.3344325,13.4160613
46.3344744,9.4281474
46.3344861,9.4227027
46.3345057,11.5788767
46.3345252,9.5545006
46.3346261,9.5551067
46.3348085,9.5130238
46.3349093,11.30346
46.3349286,13.435046
46.3350254,9.5150209
46.3352199,13.1425543
46.3352359,10.3513745
46.3356155,10.8870218
46.3356385,13.1600027
46.3359526,13.1441572
46.3359601,11.0454212
46.3360444,9.4459412
46.3361102,10.6098029
46.3361121,11.558194
46.3361852,11.7070867
46.3362942,11.4713597
46.3363101,10.8898128
46.3363223,10.8883919
46.3363619,11.4712745
46.3363712,10.8878467
46.336504,13.1405598
46.3365946,10.5972006
46.3366288,9.4452141
46.3366516,9.5070774
46.3367057,11.8997259
46.3367096,12.5299033
46.3367231,9.4447993
46.3367478,11.1158432
46.3367951,9.5575185
46.3369116,11.2377706
46.3369159,11.6683926
46.3371098,11.1145543
46.3372181,9.4835731
46.337287,11.5500693
46.3374465,11.474102
46.3374787,13.1303507
46.3376621,11.1152152
46.3377581,11.1170726
46.3378591,10.6664771
46.3380245,9.4377753
46.3380555,9.4373122
46.3380647,10.7298354
46.3381974,11.2908707
46.3382256,9.4447294
46.3385379,11.9369528
46.3387341,9.5572968
46.3388075,10.2124733
46.3390185,11.3297625
46.3390665,10.6177886
46.3392519,11.9698554
46.3393345,11.5929577
46.3395093,11.0120016
46.3395607,9.5012517
46.3395873,10.9084032
46.339628,10.0587431
46.3396532,10.6181549
46.339758,11.238059
46.3397712,12.2886896
46.340358,11.240162
46.3403609,9.5596849
46.3405812,10.3505293
46.3406252,11.5785003
46.340854,11.238016
46.3409458,11.2395483
46.3409506,12.0294482
46.3409509,10.7044858
46.341121,11.233134
46.3412168,11.0456964
46.3412247,11.9350576
46.3412614,9.5392633
46.3412751,10.6134117
46.3413293,12.2367794
46.3413806,11.902074
46.3414141,11.2397129
46.3414335,10.0640455
46.3415934,11.592272
46.341662,11.240151
46.3417551,10.833269
46.341769,12.880312
46.3417809,10.0602787
46.3418709,12.1518123
46.3418794,11.8025766
46.3419444,9.5407769
46.342002,11.241417
46.3420024,9.5395023
46.3420329,12.9249269
46.3420445,12.15038
46.3420478,9.5385649
46.3420866,12.1498959
46.3421593,11.1067063
46.3423211,10.731939
46.3424245,10.6270177
46.3424299,12.2317329
46.3425016,12.1077611
46.3425474,11.3034447
46.3426084,11.5420069
46.3426191,11.0545553
46.3426435,10.6283457
46.3426624,11.0283381
46.3426839,11.0160035
46.342743,11.243531
46.3427628,12.1643434
46.342812,9.5898195
46.3428744,10.7476591
46.3429566,9.5821679
46.3430734,9.584051
46.3430751,12.2101539
46.3431772,11.1253223
46.3432365,10.8762673
46.3435144,10.0614245
46.3436226,10.4873781
46.3436833,10.9056416
46.343847,11.242018
46.3439256,10.7013359
46.3440036,10.8262129
46.3440489,11.2965469
46.3440987,10.8817058
46.3441102,11.2964229
46.3442182,11.2410776
46.3442244,10.884258
46.3443195,10.86377
46.3443652,10.7034689
46.3444114,10.8829276
46.3444155,10.9062018
46.3445125,10.8816713
46.3445207,9.5647469
46.344523,10.7026902
46.3447475,10.9033022
46.34475,11.243895
46.3447639,10.8818525
46.3448348,10.7021748
46.3449358,11.5681747
46.3449809,11.9592008
46.3449815,11.2939853
46.345185,9.5919059
46.345255,11.3005018
46.3454132,12.1819851
46.345444,11.3029116
46.3454691,10.7017626
46.345499,11.240812
46.3455648,10.0639064
46.3456582,12.5527434
46.3458412,11.9562256
46.3458556,12.1761423
46.3459003,11.2272603
46.3459452,12.4940087
46.3461544,12.5934245
46.3461783,11.3017802
46.3461918,10.6986161
46.3462933,11.2990966
46.3463037,11.3973495
46.346328,9.5999299
46.3463722,12.2192656
46.3464559,10.9037247
46.346845,10.7017382
46.346868,11.237082
46.3469285,12.3503159
46.3469359,13.0676254
46.3469384,11.0908306
46.3470021,11.2288361
46.3470206,11.9544768
46.3470452,12.1800305
46.347153,11.244496
46.347287,11.296858
46.3473072,11.9375355
46.3473198,9.6029636
46.3474392,11.0177014
46.3476175,10.3791854
46.347753,11.296869
46.3477592,12.278035
46.347823,12.0791682
46.3478995,11.2983795
46.3479089,11.221152
46.3479625,10.9785381
46.3480857,11.299287
46.3481418,9.4974095
46.3481699,10.7883954
46.3483087,9.6055563
46.348371,10.6957172
46.3485794,13.4192996
46.3486778,10.9809564
46.3486965,11.017977
46.348842,13.067481
46.3488938,10.6324808
46.3492747,11.0888594
46.3492918,11.6985838
46.3493642,11.4073334
46.3494551,11.2142413
46.3496351,11.6272598
46.3498213,11.6267502
46.3504916,10.9107609
46.3505945,9.6230283
46.3506583,10.3810018
46.3509481,12.3360291
46.3510063,10.9160675
46.3510253,11.8603695
46.3510764,12.173064
46.3511512,11.8613646
46.3512296,10.3550993
46.3512322,10.3590399
46.3512662,13.1400011
46.3512684,9.6215289
46.3512703,9.620566
46.3513282,12.33569
46.3513303,12.1885105
46.351452,13.066735
46.3514633,11.765833
46.3516076,10.9116302
46.3517216,10.6940525
46.3518635,10.9133683
46.3518656,10.646375
46.3518751,10.6472051
46.35194,11.9098153
46.3519984,10.6915374
46.3519996,10.6927679
46.3520014,11.7452592
46.3520305,10.9127516
46.3520581,11.8603202
46.3520899,10.7558146
46.3523485,10.3677249
46.3524411,12.0425794
46.3525314,10.4135844
46.3525946,10.6916202
46.3526067,13.3790675
46.35286,11.10256
46.3528858,11.1049547
46.3529856,13.0508563
46.3532,10.2541483
46.3534228,10.6493679
46.353525,10.6636135
46.3539513,10.7285957
46.3539754,12.0309266
46.3540064,12.144683
46.3541855,10.9137748
46.3542405,12.145673
46.354247,11.225118
46.3542657,12.0771371
46.3543101,12.1775524
46.354496,12.1406168
46.3547974,11.9131353
46.3548914,11.4927199
46.3548922,11.4332762
46.3549743,12.179145
46.3551956,11.4920938
46.3552056,11.8663968
46.3552081,10.3561685
46.3552162,11.8736851
46.3553756,11.8585904
46.3554832,11.9133833
46.3554888,11.9141188
46.355573,13.294525
46.3555736,11.8679384
46.3558263,10.0828595
46.3559109,11.9145449
46.3563985,11.8674261
46.356498,12.0551195
46.3565348,10.9299219
46.3565361,9.6306693
46.356805,11.9147386
46.3568795,10.3796862
46.356891,11.311106
46.3569853,11.8685703
46.3570875,10.9303449
46.3570878,10.8357216
46.3571501,11.8701448
46.3571833,13.1393587
46.3572887,13.0559262
46.3574165,13.2950757
46.3575437,11.5423755
46.3575665,11.9153066
46.3575918,11.9170799
46.3576105,11.9141663
46.3578595,11.9133972
46.3580262,12.1035942
46.3580347,11.9190399
46.3580596,9.4526289
46.3583675,11.9159916
46.3584892,11.918292
46.3587234,13.3857815
46.3588687,10.6693536
46.358994,10.6807736
46.35901,11.9168758
46.3590313,11.8616171
46.3590406,12.9417076
46.3590408,11.0395967
46.3590701,11.8775007
46.3592804,11.0286313
46.3595059,11.916246
46.359506,11.0315879
46.3596798,11.9174189
46.359798,11.241417
46.3600046,11.0167757
46.36004,11.241153
46.36013,10.9140602
46.3603747,13.177954
46.3604363,13.017874
46.3604621,13.3565759
46.3606391,11.0189823
46.3609928,10.9450067
46.3610471,11.9138119
46.361186,11.240617
46.361195,10.9120447
46.3612224,10.926164
46.3612886,12.4303132
46.361508,13.3540393
46.3615384,9.6009541
46.361606,10.6697654
46.3616174,11.7164916
46.3618182,11.0428555
46.361914,10.6724378
46.3620181,10.9247765
46.362062,10.6983272
46.3622392,12.1209629
46.3622791,9.6467027
46.3623595,11.9194078
46.3623657,13.3526149
46.36242,11.0303612
46.362473,11.238853
46.3625749,11.9845172
46.3625818,11.0329289
46.3626872,10.929216
46.3627221,11.1009973
46.3628569,11.8759025
46.3628685,10.6737013
46.363037,11.0310724
46.3630542,13.350801
46.3632938,11.0947774
46.3633033,11.036709
46.3633211,11.2055739
46.3633927,11.4185275
46.3635447,11.2054682
46.3635502,11.0301441
46.3635747,11.0378047
46.3636949,11.8850515
46.3637042,11.8806044
46.3637183,10.6737725
46.3637522,10.6517381
46.3640084,10.6731908
46.3641936,10.700497
46.3642589,12.1468456
46.3642761,10.700824
46.3642811,10.6682581
46.3644606,11.0318133
46.3645619,11.0353164
46.3647258,11.0340806
46.3648,10.9404161
46.3648496,13.3898394
46.3649634,10.7017218
46.3650777,10.9412737
46.3651413,11.0343025
46.3653368,10.9436649
46.3655734,10.2460408
46.3655792,10.9278266
46.3656474,11.0742966
46.3658106,10.223123
46.36593,10.2066033
46.366304,11.0378023
46.3663455,11.3348879
46.3666105,9.6549455
46.3666143,11.1646266
46.366645,12.2232834
46.3667869,9.6310696
46.3668439,9.5972077
46.3668571,11.9218796
46.366885,12.9842623
46.366906,10.3555005
46.3669386,13.0425261
46.3671284,9.7142863
46.3671432,11.9231767
46.3673878,11.2102126
46.3675903,11.5928179
46.3676219,13.3034288
46.3676685,11.7741977
46.3677031,11.2201821
46.3677345,11.0196177
46.3677664,11.0412785
46.3677903,10.6487884
46.3678124,12.0728426
46.3679023,11.1697214
46.3679602,10.7009898
46.3680368,11.0341303
46.36805,11.1062758
46.3681026,11.3541947
46.3683907,11.0845772
46.3684384,11.7754304
46.3684604,11.1065235
46.3686017,13.0400167
46.368764,11.1063701
46.3688094,11.8461862
46.3690235,12.3541825
46.3690537,11.7767868
46.369147,11.9242248
46.3692605,10.941767
46.3694205,11.8699507
46.369437,11.236932
46.3696315,10.9403585
46.3698512,11.8840336
46.3698788,11.8826883
46.3698837,10.0496982
46.3700222,10.7131736
46.3701988,10.6600493
46.370614,10.663907
46.370666,11.237168
46.3706734,11.8800465
46.371445,11.7838029
46.3715879,11.2258473
46.3716876,11.7839682
46.37195,10.9621517
46.3721089,11.6556581
46.3721523,9.6276769
46.372173,11.533474
46.3722521,13.3151039
46.372376,11.238284
46.3724502,10.6754073
46.3725295,10.046965
46.3727127,10.6583813
46.3728456,11.6561715
46.3728834,12.1284978
46.372917,10.0942735
46.3729644,11.0281312
46.3730102,10.8785767
46.373324,11.235693
46.3733337,11.0334421
46.3734328,13.0939749
46.3735316,12.1296785
46.3735891,12.1270338
46.3736726,11.7853054
46.3736941,13.30691
46.3737551,10.249374
46.3738731,11.8942057
46.3739385,12.1284573
46.3741018,11.0134666
46.3741839,10.2506896
46.3741998,13.3031514
46.3743026,11.5722265
46.374466,11.6478786
46.3746838,11.0679209
46.3748938,10.0954058
46.3749469,10.2497273
46.3752206,11.0064783
46.3752646,10.9253026
46.3752774,11.6601147
46.3752851,11.3951789
46.3753056,12.1268889
46.3753891,11.3954772
46.375393,11.2387066
46.3754777,10.9124225
46.375575,11.8576547
46.3757027,10.9603877
46.3757891,11.6611686
46.3758223,11.6637336
46.3758246,11.8960542
46.3758533,11.0758756
46.3758576,11.2523024
46.375969,11.8819892
46.375982,13.1356266
46.376114,11.252285
46.3762099,11.6614109
46.3765267,9.7068372
46.3766798,11.6584289
46.3768022,11.659712
46.3769075,11.6687426
46.3769711,11.892086
46.3770426,10.6800168
46.3771226,11.670069
46.3772515,11.357975
46.3773771,11.2387492
46.3773901,11.0880567
46.3775322,11.793577
46.3777402,10.6791376
46.3779003,11.6579709
46.3779383,13.1417072
46.3779585,11.7870519
46.3780515,10.3772579
46.3780865,11.6566418
46.3784019,10.9235245
46.3784021,11.6569577
46.3784117,10.6719093
46.3784537,13.4675901
46.378746,11.225383
46.3789506,12.7011541
46.3790329,11.8140822
46.3790424,10.8673331
46.3790497,11.0912601
46.3791018,11.0837934
46.379222,11.0297573
46.3793528,11.6534042
46.3793899,10.7718968
46.3796686,11.0923548
46.3797658,12.8633874
46.3799211,11.9303071
46.3801938,11.7202249
46.3802616,11.8325488
46.3804985,13.219244
46.3806029,10.962455
46.3806111,12.9751667
46.3807418,10.9688814
46.3807566,12.1438475
46.3807706,11.4243237
46.3811706,12.1434867
46.3813158,12.1435404
46.381608,11.9874341
46.3816843,11.5342788
46.3817214,12.0130553
46.3817779,12.1427439
46.3818267,11.987589
46.3820717,11.9188772
46.382194,11.2011154
46.3822104,12.560847
46.3824445,11.8278162
46.3824925,10.2617684
46.3826037,11.7079306
46.3827146,11.6666416
46.3827159,10.3608092
46.3831429,12.1327771
46.383225,12.9764773
46.3832389,11.9632607
46.3832404,12.1313523
46.3835088,12.9760266
46.3836805,13.2350755
46.3836992,10.9819087
46.383731,11.2222426
46.3837654,10.7475206
46.3838875,11.7092992
46.3839185,12.1298443
46.3839504,10.0940684
46.3840377,11.5300161
46.384057,12.132333
46.3843028,10.0885431
46.3843841,11.6409688
46.3844574,10.0762684
46.384474,11.258442
46.3845298,11.2585194
46.384535,12.1414833
46.3846458,12.1391698
46.3848302,11.9258235
46.384862,12.0793658
46.385036,13.5061233
46.3851413,13.1151867
46.3852344,11.6461746
46.3854769,11.2535663
46.3861524,10.6808165
46.3861826,12.180539
46.3863228,13.4392495
46.3866989,13.2214784
46.3867416,10.1041056
46.3868941,12.1692758
46.3869212,12.1666154
46.3870039,12.2856193
46.3870414,10.9815597
46.3871264,11.9037221
46.3874142,12.1820891
46.387442,10.0868416
46.3874578,12.1130986
46.387463,12.8605281
46.3874881,11.9130856
46.387756,13.2209205
46.3877621,11.8216465
46.3880666,11.2352621
46.3881589,12.1306027
46.3882477,11.2362807
46.388355,12.1114746
46.388358,11.9183298
46.38837,10.1080008
46.3884429,12.1120432
46.3889341,11.6205928
46.3891446,12.1112246
46.3891475,12.2878219
46.3892,12.2891267
46.3894562,10.8323749
46.3895298,13.4735942
46.3898563,10.0794706
46.3898833,13.3044837
46.3899183,12.2857652
46.3899771,9.6631723
46.3900833,12.1089167
46.3900925,9.6650148
46.3902533,11.33281
46.3903891,9.6657741
46.3909321,11.9713372
46.3910638,13.4750186
46.3912093,10.7850089
46.3913882,11.8842968
46.3914079,11.4138251
46.3915654,11.4128465
46.3916068,13.4357247
46.3916931,11.0585956
46.3916995,10.1054416
46.3918634,11.9163936
46.3918976,13.2186892
46.3920364,12.8653119
46.3920772,10.3564578
46.3921097,9.6182239
46.392302,13.2189599
46.3923251,12.1848503
46.3924653,12.9706806
46.3927358,11.8277933
46.3931507,9.696883
46.3931586,13.2199196
46.3931623,11.0786015
46.3933824,12.2930695
46.3935466,12.2936785
46.3935781,11.1211247
46.3936539,11.8858887
46.3936901,12.6719558
46.3937302,12.2946534
46.3940014,11.6148011
46.3940023,12.1029608
46.3940695,9.6955944
46.3941122,11.1193397
46.3941534,13.2209753
46.3941707,11.2486204
46.3943635,11.1094843
46.3943923,11.6652318
46.3945307,11.1217314
46.3945643,12.006951
46.394657,12.2946022
46.3947587,11.0403438
46.3947824,12.2953896
46.3948261,12.1040738
46.3949306,12.0081249
46.3950352,11.1472819
46.3952802,12.0081879
46.3954079,11.144132
46.3954147,12.007524
46.395426,11.1485102
46.3954946,11.0642265
46.3955135,11.1223778
46.3957039,11.0261383
46.3957347,11.4473482
46.3959627,11.6681867
46.3959935,11.2390007
46.3960488,11.2373374
46.3961355,12.3559224
46.396197,11.0671835
46.3962072,12.8448958
46.3962899,11.6674832
46.3965475,13.2567544
46.3967157,12.7253987
46.3968294,12.8485537
46.3970738,11.2253006
46.3972056,13.2541336
46.3973271,12.2947362
46.3977212,9.6950968
46.3979126,12.3552096
46.3980014,9.5736645
46.3980138,13.2512651
46.3980278,11.6637962
46.3982458,13.2490334
46.3983087,10.7063149
46.3983982,12.2957069
46.39856,10.9997364
46.3988869,11.0022909
46.3988899,13.2469565
46.3991139,12.3605408
46.3992052,10.8488131
46.3992151,13.2270608
46.3993832,12.0117053
46.3994621,10.8447834
46.3995331,11.0030701
46.39967,12.0662981
46.3997273,12.0687792
46.3997819,11.0045283
46.3997862,9.6961682
46.3999593,11.1228545
46.3999726,13.112654
46.4001174,11.002427
46.4001953,11.1455016
46.4003394,10.9773471
46.4005192,13.0227031
46.4005558,10.847451
46.400741,13.2853994
46.4008163,11.7370829
46.4008373,10.6899884
46.4008494,13.2771604
46.400851,13.4193153
46.4011575,13.0203678
46.4014126,13.4246363
46.4015339,10.8443946
46.4018658,11.8267022
46.4018849,12.5387559
46.4022733,11.6754657
46.4024223,12.102052
46.4026452,11.0942662
46.4027737,12.101655
46.4028606,10.8671831
46.4029132,10.1277418
46.4029905,13.3761675
46.4031135,11.62281
46.4031235,13.280937
46.4031297,9.4023822
46.4031482,13.4201445
46.403254,12.0131921
46.4033433,10.3522603
46.4033553,11.9042626
46.4034935,11.9599605
46.4035868,11.3181061
46.4037471,10.3361848
46.4038705,12.1327176
46.4039191,10.3358207
46.4041572,13.4216773
46.4042222,12.9293472
46.404322,10.3363937
46.4043881,11.0917519
46.4044711,12.1001308
46.4044755,13.3612315
46.4047563,13.0170401
46.4049625,11.1465453
46.4050314,13.3697747
46.4051911,11.09411
46.4052503,13.2918712
46.4053154,12.4231641
46.4054141,11.0181892
46.4055359,11.1423429
46.4055555,13.0136164
46.4055838,11.0928551
46.4056198,12.021938
46.4058439,13.2984758
46.4058957,13.1499723
46.4060924,12.0198466
46.4062166,10.6956812
46.4063743,11.3208157
46.406384,11.240832
46.4064004,13.1867437
46.4064889,12.9386053
46.4065505,11.9655007
46.4065551,13.3496592
46.4065674,11.6575372
46.4065968,13.1907089
46.406739,11.3233643
46.4068515,10.3065501
46.4069542,13.1978998
46.4070118,13.1851134
46.4070424,13.3497409
46.4071031,12.0734107
46.407158,11.136048
46.4072236,12.0753747
46.4072481,10.8152923
46.4073604,10.7897336
46.40746,11.32338
46.4076704,10.3292519
46.4078996,13.3152275
46.4079362,13.3087847
46.4082293,11.6211568
46.408249,11.589539
46.408348,12.295061
46.4084149,11.6245041
46.4084591,11.1373499
46.4085357,13.310266
46.4085897,11.2347209
46.4087289,11.2698112
46.4088271,11.1379252
46.4088643,11.5866188
46.4089055,10.7960239
46.4089509,10.8282765
46.4090317,13.1759534
46.4090538,11.6282145
46.4092058,12.2872901
46.4092854,11.2337704
46.4093202,10.3182467
46.4093994,10.8202444
46.4094171,11.99515
46.4094374,12.2997911
46.4095559,10.3264167
46.4096835,13.31102
46.4097002,11.5049408
46.409721,11.504982
46.4097453,11.0162991
46.4098241,10.7928134
46.4099437,10.9658567
46.410016,11.233628
46.4100467,10.8015276
46.4101478,11.9746242
46.410271,11.244657
46.4103298,10.6871139
46.4103501,10.8237232
46.4103723,10.8174053
46.4104267,13.1858251
46.4105073,10.879536
46.4105873,11.1378976
46.4105907,12.0708591
46.4106814,12.0257333
46.4108299,10.7996101
46.4108622,10.7882288
46.4108862,12.4241096
46.410942,11.575629
46.4109769,12.4595042
46.4111092,12.8005703
46.4112154,12.8784505
46.411297,11.232369
46.4114289,12.017096
46.4114618,12.0244673
46.4115902,12.6967757
46.411595,11.231781
46.4116055,11.6517326
46.4116452,11.7102138
46.4116724,13.3085936
46.4117844,12.0455982
46.4117908,11.1786592
46.4119274,10.7793561
46.4120293,12.027269
46.4121427,12.0455918
46.4121453,10.9707572
46.4121867,10.496424
46.412213,11.24596
46.4122806,9.7392323
46.4122897,11.6586962
46.4123787,11.1849387
46.4124241,11.2353467
46.4124339,11.2434328
46.4124664,13.4323152
46.4124703,10.9719796
46.4125011,11.1855767
46.4125795,11.6687089
46.4126474,11.1782584
46.412812,11.246325
46.4128241,10.3505624
46.412857,9.7398304
46.4130553,10.49334
46.4133422,11.1729255
46.4133877,13.4653967
46.4134027,9.7401758
46.4134375,11.4338252
46.4135275,9.763973
46.4135757,13.2934054
46.4138137,11.425035
46.4138145,10.822596
46.413909,11.4255421
46.4140598,13.1357619
46.4140718,12.4590795
46.4141031,12.2582053
46.4141474,12.933547
46.4141527,13.1356203
46.414231,9.7549647
46.4142351,11.4257978
46.414236,11.4255156
46.4143999,10.7739138
46.4144295,11.424927
46.4145578,10.9292231
46.414577,11.235994
46.414612,11.1813108
46.4146258,11.1755676
46.4147093,12.9246937
46.4148054,11.4250799
46.414817,11.237549
46.4149615,12.2582196
46.4150309,12.9247017
46.4151395,11.2394457
46.4151766,11.4056285
46.4152017,11.9970128
46.415407,11.247438
46.4154213,10.3524717
46.41543,13.1332889
46.4154835,10.9858725
46.4155276,9.6668527
46.4156311,12.7963203
46.4156994,12.7937584
46.4157211,10.9857782
46.4157222,12.33875
46.4157723,11.1780362
46.4157818,11.2237113
46.4159936,12.2704521
46.4161595,12.7953092
46.4161795,11.9772892
46.4161935,9.6370345
46.4162553,12.2687902
46.4163699,11.2209345
46.4163716,11.1719839
46.4164539,12.7949091
46.4164683,12.0359302
46.4165206,12.7930641
46.416688,11.237603
46.4167667,11.2000825
46.4169279,10.9475858
46.416948,11.242791
46.4169588,12.2696458
46.4169698,12.3265651
46.417028,11.232673
46.4170564,12.2716159
46.4170912,12.2672222
46.4170986,12.3332165
46.41711,12.2698362
46.4171824,11.3338539
46.4172111,10.7770951
46.4172314,11.1774239
46.4172331,11.6700832
46.4172843,10.9791961
46.4173135,11.6189876
46.4174493,13.1529639
46.417565,11.334511
46.417637,13.1528978
46.4177201,11.2332651
46.4178552,13.4655887
46.4178572,11.206867
46.41792,11.336512
46.417941,10.7756976
46.417954,11.1742442
46.4179741,10.8934328
46.4180682,12.2502919
46.4180979,10.9824274
46.418226,11.233854
46.4182418,13.2952955
46.4185292,11.096292
46.4185456,11.6909583
46.4185683,11.3369346
46.418652,11.336914
46.418667,11.1407455
46.4187733,12.0944437
46.4188655,10.5731189
46.41897,11.336324
46.419047,11.233975
46.419164,11.234551
46.4191647,9.7070352
46.4192622,10.1615087
46.4193159,11.673558
46.4193299,12.0746342
46.4193795,11.1760276
46.4193833,11.6693624
46.4194232,11.8287878
46.4195115,11.2287479
46.4196111,10.5059935
46.4197337,10.5590665
46.4198829,10.806293
46.420061,11.1764496
46.4200892,12.3102492
46.4201066,10.7735644
46.4201295,12.7146977
46.4201765,11.1398061
46.4203764,9.551471
46.420462,11.6734283
46.4204723,11.7694459
46.4205073,11.8232583
46.4207505,11.685839
46.4209017,13.0099291
46.4210397,12.2418863
46.4212125,11.8350948
46.421337,12.3601976
46.4213624,13.5709102
46.4213896,12.6426622
46.4214358,13.2585099
46.4214386,11.6794518
46.421527,11.6809719
46.4215317,11.192417
46.421574,11.252103
46.4216994,11.2523773
46.4217057,13.1514782
46.4217378,13.1507215
46.4218522,13.152213
46.4218626,12.007534
46.4219042,13.1504995
46.4219407,12.4186073
46.4219943,12.9774657
46.422568,11.338733
46.4226645,12.2806603
46.4227345,13.5317634
46.4228596,10.8197266
46.4230054,10.68095
46.423053,11.336839
46.4230548,11.148799
46.4230588,12.1876802
46.4230671,12.9317316
46.4234503,12.3774129
46.4235765,11.9985111
46.4236158,11.5986501
46.423633,11.336222
46.4237103,11.6866793
46.4237476,13.5308271
46.4239306,11.6832764
46.4239533,11.668981
46.4240403,9.7182775
46.4240434,10.3553194
46.4241212,11.6483858
46.4241253,11.3384495
46.4241529,11.9372058
46.4242607,11.6578233
46.4244966,11.6863536
46.4245531,11.8809615
46.4246459,11.9370402
46.4247237,11.6138165
46.4248186,10.3550235
46.4248191,13.3168441
46.4249259,11.9377238
46.424975,11.7696357
46.4249798,12.5796567
46.4250864,10.355934
46.4250906,11.9172049
46.4250973,12.7428132
46.425106,10.3546856
46.4252058,12.7341968
46.4252173,11.9445764
46.4253019,11.337608
46.425327,11.332226
46.4254904,11.9047571
46.4254935,10.3542707
46.4256091,10.7711063
46.4256801,11.9538023
46.4257108,11.3311573
46.4257592,11.9426923
46.4257615,11.942721
46.4258456,11.9045907
46.4259217,11.1596097
46.4259934,11.9457759
46.425996,11.340353
46.4260386,10.3566544
46.426159,11.339956
46.4262814,11.9049638
46.4262901,11.3388696
46.426421,11.339065
46.426447,11.339725
46.4264607,12.5346099
46.4264918,10.3555756
46.4265074,11.9899777
46.4265778,11.7709321
46.4266428,11.0966045
46.4266863,11.3412115
46.4267157,13.5671019
46.4268248,11.2358846
46.426869,11.342616
46.4269052,11.2051747
46.426946,11.6821203
46.4273106,12.3821644
46.4275149,11.2271765
46.4277554,10.3509678
46.4277931,11.8214073
46.4278522,10.3559952
46.4278645,10.3513796
46.4278822,10.4681322
46.427889,11.252918
46.4280357,12.9345245
46.4282761,11.8213472
46.4284119,12.3785732
46.4284135,10.355993
46.4285117,11.0948573
46.428514,11.33744
46.4286431,11.6846234
46.4289547,11.3326667
46.428992,11.6928863
46.4290235,11.6972955
46.4290889,11.684072
46.4291992,11.6838352
46.4292213,9.7631187
46.429265,11.339033
46.429281,11.7409459
46.42932,11.253498
46.4294216,10.3304239
46.4294288,12.0098061
46.4295148,11.310447
46.4295385,11.7441865
46.4296429,13.3069342
46.4296872,11.693716
46.4299327,11.8159482
46.4301232,9.7651707
46.4301597,11.5388029
46.430169,10.7689815
46.4301842,11.6860863
46.4302169,11.5423159
46.4303074,10.8756151
46.4303213,10.1961762
46.430326,11.341855
46.430357,11.542399
46.4303704,10.355824
46.430373,11.5371162
46.43038,11.6947397
46.4304338,11.2998708
46.430488,11.538718
46.4306457,11.6875783
46.430649,11.337547
46.4307195,11.9447806
46.430788,11.7512734
46.4308146,11.6874519
46.430853,11.2219784
46.4309082,11.1085591
46.4309088,10.4335264
46.4309213,11.5444392
46.4309218,11.6934045
46.4310706,12.4945552
46.4311398,11.1901398
46.4311941,13.3025665
46.431313,11.34134
46.431376,11.341957
46.4314,12.2249608
46.431424,11.1090767
46.4314574,11.944722
46.4314954,12.9955412
46.4315743,11.7465028
46.4315983,11.9485781
46.431661,11.340289
46.4316899,11.5797775
46.4317008,11.7445152
46.431712,11.340895
46.4318714,11.5989284
46.431875,11.342289
46.4321649,11.1061022
46.4322398,9.8504732
46.4323548,11.0744376
46.4324113,12.2262391
46.4325907,10.8896201
46.4331189,10.3717797
46.4332996,10.767403
46.4333124,12.0058043
46.4334015,11.14495
46.4335023,9.7555602
46.433518,12.9422438
46.4335181,13.165555
46.4335436,11.5963862
46.4335998,11.3829803
46.43397,10.769182
46.4340645,12.8703147
46.4340859,11.8080844
46.4341239,12.2235775
46.4341988,12.362403
46.4342987,12.4256881
46.4343381,12.8732107
46.4344044,13.050533
46.4345988,10.1934351
46.434742,12.4862441
46.4347653,11.1028955
46.4348815,12.2178547
46.435162,11.347029
46.4352207,12.2243141
46.435222,11.5462857
46.4352289,9.7838914
46.4353856,12.8708185
46.4353878,10.7587239
46.4354854,11.0291843
46.4355167,11.1019421
46.4356111,12.22325
46.4357458,10.3482955
46.435886,11.247774
46.4359833,10.7657953
46.436046,11.1440673
46.4360512,12.1005728
46.4361436,11.691234
46.4361969,12.3651002
46.436201,11.249217
46.4362248,13.5677158
46.4362807,12.385087
46.4363406,12.2213946
46.4363635,10.3567265
46.4363883,12.8867332
46.4363983,13.1715148
46.436423,11.248112
46.4364928,11.1431935
46.4364954,10.3433605
46.4366259,12.8611519
46.4366396,11.9738758
46.4366857,11.995367
46.436771,12.3826088
46.436977,12.0717752
46.4370683,10.7699738
46.4370732,10.4728568
46.4371016,11.1448187
46.4371379,10.4693222
46.4371507,10.7698387
46.437308,11.344979
46.4373389,12.6155518
46.4374346,10.7667019
46.4375312,11.9945212
46.4376475,13.1732816
46.437835,12.0692917
46.4378358,12.3638269
46.4378842,10.3563364
46.4378849,9.8660689
46.4380011,10.3551732
46.4380933,12.2185972
46.4380935,11.053893
46.4381452,11.1366968
46.4382798,11.9847382
46.4383061,11.0534973
46.4383692,11.1372824
46.438593,11.6919887
46.438768,11.346793
46.4388472,11.1386497
46.4389238,12.3649658
46.4390605,11.0272437
46.4393832,10.4497579
46.4395361,10.5733568
46.4396333,10.3334861
46.4397284,11.1353376
46.4397284,12.503245
46.4399642,11.1375693
46.4399998,12.8831116
46.4400143,11.1400348
46.4402647,11.9903037
46.4402871,13.5096717
46.4403559,13.5713768
46.4403565,13.5713804
46.440367,11.018516
46.4404001,10.8206822
46.4404753,13.29812
46.4405283,10.3564684
46.440714,11.1347736
46.440828,11.9900215
46.440881,11.348175
46.4408842,12.9473342
46.4410412,11.9894111
46.441045,11.347647
46.4410565,11.0946941
46.4411451,11.1361852
46.4413917,11.2491148
46.4413928,11.1382049
46.4416627,13.1761626
46.4419497,12.4248688
46.442077,11.1017164
46.4421229,10.3593358
46.4422445,11.6930297
46.4427584,10.7663463
46.4432229,12.3654824
46.4437799,10.3878545
46.4438429,11.5331227
46.4439453,11.7200625
46.4439495,13.1915013
46.4441042,11.6442512
46.4441358,11.6490313
46.4441826,9.5546712
46.4442922,11.2620014
46.4447258,13.5380374
46.4450042,11.2614876
46.4452504,11.1424137
46.445348,11.234606
46.4456273,11.2375719
46.4456469,12.0840005
46.4456493,11.0137564
46.4458516,11.2580506
46.4459929,12.3347237
46.4460432,10.3514203
46.446427,12.0160822
46.4465317,12.3813949
46.4468205,13.1582549
46.4468505,10.4319844
46.4468899,11.9838839
46.4469506,13.2153746
46.4470125,11.6399078
46.4470592,11.9764061
46.4474019,13.6546749
46.4477248,11.9767605
46.4478829,11.5187781
46.448009,10.3579935
46.4481169,10.3572121
46.4482616,11.0134372
46.448692,9.5515064
46.4487689,12.7667309
46.4487723,12.0576288
46.44905,13.3154291
46.4490606,12.0335815
46.4492389,11.1239329
46.449334,10.4350856
46.449345,12.211028
46.4494693,11.0089968
46.4495937,12.0593514
46.4496173,11.6036535
46.4499858,12.5219655
46.450265,11.6933282
46.4504086,11.6925152
46.4506278,13.367917
46.450674,13.3694107
46.450685,11.356473
46.4507776,11.2544946
46.4507943,11.0090773
46.4508783,10.357784
46.4509653,12.2003312
46.450966,12.0089404
46.4510798,11.0084014
46.4510841,11.7278812
46.4512577,9.9397996
46.4513173,11.0092637
46.4513255,12.1994733
46.4513376,11.0066184
46.4516133,11.255553
46.4518959,12.3279577
46.4519077,12.2138129
46.4519839,11.0110474
46.451994,11.9752914
46.4521477,12.3993266
46.4521668,12.6274953
46.4523688,12.1995928
46.4525897,13.3233127
46.4527549,10.3731217
46.4527898,10.3493012
46.4528364,11.9679093
46.4528914,11.256749
46.4529527,10.5783883
46.4529917,11.9723154
46.4530248,11.2647736
46.4533454,11.9772228
46.4534246,12.3912908
46.4534695,11.1086571
46.4535111,11.9796427
46.4535421,11.0058955
46.4536399,11.1090384
46.4537888,11.0617708
46.4537948,11.0132412
46.4538837,11.2595713
46.4539308,11.9761829
46.4539436,11.2266853
46.4539783,11.9703752
46.454006,11.6924321
46.4541339,13.0371896
46.4541444,11.1083248
46.4542527,11.1298397
46.4542956,11.9765072
46.4543345,10.9991783
46.4543447,13.0436691
46.4544677,11.3829516
46.4545411,12.3678386
46.4545701,12.212506
46.454596,11.260139
46.4547142,11.0126667
46.4547628,11.2612964
46.4548005,12.209712
46.4549085,11.2604417
46.4551101,11.011884
46.4551337,12.603015
46.4551447,11.1163263
46.4552087,11.9705953
46.4554166,10.3806628
46.4555658,11.2373074
46.4556976,10.357521
46.4557042,12.3758596
46.455802,12.2076589
46.4558622,10.269455
46.4559287,11.7017303
46.4559396,12.7518837
46.4559701,10.3820004
46.4560238,11.1154228
46.4560987,10.2768664
46.4561678,11.9948527
46.4561797,11.9754068
46.4562035,10.3473515
46.4563454,11.6992003
46.4563537,10.4275589
46.4563968,11.7260846
46.4566117,9.9424532
46.4566145,11.2574337
46.4566526,12.4186656
46.4567482,11.1169651
46.4570942,12.0397652
46.4570953,13.4707492
46.4572045,11.795804
46.457207,11.9657266
46.4572986,11.294013
46.4573403,11.0709131
46.4576013,12.0081165
46.457636,11.259078
46.4576514,11.7918887
46.4576889,10.4310946
46.4579409,11.1316797
46.4579825,10.2403387
46.4579885,10.4258672
46.4579937,11.8057687
46.4580075,10.4239338
46.4580807,9.8140816
46.4581014,9.8140672
46.4582042,11.1318889
46.4582272,9.7943675
46.4582539,12.0137201
46.4582643,12.3027874
46.4582907,12.8636183
46.4583263,10.4249318
46.458419,11.33214
46.4585488,11.1183988
46.4586168,11.8640008
46.4586588,10.3575008
46.4587303,9.5369299
46.4587897,10.4227854
46.4588732,11.8626233
46.4589302,13.5953484
46.4590037,11.1183731
46.4592221,11.963253
46.4592242,10.4209475
46.4592325,11.3327866
46.459274,13.014716
46.4592877,13.6844604
46.4593458,13.6714112
46.4594407,10.3469384
46.4595169,10.456923
46.459705,11.334291
46.4598052,13.508082
46.459925,10.357493
46.4601036,9.795447
46.4601564,11.2596034
46.460166,11.330863
46.460251,11.334795
46.460292,11.335139
46.4604067,10.421182
46.4604168,13.0151847
46.4604971,10.3619311
46.4605041,10.3575386
46.4606014,11.9441959
46.4608327,11.2473066
46.460991,11.333433
46.4610677,11.1678661
46.4611088,13.3907649
46.4611962,11.7153008
46.4613061,11.9108434
46.461312,11.332473
46.4613308,12.2049583
46.4613481,12.2108817
46.4614431,11.2816898
46.4615222,11.2603058
46.4616373,13.0758931
46.4618,11.7827401
46.461803,12.4190824
46.4619977,11.283541
46.4619979,10.3463429
46.4620552,11.2567359
46.4623259,11.331511
46.4623478,10.3475126
46.462402,11.331523
46.4627279,10.4084629
46.4627289,11.2804019
46.4628474,10.3471565
46.4629582,11.8273184
46.463175,11.7848964
46.46371,12.2045532
46.4637277,10.4238151
46.4637462,11.2830516
46.4638105,11.448999
46.4638561,12.5561091
46.4639722,12.4869444
46.4639848,13.2238387
46.4640858,9.8103672
46.4641127,11.2081468
46.464148,11.7147091
46.4644065,11.7153475
46.4648373,11.9707859
46.4650025,12.4679656
46.4651386,10.3985869
46.4651837,9.8151942
46.4653383,10.4413667
46.4654739,10.3795767
46.465474,9.525466
46.465591,11.251546
46.465723,10.4056783
46.4659116,10.2675293
46.4660246,10.3798857
46.4661357,12.7084716
46.4663352,11.2470026
46.4663659,13.6878411
46.4666188,11.7824682
46.4666484,10.4316761
46.4667191,10.9753057
46.4668596,10.4328697
46.4669184,13.6617433
46.4669545,10.3794763
46.4670308,10.3389211
46.4670356,10.3732874
46.4671383,10.3758251
46.4672417,11.1715285
46.4672977,11.7304078
46.4673569,10.3768866
46.4675372,10.3776102
46.4678905,10.023766
46.4679302,10.3739364
46.4679965,13.1930907
46.4680121,9.650044
46.4680191,10.3762159
46.4681039,12.2057989
46.4681489,10.378006
46.4681952,11.2092897
46.4682298,10.3395095
46.468253,11.2496453
46.468303,11.527255
46.468344,11.335471
46.4683771,11.7250323
46.4684069,13.193681
46.4684159,10.3738759
46.4684756,9.65031
46.4686973,11.2476532
46.4687595,9.6499631
46.4688324,12.1987168
46.4689034,10.3737183
46.469193,11.336619
46.46923,11.335477
46.469428,12.2011354
46.4694501,10.369291
46.469467,11.337038
46.469522,11.336989
46.469522,11.337102
46.469555,11.337016
46.469745,10.3696836
46.4699769,11.5654938
46.4703605,9.6540969
46.47041,10.4442048
46.4704578,10.3831643
46.4705276,13.5688705
46.4705805,10.3429515
46.4706032,13.1012704
46.4706632,10.344699
46.4707171,10.3734471
46.4707966,13.065039
46.4709012,10.4236346
46.4709456,13.0064801
46.4711336,12.2012249
46.471363,11.554817
46.4716749,11.5109183
46.471746,11.337799
46.4718988,10.5165379
46.472034,11.588173
46.4721261,11.7768198
46.4721602,11.2630537
46.4724111,10.289353
46.4726229,13.0017252
46.4727267,10.5027826
46.4728229,11.8870644
46.4728719,9.5126909
46.4731379,9.5116636
46.4733102,13.6714919
46.473315,11.0183657
46.4734254,13.0263134
46.473483,11.526375
46.4735338,10.8271653
46.4736229,11.3103684
46.4736529,12.1652275
46.4737495,10.3711376
46.4737509,10.4265249
46.4737576,12.2024112
46.473852,11.330016
46.4739398,11.2608345
46.4740355,11.7727678
46.4740661,10.4978224
46.474144,11.321084
46.4744338,10.2629635
46.4744807,11.0215677
46.4744857,11.4120951
46.4745536,12.0576206
46.4747158,11.0223314
46.47474,12.20337
46.4747851,12.8632675
46.4748086,11.5303941
46.4749432,12.4093329
46.4751379,11.5798095
46.4752294,11.8992288
46.4753762,10.3994771
46.4754375,11.7008421
46.4755192,10.4921104
46.475595,11.3690876
46.4756168,11.768352
46.4756224,13.5336361
46.4756576,11.7053673
46.4758247,11.7737394
46.475884,11.323337
46.4760993,11.0220565
46.4761981,10.9107051
46.4762445,11.22681
46.4763601,11.7471697
46.4764641,10.9858533
46.4764809,11.7375058
46.4765179,11.7698895
46.4765483,13.2178707
46.47655,11.7678899
46.4767259,13.1601103
46.476774,12.274193
46.4769723,11.7411849
46.4771644,10.3961763
46.477325,11.7744814
46.4773429,13.0976452
46.4773469,10.4880114
46.4773719,11.2963348
46.477413,11.520066
46.4775609,11.514103
46.4776579,11.2515807
46.4776582,9.4859678
46.4777444,11.7406223
46.477765,10.8149196
46.4780115,12.608619
46.4781736,11.1384375
46.4783815,11.2292498
46.4784324,10.1004785
46.478559,11.76233
46.4785992,12.2266446
46.4786274,11.2206938
46.4786424,11.9543291
46.4786468,12.8708779
46.4786793,11.1367944
46.4787073,12.8528291
46.4789444,13.0200556
46.4789802,10.268371
46.4790027,13.1236829
46.4796164,12.415537
46.4799563,11.9580357
46.4800527,12.0935378
46.4800991,10.4806902
46.480168,11.2505588
46.4802618,12.3338861
46.4804394,12.032971
46.4805,13.4925833
46.4805225,13.4926124
46.4805335,12.2896883
46.4812222,12.4570278
46.481484,11.341458
46.481528,12.0327414
46.4815613,11.9551152
46.481612,11.9576539
46.4822146,11.9153744
46.4822171,11.7834589
46.482241,11.34179
46.4822981,11.3127667
46.4823401,11.3417096
46.4825221,11.3173621
46.4825684,11.3150112
46.4825907,10.3345187
46.4826554,11.3176293
46.4826758,11.9829026
46.4828681,11.7788805
46.4828748,10.3413381
46.4830599,12.1076711
46.4830677,11.2544662
46.4831313,10.266248
46.4832057,11.9833881
46.4833453,11.3461151
46.4834167,12.4610833
46.4835128,11.3244141
46.483623,11.343148
46.483968,11.3537027
46.4840203,12.395155
46.4841587,13.4655577
46.4841761,10.3603933
46.484326,11.344047
46.484489,10.2690696
46.4846941,12.8548502
46.484768,11.326008
46.4847721,12.0353693
46.4848408,11.4555913
46.4848646,11.5778937
46.4849291,11.3255339
46.4849565,10.2676487
46.4850414,11.2539301
46.4850811,10.3110284
46.4851661,10.8482265
46.4852926,13.4667774
46.485352,11.9740508
46.4853853,10.2726919
46.4855167,13.3360022
46.4855677,10.2650808
46.4857626,10.2711469
46.4858101,10.3533498
46.4858209,10.3191989
46.4859241,9.8366214
46.4859699,9.9428229
46.4859717,11.32865
46.4859997,13.0215337
46.4861429,10.306604
46.4861882,10.2737979
46.4862424,11.3281265
46.486249,11.326132
46.4863168,12.1059379
46.486335,9.941497
46.486359,11.32706
46.4864913,11.3285325
46.4865105,11.3288831
46.4867845,11.326395
46.4868808,11.0089526
46.4870835,11.3257949
46.4872763,10.3576259
46.487491,11.332251
46.4875383,11.208367
46.4876018,11.3324918
46.487616,11.1723839
46.4877451,10.2888703
46.4878164,10.1106738
46.4881786,11.3244974
46.4882104,10.3187018
46.4882273,11.5897942
46.488382,10.2867804
46.4883947,11.0005036
46.4884913,12.3597367
46.4885078,11.2337754
46.4885885,9.9200392
46.488659,11.593044
46.4886815,11.3143506
46.4887552,11.9672334
46.4888637,10.8724608
46.4889553,12.8813967
46.4890612,12.3600502
46.489265,10.3012346
46.4892762,11.3386511
46.4893763,10.3003113
46.4895171,11.3396995
46.4896085,11.4067048
46.4896912,10.3125813
46.4897262,11.3557285
46.489874,10.2543284
46.4900488,10.8768403
46.4901645,10.2982691
46.4901798,9.8976309
46.4902593,9.9051182
46.4905402,11.5198401
46.490578,11.320231
46.490607,11.52999
46.4906192,11.3207854
46.490948,11.260004
46.4909953,9.8960479
46.4910715,11.6568261
46.4912673,11.7138792
46.4914279,13.4917875
46.4915759,12.8667773
46.4916832,11.312305
46.4917342,10.3606024
46.4917534,11.3445582
46.4917562,10.3604672
46.491811,11.486104
46.4918254,11.3281767
46.4919234,12.0354547
46.4920739,11.3208344
46.4923452,11.330623
46.4923898,11.1313975
46.4923951,11.3173959
46.492492,11.3115605
46.4925277,10.3590541
46.4925889,9.9082279
46.4926313,11.3183076
46.4926611,11.3173448
46.4928062,11.2448534
46.492827,11.352643
46.4930373,11.3404569
46.4930915,10.1287203
46.4932005,9.9024829
46.493329,11.351468
46.4933929,11.2415923
46.4934747,11.310826
46.4936025,12.5613343
46.4936119,13.1711465
46.4936339,10.6094448
46.4937803,13.6662717
46.4938279,11.4023589
46.4938989,9.9015369
46.4939546,11.6728804
46.494043,12.4746532
46.494503,11.3908181
46.4945916,10.9343995
46.4946038,10.3127937
46.4946936,9.9016969
46.4947403,9.90105
46.4947799,12.4825785
46.4948868,11.98873
46.4950334,10.2816534
46.495261,11.349987
46.495372,11.339875
46.4953991,11.7799393
46.4956965,10.7071906
46.4957043,12.4806128
46.495881,11.353737
46.4959534,12.4735421
46.4959799,9.8204049
46.496021,11.3066952
46.496134,12.479955
46.4961362,10.6880475
46.496295,11.323294
46.4963197,12.4336655
46.496365,11.4999
46.4963806,10.353559
46.4963949,11.876912
46.4965269,11.3405105
46.4965778,13.6482725
46.4965796,11.6617737
46.49669,11.347754
46.4967123,13.649362
46.496743,11.3703321
46.4967826,11.3704624
46.4967916,11.8741336
46.496801,11.8740529
46.496875,11.355405
46.4969291,9.871555
46.4970197,9.902375
46.4970419,11.3560759
46.4971651,9.8380192
46.4971864,11.8742701
46.4972058,11.3533847
46.497352,11.354607
46.4977514,11.1872504
46.497798,11.339242
46.4978631,11.3822086
46.498226,11.34634
46.4983252,11.35476
46.4983495,11.2293208
46.498361,11.356352
46.4985326,11.3544075
46.4987349,12.4698756
46.4988,11.347385
46.4989507,9.8295408
46.4990008,11.5691846
46.49916,11.353233
46.4991633,12.2116002
46.499168,11.357927
46.4991873,13.2026398
46.499666,11.352589
46.499718,11.361939
46.4997428,11.3518231
46.4998738,11.363897
46.4998883,11.3638897
46.499973,11.349451
46.5001283,11.2101991
46.500163,11.354073
46.5001903,11.3556346
46.500252,11.348101
46.5003777,11.3528959
46.5005944,13.3787197
46.500606,11.220029
46.500652,11.344205
46.5007359,12.0951827
46.5009498,11.5733727
46.5010848,13.5015555
46.501106,11.352407
46.501173,11.345407
46.5011731,11.327998
46.501214,11.356374
46.501334,12.5044666
46.501435,11.339264
46.50152,11.349751
46.501689,11.3553371
46.5019021,13.3829785
46.501911,11.513581
46.501919,11.339752
46.5019982,10.1206366
46.502081,11.334967
46.5025375,13.0714427
46.5026428,11.3489847
46.5026532,10.7105337
46.5027257,11.9863522
46.502945,11.345814
46.5029572,13.3048606
46.503093,11.518366
46.503104,11.349204
46.503322,11.299406
46.5033838,13.5817663
46.503521,11.521547
46.5035816,13.5926547
46.5036046,11.1219245
46.503765,11.498587
46.5037992,10.1180049
46.5038711,11.3493615
46.5038757,12.4412763
46.503927,11.349472
46.5039519,11.3488245
46.5040558,13.5821358
46.504079,11.348915
46.504116,11.331389
46.5044764,11.0147159
46.504539,9.8722275
46.5045594,11.332162
46.5047018,11.0171125
46.5047922,13.5797544
46.504963,13.4409404
46.5049784,13.4414518
46.5050432,13.5807692
46.505209,11.333497
46.5053653,13.5767647
46.5054391,11.4910634
46.5056685,10.1725523
46.5056736,10.8626498
46.505764,11.9900237
46.5058043,11.8501991
46.5058265,11.3486081
46.5058361,11.3325551
46.505947,11.33839
46.5059568,11.3381931
46.5060501,11.2009557
46.5061246,13.5777182
46.5064977,13.306295
46.5065679,13.2598359
46.5065954,13.3081566
46.5070036,12.0521418
46.5070381,13.4375711
46.507103,11.350175
46.5071555,13.1093594
46.507394,11.347847
46.5076482,12.4057116
46.5078227,12.1535801
46.5078783,11.2878418
46.5080817,12.0550344
46.5081182,11.5402952
46.5081936,11.3984296
46.5083868,11.8555946
46.508546,11.334978
46.5087305,11.2645238
46.5088056,10.6648384
46.5088725,11.2690488
46.508997,11.269199
46.5090158,13.5332523
46.509035,11.356563
46.5090388,13.534569
46.5094886,11.3371406
46.50958,11.351055
46.5096075,10.6553487
46.5096525,11.7002869
46.5098614,13.4740243
46.5099751,9.854667
46.5103104,13.2778383
46.5104486,12.4068797
46.5105455,13.1724564
46.5107283,9.5906744
46.5108412,11.3170004
46.5108425,11.3965211
46.5109663,13.5328752
46.5110027,11.2746704
46.5111492,10.8920907
46.511168,13.6876117
46.5113701,11.6872793
46.5115556,13.0018889
46.51158,11.1090301
46.5116277,12.1642109
46.5117322,10.8970899
46.5118249,9.4685339
46.5118272,12.8673283
46.5118732,10.6956748
46.5119347,11.6604745
46.511965,11.300683
46.5121881,12.9914824
46.5122289,12.8672616
46.5123256,10.3182475
46.512355,10.593998
46.5125163,12.9886958
46.5125346,11.2166982
46.5127831,11.3550725
46.5129426,12.1447201
46.5130004,11.8639334
46.513056,11.478678
46.513129,11.478681
46.5132141,10.6472949
46.5132835,9.8618524
46.5133776,11.8731831
46.5137204,9.863052
46.5137253,11.1919689
46.5137612,11.6073452
46.514,9.8585987
46.5140827,11.5475083
46.5141376,12.8390023
46.5142954,12.0016931
46.5144615,12.1100778
46.5150549,12.639647
46.5151345,11.668088
46.5154628,12.8684591
46.5155545,12.8666604
46.5156044,12.8164027
46.5156871,11.2261351
46.5156947,9.8488579
46.5157864,12.8667789
46.5159605,10.12211
46.516001,10.3138312
46.5161294,13.7006174
46.5162346,11.5071516
46.516531,10.8622572
46.5167413,11.4962018
46.5167686,12.4644342
46.5171165,12.0935854
46.5173965,12.9893886
46.517502,11.49877
46.5175309,11.5027665
46.517613,11.508281
46.517643,11.500912
46.5176872,10.1260431
46.517698,11.502659
46.5177323,13.6103687
46.5177355,12.8763284
46.5178207,11.5042752
46.5179753,13.6060381
46.5181327,11.5120689
46.5183409,12.8313854
46.5184051,12.0379643
46.5184306,11.6920419
46.518496,11.502625
46.5185397,11.8483461
46.5186768,12.4839981
46.5188505,11.2333578
46.5188755,9.626892
46.5188806,12.8659848
46.5190476,10.1861758
46.5190551,13.7062707
46.5190586,10.1821456
46.5191413,11.5996313
46.5197246,12.1623839
46.5197391,10.9392593
46.5197629,11.1836386
46.5200125,11.8748607
46.520053,12.009053
46.5200593,12.0090438
46.52018,11.232905
46.5202141,11.7004618
46.5203284,12.0107494
46.5205443,13.6149379
46.5205453,13.2757845
46.5205782,12.7691286
46.5208364,11.3488179
46.5211046,9.6312261
46.521225,9.4429485
46.5212446,11.5222271
46.5212715,12.8679602
46.5215727,9.6312838
46.5219284,10.3564449
46.5219378,11.5838085
46.5221075,11.4706412
46.5221319,12.769817
46.522301,11.426868
46.5225942,9.6323688
46.5226421,10.1246131
46.5228332,11.5082362
46.5228589,11.3884526
46.523062,11.3498474
46.523065,11.537201
46.5231846,13.1791599
46.5232793,9.6552497
46.5233384,9.6317397
46.5236557,12.0439808
46.5238086,9.63929
46.5241401,11.5085589
46.5242058,12.7911675
46.5242096,11.4734917
46.5249953,11.5865984
46.525079,11.425856
46.5256884,10.5885482
46.5258304,12.8759152
46.5262875,12.8745865
46.5263016,12.9211468
46.5263706,12.945659
46.526395,11.8939459
46.526428,12.1402284
46.5265148,12.7892862
46.526825,13.1202317
46.5269595,11.001724
46.5270206,10.5838497
46.527236,10.5743721
46.5274482,10.5852342
46.5278019,11.8952644
46.52786,11.405852
46.52808,12.0512867
46.5280869,13.0150285
46.5281555,12.9817864
46.528189,11.530853
46.528222,11.9026397
46.5282603,11.4052909
46.5283002,10.0741236
46.5285565,10.5528219
46.5286245,12.2792725
46.5287705,11.4038553
46.5288134,11.2483499
46.5289228,12.9875929
46.5289589,11.1116534
46.529162,10.915373
46.5292381,12.9417089
46.529243,11.406737
46.5293923,10.1268688
46.5294739,13.1829264
46.5294754,11.2496282
46.52956,13.4193208
46.529626,12.9365763
46.529657,11.186512
46.5298915,11.0970481
46.5300806,11.1121551
46.5301361,12.0562048
46.5301583,9.6496614
46.5301621,13.5455205
46.5305183,10.5055712
46.5305214,11.883003
46.5305753,13.1151544
46.5307358,11.2496999
46.5308099,11.250977
46.530983,12.0572386
46.531152,11.675162
46.5315848,10.4093172
46.5320217,11.0221082
46.5320595,10.7475042
46.5320729,9.6477072
46.5322194,10.5049736
46.5322747,9.6472432
46.5324735,13.0394783
46.5327869,10.466124
46.532973,11.617139
46.5330016,10.1309657
46.5330227,13.306755
46.5331154,12.0326605
46.5332898,11.5842032
46.533474,12.0307665
46.5335537,11.9328979
46.5335586,12.0262736
46.533693,11.916203
46.533725,11.4384704
46.5339729,10.7504244
46.5340039,12.881063
46.5343539,12.1433703
46.5344206,13.0379972
46.5344776,12.137289
46.5345212,13.1144986
46.5345631,9.8710051
46.534768,11.3315624
46.5349538,13.0209319
46.5350044,10.1809643
46.5350164,13.2822039
46.5350639,10.9838858
46.535072,11.9051671
46.5353126,10.2522607
46.5354251,12.2070913
46.5355439,11.3309559
46.5357684,13.0220182
46.5358176,11.5208495
46.536182,11.5254161
46.5365738,11.8216801
46.5366093,12.9442137
46.5367508,11.6431649
46.5367893,10.1406399
46.5368293,9.8749031
46.5368312,11.2517801
46.536993,11.463495
46.5370835,10.1349865
46.5372233,10.500281
46.5374057,11.329005
46.5375132,10.2537505
46.5375847,13.1164243
46.5377462,11.9174656
46.5378062,12.5886959
46.539001,13.4962651
46.5390025,12.1351031
46.5390954,12.8817496
46.5391267,10.1422777
46.539145,11.458398
46.5391602,13.0756491
46.5391901,11.6453485
46.5392384,11.8966839
46.5393313,11.2462608
46.5393477,12.3061191
46.539433,11.20333
46.5395622,11.5534563
46.5399191,11.9650329
46.5399843,10.1430594
46.5401096,10.1430389
46.5402905,10.1431649
46.540668,11.20417
46.5407663,13.0603766
46.5413153,9.8769263
46.5414361,13.0768857
46.541532,11.53985
46.5416105,12.4632282
46.5419226,12.3113889
46.5419405,10.2547084
46.5420186,12.2017665
46.5421396,10.0791433
46.5421587,11.7875925
46.5422111,10.1440315
46.542296,12.9283763
46.5423035,11.8357913
46.5423628,10.1380971
46.5423917,12.6983322
46.5425486,12.0998284
46.542698,11.457984
46.5427139,10.2756903
46.5427244,12.6993938
46.5427587,9.852473
46.5431654,11.8020266
46.54317,11.203163
46.5431943,12.5438923
46.5432307,10.1382366
46.5435039,12.3751075
46.543513,11.204005
46.54355,11.20164
46.543556,10.1434405
46.54369,12.1336943
46.5437224,12.5675282
46.5438217,11.5593125
46.5438337,10.1402832
46.5441144,11.8324139
46.5443388,13.5186951
46.5443788,10.1415108
46.54439,11.560322
46.5445396,9.8652695
46.5447914,12.1657487
46.544801,11.778916
46.5448086,10.4219394
46.5448658,12.1213294
46.5450156,11.7714533
46.5451166,11.1161413
46.5451597,11.8579495
46.545181,11.1054788
46.54522,11.562788
46.5452256,11.5598612
46.5452348,10.141899
46.5453652,12.9796744
46.545391,11.203281
46.5457397,13.517472
46.5457509,11.8014815
46.5458631,12.2429296
46.5461285,12.4438635
46.5461704,12.8557844
46.5462153,12.4550605
46.5463969,12.2430597
46.5463987,10.1386412
46.5464618,11.846024
46.546982,11.331931
46.5470581,13.4108326
46.5471145,12.9295512
46.5471766,11.8772792
46.5474469,10.6177568
46.5474986,12.8664392
46.5474987,10.2392273
46.5477897,12.4520753
46.5478754,13.0851829
46.5479226,11.7118416
46.548209,12.4467253
46.5482283,11.7206246
46.548399,11.412714
46.5485176,11.8543605
46.5485558,11.8746565
46.548629,11.8238223
46.5489824,11.872182
46.5489962,11.8571567
46.5491912,10.2634319
46.5493244,12.5472866
46.5493477,11.1125955
46.5493685,12.4397688
46.5495904,10.5064829
46.5495952,12.4408434
46.5495956,12.6292808
46.5496651,10.5065856
46.5497217,10.1418388
46.5497886,11.5386012
46.5500598,12.2040784
46.5501847,12.0046718
46.550309,11.201463
46.5503186,12.5492258
46.5503432,12.6188994
46.550376,10.1235567
46.5507314,10.1376487
46.5509225,12.2851823
46.5510699,12.6332686
46.5512661,12.4432863
46.551363,12.4379672
46.5514481,11.7641975
46.551553,11.764196
46.5517688,10.1053658
46.5518189,12.1898063
46.552089,11.8672082
46.552375,11.17956
46.552427,12.04133
46.5524274,10.1330278
46.5526942,10.1368347
46.5527066,11.1516394
46.5527843,10.2531476
46.5528296,12.6115886
46.5528827,9.8898544
46.5529089,11.9985362
46.5530053,10.9559985
46.5530581,11.8728024
46.5530766,12.130885
46.553264,13.2944492
46.55334,11.7231283
46.5533577,10.1250878
46.5533696,9.8898137
46.553371,9.8910343
46.5534385,12.5461871
46.5534456,12.8506367
46.5534674,11.6585419
46.553488,12.5470592
46.5536014,11.7618477
46.553623,11.8906244
46.5537392,11.8222745
46.5539155,12.5502169
46.5539603,10.9014005
46.5540847,9.4386368
46.5542404,11.1794004
46.5543157,11.6484118
46.5544838,10.1365439
46.5547867,10.5317977
46.5548598,11.7363805
46.5549309,12.8113119
46.5549613,11.7598369
46.5550985,9.545035
46.555113,11.492064
46.5552041,10.1456106
46.5552582,12.428952
46.5553074,10.145553
46.5553158,11.7606439
46.5555214,10.5304042
46.5555696,11.9749806
46.555688,11.190455
46.5557041,13.1288182
46.5557392,11.1207618
46.5557695,10.119867
46.5558024,13.0668154
46.5560702,11.755866
46.5560854,12.6053649
46.5560896,11.7572821
46.55619,11.755865
46.5563164,12.5496757
46.55647,11.756508
46.5564737,11.7552242
46.556533,11.755232
46.5565816,11.0324152
46.556591,9.4392495
46.556754,11.754642
46.5569413,11.7404896
46.5570561,12.5499917
46.5570621,9.4482395
46.55708,9.4397851
46.5572315,12.5550741
46.5573536,11.4448489
46.5575757,11.1204801
46.5576743,11.7571984
46.557711,9.4393771
46.557724,11.757174
46.5578356,12.5505558
46.558211,11.721892
46.5582417,12.8576321
46.5584458,12.5572691
46.5585346,12.2769166
46.5586007,11.7251797
46.5587054,13.229894
46.5588865,11.7234756
46.558927,11.566823
46.5589906,11.7285418
46.559008,11.72348
46.5590081,11.2243909
46.559089,11.72856
46.559111,11.714923
46.5591964,11.7161458
46.5592434,11.7484454
46.5592493,11.6077103
46.55934,11.716157
46.559386,11.7414579
46.559502,11.741493
46.559734,11.748247
46.559794,11.634298
46.5598162,9.6261476
46.5598345,9.8451861
46.5598542,12.2776784
46.5599199,11.9823029
46.5601479,11.7149335
46.5603394,9.5546124
46.5604039,13.5047714
46.5606512,13.5066052
46.5607513,11.7114551
46.5608851,9.6248565
46.5610255,9.8957827
46.5611756,10.1630528
46.5612386,10.5322235
46.5613264,11.7066981
46.5613299,11.7593163
46.5613333,9.4499612
46.5614776,12.4191273
46.5617213,9.4495136
46.5620734,12.5829605
46.5621255,12.4161013
46.5622626,9.4484394
46.5624489,12.679703
46.5627277,12.4536628
46.5628344,11.7795089
46.5629046,11.1697802
46.5629209,12.5816417
46.5634334,12.3943101
46.5634694,13.0032406
46.5635738,11.7112934
46.5637336,12.5824473
46.5637379,12.580445
46.5640506,12.5816413
46.5641397,9.6248523
46.5641699,11.2655179
46.564405,11.636588
46.564534,11.631175
46.5645362,11.711203
46.564539,11.7787067
46.5646475,12.5837401
46.5649943,12.6789474
46.565445,11.597739
46.565575,12.582441
46.5662952,12.8544498
46.5664353,12.6807556
46.5664459,12.852368
46.5665026,12.6680615
46.566933,12.6894495
46.566957,11.562081
46.5671728,12.231606
46.5674576,12.688626
46.5674615,10.9991227
46.5677338,12.6944825
46.5678026,12.751345
46.5678127,12.6909514
46.5679609,12.6923936
46.5679865,11.5573582
46.5681327,12.1857704
46.5681608,11.5577216
46.5682803,12.4023789
46.568384,11.559146
46.5684182,12.6946835
46.5684548,12.8508369
46.5685406,12.5203566
46.5685841,12.6940204
46.5686744,11.7205641
46.5689516,12.7214394
46.5690474,12.6969279
46.5692179,11.6705928
46.5692308,12.4132884
46.5693155,12.697344
46.5695234,12.6992944
46.5695776,11.9352915
46.5696129,12.4134811
46.5697536,12.7016823
46.5698714,11.5595787
46.5699313,12.702598
46.569988,11.559902
46.5700031,11.7858563
46.5700581,10.352337
46.5700616,12.7232561
46.5701194,12.7223083
46.5702635,12.5904751
46.5706092,10.8960748
46.5708285,11.9327252
46.5708291,12.8512626
46.5709286,12.5186225
46.5709314,12.714395
46.5709329,12.7228826
46.570997,12.5865802
46.5712673,12.7131457
46.5715084,12.7072332
46.571844,11.6810386
46.57199,11.681069
46.5720811,9.5937177
46.5722348,12.5476635
46.572474,12.5872374
46.5724823,12.7787979
46.5724967,12.5471485
46.5726206,10.9120972
46.572643,11.600672
46.5728118,12.5852931
46.5731101,11.6769044
46.573167,9.9345466
46.5732938,12.5441846
46.573388,11.676573
46.5734059,11.6946714
46.573447,12.5874941
46.5736176,11.5380226
46.5736199,12.1007637
46.5736266,12.7848431
46.573716,9.934194
46.5738149,12.7060861
46.573862,11.6743886
46.574218,11.673789
46.5742562,9.4169124
46.5742775,9.9329415
46.5743604,12.5360776
46.5746236,12.6020502
46.574734,11.6704661
46.5748342,13.0098694
46.5748779,9.9323098
46.5750266,11.6708529
46.5750854,11.6716411
46.5751241,12.5877549
46.5751397,11.6712388
46.5753085,11.4560847
46.5757174,9.9313395
46.5757948,11.677653
46.5759011,12.1145979
46.575933,11.6716306
46.5759653,11.2381407
46.576091,11.671756
46.5761116,10.5409263
46.576113,11.677212
46.576297,11.664863
46.5763317,11.6662878
46.5765891,12.5319676
46.5765903,11.8047227
46.5767148,11.8046358
46.5768638,9.9304878
46.5769834,11.6754494
46.5770832,12.5800806
46.577123,11.67535
46.5773705,11.6521102
46.5773989,10.053944
46.5774254,12.3853445
46.5774402,11.9193398
46.5774593,11.6509061
46.5774785,12.6052015
46.577584,11.675624
46.5775948,12.6085412
46.5778055,12.3837208
46.578163,11.680672
46.5781991,10.8768027
46.578263,11.662298
46.5782869,10.889196
46.5784848,9.9268317
46.5785054,9.9269071
46.5785228,12.5959293
46.5787077,11.5153818
46.5787195,11.6775049
46.5790522,9.9262298
46.5791081,10.5422012
46.579258,11.652326
46.5794217,9.9187125
46.5794226,9.9252222
46.5794993,12.5719777
46.5795652,12.5734965
46.5797298,11.9008324
46.5798307,12.5743052
46.580094,9.4491655
46.5802897,12.7973482
46.5803144,12.5735659
46.5804909,12.5726056
46.580558,12.6802806
46.580911,12.5763678
46.5809428,10.7982002
46.5812594,9.6201981
46.5813274,12.5754994
46.5816171,9.8002231
46.5817994,12.5786285
46.5818441,9.4212454
46.5821434,12.5273866
46.5821902,11.897446
46.5823037,11.7562588
46.5824434,9.6178908
46.5826353,11.9074893
46.5829558,11.9036382
46.5830561,9.6167725
46.5830865,12.8397684
46.5831692,12.8392446
46.5832192,11.2105975
46.5835872,10.3904866
46.583627,11.687334
46.5836672,12.8413103
46.5837806,12.5221522
46.5839166,13.003675
46.5842077,12.2540681
46.5842157,12.0022368
46.5843228,13.0013984
46.5845844,9.5891344
46.584586,11.201565
46.5846043,12.9992228
46.5847394,12.7785603
46.584855,11.148055
46.5849078,12.9926548
46.5849167,12.9926944
46.5851645,12.8447172
46.5852624,11.2961506
46.5852883,12.7883932
46.5852994,9.9364156
46.5853155,10.5227005
46.5853698,12.7703644
46.5856025,12.7275951
46.5856552,9.9385138
46.5856982,12.8449039
46.5857232,12.7712526
46.5857289,11.0867453
46.5860133,9.9370258
46.586188,11.086765
46.5862778,9.9380806
46.586291,11.086745
46.5865585,11.2554312
46.5865585,11.2554312
46.586713,11.25375
46.5867906,12.9935215
46.5868578,12.8452474
46.5870181,13.0305213
46.5870875,11.9268417
46.5871046,9.9385372
46.5872524,11.6980153
46.5872587,12.5347419
46.5872827,9.5899397
46.58752,11.7581601
46.5876375,11.721831
46.5878668,11.0066552
46.5880215,11.5111032
46.5881757,9.5881946
46.5882202,12.532462
46.5883582,10.7377748
46.5883903,12.8498088
46.5885686,12.5050431
46.5886562,12.2560547
46.5886884,12.5147219
46.5887069,12.5154575
46.5888085,12.5916294
46.5889524,11.0147134
46.588966,11.146649
46.5891147,11.4341649
46.5891981,9.9258021
46.5895454,11.7038021
46.589769,9.7754413
46.5898377,12.9079876
46.589917,11.145914
46.590031,11.146515
46.5900605,11.8290293
46.590789,11.4506105
46.5909364,10.2952789
46.5910225,9.5933618
46.5911439,9.7646178
46.5913051,11.5534064
46.5914127,11.8956699
46.5914257,9.5921584
46.5914385,12.867225
46.5918784,9.5928174
46.5926813,12.5144881
46.5929668,9.9309963
46.5932426,12.5067759
46.593323,11.554931
46.5933515,9.5938899
46.5936134,11.4474831
46.5939005,12.7210833
46.5940047,9.4277464
46.5941735,12.5037417
46.5946349,9.5952573
46.5947482,11.7330589
46.5951608,11.534693
46.5953061,13.0273358
46.595365,11.168884
46.5956353,9.5948897
46.5958185,10.0769804
46.5958225,12.543506
46.5959085,12.5209882
46.5960169,10.5712317
46.5960439,11.8941968
46.5960486,12.4994354
46.5962255,9.598033
46.5963908,11.5304391
46.5964356,9.9642483
46.5968323,10.4257261
46.5968918,9.5979331
46.5970458,12.4977288
46.5972077,10.8819714
46.5972417,9.5986059
46.5973745,12.022673
46.5974237,10.3940604
46.5975581,12.8057669
46.5979806,10.5451301
46.5979869,12.4929333
46.5980693,9.5905329
46.5982446,12.8088763
46.5984395,12.1700701
46.5985748,11.0539866
46.5986446,10.546855
46.5987484,10.2843295
46.5987497,11.1463775
46.5987529,12.4917125
46.5987601,10.5475774
46.5987715,13.0219692
46.5987926,12.4695835
46.5988375,12.2584022
46.5988578,12.793473
46.5989831,10.4079117
46.5990663,12.4927696
46.5991049,9.5894
46.5991173,12.4937068
46.5993771,10.5065339
46.5994275,12.0977615
46.5995508,9.943301
46.5997909,12.4773587
46.599824,12.4908972
46.5998498,12.4767371
46.5998559,10.4087851
46.5999282,12.4929182
46.5999436,10.4098701
46.6000027,11.1633031
46.6001684,10.4247991
46.6003046,12.4915787
46.6003454,10.4071611
46.6004456,9.9594062
46.6004638,9.4281369
46.6004762,10.4202286
46.6005478,12.4909388
46.6005499,12.4782556
46.6006345,10.4244423
46.6006562,12.0963179
46.600754,11.631197
46.601018,10.4050368
46.6011292,9.9614258
46.6013088,10.4237784
46.6013139,12.4784732
46.6013762,12.4892215
46.6013771,10.4037761
46.6013885,10.4026701
46.6015775,12.4818903
46.601605,12.6311952
46.6016278,10.7998073
46.6016932,12.0966057
46.6017202,12.4805762
46.6017618,12.4787365
46.6017992,9.9584824
46.601814,11.210759
46.6018911,9.9603722
46.6019223,10.4248644
46.6020695,9.9590174
46.6022829,10.4039686
46.6022842,9.9580817
46.6025592,10.8472343
46.6026138,9.4261202
46.602849,12.1422354
46.6029133,9.4221863
46.602916,9.4215963
46.6030151,11.5477166
46.6032233,12.4801865
46.6032877,9.426423
46.6034453,10.4235342
46.6035535,11.5061684
46.6036059,9.4258467
46.6036316,9.9583441
46.6037949,12.0974056
46.603834,10.4233554
46.603929,11.592239
46.6039311,9.5608752
46.6040085,11.9228808
46.6040315,11.42414
46.6041151,12.5124286
46.6043684,9.4266585
46.604418,10.3948551
46.6047564,10.8172957
46.6048057,12.9328176
46.6050167,11.6167363
46.605095,11.226338
46.6051382,12.2733302
46.6054341,10.8212594
46.6056767,9.4268162
46.60598,11.160735
46.6063595,9.5957454
46.606403,12.868778
46.6068972,10.8780621
46.6069455,12.5183623
46.6072804,12.0280469
46.6073147,10.4324707
46.6073208,10.8770864
46.6073587,10.8236701
46.6073776,11.7282492
46.607412,10.8226804
46.6075069,10.8758462
46.6075393,9.5730291
46.6076289,10.8792016
46.6076298,12.7785719
46.6077478,10.8769241
46.6077595,12.0655745
46.6077943,10.3723894
46.6079353,11.1811441
46.6080639,11.1556113
46.6080768,9.534301
46.6081411,11.279122
46.6082772,11.7265154
46.6083548,11.1822299
46.6084125,9.5352221
46.6084469,9.5914016
46.6086567,11.1680641
46.6086602,10.4104682
46.608778,10.8202514
46.6088317,10.411709
46.6089701,11.5790445
46.6090081,10.8225637
46.609101,11.56928
46.6091269,10.371461
46.609325,11.56429
46.6094044,9.5718587
46.6094206,11.5667632
46.6094231,11.2741343
46.6097035,9.5829014
46.6097627,9.5822743
46.6098428,9.4196537
46.6098841,10.8580117
46.6099454,11.8935583
46.6100118,12.6154694
46.6101351,9.5814851
46.6103424,11.7272312
46.6104654,10.4068052
46.6104883,11.8935745
46.6105746,10.710496
46.6105943,9.5714686
46.6106817,10.8561523
46.6107814,12.09285
46.6108947,9.9803114
46.6110628,9.9810492
46.6110663,12.0069426
46.611263,9.9825669
46.6112959,9.4020536
46.6113015,9.402434
46.611323,10.693309
46.6114482,11.1947816
46.6114954,10.3644262
46.6115593,9.9834533
46.6117599,11.5807874
46.6117981,9.9847109
46.6118414,9.6048864
46.6120259,9.9822504
46.6120702,9.9850628
46.6121707,9.9836393
46.6121897,10.5305455
46.6122439,11.122098
46.6122497,9.9859714
46.6122609,11.6674769
46.6123615,12.0139149
46.6124293,10.3803027
46.6124365,12.0140082
46.6124469,10.6826014
46.6126813,9.4380186
46.6127559,10.2676149
46.6128139,9.9853718
46.6130024,11.156079
46.6131381,11.5112668
46.6131471,11.6667038
46.6133679,11.1561435
46.6135505,11.7439493
46.6138132,9.4381678
46.6138223,10.4722511
46.6142587,10.7029986
46.6143017,11.537302
46.614411,11.245151
46.6145876,11.1596255
46.61467,11.614807
46.614681,10.823829
46.6148429,11.4795745
46.615379,11.1435535
46.615489,11.146194
46.6156658,10.5939858
46.6157115,9.4256971
46.6158039,11.1498686
46.6159524,11.0284744
46.6164527,11.1496234
46.6164673,9.4256167
46.6165723,10.7007247
46.6167319,10.5930569
46.6167548,11.4503374
46.6168781,11.1308293
46.616981,11.130791
46.6170154,11.1430023
46.6171181,9.4258855
46.6173059,10.5399972
46.6173611,11.1460615
46.6174328,10.7050318
46.617496,10.589898
46.6176223,10.5935493
46.617661,11.5108132
46.6176892,11.4853139
46.6176962,10.5948991
46.6178406,10.8613879
46.6178483,10.0099134
46.6179244,10.8600091
46.61799,10.755728
46.6181444,9.7522409
46.618594,9.4162646
46.6187742,9.6918223
46.6188153,9.416584
46.618915,11.141542
46.6189299,10.8217989
46.6192397,11.7495967
46.6192454,9.4178797
46.6192655,11.1568073
46.6193447,9.4185996
46.6194106,11.8138015
46.6194256,11.5952029
46.6197226,11.2295724
46.619891,10.763533
46.619997,10.8324173
46.6200706,10.8251317
46.620175,10.762653
46.6204387,10.4500127
46.62056,10.8253137
46.620794,10.764874
46.6210679,9.614605
46.6213867,10.8632175
46.6214938,12.6426673
46.6215267,10.4452059
46.621635,12.211071
46.6217105,10.5824534
46.6219582,11.227043
46.6222039,12.809076
46.6222444,10.4363004
46.62227,11.8020984
46.6223246,12.627486
46.622372,10.4452477
46.6224964,10.369382
46.6225089,10.5818399
46.6225252,11.2225515
46.6226263,9.4277817
46.622799,10.582342
46.6230163,10.3690398
46.6230824,11.5597304
46.6231106,10.8372566
46.62325,11.221209
46.6232544,11.0291538
46.623282,11.8316989
46.6233405,9.7757473
46.6233548,9.5752378
46.6234534,12.7099456
46.623462,11.919362
46.6234752,9.7209249
46.6236142,10.3686316
46.6236919,12.2930943
46.6238034,9.5752619
46.6241208,10.4451502
46.6241573,9.5750997
46.6243231,10.8282105
46.6243673,9.4217101
46.6244405,9.5756203
46.6245206,10.3406171
46.6245407,10.3405798
46.6248218,10.5766517
46.6251679,10.825413
46.6252078,10.4454239
46.6252706,9.4134158
46.625479,10.815964
46.6255828,9.5753586
46.6256607,12.2904852
46.6257024,12.2896609
46.6257328,12.4507187
46.6259247,10.3643429
46.6259888,10.4451339
46.626,10.766467
46.6260046,12.4510954
46.62613,10.4460762
46.6263921,10.9032846
46.626593,10.765035
46.6266246,11.1628033
46.6266264,9.4070721
46.626685,9.7488285
46.626706,11.241267
46.6267521,10.6460115
46.6268131,9.408035
46.6268186,11.4594404
46.6268253,10.7769102
46.6268592,11.5398854
46.6271137,9.7484204
46.627197,10.782534
46.6273928,9.4292447
46.6274169,10.4463643
46.6275503,10.803495
46.6276933,9.7474469
46.628155,10.765545
46.628221,10.768447
46.6282275,9.7463946
46.6282901,10.3373534
46.628346,10.773811
46.6283817,10.901575
46.6283827,10.3363985
46.628704,10.3448271
46.6289281,9.4302214
46.6289306,9.7487808
46.6289803,9.4295344
46.6290525,9.7452442
46.6294283,10.329124
46.629543,10.3459962
46.6296851,9.4303438
46.6297471,11.2728899
46.6299138,11.1852465
46.6299223,12.0954859
46.6300113,9.7465208
46.630085,10.761881
46.6300907,9.431121
46.6301627,10.6495426
46.630177,10.773758
46.6301995,9.750473
46.630243,10.758641
46.6302518,9.4305154
46.630402,11.169582
46.6304951,11.6344396
46.6305323,11.6344782
46.630549,11.167152
46.6306094,12.2584885
46.630741,11.14033
46.6308241,12.3407377
46.6309346,10.8390617
46.6310435,10.0147012
46.6311145,11.540389
46.6313452,11.1445504
46.631414,11.148477
46.6316227,11.539927
46.63166,11.5373077
46.631826,12.206245
46.6323546,10.7200138
46.6323658,11.9542089
46.6324449,11.5402338
46.6325114,12.4448869
46.6328431,11.539866
46.6329573,9.4241394
46.6330419,11.5403556
46.6331659,11.1465609
46.633264,11.098187
46.6333253,11.540364
46.6334409,12.3041806
46.6336167,10.5644422
46.6336526,11.1446867
46.6337821,12.4187864
46.6338195,9.752438
46.6339985,9.4437076
46.634167,12.4194371
46.6341766,9.4425272
46.6343533,10.6107735
46.6345012,9.4454949
46.6346297,9.7524062
46.6347443,9.4447865
46.6351948,9.5336069
46.6352172,11.8046946
46.6355046,12.0607191
46.6355579,10.4615432
46.6356263,10.0239393
46.635765,9.4455935
46.635783,10.5678163
46.6362705,9.4294812
46.6364941,11.7631223
46.636561,11.848819
46.6366402,9.4146988
46.6366938,10.5679277
46.6370876,9.4142553
46.6371432,9.6839954
46.637252,11.2694918
46.6374339,10.2657014
46.6380498,9.5318416
46.6381536,12.0410438
46.6381913,11.146665
46.6385582,9.4056058
46.6386195,9.5677685
46.6386364,11.5635328
46.6390516,11.7186034
46.6390865,11.564022
46.6392711,11.2725632
46.6392951,12.3123483
46.6394349,10.791503
46.6394524,10.8556829
46.6394543,11.9399286
46.6394789,11.4634029
46.6397013,12.6748162
46.6399546,11.8198128
46.6402795,9.4510829
46.640709,11.566904
46.640733,11.6841879
46.6407971,11.8618295
46.6408742,11.5670239
46.641081,9.4511546
46.641115,11.96656
46.6411481,11.5964664
46.6411485,10.0224325
46.641231,11.680012
46.6412799,10.8603112
46.6414481,11.5682703
46.641471,11.714791
46.641498,10.2637876
46.64152,11.568247
46.6416118,10.4733915
46.641765,11.862971
46.6417665,11.5692239
46.641794,10.775735
46.6418769,12.325322
46.6419191,10.0248187
46.6420167,11.2868077
46.642031,11.569311
46.6420404,12.5512563
46.6420407,10.9125602
46.6420877,11.6808999
46.6420987,11.7204123
46.6423784,11.0721673
46.6425325,10.0239735
46.6425435,11.6807457
46.642557,11.710932
46.6425964,10.3662676
46.6426031,10.1805648
46.642846,11.356819
46.6428897,10.4627713
46.6430683,10.1951713
46.6430791,9.4730482
46.643285,11.5663963
46.6434548,11.0730271
46.6435392,10.990281
46.6437818,10.8233509
46.6439959,11.1803821
46.6440073,11.9475839
46.6440381,12.6466427
46.6444743,9.8215677
46.644527,10.0250221
46.6445286,11.0761931
46.6446223,11.3873878
46.6446699,12.5352931
46.6447539,11.5680393
46.6448287,10.4772381
46.6448328,11.5680435
46.644894,11.0755645
46.6450788,10.7565998
46.6451263,11.0037597
46.6452799,11.1791281
46.6452913,10.9665478
46.6453269,11.1808948
46.6454245,10.7538317
46.6455851,10.864695
46.645611,11.004748
46.6456303,9.8288286
46.6456377,9.8281178
46.6457303,9.4651583
46.6457876,11.0045787
46.6460193,11.1913271
46.6460362,9.451386
46.6462368,10.7715768
46.6472046,10.4650593
46.647209,10.9649724
46.6473666,9.8300332
46.6477714,10.4788542
46.648076,11.082679
46.6480935,11.3054222
46.648122,12.4878944
46.6483623,11.5708738
46.6484318,10.9938637
46.6484507,11.218544
46.6486029,10.4670708
46.6486142,10.4791898
46.6486403,10.7553892
46.6486441,10.9923025
46.648976,11.589251
46.6491658,10.4797383
46.6492242,10.7602683
46.6492655,11.5997674
46.6494149,12.1907576
46.649535,11.001723
46.6497238,10.4778976
46.6498988,9.5555716
46.649902,11.9441198
46.6500584,11.8569428
46.650078,9.5644309
46.6502421,11.2892459
46.6503071,11.0051823
46.6503776,10.9976591
46.6504363,9.7233123
46.6504965,9.7319042
46.650703,12.410796
46.650727,9.563254
46.6507709,10.4790485
46.6509591,9.4083059
46.6510313,9.4268028
46.6511652,9.4258443
46.6512561,9.5417356
46.651427,9.4274061
46.6514422,10.5470558
46.651509,12.353699
46.6516265,10.3277884
46.6517908,10.8662101
46.6518643,10.0303264
46.651921,10.5254495
46.6519982,11.0090466
46.6523285,10.8584645
46.6526036,11.6216016
46.6526253,11.6205538
46.6528922,10.3337683
46.6530451,11.619984
46.6531038,12.5541624
46.6535568,12.0595002
46.653697,11.611589
46.653748,10.0333272
46.654529,11.147299
46.6546812,11.1408344
46.6546931,12.4153896
46.654783,11.117365
46.6547942,11.1172807
46.65489,11.139928
46.6550758,9.4056418
46.6550948,11.1842382
46.6551914,11.1650648
46.655265,11.042046
46.655286,11.248648
46.6553048,11.6193756
46.6553335,11.1650594
46.6555174,10.0347895
46.6555437,11.316082
46.655589,12.009382
46.6556207,11.0596155
46.6556898,11.164064
46.655692,11.140888
46.6560262,11.1391862
46.656097,12.350564
46.656215,11.387678
46.6564429,11.571742
46.657172,11.140646
46.6571926,11.1760732
46.6574223,12.5256675
46.6574379,11.1678339
46.657438,11.139225
46.6575297,11.1115347
46.6577373,11.3895795
46.658712,10.9832114
46.6589176,9.5324486
46.6593852,11.1853129
46.6594824,11.1869903
46.6595564,11.1850882
46.6596756,11.8451064
46.6598549,12.1190259
46.6600171,11.1352349
46.6601525,11.1655761
46.6601879,11.1875418
46.6602878,11.1818473
46.6602908,11.1818344
46.6606011,11.7712088
46.6609953,11.1620076
46.6610273,11.6445953
46.6610964,11.1851111
46.6613195,9.533723
46.6613815,9.5764189
46.6617568,11.1643917
46.6619064,11.1873524
46.6619201,9.5378227
46.6619235,11.1613312
46.6620402,11.4657183
46.662047,12.361824
46.6630172,12.4986514
46.663167,12.4991625
46.6632771,12.4503062
46.6633832,9.5403673
46.6635611,9.6377434
46.6636832,9.5434008
46.663766,11.1678691
46.66382,10.628756
46.663869,11.146145
46.6639229,9.5422665
46.6639583,9.5723821
46.6639847,9.5415284
46.6640346,11.1441832
46.664155,10.58522
46.6643872,9.6072109
46.664455,11.138511
46.6645165,12.2227741
46.6645516,9.6176341
46.6646558,11.155898
46.6646984,12.1830678
46.6648527,11.1613346
46.6651541,11.1452329
46.665212,10.584399
46.6656139,9.5366132
46.6657165,11.7748515
46.666092,10.584246
46.6661781,11.4362286
46.666297,11.068585
46.6663414,11.1698298
46.6663479,12.0812219
46.666468,10.586541
46.6665284,11.3654315
46.6667851,11.1604314
46.6669731,11.8144716
46.6671858,11.3953129
46.6673289,9.7113678
46.6673884,9.6223414
46.6677518,11.176348
46.6678798,11.4499112
46.6679704,11.1642572
46.6680643,11.4444513
46.668157,9.6448186
46.6682202,9.6454804
46.668239,11.16145
46.668368,11.124301
46.6686204,11.6931613
46.6687384,11.8329002
46.6687711,11.5678196
46.6687837,11.1846589
46.6688141,9.6480264
46.6688937,11.1657838
46.6690958,11.1598596
46.669226,11.174163
46.6693017,11.1666033
46.6693685,11.1607401
46.66959,11.170891
46.669599,11.0885584
46.669601,11.060062
46.669607,11.0610838
46.6696495,11.1692696
46.66968,11.5998933
46.669774,12.353117
46.6698634,9.6681335
46.6699518,11.5857054
46.6699744,10.0589078
46.6701949,9.5768607
46.670227,11.05981
46.670323,11.063281
46.670323,11.122392
46.6704694,12.2965886
46.6704718,11.1611311
46.6705822,10.5547969
46.6707904,11.1684733
46.6708144,11.1815148
46.670831,11.210062
46.6709407,9.65153
46.6710547,11.9397858
46.6710812,11.1676773
46.6711665,9.9014328
46.6711972,10.5529587
46.6712451,11.1733155
46.67141,11.164601
46.671456,12.433873
46.6715067,11.3566031
46.6715293,11.1632625
46.6717426,11.0807338
46.671799,11.161852
46.6719325,11.3622628
46.672008,11.160601
46.6723634,9.5306755
46.6724034,11.8016323
46.672416,11.1656451
46.6725196,11.7649704
46.6725968,11.4210398
46.6727644,11.0815247
46.6727978,11.1565771
46.672806,11.673033
46.672864,9.4485535
46.672946,9.687351
46.6732459,11.1707834
46.6732849,11.0822891
46.6734417,9.6864095
46.6735427,10.4135994
46.6735963,11.1594565
46.6736458,9.443082
46.6738177,9.6796445
46.6738241,9.6863088
46.6739447,9.5837452
46.6741985,11.2557467
46.6742695,9.5236114
46.6744204,9.5519479
46.6744929,11.1676589
46.674655,11.158403
46.674691,9.5704404
46.6747183,10.5087814
46.6747683,11.1577052
46.6748003,9.5496557
46.674847,11.159137
46.6749219,9.5510402
46.6751087,11.1763014
46.6752298,9.6826834
46.6752412,11.7459669
46.6754898,10.5290138
46.6755088,9.4416951
46.675597,12.357817
46.6756802,11.7062968
46.6757049,11.6328023
46.6761776,11.63283
46.677136,11.187156
46.6771691,11.187134
46.6777647,9.6103879
46.678103,10.8588325
46.6785332,12.2013168
46.6788205,10.5307318
46.6789165,10.5612535
46.6789273,11.1322017
46.6790525,9.5815195
46.679425,11.899325
46.679547,11.1541
46.6798331,11.257554
46.680524,11.6939794
46.6809674,11.1105471
46.681074,11.149991
46.6811448,11.5586563
46.6811542,10.5597829
46.681209,11.121845
46.6814084,9.6919333
46.6817347,10.5584362
46.6818252,11.1000709
46.6818918,9.5924968
46.6820779,11.8977834
46.6822487,11.1014875
46.68231,9.5627443
46.6823783,11.9488121
46.6823862,11.089498
46.68259,11.122144
46.682755,11.072219
46.682771,12.366872
46.6827996,11.445149
46.6828726,9.5626863
46.682891,11.146744
46.682896,11.189312
46.683054,11.073833
46.6831472,11.9609079
46.6832152,11.0954803
46.6833207,11.2082948
46.6833453,9.5621674
46.6834102,11.4527572
46.6834586,10.5284064
46.683696,11.071516
46.6837128,11.1979388
46.683724,11.192311
46.6841698,11.765218
46.684212,11.722
46.6844118,10.5477977
46.6845129,11.7149317
46.684592,11.069359
46.6846031,9.5631977
46.684613,11.720544
46.684647,11.074439
46.6847417,10.3580846
46.684835,11.049528
46.684935,11.738992
46.685052,11.072509
46.685085,11.074476
46.6851606,11.1441993
46.685218,11.036389
46.6853251,11.1243055
46.685398,11.745701
46.6855494,9.4459469
46.685784,11.275041
46.6860036,11.4315494
46.686295,11.101536
46.686303,11.9985799
46.686539,11.273217
46.6867202,11.1333967
46.6868245,11.0735818
46.6868886,9.7294177
46.686918,11.18891
46.6871569,11.6411121
46.6873712,9.6702219
46.687551,11.141456
46.687772,12.404106
46.687864,11.129295
46.6879021,9.6724642
46.6879219,9.673411
46.6880203,9.5624398
46.6880363,9.682862
46.688156,11.6486339
46.6881695,11.7515954
46.6881776,11.6603694
46.688335,11.18759
46.6884664,11.949588
46.6884699,9.6929056
46.6885451,11.732328
46.688598,11.061649
46.688702,11.647507
46.6887564,9.6858862
46.6887758,9.7855671
46.688776,11.154867
46.6888738,11.1962192
46.6889707,11.6957312
46.6890515,9.5278911
46.689053,10.5431574
46.6890593,9.5278944
46.6890819,11.1563984
46.689111,11.154953
46.6895664,10.5463157
46.689729,11.18744
46.6897705,10.5438175
46.689809,12.366502
46.689923,11.9820366
46.68995,11.187118
46.689993,11.047169
46.69001,11.19357
46.6902762,11.0919885
46.6902777,11.1540097
46.6903,11.186716
46.6905705,9.6921662
46.6906527,11.8158099
46.6907013,11.1877537
46.690738,11.895023
46.6907782,10.5442406
46.690911,12.35476
46.6909343,10.5426707
46.6909462,11.1537352
46.6909902,11.1371361
46.691054,11.850246
46.6910807,9.4006383
46.6912124,11.1535896
46.69127,12.328526
46.6913888,11.1243636
46.6915587,11.0892755
46.6915591,9.4014591
46.6917025,11.3418376
46.691737,9.4443154
46.6918919,11.1342673
46.6920795,9.402186
46.6920832,9.5253675
46.692106,12.35374
46.6923128,11.8153724
46.6923842,10.5247087
46.6923959,12.065672
46.692626,10.615663
46.6926622,9.5249795
46.6927361,11.5033112
46.692885,10.5205873
46.6931055,10.5214447
46.69317,11.189259
46.6931873,11.473921
46.6934828,10.6158937
46.6936452,10.5451104
46.6940352,10.8819355
46.6940458,10.5218108
46.694121,9.5264178
46.694148,9.4379326
46.6941664,11.1980298
46.6942342,10.5750392
46.6943562,9.5262881
46.694498,11.934264
46.6945857,11.0494467
46.6947323,11.0492825
46.694803,11.049226
46.6949365,9.6397246
46.6949467,9.4366768
46.6949628,9.6386974
46.6950279,11.2707126
46.6950387,11.1806694
46.6950555,9.5369069
46.6951005,9.4362843
46.6954125,9.7271527
46.695577,11.5611663
46.6957527,9.6408782
46.6957528,9.4394068
46.695763,9.5348718
46.6960186,11.1165207
46.6960598,11.5399351
46.6961202,9.538074
46.696205,11.1948
46.696205,11.194811
46.6962209,9.4396244
46.6962473,10.3513518
46.6963068,9.690068
46.6963296,9.5373203
46.6964392,9.6514381
46.6966106,9.4246876
46.6966812,9.6514605
46.6968488,11.9460905
46.6969705,10.7668281
46.6970331,9.5295144
46.6971644,11.228646
46.6973535,11.0746368
46.6974133,11.2327764
46.697494,12.3536806
46.697526,11.232897
46.697618,11.934451
46.6976535,9.5296557
46.6977547,10.0900654
46.6978037,11.121995
46.6978888,11.9317742
46.6979262,11.6824567
46.6980306,11.9174426
46.6980982,9.5297259
46.6981068,10.0908222
46.698114,11.930167
46.6983053,9.5306547
46.698382,11.080503
46.6984221,11.2274373
46.698507,11.675932
46.6985648,10.092813
46.6986482,10.0975376
46.6988173,11.2020629
46.6988383,12.0267958
46.6988533,12.2938265
46.6988643,9.5318277
46.6991468,10.0916035
46.699257,10.097147
46.6994242,9.4548369
46.699481,11.678346
46.6994931,9.4549121
46.6994932,10.0943787
46.6995,11.676041
46.6996864,11.5157016
46.6998431,11.5211038
46.6998983,10.0967348
46.699943,11.039628
46.7002269,9.4539526
46.7002854,11.1671344
46.7003511,11.6766907
46.7006311,9.4991482
46.7007365,9.4714034
46.7007539,11.9329289
46.7013269,9.4548022
46.701458,11.180384
46.701707,11.663905
46.7019267,9.4076295
46.701956,12.350441
46.7019603,11.4994755
46.7021416,11.1580687
46.7022356,9.5402947
46.7023224,11.1803915
46.7024026,9.4079688
46.7024734,11.0336462
46.7025367,11.0392426
46.7026257,9.4088919
46.7026519,10.5548705
46.7027227,9.6733776
46.7029816,9.6732923
46.7030559,9.4854506
46.7031076,9.7124729
46.7031322,9.4084423
46.70314,9.4079559
46.7033445,9.6827972
46.703499,12.346699
46.7036314,9.7141205
46.704013,11.6664877
46.7041694,11.5098782
46.704529,9.690577
46.7050219,12.3396005
46.7051682,12.1774395
46.7052197,9.7157081
46.7052203,9.6683383
46.7053108,10.4739992
46.7053236,11.6700115
46.7053261,9.5230985
46.705439,11.2224
46.7054725,9.6683943
46.705597,11.657329
46.7056309,10.4735512
46.7057219,9.7162267
46.7058026,10.5202967
46.705988,12.087547
46.7064649,10.1167537
46.706527,11.639067
46.706668,11.052192
46.706803,11.65497
46.706836,9.5023567
46.7068696,9.445042
46.706942,11.655923
46.7072897,9.7166645
46.7076501,11.189521
46.7079589,11.2393244
46.708262,9.6416702
46.708266,11.660514
46.708309,9.7171101
46.7091277,9.7166685
46.7091543,9.6863751
46.709252,11.650902
46.7092748,12.1811242
46.7093995,9.7182613
46.7096618,11.6153496
46.7097544,10.5299268
46.710185,12.350042
46.7102239,11.6499924
46.710244,11.659177
46.7105004,11.6497858
46.7107047,11.6620844
46.710899,11.632186
46.7110912,11.076401
46.711157,10.528277
46.7111728,12.2676588
46.7113654,11.8383669
46.7114064,11.8394078
46.7114288,9.5403747
46.711568,11.65736
46.7116212,12.2486834
46.7116632,9.732484
46.7117998,12.2008633
46.7118123,12.2008856
46.7118846,10.5259626
46.711967,11.629861
46.712354,9.5587942
46.7123649,9.5404427
46.7124497,9.684654
46.712454,11.20496
46.712478,11.6361652
46.712657,9.7017695
46.712745,12.343032
46.7129098,9.4506248
46.712945,12.211931
46.712992,11.661532
46.713051,11.0857992
46.7131727,9.7010825
46.71323,11.028074
46.7133256,11.6833818
46.713679,11.652642
46.7137502,11.8625821
46.713923,10.2460881
46.7139712,11.8532291
46.7141241,9.7010859
46.7142847,9.5558202
46.7147508,11.6586219
46.7151447,9.7751162
46.7152053,11.6574398
46.715226,11.654863
46.7152774,11.6607576
46.715305,11.024287
46.7154861,10.3348084
46.7155284,11.6019032
46.7157711,11.653574
46.7158876,10.4558795
46.7159456,11.6556081
46.715956,12.362822
46.716085,10.3351163
46.7161892,9.7884528
46.7163779,9.701864
46.7165637,11.6583015
46.7165671,11.6583416
46.7166361,9.6786969
46.7166645,11.6570571
46.7167157,9.7797002
46.7167617,11.6558885
46.7167804,11.6587512
46.716906,11.658375
46.7170495,12.2941779
46.7170835,11.4757566
46.7171174,12.294039
46.7171401,11.6550295
46.717144,11.6591401
46.7171461,11.6072916
46.7171777,11.6539323
46.7172768,11.1435865
46.7174043,12.2950559
46.717417,11.6534087
46.7174495,11.6528191
46.7175034,11.1861468
46.7176692,11.6569461
46.7177391,9.4105636
46.717764,11.657977
46.7179732,11.832374
46.7187993,12.2221565
46.719038,11.656907
46.7191162,10.241582
46.719137,11.919077
46.719332,12.129904
46.719843,12.130942
46.7198592,9.4104926
46.7198863,9.429274
46.7200219,9.4835596
46.7201338,9.4089188
46.7202678,11.9608593
46.720357,12.1325642
46.7203582,9.5563294
46.720417,11.908901
46.7204879,9.4097721
46.7204967,9.5591112
46.7205589,9.9217493
46.720669,9.4300921
46.7207535,9.8497144
46.720912,9.8484562
46.721163,11.6104011
46.7214978,9.5107987
46.72154,10.578333
46.7215715,12.22757
46.721671,10.579164
46.7218359,12.1767715
46.7220222,11.6520809
46.72244,11.653667
46.7224656,12.2530128
46.7225001,12.2529756
46.7228591,9.4062453
46.7233441,9.7778213
46.7234049,11.6624243
46.7235102,11.6556729
46.7235713,11.1064771
46.7237133,9.5838816
46.7238453,10.4503268
46.72397,10.857324
46.7240535,11.6053216
46.7244305,12.2254734
46.7246325,12.2247724
46.7246899,11.6568448
46.7249566,9.5611066
46.7250164,12.1371681
46.7258905,11.6921508
46.7262653,9.8479202
46.7262961,9.5342129
46.7263209,12.2005839
46.7265997,9.5768114
46.7270463,11.4246856
46.7270746,12.2677483
46.7274491,12.1862848
46.727522,12.316339
46.72784,12.201692
46.7285028,9.5632236
46.7285705,9.5571234
46.72862,12.223758
46.7289146,9.5550865
46.7290808,12.2814727
46.729136,12.283203
46.729349,12.28146
46.7293732,11.2005378
46.729831,12.287253
46.7300568,11.2004852
46.7301253,9.5569007
46.7301297,12.3261067
46.73022,11.200444
46.7305689,12.326805
46.7305857,9.5652061
46.7307096,12.3248936
46.730718,12.028638
46.7311115,9.6437402
46.7311194,9.4273817
46.731215,12.281462
46.731232,11.782268
46.731241,10.661753
46.7313382,11.6538415
46.731364,12.281551
46.7315296,10.8147872
46.7317177,11.0997359
46.731864,12.285081
46.7319299,9.5529576
46.7321768,11.638536
46.732186,11.66711
46.732199,12.292135
46.7322217,9.5635007
46.7323292,11.66813
46.7323828,9.5659422
46.732478,12.282119
46.732897,12.283192
46.733088,12.284136
46.733195,12.280719
46.733227,12.282317
46.733243,12.277184
46.7332791,10.8158808
46.7337796,12.2221735
46.7340273,11.8139385
46.7343913,12.2227053
46.734684,12.21121
46.7348489,12.0330045
46.7349172,9.5348425
46.7349562,9.4568143
46.7350508,9.5288415
46.7350776,12.2225938
46.7350937,9.4450896
46.735383,11.227636
46.7354871,11.4887286
46.735497,10.849196
46.73559,12.22452
46.7356517,9.4566985
46.7356719,12.2151496
46.7358024,10.6920385
46.736138,9.4414156
46.7362266,12.0043648
46.73623,11.4361506
46.736298,12.22838
46.7364137,10.8487771
46.7366483,12.1674328
46.7366692,12.1667727
46.7367001,12.1845986
46.7370071,9.5500652
46.7370346,12.1720272
46.7370893,12.1744934
46.7371068,11.6367353
46.7371423,12.1806251
46.7372306,12.1846298
46.7373446,9.8522646
46.7373634,12.1727685
46.7374331,12.181246
46.7374481,9.4558918
46.7376024,11.6360256
46.7377075,12.1789251
46.7378158,12.1707811
46.7378474,12.1795952
46.7380048,12.1673875
46.7380649,9.4554963
46.7381719,12.1645173
46.738216,12.1661059
46.7382201,12.1333669
46.7383238,11.6569388
46.7386713,11.6520274
46.7387429,12.1672008
46.7390413,11.6539136
46.7391019,11.6504791
46.7391387,12.2275255
46.7392099,12.1693947
46.7392491,11.4381392
46.7393593,10.6969033
46.7393608,12.1701046
46.739629,12.262963
46.739645,12.1692
46.7396954,11.5964243
46.7398167,12.1705283
46.739905,12.1692956
46.7399328,9.5354804
46.7400646,12.3050469
46.7401638,11.544858
46.7405123,9.5707812
46.7405449,9.4373188
46.7406391,11.6336478
46.7406533,11.6295873
46.741078,12.274119
46.7410857,12.2740876
46.7413118,9.4044516
46.7413535,11.631687
46.7414378,11.6523796
46.741504,12.356915
46.7415579,9.5730488
46.741566,12.359625
46.7416165,11.3814652
46.7418714,10.5270968
46.7421085,9.4057028
46.7423762,11.7990308
46.7424341,9.4043946
46.742553,9.4055623
46.7428289,9.4232422
46.7433124,9.527417
46.7433633,11.5376395
46.743958,12.1568573
46.7440344,9.5551397
46.7442939,11.6482453
46.7442978,11.4446617
46.7444609,12.2042527
46.745039,9.9061829
46.745542,9.5058748
46.7456625,9.5552144
46.7458338,11.7609992
46.7460772,11.6582905
46.7461647,11.9866711
46.7466658,9.55388
46.747029,12.003508
46.7470693,11.8639816
46.7472694,9.575543
46.7477588,11.1257934
46.7478479,11.6470482
46.7483216,12.1836122
46.7485927,10.5425237
46.7486142,9.5771456
46.748857,9.4446947
46.7490977,10.07878
46.7492042,9.443547
46.7496421,10.0792545
46.7498177,11.9833303
46.7498909,11.6610218
46.7498984,11.6590459
46.7498998,9.5666543
46.7499474,9.5558325
46.750109,12.043558
46.7502255,9.4390457
46.7507185,10.5066264
46.7509097,9.5577669
46.7511781,11.9828453
46.7512206,10.0824304
46.7515067,10.9979809
46.7515288,10.9987499
46.7519322,12.1316709
46.752241,12.043419
46.7522833,11.8880952
46.7522988,9.5797661
46.7523519,11.5640221
46.7524344,10.9700981
46.7525363,11.6804678
46.752613,10.7659146
46.7526633,12.125207
46.7527249,9.5607104
46.7528085,12.1076874
46.7532367,12.0249882
46.753281,12.025062
46.7538794,12.107464
46.7540482,11.6009095
46.7541504,9.5466744
46.7555877,12.1054989
46.7560017,12.105435
46.756784,12.04049
46.756941,12.0184848
46.7569857,11.1652388
46.7569998,12.1039943
46.7573827,12.0403817
46.7574635,12.1041028
46.7576433,11.1461489
46.7579497,12.1053116
46.758393,12.040034
46.7584152,12.0344366
46.7588633,9.4437557
46.7588673,12.1024833
46.7589434,12.0384597
46.7589954,12.2637228
46.7592075,9.5348436
46.75933,12.032497
46.759466,12.032486
46.760043,12.030081
46.7600674,11.6903524
46.7600792,12.0375127
46.7601757,12.304996
46.760319,12.027733
46.7603595,9.5585308
46.7606549,9.5567664
46.760848,12.029445
46.7609192,9.443377
46.7614064,12.2929676
46.7615,12.030485
46.7616095,12.2316901
46.7616126,10.2459446
46.7616897,11.3133538
46.7618254,9.4419902
46.7618425,9.8915851
46.7618482,9.4428226
46.7624356,12.2307357
46.7625084,9.4407886
46.7625107,10.540982
46.7625306,9.4338494
46.7626506,9.446839
46.7627785,9.4420438
46.7633384,11.9282503
46.7635266,11.8222347
46.764151,11.6131168
46.764366,9.460541
46.7646573,11.8225734
46.7647318,11.6842154
46.7649125,11.8225923
46.7649658,9.4600957
46.765183,9.4457658
46.7657311,10.1089287
46.7661469,11.6818229
46.7663585,12.3525943
46.7663627,10.5480312
46.7665551,10.1093197
46.7668525,11.8404061
46.7668535,10.1755398
46.7672605,12.0307996
46.7672908,10.111913
46.7673469,10.1099055
46.7674852,10.1126854
46.7674874,10.5302479
46.7675444,10.1106523
46.7675984,10.1141812
46.7676263,12.0172421
46.767753,9.4283769
46.7680242,9.4278507
46.768291,10.1109962
46.768329,11.6658068
46.768419,12.311063
46.7685008,10.5513393
46.7685028,10.1115884
46.7687643,10.1110799
46.7689109,12.0154662
46.7689751,10.111464
46.7690095,9.4267929
46.7691219,10.1112436
46.7693254,10.1122912
46.7693665,12.0125437
46.7693716,10.0806151
46.7694236,11.6660405
46.7694282,11.9224422
46.7696221,11.6656002
46.7697664,11.8968965
46.7698992,10.145137
46.7700201,9.4259791
46.7700729,9.7847793
46.7703453,12.0172117
46.7709011,11.6511089
46.7712728,10.2223881
46.7712737,11.6710052
46.771556,11.859081
46.7716195,11.811341
46.7716379,10.1505666
46.7716419,9.6488402
46.7717938,11.9990226
46.771967,11.889675
46.7721279,9.8817569
46.7722197,11.9497962
46.7723934,9.6498173
46.7724584,10.097958
46.7725383,10.2628386
46.7726707,9.5484333
46.773584,11.954874
46.773723,10.200693
46.7741063,9.5690078
46.7742341,10.202305
46.7745362,10.2428587
46.7746279,10.2035201
46.7746749,10.2434716
46.7747051,10.2097773
46.7749618,10.1993552
46.7749663,10.2581815
46.7750108,10.1517465
46.7751531,10.1999617
46.7752136,10.2025672
46.7752388,10.1507444
46.7752825,12.0023804
46.7753066,10.1519643
46.7753886,10.20099
46.7754141,10.1990238
46.7755882,10.2018607
46.7756618,10.150916
46.7757282,11.9019302
46.7758118,11.3296009
46.7760004,11.7278458
46.776023,11.951419
46.7760429,9.4472993
46.7760912,9.6660218
46.776137,11.953549
46.7761428,11.6415731
46.7762,11.689888
46.7762698,11.9453792
46.776361,12.231986
46.7765163,9.5446752
46.77667,11.950378
46.776686,11.6669351
46.7769412,9.4484964
46.7770612,10.1687061
46.77707,11.69058
46.7770848,9.6602645
46.7771035,10.1683439
46.7771411,9.5486105
46.777467,11.938238
46.7775023,10.180408
46.7777535,9.4479663
46.7779205,11.9560753
46.7779443,9.442854
46.7780383,10.2524328
46.7780475,9.5443474
46.778077,11.641839
46.7782293,11.3325343
46.778343,12.0503263
46.7784301,9.777157
46.7791957,10.1936198
46.7793458,10.0827692
46.7795444,11.9377386
46.7798158,12.2938567
46.7801364,12.0490027
46.78023,12.048047
46.7807572,9.5437369
46.780934,12.049554
46.7811703,11.8919235
46.781181,11.9377756
46.7812032,12.0500679
46.7812105,9.5603387
46.7812728,11.8985382
46.7815109,11.9033691
46.781578,11.691406
46.7815855,11.9600891
46.7816531,9.5732117
46.781742,12.046405
46.7817678,10.4016262
46.7818517,10.1781662
46.7818677,12.0571129
46.7819341,12.2049308
46.781976,10.2598809
46.7822225,10.2500017
46.7822729,11.9024778
46.7824792,9.5422926
46.782704,9.5563887
46.7827989,9.5194105
46.783069,11.693472
46.783165,11.833434
46.7833489,9.4184919
46.78339,11.9023006
46.7834332,9.6793369
46.7835942,9.5419404
46.7838652,11.2204848
46.784032,11.227523
46.7842656,11.9035472
46.7844605,9.5323859
46.7845478,11.2307979
46.784599,12.24169
46.7846476,11.2277873
46.7848106,11.2481532
46.784832,11.227722
46.784946,11.227545
46.7853337,10.321483
46.7857969,9.6832807
46.7859464,10.1836932
46.7860129,11.8611511
46.786131,11.614103
46.786187,12.06308
46.7862973,10.5075803
46.7868978,10.1450474
46.7874275,11.89169
46.7876194,10.2644796
46.787831,11.6908901
46.7879711,11.9502
46.7879837,9.5273948
46.7880752,11.885633
46.7882231,11.9898237
46.7882536,10.3191428
46.7886393,9.5360984
46.788779,10.2772381
46.7889281,11.1000203
46.7891698,11.6106408
46.7892792,10.3885319
46.7892829,10.2354893
46.7892997,12.0702044
46.7893349,11.99431
46.7893419,9.4124032
46.7894364,12.0583012
46.7894535,10.2806292
46.789747,11.945851
46.7901739,9.489107
46.79064,11.950433
46.790893,11.947187
46.7909858,10.2614668
46.7909872,11.9502634
46.7911378,11.9864335
46.7911751,10.2458336
46.7913282,12.0560967
46.7913667,9.5587331
46.791396,11.983643
46.7914918,12.0588851
46.7915621,9.6819142
46.7915678,10.2468898
46.791636,12.1081075
46.7917632,10.2923072
46.7918789,12.0538781
46.7919967,10.1463679
46.7920548,12.0565237
46.792145,11.608778
46.7921924,10.1725068
46.7922504,9.8211319
46.7923357,11.7834019
46.7924299,10.2456403
46.7924311,10.2974792
46.7928857,9.6815109
46.7934475,12.1100074
46.793519,10.2456456
46.7935506,10.2443519
46.7936102,10.2478339
46.7938569,11.9379481
46.7939675,10.3104431
46.7941247,10.3003904
46.79425,11.9297748
46.794422,11.936104
46.7944949,10.2993755
46.7945238,9.4329799
46.794654,11.935701
46.7947044,10.2492777
46.7947183,11.9372267
46.7947294,11.7829921
46.7947389,9.6798599
46.7949243,10.3003337
46.7950237,10.2521236
46.7951334,10.3017855
46.795394,10.253301
46.7954268,10.2540924
46.795524,11.924018
46.7956217,11.8364401
46.795642,11.6673247
46.7957139,10.2985997
46.7957675,10.2941385
46.7958074,11.0890915
46.7958354,10.2545473
46.795873,11.9396312
46.7959342,10.2533408
46.796017,11.937053
46.796027,11.949343
46.7960271,11.6653934
46.7960477,11.9337937
46.796137,11.926625
46.796181,11.934537
46.796188,11.8369563
46.79622,10.252737
46.796247,11.935836
46.7962696,11.9691035
46.7963619,11.0890686
46.796394,11.9691
46.7965466,10.2994605
46.7966411,11.5169532
46.796945,11.938207
46.7970847,11.6679304
46.797165,11.6681133
46.7973306,11.9494651
46.7973523,11.9399756
46.797396,11.669981
46.7974284,11.647025
46.7974598,11.6698705
46.7978264,11.931866
46.797834,11.942852
46.7978571,10.2982232
46.7978773,11.8377207
46.7979625,10.2990957
46.7979896,10.3012515
46.7981033,9.7032765
46.7981423,11.9244703
46.7981577,10.3025656
46.7982981,11.8377375
46.7984398,10.2997734
46.798469,11.949075
46.7985912,10.305091
46.7986553,10.3016831
46.7988927,10.2999668
46.799196,11.939446
46.7992772,10.295275
46.799281,11.948785
46.7998608,10.1841879
46.800199,10.31111
46.800214,11.943732
46.8003908,10.3017694
46.8006924,11.2373923
46.8013422,9.5509381
46.8015318,10.3087455
46.8016439,11.2388917
46.801785,11.935599
46.8022168,11.2371966
46.8023648,9.8113051
46.8026818,11.9503725
46.8030366,10.3010854
46.8031084,11.2239236
46.8031657,10.3226679
46.80317,11.937166
46.803188,11.952921
46.8035184,12.0626255
46.8040582,9.7394723
46.8042836,10.2009038
46.8045368,9.7396195
46.804657,9.6119427
46.8047188,9.6291224
46.8048557,10.4910562
46.8050874,9.5723547
46.8051112,10.2437264
46.8051848,11.226091
46.8052932,12.0179555
46.805373,11.952846
46.8053976,10.2210372
46.8055651,10.3223125
46.8056725,11.8358739
46.8064847,9.8414523
46.80672,11.881612
46.8067531,11.7988705
46.8077389,9.6066267
46.8079467,10.2226603
46.8085514,11.9360383
46.8089447,11.8411944
46.8091446,11.8404298
46.8091478,10.5361315
46.809279,11.882464
46.8096515,11.1372688
46.8098042,11.8409848
46.8101783,9.6076056
46.8102139,11.156128
46.8104092,11.3258025
46.8105595,10.5383989
46.810748,11.948544
46.8111056,9.6049901
46.8112541,11.1895402
46.8112898,11.846372
46.8113422,11.8459182
46.81138,11.7653234
46.81138,11.7653234
46.811431,11.8832
46.8114385,11.9062769
46.8115168,11.883325
46.8115728,11.3271594
46.8118256,9.400219
46.8119046,11.2470224
46.8119706,11.2460258
46.8119981,11.2473022
46.812103,11.853626
46.8121068,11.9334137
46.812217,11.9363781
46.8122449,11.853565
46.8123645,9.4016929
46.8124286,9.5320877
46.812551,11.88033
46.8127752,11.8496803
46.8127784,9.6010141
46.8129003,11.8843939
46.8132777,10.5789744
46.813345,11.935331
46.813402,9.5946126
46.8135018,11.7547579
46.8135018,11.7547579
46.8136421,11.7556917
46.8136421,11.7556917
46.8138919,11.8640929
46.8140795,9.7631126
46.8145777,11.3427871
46.8146594,9.7629127
46.8147471,10.2699713
46.8149035,11.8625712
46.814918,10.3343055
46.8149564,12.0001456
46.815028,11.9453463
46.8150281,11.5445696
46.8154209,9.7680316
46.815453,11.7207578
46.815453,11.7207578
46.815469,12.006088
46.815638,9.5331873
46.8158242,10.3355624
46.815921,11.9329637
46.8159871,10.3373244
46.8160516,10.3381544
46.8162431,9.5938392
46.8162443,11.7270927
46.8162443,11.7270927
46.8162643,11.7200218
46.8162643,11.7200218
46.816284,11.946972
46.8163303,10.363192
46.8164534,10.3357212
46.8165206,11.7243624
46.8165206,11.7243624
46.816567,11.861619
46.8165813,10.3383492
46.8165953,11.7190743
46.8166534,9.5957932
46.8166787,10.3328562
46.816701,11.931201
46.8168108,10.3342981
46.8168953,10.3377202
46.8171265,11.8853348
46.8171565,11.7228394
46.8171819,10.3347244
46.8174517,10.3396022
46.8175319,10.3387698
46.817574,9.7527379
46.8176081,9.5047278
46.8176769,10.3372627
46.8177237,9.5046669
46.8177598,10.3318192
46.8179461,10.3391517
46.8180817,9.6068869
46.818109,11.925182
46.8184736,9.5589881
46.819272,11.5355506
46.8196638,9.70715
46.8197314,11.3240125
46.8198575,10.3171678
46.8204895,9.7125997
46.820543,11.928245
46.8207015,10.361005
46.8214305,9.5852938
46.8219326,10.3494547
46.82222,11.177843
46.8226977,11.6178796
46.822727,11.177661
46.823321,11.954134
46.8234821,9.5322723
46.8249835,9.5762036
46.8251744,10.313817
46.8251919,11.3092468
46.8261616,9.6538013
46.8264443,11.3075302
46.8268535,9.7141573
46.827136,9.8726307
46.8271404,9.7078235
46.8276652,11.9264053
46.8287152,10.5200129
46.8289606,10.5108334
46.8289766,12.0887676
46.828989,11.776196
46.8290017,12.0887761
46.8291159,9.4066334
46.8291203,9.6540862
46.8291773,9.406003
46.8293312,9.4038899
46.8296319,10.5156713
46.830009,12.091274
46.8302395,11.1689404
46.8302447,9.7384631
46.830567,11.616792
46.830705,12.1832926
46.831083,10.5126018
46.8311127,11.5739438
46.8315412,11.167449
46.8316833,11.9152705
46.831747,12.090456
46.8318605,9.6133443
46.8324264,9.6116658
46.8326032,9.4518986
46.8326283,11.9476255
46.8327174,10.380232
46.8328329,9.4063322
46.8331711,9.4461248
46.833212,12.091579
46.833429,9.4515295
46.833788,11.9495648
46.8340107,9.7408444
46.8340434,10.3822222
46.834256,12.2383876
46.834296,9.4501502
46.834316,9.522495
46.8343964,10.3820344
46.8344823,10.3809924
46.8348012,9.5222325
46.8350584,10.3819935
46.8353165,10.3834044
46.8353293,10.5151283
46.835523,10.3846518
46.8355605,11.9478765
46.8359621,9.7431355
46.8361572,11.1653344
46.8361772,10.3538528
46.836282,12.2517684
46.8363667,9.5595471
46.8370689,11.9478798
46.837501,9.6397967
46.8381518,9.631361
46.8382171,9.4210122
46.8384028,9.8841765
46.838523,12.135199
46.838733,11.7015329
46.8387791,12.0408263
46.839074,11.164855
46.8392512,11.8051912
46.8393584,11.6902875
46.8395791,11.9615116
46.8399365,9.6063764
46.8404233,12.0174914
46.8404402,11.8952798
46.840836,10.486121
46.8409634,9.4655527
46.8409921,11.6505444
46.841114,11.815195
46.84112,11.6258307
46.841253,11.625874
46.8413666,9.4585907
46.8415292,9.6407145
46.8419603,9.8682196
46.8423308,9.5411049
46.8423457,11.8168926
46.8430683,11.7281241
46.8430683,11.7281241
46.8431257,10.3616878
46.8432578,10.3628304
46.8434559,10.36172
46.8435321,9.4733464
46.8435343,10.3634957
46.8435658,10.3640785
46.8436171,11.7464718
46.843772,10.3461438
46.8438788,11.7263411
46.8438788,11.7263411
46.8439046,10.3620785
46.8443189,12.2252151
46.8449968,9.7500536
46.8451008,9.610378
46.8455571,12.0688357
46.8457685,9.4790666
46.8458378,9.527196
46.8458815,9.4701339
46.8459264,9.4516008
46.8461576,9.472586
46.8464757,9.7060145
46.8471099,9.7569661
46.8471752,9.7030049
46.8473802,9.5198452
46.8474175,9.4805032
46.8477647,11.1608997
46.84793,11.604849
46.8481895,12.2454507
46.848377,12.0714073
46.8486163,9.8739812
46.8486977,9.8820095
46.8489595,10.4270393
46.8494269,9.528904
46.8496938,9.5310079
46.8501852,11.7278944
46.8501852,11.7278944
46.8504859,9.5483725
46.8505132,9.7627003
46.8506702,9.5466976
46.8510292,9.536278
46.8512688,12.0686954
46.8517281,10.4167543
46.8518805,11.6816266
46.8519575,11.6608823
46.8520903,9.961322
46.8521621,9.5313559
46.8523586,9.4164862
46.8523981,9.7687598
46.8527444,9.549405
46.8528309,9.5292743
46.8529224,9.5363827
46.8532815,9.5366392
46.8532848,9.52756
46.8533818,9.6931721
46.8542901,12.0061542
46.854324,11.522655
46.8553377,11.3868042
46.855701,11.387699
46.8557934,9.6803628
46.8561133,9.4813803
46.8562306,11.8536403
46.8562358,9.5606683
46.856267,11.52522
46.8564018,12.0105958
46.8567947,9.4135583
46.8568063,9.5192088
46.8571066,11.8420682
46.857286,9.9553804
46.8574036,10.4258809
46.8574059,12.077686
46.8574619,9.5213453
46.858065,10.3394224
46.8581839,11.1619569
46.8585555,9.5175471
46.8590451,9.8848176
46.8595087,12.0998005
46.859518,12.100924
46.859765,12.0996
46.8599792,9.5521499
46.860027,12.1005345
46.8602202,11.4902431
46.8602332,11.4910142
46.8603193,9.8852174
46.8603822,11.4823903
46.8604906,11.4966232
46.8605271,10.4262622
46.8606092,12.1010639
46.860843,9.9341269
46.8609652,9.9033278
46.8609769,9.8847812
46.8612057,9.5563216
46.8612145,9.9009364
46.861249,9.5172342
46.8612993,9.8843503
46.861391,9.9203686
46.8614609,9.8825478
46.8614748,9.5168053
46.8615524,9.8951745
46.8615811,9.9188797
46.8616449,9.8577116
46.8617932,9.5489184
46.8617954,12.1017604
46.8618132,9.5077745
46.8619334,10.4437362
46.8622148,9.9179042
46.8624057,12.0483665
46.8624496,9.9156599
46.8631868,12.2423061
46.8633533,9.5128425
46.8634262,12.1097633
46.8640129,11.7696307
46.86428,9.5415105
46.8644445,9.5113215
46.8651793,12.2408127
46.865194,11.311283
46.8653592,11.3112443
46.8655016,9.4615128
46.8657457,11.3164311
46.865766,11.316471
46.865778,11.478714
46.8658382,9.5352665
46.8660087,11.6635411
46.8662692,9.5161296
46.866675,11.477062
46.8670957,10.4359321
46.8672266,9.5155428
46.8673472,12.1125317
46.8676239,10.4359254
46.8687269,10.423832
46.8687532,10.4246861
46.8689626,12.2482772
46.8689689,10.4243551
46.8690115,11.7978887
46.869111,9.8815639
46.8691899,10.4363506
46.8694231,9.5491356
46.8695024,10.4250986
46.8695545,12.2498118
46.8699761,10.4253508
46.8699918,12.2503285
46.870369,9.5307932
46.8705212,9.5440613
46.8705573,12.0931586
46.8707242,10.4256325
46.8713697,11.4836884
46.871715,11.606884
46.8725493,10.4263937
46.8735781,12.1081911
46.8736132,12.1082501
46.8739379,10.0092531
46.8741321,12.1202722
46.8742384,11.4865271
46.8743704,12.1204164
46.874493,11.444997
46.8751174,11.48622
46.8766308,11.4851169
46.8773915,9.7583229
46.877863,9.7384701
46.8784441,9.5269643
46.8789266,9.8950782
46.8793412,9.5268899
46.8794233,10.4586475
46.8796295,11.4050156
46.8798917,9.7492242
46.8818425,11.4059564
46.8821064,9.8757128
46.8821644,11.5125907
46.8823678,10.4595424
46.8827569,11.3784552
46.8827613,11.3784479
46.8827768,11.378438
46.8829432,9.8753067
46.8829866,11.3837172
46.8829901,11.3834446
46.883075,11.402779
46.883383,10.4617894
46.8836637,11.6211602
46.8838014,9.5318769
46.8848429,10.4644029
46.88504,9.5581143
46.8851194,9.8738456
46.886391,11.946377
46.8868327,12.1733247
46.8868645,11.1384958
46.8877947,9.8499941
46.8881655,11.1268753
46.8884809,9.5676098
46.888604,11.853385
46.8888922,9.7361525
46.8890717,9.4949527
46.8893576,12.193383
46.8894186,12.1924491
46.8895273,9.8380098
46.8898344,9.8392987
46.8900172,9.8376274
46.8901162,11.5875717
46.890356,11.619984
46.890442,11.4144575
46.890845,11.433714
46.8908868,11.2783734
46.891059,11.857244
46.8912928,11.4288888
46.891463,9.7379505
46.8920204,9.8231257
46.892732,11.350658
46.8928664,11.3503667
46.8931684,11.3894553
46.893245,11.388837
46.8940345,11.4383846
46.894238,11.381713
46.8943312,11.3815777
46.895382,11.371332
46.8957841,11.3706935
46.8960152,9.5991743
46.8960951,9.5646353
46.896201,11.1300798
46.8962588,11.4320582
46.8962676,9.4313397
46.8968554,9.5657814
46.89707,11.431936
46.897977,11.940921
46.898029,11.432576
46.8984149,9.565633
46.898428,11.458318
46.8985465,11.3819992
46.8985591,9.5637934
46.899316,11.431769
46.8995943,9.563727
46.8996158,10.4452515
46.899762,11.957583
46.8998272,11.9421045
46.899865,11.94046
46.899942,11.462694
46.899959,11.944583
46.9002773,11.2221393
46.900391,11.940967
46.9006208,9.8340855
46.9011827,9.7982339
46.90133,11.471147
46.9015048,9.7985458
46.901808,11.956285
46.9027859,11.1320673
46.9029663,11.9569676
46.9033086,11.3702384
46.904329,11.943228
46.9045746,11.4037198
46.9047559,9.8228303
46.9053934,11.3946256
46.9055684,11.3936856
46.9057684,9.5854157
46.9067861,9.4380756
46.9069463,9.5823307
46.9072527,11.7291009
46.9074818,9.8103951
46.9081588,9.4404112
46.909036,9.8111437
46.9093929,9.4395181
46.9095344,11.4081095
46.9098765,9.4402003
46.9103177,11.3045388
46.9103237,11.3045296
46.910384,11.949386
46.910384,11.949386
46.9104606,9.440802
46.9106942,9.4417466
46.9110998,9.8049236
46.9111683,9.806384
46.9116219,9.8049412
46.911959,11.961853
46.911985,11.953543
46.9122487,9.8037649
46.9127717,9.8046015
46.9135597,9.7803677
46.9139872,9.7783236
46.9142929,9.7721314
46.9148323,9.741354
46.9151763,9.7394308
46.9153887,11.3607199
46.9153909,9.741704
46.9156079,9.7438388
46.9158781,9.7458857
46.9158911,11.8287136
46.9160115,11.6771868
46.9160115,11.6771868
46.9163334,11.7198308
46.916481,11.804954
46.9168828,11.9542254
46.91697,11.964587
46.917826,11.989308
46.918097,11.989571
46.918275,11.952739
46.9183917,11.9933233
46.918405,11.993878
46.918409,11.803329
46.918508,11.952503
46.918577,11.958026
46.918658,11.954831
46.9187776,11.4017028
46.9187851,11.9896875
46.919193,11.800126
46.9192547,11.9142984
46.9193316,9.7672227
46.9193552,11.9137256
46.9196598,11.9522075
46.9198225,9.7769409
46.91983,11.951961
46.920193,11.956236
46.9202439,9.7772578
46.920537,9.7344406
46.920541,11.951709
46.9209168,9.7646504
46.9210475,11.4043142
46.921644,11.949819
46.921644,11.949819
46.9222715,9.7336718
46.9231737,11.9483378
46.9232465,12.0075018
46.92351,11.949098
46.9239141,11.7159661
46.9241957,9.5749803
46.9254132,9.7449441
46.9255369,11.6590288
46.9255369,11.6590288
46.925769,11.903799
46.925879,11.977689
46.926418,12.005031
46.9269418,9.5330864
46.9271848,9.7213207
46.9276454,9.7211887
46.9277175,12.0138625
46.9281474,9.5338032
46.9281862,9.7206378
46.9284768,9.7165913
46.9285337,9.7199744
46.9286325,9.7168348
46.9286616,9.7140067
46.9287406,9.7705715
46.9287491,9.714938
46.9291943,9.7183727
46.9292966,9.7124147
46.92944,9.7185745
46.9295148,9.5344085
46.9295516,11.6451037
46.9296059,9.7135881
46.9296105,9.7177583
46.929709,9.7716539
46.9309615,9.6656154
46.9310425,9.7155833
46.9313377,9.6278375
46.9321837,9.4917236
46.9323465,9.5592682
46.9326929,11.4498064
46.9331114,9.7652993
46.9341298,9.5656053
46.9343369,11.3720626
46.9344648,9.5638341
46.9349001,9.5911986
46.9353505,9.5649571
46.9356967,11.6637252
46.9357122,11.6635259
46.9357122,11.6635259
46.9362593,9.5655551
46.9366164,11.2534587
46.9368275,9.6787138
46.9370251,9.703771
46.938275,11.437846
46.9384615,9.5643259
46.9387323,11.4361363
46.9390462,12.0382977
46.9391061,11.4443697
46.9394781,9.7090147
46.939715,11.89682
46.9398962,9.5955867
46.9404664,9.7185196
46.9412638,11.7871659
46.9413052,9.7159447
46.9413529,9.5014051
46.9422133,11.2486131
46.9427545,9.7798701
46.9431527,9.7798171
46.9435379,12.0648581
46.9437603,12.0869548
46.9449961,11.4482789
46.9454435,9.5718822
46.9459568,9.7494214
46.9460618,9.5725292
46.9462603,9.786385
46.946279,12.063461
46.9469981,11.7389079
46.9470459,9.5753485
46.9471832,9.5689841
46.947728,11.866431
46.9478214,9.7116912
46.94783,12.061241
46.948539,11.870203
46.949918,11.876537
46.9501714,9.6030543
46.9505315,12.0636022
46.9506196,11.4502441
46.9508088,9.602946
46.9509722,11.9218993
46.951046,11.921861
46.9514218,9.8227275
46.9521836,9.8281601
46.9522051,9.8272679
46.9524755,11.7828231
46.9525371,9.4775145
46.9537162,11.9226199
46.9537771,11.9187364
46.954422,11.920874
46.9556602,11.227467
46.9557234,11.4286331
46.9565623,10.3846165
46.9566129,9.4852794
46.957029,11.889997
46.9579692,9.8530111
46.958711,11.544247
46.9605989,10.4046884
46.9643932,11.3471675
46.9664889,9.5771586
46.9667788,11.4321054
46.9674392,9.5550178
46.9677827,9.5581405
46.9681993,9.687892
46.9684657,9.55976
46.9687063,9.4789636
46.9691438,11.6029318
46.9692778,9.4802473
46.9694011,9.4874405
46.9695607,9.690404
46.9696439,9.6883857
46.9698782,9.6864602
46.9699249,9.6891487
46.9701384,12.0830838
46.970235,9.687944
46.9705271,9.8196836
46.9720283,9.6609857
46.9722274,9.8266908
46.972629,9.4811482
46.9730961,9.4789433
46.9731234,9.4648089
46.973291,11.929028
46.9734479,9.4879344
46.9742698,9.4877094
46.9744578,9.6319874
46.975334,12.0803864
46.9764525,9.6884123
46.977036,11.4825957
46.9773068,11.4831011
46.9786583,9.4178871
46.9789536,9.8375844
46.9794202,9.6458134
46.97959,11.939574
46.9797276,11.4654301
46.979806,11.939977
46.9800053,9.5101466
46.980197,9.6475152
46.9802535,9.5734656
46.9804595,9.5918723
46.9805543,9.6462344
46.9805999,9.6502893
46.9807374,9.6521705
46.981018,11.940727
46.9811538,9.6469803
46.981305,9.6478671
46.9814275,9.5775205
46.9816598,9.6477652
46.9820269,9.6449851
46.9843653,9.6678103
46.9845785,11.4753961
46.9846486,9.8188724
46.984669,9.666383
46.984739,11.985223
46.9853235,9.4916235
46.9854643,9.6632354
46.9855643,9.6605954
46.9856135,9.6646075
46.9860309,9.6647309
46.9862508,9.662392
46.9869761,9.635109
46.9876275,9.6328639
46.9877726,11.4575801
46.9878718,9.6359137
46.9880192,9.6392485
46.9881332,9.7235905
46.9881842,9.6350306
46.9882957,9.635748
46.9890119,9.6364903
46.9890707,9.4642315
46.989452,11.903644
46.9895524,9.635816
46.9896203,9.6379049
46.9901042,9.6381822
46.990131,9.6390681
46.9903395,9.6371218
46.9906915,9.6383497
46.9908164,9.6402411
46.990968,9.6379696
46.9911841,9.7369022
46.9924221,9.7390548
46.9934018,9.5175683
46.994704,9.4492035
46.994779,11.980193
46.9948468,9.8589564
46.996286,11.981888
46.9978687,9.8583567
46.9983554,9.7154469
46.999394,9.5039744
46.999808,9.5002621
47.0001726,9.5585531
47.0006454,9.5788752
47.0007512,11.8967125
47.0010354,9.5006205
47.0010698,9.4993042
47.0013726,9.5573644
47.0020827,9.4205187
47.0020973,9.5565054
47.0022391,9.499403
47.0028051,11.504136
47.0028461,11.5048018
47.0031436,9.5017134
47.0039456,9.4992106
47.0039501,9.52908
47.0049554,9.4460736
47.0049592,9.4970199
47.0054275,9.4433673
47.0061372,9.5035122
47.0062472,9.528303
47.0062644,9.4955841
47.0067158,9.5291802
47.0069465,9.5044733
47.0073338,9.8580033
47.0083121,9.5056507
47.0091063,9.5314481
47.0098974,9.5309465
47.0099355,9.5335714
47.00997,12.012091
47.0100549,9.5446666
47.0101947,9.5050092
47.0108757,9.5338507
47.0108933,9.4949661
47.0109548,9.5386524
47.011484,12.008893
47.0115982,9.511166
47.0124632,9.588603
47.0130004,9.54538
47.0132329,9.4157124
47.0136306,9.4923651
47.0139894,9.5876164
47.0169228,9.5480327
47.0171813,9.473612
47.0177784,9.5492761
47.0182432,9.5384963
47.0190476,9.5182751
47.0200128,9.5895195
47.0200348,9.5521665
47.0202609,9.5382496
47.022098,12.048107
47.0241738,9.5116946
47.0243742,9.4466435
47.0244293,9.4538665
47.0247494,9.4409098
47.0261052,9.4503563
47.0282799,9.4276477
47.028751,9.6443889
47.0288484,12.0051916
47.0300855,9.4308505
47.030432,9.4462482
47.0305362,9.4212135
47.0308754,9.4288533
47.0308802,9.4360156
47.0315566,9.4312115
47.0321044,9.4340243
47.0323031,9.4307445
47.0331229,9.5497692
47.038142,12.10268
47.0389936,12.1038878
47.0392129,9.4365982
47.0422768,9.4187539
47.0438894,9.5898192
47.0440193,9.4418795
47.0443692,9.4213566
47.0450051,9.4218062
47.0456296,9.4422223
47.045747,9.4450776
47.0457597,9.4451001
47.0463008,9.4213853
47.0468565,9.4263825
47.0469651,9.4182027
47.0471157,9.413862
47.0471657,9.4215408
47.0471845,9.4208235
47.0479124,9.4189202
47.0483724,9.429462
47.0485441,9.4424319
47.0489164,9.4396191
47.0496263,12.1314735
47.0502686,12.1275797
47.050344,12.127748
47.051163,12.129346
47.0516449,9.4153549
47.0521097,9.4138817
47.0526609,9.528838
47.053345,9.4115085
47.0536855,9.4178136
47.0537763,9.4170153
47.0538372,12.14111
47.0545389,12.141371
47.0552612,9.4346518
47.0557614,9.4178953
47.0573687,9.4176856
47.0574098,9.4014515
47.0585826,9.4120403
47.0598148,9.4180639
47.0601548,9.5170212
47.0601615,9.4093707
47.0605274,9.4370979
47.0606582,9.5320828
47.0610457,9.4164939
47.0621127,12.1535765
47.0694974,12.1719182
47.0696607,9.4451704
47.0842725,9.479584
47.086546,9.4923806
47.0877336,9.4934615
47.0892642,9.4489421
47.0894457,9.4892556
47.0901491,9.4894406
47.0901502,9.4762059
47.0907228,9.4764681
47.0908479,9.4163463
47.0913305,9.4770705
47.0934722,9.4976043
47.0969308,9.4855895
47.0977081,9.4854126
47.0979946,9.4857192
47.0985557,9.4852947
47.1032925,9.4479247
47.1036132,9.44827
47.1197783,9.4856873
47.1259919,9.4745101
47.1269433,9.4393114
47.127742,9.4528597
47.1442583,9.4108035
47.1443879,9.4242797
47.1463955,9.4184441
47.1478336,9.4244279
47.1487882,9.4192734
47.1513556,9.4861625
47.1519552,9.4429569
47.1639262,9.4761762
47.1659871,9.4731627
47.1661529,9.4889158
47.1663654,9.4745842
47.166535,9.4566506
47.1673664,9.4788242
47.1677741,9.4717497
47.1695338,9.4659669
47.1697891,9.4705904
47.1751127,9.4866367
47.1760213,9.4471809
47.1764027,9.4455375
47.1785186,9.4446659
47.179231,9.4469265
47.1794249,9.4412034
47.180045,9.4380177
47.1811624,9.4467672
47.1823745,9.4415787
47.1836077,9.4415898
47.1847664,9.4417677
47.1852341,9.4456987
47.18605,9.4434846
47.1863451,9.4415167
47.1913,9.4352948
47.1932721,9.456738
47.1936868,9.4144308
47.2016464,9.4406192
47.2039486,9.4418014
47.2041616,9.4411505
47.2055331,9.4434413
47.2057403,9.4554511
47.2057917,9.4418296
47.207386,9.4018664
47.2118473,9.4508671
47.2119165,9.4556645
47.2287277,9.4544792
47.2348669,9.4998937
47.2392312,9.4425541
47.2426353,9.4267881
47.2432164,9.4184403
47.2433168,9.4186147
47.2495308,9.4491266
47.2530303,9.4245398
47.2611152,9.4999477
47.263539,9.4243341
47.2698858,9.4024971
47.2703307,9.426419
47.2742034,9.4568798
47.2762625,9.4256324
47.2782279,10.1948424
47.2865513,9.4290111
47.2889117,9.4304354
47.292121,10.22155
47.2960888,9.4586686
47.3002786,9.4967802
47.3027456,9.5237091
47.3062926,10.2590586
47.3115751,9.5624014
47.3123848,9.413033
47.3131706,10.3279062
47.3176641,9.4562905
47.3177026,9.4528361
47.3181198,10.2771771
47.3183017,9.4576772
47.3186573,9.5470342
47.3186996,9.4934025
47.319444,9.4738932
47.3197617,9.4696437
47.3206398,9.4297397
47.3207539,9.5647146
47.322779,9.5342964
47.3234288,9.5712944
47.3235758,9.5578207
47.3238736,9.558118
47.3253687,9.5401816
47.3257953,9.4877475
47.3270029,9.4907713
47.3275834,9.4078921
47.3284596,9.5221918
47.3309026,9.4924899
47.331725,9.5651603
47.3345619,9.5894769
47.3384191,9.4894496
47.3400429,9.5281504
47.3436347,9.4200032
47.3455445,9.5240818
47.3469882,10.2486502
47.3487065,9.523806
47.3515227,9.5020689
47.3534516,9.5820673
47.3548395,9.5023565
47.3625034,9.4545582
47.3634744,9.4561441
47.3662511,9.4607415
47.3673196,10.3775429
47.3691586,10.3138612
47.3691962,10.3132521
47.3722751,10.2518293
47.3805746,9.4734781
47.3867188,10.2843013
47.3879131,9.4775315
47.3912758,9.5715922
47.3931253,9.5001528
47.3970188,10.2807979
47.3972819,10.2866555
47.3984456,9.5573736
47.3985946,10.275675
47.4000214,11.2508804
47.4001426,9.5602092
47.4037417,9.5466797
47.4048596,10.2844771
47.4056016,10.2830729
47.4057621,11.0133265
47.405979,11.0284103
47.4060861,10.2820778
47.4062226,9.5502241
47.4062626,9.6031201
47.4066719,9.4609224
47.407157,9.458924
47.4071928,9.6082482
47.4082323,10.2782893
47.4083049,10.2792978
47.4087208,10.3237253
47.4091267,10.2732966
47.4091899,9.4622549
47.4093577,10.2796197
47.4099169,11.0131029
47.4116122,9.6482478
47.4125604,10.3784887
47.4137842,10.3566926
47.4154249,9.5775902
47.4155993,9.4901195
47.4156231,9.5783249
47.4180349,11.0943457
47.4195203,9.4914567
47.4195423,9.5727604
47.4198355,9.5698548
47.4203428,10.181752
47.4207592,9.4154786
47.4224456,10.3990692
47.4245598,9.6089428
47.4248636,9.4367899
47.4252702,9.6096987
47.4256528,9.4897546
47.4260487,9.4824338
47.4261527,9.4835548
47.4266599,9.483508
47.4266825,9.4865234
47.4269159,9.4055677
47.4272059,10.4054909
47.4273685,9.5031064
47.4275017,9.5040789
47.4276921,9.4924433
47.4284363,11.0055847
47.4286596,10.4005936
47.4291824,11.0556495
47.4292765,9.5101679
47.4295264,11.1443137
47.4303802,9.4912665
47.4318282,10.2073337
47.4324255,9.6336812
47.4335574,9.6336251
47.4336466,9.4047913
47.433707,11.1379313
47.4338794,10.2867713
47.434824,9.6093925
47.4359616,10.2381352
47.4365833,11.0743148
47.4365943,11.252326
47.4371865,10.3096084
47.4373742,9.4063218
47.4406198,10.9788582
47.4411298,11.027821
47.4426709,11.2434483
47.4426752,10.2948385
47.4433769,10.2936109
47.4435176,9.4035705
47.443674,10.4075444
47.4439129,11.0993386
47.4440602,9.536273
47.4447089,9.5353009
47.4447455,9.406647
47.4450573,9.5346036
47.4456737,9.641651
47.4461336,10.4163515
47.4462005,10.3253415
47.4472626,10.4195986
47.4473254,10.41997
47.4474654,10.427297
47.4478131,9.5864206
47.4488522,10.9978221
47.4501566,10.3772037
47.4502091,10.4209812
47.4505713,9.6046114
47.4506454,11.1474868
47.4512989,10.4532438
47.4524977,10.372004
47.4543705,11.0262355
47.4554928,10.3994795
47.456111,10.2946629
47.4567575,10.4365216
47.4567619,11.0417767
47.4572185,9.5240233
47.458218,9.6130189
47.4603484,9.5713967
47.4624162,9.4705979
47.4624342,11.1359075
47.4628169,11.0521393
47.46347,10.9512933
47.4639093,10.3998293
47.4642279,9.5924716
47.4642584,9.471119
47.4656704,9.5914469
47.4662921,10.3959306
47.4664582,9.5910779
47.4672502,9.4763012
47.4673611,9.5886028
47.4674962,11.024293
47.4675583,9.5901291
47.467734,9.5913614
47.47061,9.5895158
47.4706741,11.0264988
47.4707766,11.0253171
47.4714177,10.0605276
47.4720736,9.4660424
47.4722084,9.5174038
47.4723173,11.2143529
47.4723269,11.2147507
47.4731051,9.4596207
47.4735396,9.4681705
47.4745338,11.1878976
47.4750482,9.4712695
47.4755659,11.2358399
47.4760252,9.5062917
47.476227,10.4543833
47.4763459,10.139147
47.4767039,10.1417126
47.4776425,9.4938152
47.4778927,9.4982115
47.478602,9.4927119
47.4786399,9.4926426
47.4791413,9.5056321
47.4792255,9.4584066
47.479798,9.5332803
47.4798113,9.4847626
47.4801079,9.5316331
47.4808888,9.4834798
47.480935,10.4047595
47.4813763,11.1161779
47.4821822,11.2389084
47.4825979,11.3673763
47.4842184,10.4061098
47.4845219,11.3893429
47.4846085,9.5510883
47.4853287,10.4182068
47.4858038,10.0076068
47.4860093,9.4519039
47.4883499,11.0409054
47.488653,10.0034104
47.4894385,10.8800549
47.4903847,9.5558393
47.4906895,11.2109216
47.4911468,9.551245
47.4911813,11.2140018
47.4927676,11.0878198
47.4928628,11.3461491
47.4933504,11.0877644
47.4934906,9.4624484
47.493533,11.2615699
47.4944581,9.462883
47.4945143,13.0066989
47.4946643,11.095529
47.4948851,13.0064874
47.4949184,10.132231
47.4949517,11.1135953
47.4950712,10.9155331
47.4955103,10.9059027
47.496151,10.2362239
47.4961793,11.1151061
47.4963587,9.4658413
47.4966449,11.0872335
47.4971727,11.0470575
47.4974628,11.074874
47.4979025,11.087246
47.4989072,9.4396356
47.4989225,9.5605677
47.4994036,11.0259829
47.4995695,11.0619602
47.5011299,10.0511082
47.5014164,10.3026529
47.5017376,10.1390444
47.5017954,11.0841926
47.5018035,10.1387627
47.5023167,10.1455943
47.5025012,10.145149
47.5033372,10.4183903
47.5033659,9.442058
47.5036293,11.2787147
47.5042385,10.1677889
47.5042513,9.4401227
47.5042615,11.10702
47.5043356,10.1679276
47.5044072,10.1677238
47.5057033,10.3011432
47.5062606,10.3708533
47.5062742,10.3728387
47.5065703,11.345393
47.5066451,10.369075
47.5067398,10.0858302
47.506752,10.3718153
47.5068577,10.3737886
47.5073394,12.9766394
47.507754,10.3675518
47.5089175,11.0219322
47.5095552,10.0752825
47.5098185,9.4231155
47.5105535,11.1202317
47.5107549,10.0781813
47.5108252,10.9527682
47.5118745,10.279109
47.5124064,10.3544735
47.512564,10.3542569
47.5134842,11.0974212
47.5135553,10.112149
47.5138672,9.4378176
47.5143362,10.9664158
47.5147759,9.9858245
47.5149568,11.53488
47.5150039,10.4058569
47.5152531,9.4367247
47.5153424,9.4359459
47.5164634,11.3454109
47.5166332,10.3152299
47.5168376,10.0594113
47.5187999,12.9346068
47.5194517,11.4321028
47.5207558,9.4320851
47.5214568,11.2818413
47.5219564,11.1378194
47.5228709,10.374012
47.5231685,11.50414
47.5237921,10.165398
47.5239188,11.5503193
47.5244045,10.0439073
47.5247454,11.007237
47.5250172,11.1201422
47.5255602,12.9161976
47.5263261,10.1020996
47.5270756,10.3718146
47.5271925,11.0845226
47.5277489,11.1092461
47.5284192,10.1362506
47.5286223,9.4144873
47.5291107,10.2975898
47.5294039,11.1104533
47.5296163,10.0243494
47.5298215,11.1116162
47.5298853,11.1166179
47.5310859,10.3002974
47.5315918,10.131671
47.5326902,11.475606
47.5327272,10.0462051
47.5333678,10.0666522
47.5342745,10.1665964
47.5358174,11.1594805
47.5363537,11.2051642
47.536361,11.5415167
47.5372997,10.8990767
47.5374441,10.8924366
47.5374879,10.5694265
47.5377869,10.8947095
47.5379368,10.8962084
47.5383366,10.9012602
47.5389447,11.0810093
47.5392474,10.7749464
47.5393517,13.0312936
47.5394159,11.1346492
47.5402267,10.5647648
47.5409467,9.8647711
47.542229,11.0185526
47.5440261,10.1664892
47.544086,12.9721982
47.5442183,10.248661
47.5443562,10.2365942
47.544371,10.4289705
47.5450234,10.1828015
47.5461496,10.5456837
47.5462665,10.2052485
47.5463773,9.6836797
47.546422,13.0196285
47.5469644,10.2028207
47.5473887,11.3300252
47.5479106,9.6889333
47.5479607,10.2936288
47.5480752,10.2078931
47.548129,9.6870429
47.548706,10.0240092
47.5487872,10.2953434
47.5493269,11.0809317
47.5494516,12.9677351
47.5497348,10.7885259
47.550453,9.6909881
47.5507111,10.1782496
47.5516976,10.0508018
47.5518131,9.6884907
47.5526813,10.0865631
47.5532157,10.0891931
47.5532232,11.5116126
47.5542296,10.4749376
47.5547171,10.2157904
47.5548992,10.0175974
47.5563308,11.0611904
47.5576029,10.2406565
47.5579547,11.2183625
47.5587356,9.8892678
47.5594718,10.2178936
47.5595453,9.891178
47.5596117,9.8910144
47.5598533,10.7201684
47.5598605,11.1365655
47.5600905,12.9877792
47.5601645,11.1015871
47.5601649,10.220101
47.5613362,10.3055882
47.5617236,11.282021
47.5623552,9.8444973
47.5624679,10.1155771
47.5631424,11.2363301
47.5632916,13.0176057
47.5637741,10.6855331
47.564131,13.029182
47.5646695,10.1919619
47.5661872,10.1858776
47.5663574,11.0108635
47.5666832,11.1014206
47.5668458,9.6293822
47.5671648,9.629798
47.5677739,10.6994931
47.567994,10.375163
47.568141,10.705973
47.5683558,10.1908897
47.5684208,12.951749
47.5686045,10.5618173
47.5686342,10.9095609
47.5687796,10.7008631
47.5689844,10.1923534
47.5691144,11.2209997
47.5692686,11.0319958
47.569769,10.7007399
47.5702188,9.6184679
47.5703304,11.1080764
47.5704375,10.0818604
47.5709451,12.9613224
47.5715188,12.9613427
47.5718473,10.1927222
47.5718545,10.1930017
47.5720385,10.1930271
47.5720613,10.1927632
47.572214,10.1930524
47.5722751,10.1928063
47.5723756,11.5597717
47.5725365,11.0262883
47.5725597,13.0103158
47.5736283,10.6400585
47.5739167,10.0691299
47.5739191,9.6325362
47.574614,11.2422231
47.574759,10.0229524
47.5755735,12.8055692
47.5758803,10.0071553
47.5765649,10.2410005
47.5767863,9.6145224
47.5774882,10.0598034
47.5778249,10.7061835
47.5778481,12.9425691
47.5782504,9.9787635
47.5785466,11.5412619
47.5786722,11.1279722
47.5790035,10.7114338
47.5799486,10.5540896
47.5799654,11.1150155
47.5800494,10.1700347
47.5800585,10.7075635
47.5814426,9.8484693
47.5820845,9.915784
47.5827117,9.7058511
47.5827882,12.953253
47.5835581,9.7043292
47.5836054,9.7052886
47.5836849,10.5726002
47.583748,9.7077347
47.5841707,9.7056027
47.584816,9.6247924
47.5849737,10.5410181
47.5849867,9.7025765
47.5850493,9.5680484
47.5850529,9.7027103
47.5851162,9.9943816
47.5851849,9.5681986
47.5851904,9.5674905
47.5852428,9.5665759
47.5853098,9.5650041
47.5853172,9.7044427
47.5853194,10.0586413
47.5853568,9.5677963
47.5853767,9.5671606
47.5854057,9.5667502
47.5854328,9.5674852
47.5854364,9.5679787
47.5854482,9.5629817
47.585507,9.5635892
47.585563,9.5661575
47.5855929,9.5633049
47.5856227,9.5665652
47.5856336,9.5641324
47.5856589,9.5638575
47.5856698,9.564465
47.5856698,9.5647734
47.5856698,9.5650578
47.5856861,9.5678258
47.585706,9.5653474
47.5857602,9.5630059
47.5857856,9.5635785
47.5857946,9.5666376
47.5858037,9.5671713
47.5858236,9.5679572
47.5858579,9.566128
47.5858995,9.5675388
47.5859004,9.5641391
47.5859384,9.5638588
47.5859493,9.5636643
47.5859719,9.5657203
47.5859864,9.566887
47.5860298,9.5650685
47.5860334,9.5644636
47.5860388,11.4599581
47.5860497,9.566305
47.5860569,9.5659965
47.5860841,9.5671633
47.5861058,9.5676461
47.5861329,9.563321
47.5862252,9.5642303
47.586265,9.565798
47.5862758,9.5661065
47.5862758,9.5676863
47.5863247,9.5674235
47.5863591,9.5637596
47.5863681,9.566879
47.5863811,9.9443112
47.5864694,9.5635262
47.5864911,9.5642075
47.5866485,9.5664847
47.5866539,9.5640305
47.5868077,9.567233
47.5868077,9.5680484
47.5868636,9.9433315
47.5870313,10.7297416
47.5871426,10.2372805
47.587383,9.566777
47.587459,9.5668548
47.5875368,9.5667878
47.5876887,9.5668146
47.5877303,9.567866
47.58792,12.9899427
47.5880505,9.566938
47.5880642,10.4463234
47.5880777,9.5684266
47.588302,9.5679304
47.5884444,9.5504147
47.5888025,11.0661428
47.5888162,11.0663693
47.5889831,12.8924338
47.5892119,9.5677936
47.5896144,9.5652428
47.5896776,12.9887826
47.5897003,9.5682067
47.5898035,13.021783
47.589818,13.021765
47.5898437,11.0508802
47.5899572,9.5677105
47.5899866,11.2824788
47.5900477,9.5680538
47.5901291,9.5670158
47.5911091,12.9944616
47.591595,10.7700211
47.5916511,9.8397901
47.5921673,12.9943738
47.5936719,10.4109572
47.5948167,10.3002555
47.5951491,10.9862684
47.595335,11.8302596
47.5959724,12.8734717
47.5960275,11.0660264
47.5962179,10.437283
47.5965576,9.5989626
47.5968446,10.4361417
47.5969278,10.5671154
47.5971224,11.1874188
47.597492,10.7378697
47.5990537,10.0558866
47.6007956,9.8743149
47.6009992,9.9588638
47.6012228,11.687183
47.6016599,10.4413813
47.6022133,10.682987
47.6034938,9.7366621
47.6049268,11.6072689
47.6058736,11.8219993
47.605968,12.9007531
47.6059871,11.432546
47.606188,12.9548593
47.6062233,11.8212617
47.6064766,10.5331898
47.6065178,10.6434204
47.6067313,12.8988872
47.6071033,11.5822503
47.6071618,10.306066
47.6072564,12.8944237
47.6072642,12.8930756
47.6073449,11.2818363
47.6074123,9.828511
47.6075003,10.7108317
47.6075339,12.8967247
47.6076672,10.710361
47.6077278,12.8874196
47.6078807,11.8038769
47.6079194,10.7105876
47.6082115,10.1112982
47.6085219,12.8990358
47.6085413,12.8646225
47.6088683,11.6409363
47.6092836,12.9607576
47.6098595,10.0059159
47.6108099,11.7441182
47.6116499,11.3180178
47.6123216,9.9321201
47.6131565,11.3230932
47.6135564,10.1785347
47.6141187,11.2322695
47.6144257,10.7224307
47.6148573,10.8059585
47.615316,13.0630029
47.6158312,10.7127362
47.6158421,10.4858797
47.6162314,12.8526183
47.6164286,11.0271052
47.6168968,12.1597245
47.6172909,11.8931652
47.6173943,11.6921895
47.6178081,11.7859022
47.6179976,12.1337916
47.6189135,10.0054664
47.6190889,11.2683288
47.6200291,9.9291338
47.6201419,11.74195
47.6201516,11.0963975
47.6201589,11.7422203
47.6219092,10.4982926
47.6224904,10.3421588
47.6224994,10.4983606
47.6228989,11.2810024
47.6232105,11.7132598
47.6240996,9.6583172
47.625324,12.070857
47.6258293,11.4430537
47.6264528,11.9334573
47.6269173,11.9788767
47.6276095,13.0001247
47.6276938,11.7798534
47.6278855,12.5065413
47.6279412,12.0996755
47.6287289,11.4483707
47.6289563,11.6584344
47.6291026,10.0824075
47.6291741,13.0013044
47.6292274,11.3848883
47.6293444,10.4460582
47.6303725,10.246473
47.6304825,9.5980379
47.6305148,10.9669697
47.6308038,11.2246382
47.6308099,9.5317489
47.6309251,10.2478784
47.6324599,13.001706
47.6325291,11.8083243
47.6334508,13.0029105
47.6335254,11.2341895
47.6336068,11.1129345
47.6336261,13.0030336
47.6345754,11.3880704
47.634736,10.1225343
47.6357681,11.0997812
47.6365479,10.9209277
47.6371387,11.9353275
47.6373284,11.4836251
47.6373517,9.7696689
47.63759,12.5642997
47.6394216,10.4336706
47.639519,11.402824
47.6408048,11.4100846
47.6409835,11.8097669
47.6414268,10.8304108
47.6416283,10.7339529
47.641897,11.4258428
47.641986,11.4644023
47.6422666,12.1810257
47.6425142,12.1811924
47.6429226,9.8331276
47.6429631,10.3641896
47.6432378,10.7193028
47.6435839,11.7478374
47.6440673,11.7460467
47.6445671,12.7869618
47.6445987,12.1758149
47.6455112,12.9851253
47.6455935,11.2903395
47.6458913,10.4527006
47.6464345,10.9320475
47.6467455,11.2762974
47.6470812,12.1722623
47.647288,11.9540715
47.6474069,12.1717837
47.648637,11.4457896
47.6491241,11.014594
47.6491969,9.4789782
47.6492136,9.4963794
47.6495271,9.4969242
47.6495944,9.4960724
47.650194,12.0270193
47.6503253,11.48022
47.650368,11.4805141
47.6503716,9.4826294
47.6504089,11.3879757
47.6512507,11.6320996
47.6512688,11.6507294
47.6513001,12.4787846
47.6513715,10.6067888
47.6518213,11.6309102
47.6518596,13.0594013
47.6520798,11.4201329
47.6520814,10.7187241
47.6526547,10.0557747
47.6528009,11.808874
47.6529884,10.6042045
47.6530525,10.6045613
47.6530977,10.6049066
47.6532524,10.6048355
47.6533597,10.6037331
47.6535042,10.6038324
47.6536418,9.4678052
47.6537098,10.6035856
47.6537694,10.6037445
47.6547186,11.818011
47.655161,11.4229541
47.6554232,9.6052627
47.65634,11.7241102
47.6564975,12.9246144
47.6568323,11.4217252
47.657621,12.1538193
47.6576282,12.1307729
47.6576382,11.461932
47.6595105,11.3664172
47.6599515,10.0487023
47.6607997,12.0069933
47.6609311,12.0913544
47.6614499,12.9735957
47.6621665,12.8446664
47.6623159,10.9835632
47.6633605,11.7690932
47.6649502,11.0526169
47.6653848,11.8884473
47.6655006,11.6831553
47.6658685,12.8384012
47.6660654,10.4209264
47.6664293,11.9272303
47.6664763,11.0516673
47.6665777,11.9265199
47.6667579,11.0534265
47.6674438,11.8506105
47.6675737,9.4116545
47.6688853,12.921782
47.6702437,10.3860821
47.6705549,10.3853047
47.6705581,9.468537
47.6717024,9.799781
47.6717295,12.9813113
47.672104,9.4714867
47.6733892,12.0144548
47.6734357,11.4309394
47.6734367,12.1345774
47.6740118,12.0138373
47.674743,11.6832108
47.674827,11.5838669
47.6751495,11.3034278
47.675679,12.4754095
47.6763623,11.8606036
47.6764035,9.8739984
47.6768197,10.7985936
47.6770444,9.7371421
47.6775445,11.4731854
47.6777219,12.9957294
47.6778491,11.9338126
47.6781451,12.0027268
47.6784254,13.039576
47.6788992,11.8091851
47.6793473,12.2622004
47.6801558,12.8745984
47.6802798,12.87485
47.681103,11.5777654
47.6812588,12.5301174
47.6816591,12.1094633
47.6817244,11.8937488
47.682003,10.8993388
47.6821349,11.1861279
47.6823431,11.8985834
47.6832959,11.1494905
47.6835697,11.3024345
47.6840272,9.4715152
47.6862555,9.4890114
47.6866829,12.9965503
47.6869544,10.1355213
47.6869852,9.4886959
47.687259,11.0000054
47.6885421,11.004492
47.6890821,12.8626146
47.6894522,12.9910693
47.6896634,12.7589931
47.6898716,9.4920306
47.6905599,11.6899157
47.6905684,12.2614711
47.6907866,10.9953941
47.690881,12.0072632
47.690971,12.5142812
47.6910543,9.8365527
47.69129,11.690007
47.6922501,12.0475067
47.6922718,11.7888275
47.6924149,10.0395261
47.6928819,12.9426534
47.6928962,12.8515297
47.6936794,11.9676775
47.6936877,12.9981602
47.6943244,10.0378697
47.694393,13.045988
47.6956473,12.2987958
47.6978807,11.8063085
47.6989167,10.7936921
47.699139,9.5584052
47.6994654,11.69057
47.6996362,12.3015691
47.6998544,11.4759141
47.7000094,10.0539611
47.7003025,10.3967166
47.7003939,10.2166855
47.7006348,11.456451
47.7011053,10.8619613
47.7011532,10.8619553
47.7011875,12.4536719
47.7017608,12.3104763
47.7018133,10.8621619
47.7021538,10.8351022
47.703204,12.89136
47.7037123,12.8917947
47.7037879,11.1584888
47.7040585,10.8349319
47.7050823,12.8012046
47.7052078,12.2492658
47.7052106,12.3250782
47.7053911,12.3266526
47.705443,12.3273155
47.7056068,12.3241636
47.7057304,12.3242279
47.7071382,11.2184129
47.7076478,9.6104681
47.7076747,11.4238045
47.7078982,11.4119954
47.7080223,12.4805511
47.7082646,10.8273323
47.708288,9.5184891
47.7084563,12.2530688
47.7088473,11.8666421
47.7096527,12.6805179
47.7106495,13.0176723
47.7106898,12.6805192
47.7111884,13.0406811
47.711902,12.7487629
47.7125617,12.7476816
47.7127357,12.6016408
47.7128594,11.7255542
47.7129949,11.6869615
47.7131171,9.4173452
47.7131413,12.3070173
47.7132649,12.0559507
47.7139045,10.1280811
47.7142615,12.9094377
47.7142852,10.1697434
47.7143787,12.9091877
47.7144116,12.3083715
47.7145126,12.1970759
47.7147289,12.7330854
47.7149139,12.2079239
47.7149238,11.9732563
47.7150709,13.0088081
47.7153065,12.9029604
47.7153196,11.9741693
47.7154399,12.318154
47.7160676,11.6613073
47.7161989,11.2865414
47.7167259,11.9209583
47.716758,12.5528455
47.7168229,12.5168798
47.7186348,12.8728436
47.7189584,12.7099872
47.7192487,12.2954096
47.7194217,12.7140685
47.7196749,12.2603721
47.7198726,10.2897006
47.7198909,10.4584662
47.7201009,12.5644303
47.7201938,12.6276437
47.7202403,12.206929
47.7203202,12.4942188
47.7206627,12.2105991
47.7207072,12.6759126
47.7207292,9.4042989
47.7207569,12.2988945
47.7214013,10.3144361
47.7224599,12.876083
47.7229973,12.8769072
47.7230086,12.8762741
47.7230356,11.4363551
47.7232121,11.6984481
47.72349,11.4464888
47.7242969,11.4386243
47.724567,12.2291485
47.7247462,10.3157763
47.7255215,9.4718074
47.7260946,12.712142
47.7262122,10.3178915
47.7263369,12.5422056
47.7266253,12.118136
47.7270942,12.8784669
47.7271218,11.6907865
47.7274297,12.8828369
47.7276235,11.5300095
47.7276928,12.8820914
47.7277361,12.5514149
47.7280996,10.3109959
47.728139,10.3120637
47.728464,12.8884514
47.729578,12.8512472
47.729673,12.1084378
47.7297017,12.4873746
47.7297765,9.880316
47.7300811,12.3214674
47.7303984,12.6902917
47.7306199,9.4036652
47.732876,12.8340374
47.7330597,10.9654333
47.7336279,11.5462831
47.734334,12.2790714
47.7343597,12.2790453
47.7349743,12.4772468
47.735037,12.3169775
47.7353247,12.1062112
47.7357259,11.5462951
47.7360035,10.7757917
47.7360202,10.7790898
47.7364294,10.9647115
47.7367372,11.6214149
47.7369188,12.1050472
47.7373031,10.6885654
47.7374133,12.3963593
47.7381035,9.6636966
47.7400967,12.7622403
47.740111,12.2333306
47.7401152,12.1751088
47.7403696,12.2801942
47.7405014,12.5966604
47.7405564,9.5109086
47.7407819,12.7240153
47.7409668,12.1585686
47.7411911,12.1560077
47.7412671,11.9516795
47.7415349,12.1540522
47.7428845,12.408267
47.743268,12.198379
47.7444684,12.4858417
47.7445163,12.0154278
47.7448236,12.8908923
47.7448247,11.7372206
47.7452378,10.2310778
47.7460235,12.0711621
47.7466256,12.5010279
47.74701,12.5016264
47.7471784,11.4540757
47.7476284,12.5258093
47.7481288,10.5749188
47.750241,11.922392
47.7505368,11.3749066
47.7506345,11.9501315
47.7507251,11.4988318
47.7507281,11.499627
47.751562,11.3762041
47.7526462,12.5939607
47.7528911,12.3998867
47.7529389,11.3777025
47.7531905,12.5671808
47.7532261,11.690861
47.7539456,12.5407149
47.7540847,12.3352097
47.7543121,12.0345541
47.7546937,12.5658609
47.7547496,12.5658689
47.7550711,12.4842171
47.7551009,10.9867153
47.7553412,12.7942069
47.7554686,11.8633545
47.755714,12.4420112
47.7560093,12.6302973
47.7568076,12.3131565
47.7572474,12.5006868
47.7590965,11.5597646
47.7602822,11.5561388
47.7602938,12.2831966
47.7604081,12.3256088
47.7607787,12.7372943
47.7610686,11.5606604
47.7612515,12.6469531
47.7613505,12.3072087
47.7614939,12.6129873
47.7615869,12.8911465
47.7619834,12.3125401
47.7621388,9.8008704
47.7626407,12.3573708
47.7628489,12.3972445
47.7632617,9.4308166
47.7633496,12.4827379
47.7642185,12.8212789
47.765005,12.7486441
47.7658431,12.296588
47.7659913,12.3239952
47.7660621,11.539974
47.766972,10.4021789
47.7672532,11.33243
47.7687682,12.8160621
47.7690314,12.8151664
47.7699038,11.7638425
47.7711086,12.9145538
47.7711804,11.4316661
47.7726105,12.5681866
47.7730116,12.5476585
47.7731038,12.3270722
47.7734201,12.3682076
47.7734674,12.3745493
47.7735549,12.0100605
47.7737048,12.3245181
47.7740924,12.6942415
47.7746455,12.7987202
47.7748085,9.6163705
47.775705,12.2351631
47.7763338,10.126807
47.7764926,10.9747909
47.7767407,12.234192
47.7770112,10.8167204
47.7777915,11.3070438
47.7780028,9.6164892
47.7789989,12.4507501
47.7790674,10.2957999
47.7793085,12.3732418
47.779456,12.3707351
47.7801165,12.6689242
47.7801294,9.6158059
47.7802412,12.2764053
47.7803928,9.6137529
47.7810447,12.2124485
47.7811002,9.6174498
47.7811324,11.9931637
47.78127,12.4912002
47.7816633,11.5858339
47.7818961,10.7836765
47.7819173,12.4917228
47.7822184,12.8681107
47.783405,12.5782976
47.7841546,9.7617656
47.7848156,12.6056128
47.7851856,9.6060747
47.7853899,9.566871
47.7855054,9.607409
47.7855296,9.5662553
47.7855671,9.5689066
47.7856099,12.3732193
47.7856853,12.3906502
47.785702,9.5668954
47.7857573,9.5680033
47.7858516,9.5701997
47.7860288,9.567046
47.7867502,9.6154798
47.7871055,12.5858133
47.7880336,11.8366169
47.7884665,11.8321004
47.7903271,12.0083954
47.7913517,9.6056908
47.7926155,12.2865001
47.7927951,11.9770544
47.79294,10.7982523
47.7932763,9.8830598
47.7935367,12.6124623
47.7935587,12.4115472
47.7945068,10.0977826
47.7946907,12.6605644
47.7948653,12.288047
47.7959368,10.9228716
47.7974478,12.6401499
47.7976273,11.9791084
47.7977253,11.058213
47.7978591,12.3876488
47.7996443,10.2199582
47.8008855,11.0133532
47.801018,12.2823631
47.8013625,9.7329717
47.8015652,12.7056609
47.8020544,9.4143543
47.8023483,12.8577225
47.8024739,12.782223
47.8028679,9.5399226
47.8030335,9.5401582
47.8032568,12.2843686
47.803788,9.6306552
47.8038539,10.8955062
47.8042551,9.6491821
47.8042806,9.6288362
47.80429,9.6293879
47.8043988,9.6584726
47.8045111,12.9597548
47.8047772,9.629014
47.8048662,9.6282257
47.8058575,9.6422493
47.8073478,11.2929472
47.8076663,9.6389468
47.8089259,12.6227022
47.8090769,10.8983396
47.8093372,10.8612527
47.8099198,10.8975271
47.8100239,12.8980297
47.810104,12.4630051
47.8108943,12.376237
47.8115099,10.8973874
47.8117976,12.1921079
47.8121576,12.3753211
47.8123152,12.3662341
47.813722,12.8197337
47.813868,12.3761715
47.8152015,12.6162963
47.8152047,12.8457429
47.8156824,12.0973544
47.8158842,9.6296075
47.8159091,11.4773367
47.8163499,11.4798088
47.8184468,9.6693943
47.8191657,12.4967042
47.8193947,9.6246411
47.8202172,11.1123621
47.8203173,10.4535769
47.8217984,10.8785479
47.8218246,12.6438131
47.8227212,12.6422423
47.8227909,11.2916673
47.823043,12.6420965
47.8253323,10.0307409
47.8253397,10.8368866
47.8258774,10.0362262
47.8276789,11.1751797
47.8278551,9.6503076
47.8282026,12.6465893
47.8288352,9.6673997
47.828897,10.4056728
47.8304712,9.6928019
47.8314878,9.7624101
47.833625,11.919135
47.8336922,9.7118108
47.8338596,11.7501552
47.8349701,10.8323215
47.8355053,9.7812782
47.8357603,9.7863879
47.8359712,11.784245
47.8367872,10.8177822
47.8379234,12.2075331
47.8379694,12.2065276
47.8387375,12.3501813
47.8388692,12.9817132
47.8389004,11.1424046
47.8392126,10.8788113
47.8392273,10.5807863
47.8399001,11.1365336
47.8407965,12.6491323
47.8413008,12.9795735
47.8417879,9.6615783
47.8426354,12.9886015
47.8428978,11.7360377
47.8430356,11.8047947
47.8466918,11.8548065
47.8477565,9.7156312
47.847782,10.0363558
47.8480256,12.0701032
47.8489462,12.8243244
47.8489524,12.9105554
47.8500572,10.4209215
47.8507276,12.1195375
47.8507493,12.8252887
47.8509986,12.7851105
47.8529053,12.1336779
47.853726,10.3547594
47.8537694,12.1242961
47.8538756,12.3456939
47.8543571,11.0477772
47.8544001,12.3324175
47.8547467,12.1603468
47.8548219,12.1285846
47.8549647,12.1234303
47.8551655,12.1600663
47.8551837,12.1850248
47.8552082,9.8967402
47.8554467,9.8965233
47.8555271,9.8970012
47.8560008,12.0961245
47.8562935,12.3437337
47.856655,12.129258
47.8570888,12.1201999
47.8572791,11.7968391
47.8577232,12.1270781
47.8583749,12.1474774
47.8596352,12.1354258
47.8598898,12.1266208
47.8614468,11.4825485
47.8614618,12.0081927
47.8615187,11.4842296
47.8615669,12.1229943
47.861808,12.2044612
47.8619505,12.2513263
47.8620013,11.4834156
47.8620595,11.4841571
47.8621129,11.4853073
47.8623284,12.2148917
47.8624952,11.484488
47.8626471,11.4828595
47.8629832,11.4842291
47.862991,11.4833537
47.8632793,11.4820519
47.863855,11.4821705
47.8640185,12.0099028
47.8642505,11.4824339
47.8652625,11.7845119
47.8664494,11.7837126
47.8665514,12.0070501
47.8667241,12.9296961
47.8672033,11.7843474
47.8674582,12.9280955
47.8677979,11.8814685
47.86796,10.5904578
47.8679979,11.7847422
47.8683092,11.7849391
47.868751,11.785399
47.8696529,12.6490011
47.8702303,10.6904391
47.8705873,10.3996824
47.8719497,11.9376862
47.8719533,11.9376057
47.8735241,12.1796161
47.87354,12.9588939
47.8742089,11.0237634
47.8744498,11.8862759
47.8745252,11.4653224
47.874546,12.9599173
47.8750481,12.9599288
47.8751296,12.9602871
47.8753774,12.3534991
47.8763678,11.6982211
47.8765685,11.7013118
47.8774074,10.9144028
47.8775266,10.7830547
47.8780785,10.7437674
47.878862,12.3007602
47.8791365,11.2802413
47.8791815,11.2819045
47.8793553,10.5942375
47.8798625,10.6201096
47.8799463,10.6184814
47.8804108,10.6204138
47.8805331,12.2752874
47.8809157,11.7006844
47.8812094,11.3507178
47.8816306,10.5083441
47.8822438,10.388958
47.8838924,12.1438272
47.8847616,12.0765657
47.8851537,12.0769398
47.8851555,12.0774079
47.8852553,12.0765764
47.8865497,11.6956205
47.8871467,11.9573428
47.8872641,10.0491814
47.8907049,9.8644752
47.891768,11.7315344
47.8921656,12.2429317
47.8932207,11.4223794
47.8935572,11.4223468
47.8942121,9.6132094
47.8946213,12.629999
47.895662,10.928149
47.8970347,10.7494216
47.8980378,10.1178766
47.8980742,10.4402104
47.8981932,10.6172489
47.9024639,10.9348854
47.9031447,11.3674648
47.9040732,12.1471738
47.9041596,12.1474018
47.9066322,10.4089929
47.9090862,10.5727123
47.9096795,11.6776836
47.9097479,10.7541937
47.9112376,12.9139256
47.9121297,10.9071966
47.9121632,12.8096576
47.9130778,10.6352259
47.9146726,12.2945562
47.9157798,10.7979244
47.9159421,9.7623906
47.9163123,10.7981048
47.9181418,11.8433627
47.9185651,10.4133744
47.9189281,10.6708132
47.9192933,12.3410857
47.9197164,9.7538869
47.9218709,12.8931333
47.9224677,9.8224912
47.9225087,9.7600643
47.9228097,10.8191085
47.9263934,12.5511377
47.926626,10.9254705
47.930234,10.4907391
47.9308543,10.8274367
47.9331701,12.476245
47.9344324,12.0147887
47.9348244,11.0811325
47.9376208,10.6791556
47.9385804,12.2667217
47.9386146,12.7484583
47.9394958,10.1966726
47.9402268,10.0870506
47.9408759,11.076004
47.941526,12.1265426
47.9431759,10.3892352
47.9438086,10.5431035
47.9457085,11.2215422
47.9458385,10.2231671
47.9463955,11.7941035
47.9471113,10.7773035
47.9471424,12.9188179
47.9477677,12.1820025
47.9481203,10.3961464
47.9489384,10.8302038
47.9521682,11.4378499
47.9524753,11.2942788
47.9524996,11.9149293
47.9525661,12.8368399
47.9525843,11.9144368
47.954998,9.7283062
47.9550223,10.1158799
47.9557625,10.6398802
47.9564321,11.360508
47.9571119,10.9468538
47.9572666,12.8650832
47.9576501,10.4545494
47.9632279,12.5893812
47.9632458,10.906297
47.9662739,10.1199464
47.9668643,11.6451189
47.9705253,10.6218121
47.9723833,10.4323809
47.9724538,10.7329038
47.9726066,12.1218702
47.9730728,11.1853101
47.974409,11.1835284
47.979357,11.4562445
47.9810779,10.5793
47.9814508,9.6166366
47.9820834,10.1832737
47.9827027,12.1297815
47.9835697,10.1840497
47.9838405,10.1824982
47.984156,10.1431632
47.9854692,10.1843702
47.9855135,11.492462
47.9859083,10.1913488
47.9861434,10.8821073
47.9863565,12.7088683
47.9877842,10.4352633
47.9882442,10.8258939
47.9887789,10.4374702
47.9904131,10.1584712
47.9907147,11.456808
47.9926802,9.6756995
47.99277,11.04944
47.9927947,11.8571318
47.9928589,10.7741731
47.9929248,11.0478553
47.9962628,10.4001401
47.99659,11.1678976
47.997168,11.1706361
47.9973275,11.3271181
47.9977421,11.595395
47.9990719,11.17503
48.0030503,12.4715873
48.0035194,10.6485305
48.0045424,10.17824
48.0052846,10.4347078
48.0074925,11.3167777
48.0076951,12.7484226
48.0091611,10.0360646
48.0100459,12.1473336
48.0106258,9.6415886
48.0155678,11.4821549
48.0156976,11.4814374
48.0169574,9.4886395
48.0182964,11.7321272
48.019401,10.8245816
48.0199115,10.5911537
48.0201258,10.5637607
48.0202044,11.0124298
48.0212124,11.7292665
48.0234531,10.8852735
48.0241561,10.4434601
48.0251953,10.5308596
48.0252908,10.4580272
48.0253897,11.5259312
48.0257107,11.6018522
48.0257798,11.6008987
48.0259861,11.6010515
48.0259916,11.525019
48.0261681,11.6016175
48.0263242,11.6009134
48.0264991,11.6001007
48.0269556,11.6002643
48.0270139,11.6009362
48.0273512,11.6008504
48.0291261,11.367151
48.0292734,11.5816387
48.0292977,11.3681946
48.0305538,11.359241
48.0306242,11.5192478
48.032302,11.8746771
48.0323884,11.5339982
48.0352081,11.5730103
48.0360738,11.5290098
48.0369774,10.7297575
48.037082,11.9673601
48.0372553,11.9668469
48.0373661,11.9670002
48.037516,11.9663065
48.037556,11.9665245
48.0376575,11.9676369
48.0377923,11.9661127
48.037826,11.9665917
48.0379528,11.9671081
48.038504,11.9671237
48.0385102,11.9679086
48.0403987,10.2921279
48.0406563,11.5217729
48.0418437,10.4940732
48.0427187,9.4955992
48.0442047,10.8676789
48.0451167,11.5711458
48.045462,11.9661859
48.0464365,11.9699297
48.0466233,10.4885195
48.0466903,10.488668
48.0467062,10.8687033
48.0467886,11.4724321
48.0468832,11.961293
48.0473422,10.8763992
48.0474216,11.5155324
48.0476457,11.5156493
48.048535,10.7780933
48.048746,10.7776557
48.0488306,10.8786037
48.0495102,10.8767763
48.0500228,10.4554012
48.0500866,12.2300824
48.0500913,12.2300787
48.0504798,10.8710014
48.0505976,10.8768514
48.0521344,11.7006948
48.0529338,11.0901507
48.0537231,12.1110468
48.0556576,11.2684818
48.0568373,11.5233023
48.0576801,12.2287792
48.0579014,11.1414866
48.0585275,11.7725884
48.0589039,11.1888305
48.0599234,11.6508816
48.05993,12.7590806
48.0599892,12.7588625
48.0600327,11.6515401
48.0600462,11.6502915
48.0601085,11.648013
48.0601246,11.648813
48.0601767,12.2323368
48.0603805,11.6521583
48.0605571,11.6510533
48.0606745,11.6487627
48.0607354,11.6479828
48.0607489,11.6492502
48.0608278,11.6523005
48.0609224,12.2348876
48.0609604,11.6516849
48.0611092,11.6484019
48.061126,12.2311204
48.061241,11.6495942
48.0613042,11.650551
48.0613905,12.1853795
48.0615672,11.6504484
48.0624965,12.2324057
48.0628508,12.229816
48.0635165,11.1987117
48.0635758,11.2013373
48.0639943,10.879597
48.065684,10.6426919
48.0666364,12.7444863
48.0679163,11.3785089
48.0694486,10.1250282
48.0703394,11.8899626
48.0704895,11.2473984
48.0711245,12.370466
48.0728206,12.7412373
48.0732844,12.7404041
48.0743069,11.5906389
48.07504,11.3936813
48.0751649,11.3942372
48.0753912,11.4741048
48.0757364,11.5427322
48.0757442,11.716337
48.0760318,10.1202428
48.0761957,11.6506871
48.0764646,11.7157532
48.0776906,10.5069323
48.0782788,11.9694843
48.0786109,11.8613603
48.0791058,11.7431778
48.0801773,9.817121
48.0815347,11.3287141
48.0842171,10.7667279
48.0851625,11.6983926
48.0861866,11.8542027
48.0883818,11.7576243
48.0890828,11.5746832
48.0899142,10.8679194
48.0902028,11.5398033
48.0903341,10.9082213
48.0907797,11.6590523
48.0909602,11.6379721
48.0916112,10.8787797
48.0920159,11.5481909
48.0920458,11.4076222
48.0923536,11.5425883
48.0927437,12.2252229
48.0927572,11.547459
48.0927818,11.3591214
48.0931898,10.2231738
48.0933059,11.5511589
48.0933577,10.7417608
48.0935416,11.6046681
48.0935818,11.5419098
48.0936283,11.4210163
48.0940283,12.2263784
48.0941956,9.7879307
48.0957876,11.7620375
48.0958243,11.4829138
48.0961063,11.4839871
48.0961223,11.486115
48.0961856,11.484915
48.0962924,11.7265556
48.0967944,11.4868649
48.0968816,11.4883287
48.0980481,11.4903555
48.098594,9.4705717
48.0987104,12.7244692
48.0987553,11.484039
48.0996392,11.4846998
48.0997704,11.483248
48.0998735,11.6470038
48.0998937,11.5516427
48.1000043,11.4813661
48.100116,11.4948754
48.1004538,11.4819391
48.1008517,11.4808198
48.1016036,11.4810976
48.1016363,11.5529129
48.1016702,11.4854226
48.1018906,10.5614915
48.101983,11.4839771
48.1023276,11.4886362
48.1026248,11.7260727
48.1027845,11.4896467
48.1033999,11.4901594
48.1037959,10.6072944
48.1037998,11.5127206
48.1038573,11.5639999
48.1039925,11.5641742
48.1041904,11.5643922
48.1044899,10.6563333
48.1064009,11.7745109
48.106487,11.77486
48.1066146,12.5684665
48.1066522,11.3005466
48.1066812,11.7751863
48.1067694,11.7739555
48.1068818,11.774647
48.1070966,11.7755609
48.1071837,11.7751119
48.1072351,11.7764542
48.1073127,11.7745878
48.1073579,11.7754057
48.1073726,11.7750094
48.1074509,11.7760842
48.1074936,11.7751705
48.1074957,9.6427701
48.1075537,11.5860562
48.1075661,11.7757591
48.1075784,11.5852093
48.1076424,11.7764635
48.1076979,9.6432041
48.1079345,11.7761341
48.1092138,11.5569827
48.1093924,11.2992732
48.10973,10.1092411
48.1099702,11.6302773
48.1101503,11.5288679
48.1104081,9.6367292
48.1111985,10.1611027
48.1118161,11.5001713
48.1123423,11.5833516
48.112443,11.5422772
48.1124888,11.7724553
48.1126312,11.5132174
48.1132816,11.5771028
48.1134163,11.7255116
48.1134679,9.9971529
48.1138024,10.3956341
48.1139242,11.5746348
48.1140214,11.6148943
48.1144642,11.5429377
48.1144874,11.5629767
48.1151028,11.6107937
48.1156301,12.0543541
48.1161593,11.5770957
48.1166638,11.1311014
48.1166974,11.7427098
48.1168113,11.5262932
48.1172469,11.5396564
48.1174508,11.5817574
48.11775,11.6341181
48.1184471,9.8032011
48.1189631,11.6572854
48.1191326,11.5839601
48.1195815,12.0303518
48.1206448,11.6589546
48.1210452,10.5403846
48.1214927,11.5801889
48.1215053,12.0231011
48.1220932,11.6012779
48.1222109,11.6287705
48.1230148,10.5395699
48.1233168,11.6223186
48.1238364,11.572892
48.1243664,11.6057922
48.1247925,11.5837144
48.1250189,11.6063754
48.1252959,10.5326637
48.1254838,11.0651266
48.1258099,11.5830006
48.1258871,12.0292858
48.1266117,9.6565507
48.1271475,11.3660525
48.1282645,10.9990034
48.1282898,11.5391626
48.128495,11.6031565
48.1285873,11.7400456
48.1291263,11.631607
48.1294997,11.6315509
48.1302065,11.3652976
48.1302944,10.5726254
48.1310152,11.631555
48.1310776,11.5961462
48.131393,11.6909479
48.1320904,11.5532912
48.1321995,11.5629652
48.1324231,11.6047503
48.1324869,11.7043612
48.1335714,11.5440864
48.1339992,11.5384318
48.1340047,9.4013827
48.1342276,11.5734468
48.1342891,11.5672791
48.134344,11.5988129
48.1349869,11.5516442
48.1354332,11.5707957
48.1357422,10.8663168
48.1362131,11.5352449
48.1362861,11.5736694
48.1364273,11.5514175
48.1373058,11.5070471
48.1377498,11.4965862
48.1381589,11.5656631
48.1393554,11.5664153
48.139502,11.3760188
48.1395312,11.4998706
48.1396105,11.3347695
48.1398082,12.7943134
48.1405862,11.7910678
48.1406561,11.7905749
48.1410721,12.0512949
48.1414329,11.4024637
48.1414893,10.5795958
48.1419497,11.4023002
48.1421695,11.5607728
48.142319,11.5624375
48.1424509,11.4021411
48.1431527,11.5419239
48.1432264,11.5970506
48.1438812,11.5389853
48.1444872,11.4306213
48.1455412,10.5754287
48.1458923,10.663621
48.1459672,11.5752005
48.1465611,10.6635673
48.1465704,11.4100811
48.1469508,12.6634976
48.1469625,11.4074132
48.1481277,11.5161798
48.1497893,9.4850823
48.1515609,9.4776103
48.1515802,11.4810348
48.1521194,9.8685068
48.1521878,11.6201837
48.1527414,11.532974
48.1527965,11.5327567
48.1528271,11.5593393
48.1529047,11.3483958
48.1530607,11.6347883
48.1536885,9.745201
48.15543,11.5667321
48.1554465,10.5900086
48.1565041,11.5315034
48.1566906,11.5025674
48.1568691,11.5745912
48.1568752,12.8128337
48.1568894,10.1312231
48.1572012,11.5740299
48.1584012,11.5285043
48.1587953,11.5027858
48.1593633,10.6649186
48.1606966,11.6306877
48.1609998,11.7480321
48.1616543,11.3356071
48.1617055,9.5550812
48.1619711,9.5554678
48.1625171,11.5008167
48.1628387,11.1334771
48.1632543,11.58689
48.1636323,11.5343461
48.1636363,11.6305632
48.1637842,11.501417
48.1638792,10.3897096
48.1643709,11.7688716
48.1663657,11.2146697
48.1669001,9.6837079
48.1677264,11.5023501
48.1678254,11.5018225
48.1679971,11.527864
48.1688582,11.5675061
48.1692343,12.8302108
48.1693614,11.2276461
48.1694971,11.3130215
48.1695846,11.5196947
48.1696342,11.5275604
48.1701034,11.522921
48.170199,11.5248144
48.1703285,11.526021
48.1704326,11.5279851
48.1710894,11.5264973
48.171149,11.8181426
48.17131,10.5024683
48.1716292,11.5279431
48.1717134,11.2250804
48.1720876,11.8092185
48.1723238,10.7372914
48.1724779,11.7107834
48.1725797,11.5545966
48.1726354,10.4748495
48.1768326,10.5009404
48.1774911,11.5818526
48.1774946,11.5819201
48.1775384,11.5818517
48.1775408,11.5819188
48.1775846,11.5818469
48.1775864,11.5819798
48.1780469,11.2525398
48.1786183,11.5543114
48.1804368,10.6754938
48.181602,10.8381004
48.1818593,11.5299252
48.1853923,11.5723516
48.1872781,12.4340562
48.1876122,11.29637
48.1876266,11.2207444
48.1901912,11.6455366
48.1923078,11.8693571
48.1924602,11.6387646
48.1926882,11.8651805
48.1940167,11.3709771
48.1949667,10.6281296
48.1979101,12.4048178
48.1991133,11.652151
48.2017709,12.1144872
48.2029666,10.6035101
48.2036557,10.510899
48.2048119,10.7685914
48.2054934,12.0225367
48.2061715,11.3318278
48.2075531,12.3863794
48.2078185,11.3276029
48.2082642,12.3860296
48.2082861,11.165117
48.209079,12.6068265
48.2114742,9.4386933
48.2123466,11.5636246
48.2127063,11.3187818
48.213054,11.5817004
48.2131153,11.5819287
48.2135238,11.3476231
48.2148966,12.0579845
48.2162745,11.8094883
48.2166824,10.6888704
48.2166998,9.5348815
48.2171639,11.677644
48.2175894,11.6302113
48.217789,11.6305407
48.2193671,11.5622703
48.2217405,11.118223
48.2229318,10.1031055
48.2248957,10.1101225
48.2271364,12.6746809
48.2283716,9.4910214
48.229375,10.6371773
48.2296788,12.5400167
48.2297965,9.4543066
48.2298649,9.8837797
48.2312634,11.600944
48.2314917,11.5997675
48.2321377,10.7425028
48.2323635,9.6450058
48.2327089,10.9414634
48.2327317,9.7333965
48.2341206,9.5192197
48.2350766,12.5276569
48.2352928,11.6741764
48.2374466,9.6323343
48.2383202,12.5150102
48.2413608,11.1909703
48.2414544,12.5240788
48.2417736,12.670132
48.2421349,11.2774224
48.2445266,11.1435911
48.2449691,11.9028316
48.2451234,10.7090654
48.2451597,12.3565912
48.2459531,10.3902571
48.2475786,11.1123418
48.2481187,10.3917537
48.2493928,11.6529391
48.2502051,11.663729
48.2511048,11.641295
48.2519024,10.3809283
48.2523449,11.1797797
48.252637,11.243836
48.2526398,11.1798168
48.2532499,10.7876571
48.2540141,11.5532468
48.2545589,11.6557327
48.2547003,11.6549881
48.2548272,11.6542578
48.2549754,11.6547618
48.2549846,11.6556314
48.2550768,11.6542958
48.2552145,11.6552787
48.2552832,11.6542158
48.255355,11.3631976
48.2555262,11.6553841
48.255608,11.6547082
48.255747,11.6546739
48.2561448,12.5907801
48.2655384,11.6703823
48.2657307,13.0274364
48.2660652,11.3000131
48.2666183,10.8378402
48.2669153,10.6481714
48.2677007,10.9868357
48.2677153,10.9821567
48.2678417,10.9871577
48.2679852,11.6715562
48.2680621,11.5763133
48.2682389,11.6722698
48.2686949,11.5759689
48.2691845,11.5768157
48.2691873,11.5755955
48.2698356,11.5767739
48.2698737,11.2666321
48.2704015,9.598972
48.2706598,9.8232003
48.270842,10.37036
48.2708901,11.8496132
48.2709059,11.5813943
48.2718368,9.4428311
48.2733662,10.6859159
48.2734267,12.1503709
48.2735436,11.3291647
48.273753,11.3292742
48.2740348,10.8736994
48.2742087,10.8748391
48.2746894,10.8752265
48.2747007,10.8763797
48.275818,12.9283678
48.2765262,10.316364
48.2769314,9.602114
48.2771464,12.1454356
48.2776344,10.7920191
48.2785959,9.5142041
48.2798121,9.7290418
48.2819622,10.4692519
48.2826337,10.6151173
48.2827332,10.757303
48.2830792,11.1658965
48.2831233,11.0211193
48.2832262,11.1663835
48.2834645,10.7557522
48.2868119,11.7206507
48.2872856,11.2219689
48.2884724,11.263742
48.2887549,11.2638098
48.2895881,9.6445222
48.2896582,10.4837481
48.2899632,11.3430646
48.2914821,11.6241644
48.2918904,11.8859428
48.2930079,11.1566563
48.29309,9.6288112
48.2933735,11.9059128
48.2951733,10.9918581
48.2955925,10.9914224
48.2959259,12.1090153
48.2959654,10.9909535
48.2960312,10.9918425
48.2963079,11.1631807
48.2964192,10.9916954
48.2965474,10.9900088
48.2966222,10.9908802
48.2971169,10.0540505
48.2972906,11.6225337
48.2994705,11.2370823
48.3018237,11.3839814
48.3041816,10.1602604
48.3062118,11.9068541
48.3066201,10.7688649
48.307176,10.7351189
48.3073449,11.3525518
48.3088338,11.2338635
48.3089887,11.3283868
48.3091922,10.7260544
48.3103782,11.748679
48.3115329,11.1952654
48.3119902,11.1479057
48.3122125,11.4776761
48.3135857,11.1643434
48.3145006,10.8596121
48.3145274,11.5622892
48.3154716,10.8896518
48.3171174,11.8486986
48.3171677,11.6619625
48.3187089,10.7668615
48.3190214,11.4142675
48.3193129,11.5583496
48.3197127,9.5052592
48.3209585,11.2690937
48.3219729,11.3876928
48.3221558,11.3130941
48.3222733,11.3876316
48.3222988,11.7370302
48.3226362,11.3845922
48.3226856,9.4979888
48.323247,11.2920335
48.3239497,11.2176078
48.3276533,11.2333505
48.3278066,11.3058551
48.3278946,11.4600107
48.3295624,10.7241122
48.3297592,11.372195
48.3300955,10.8953426
48.3304876,12.9871656
48.3313592,11.2758535
48.33136,11.2752653
48.3328588,11.6172258
48.3331235,11.4405994
48.3333223,10.8964883
48.3334984,10.8981203
48.3345475,10.8952168
48.3345808,10.8940987
48.3348065,11.0925216
48.3351583,9.7252799
48.3354783,10.8967214
48.3354949,11.3384073
48.3369654,11.3451669
48.3374713,11.4248979
48.3377491,10.9182178
48.3391827,10.0077604
48.3395718,10.0079196
48.341958,11.3020466
48.3423815,10.8677014
48.3460699,10.91158
48.3471883,11.4971228
48.3474194,10.9345148
48.3484349,10.5871289
48.3486955,10.8317046
48.3490157,11.1856645
48.3497641,10.9124427
48.35027,10.9092699
48.3503457,10.8385448
48.3503535,11.3284718
48.3507992,12.3500006
48.3510406,10.9105429
48.3521165,11.792422
48.3522908,11.784514
48.3527684,11.0957951
48.3529651,11.799024
48.3531923,11.0943767
48.3552778,10.9787988
48.355606,11.3938441
48.3558781,11.7985652
48.3562601,11.3937529
48.3562828,11.2784333
48.3563252,11.7917531
48.3566939,11.7982984
48.3570586,12.3496245
48.357094,10.8416317
48.3583512,11.4357803
48.3585134,10.8843805
48.3595173,10.8985883
48.3595609,10.8977283
48.3596221,10.8573314
48.3598991,10.9028701
48.3614676,12.5081483
48.3618096,10.8996324
48.3620519,9.476093
48.3623737,10.9041742
48.3629103,10.8503168
48.3629411,10.8909045
48.3635001,10.8894952
48.3635011,10.8894535
48.3637522,10.3340993
48.3637614,10.8920197
48.363789,10.8900807
48.3638775,10.8894679
48.3639802,10.8926987
48.3639987,10.8914321
48.3640071,10.8910505
48.3641008,10.8897734
48.3641039,10.8897425
48.3641624,11.1085652
48.3654556,10.8945634
48.3660405,10.8116551
48.3663389,10.8934991
48.3663986,12.0345033
48.3668436,10.9014167
48.3679458,11.5069341
48.3680143,11.3395137
48.3683357,10.8976603
48.3684936,11.1419692
48.3684953,10.8979121
48.3700869,11.3880748
48.3702065,10.8970179
48.370621,11.2329939
48.3720945,10.8296716
48.3728654,9.8731636
48.3741362,10.8980539
48.374312,9.9658171
48.3752127,10.9013171
48.3775589,11.1631081
48.3775961,10.8886584
48.3788055,10.766009
48.3789068,10.8566952
48.379726,11.7740795
48.3804239,10.8635473
48.3814435,9.7180119
48.3820423,10.9164346
48.3825299,11.1089843
48.3831522,12.3832853
48.3831624,11.3547745
48.3833163,9.9862272
48.3838208,9.5961615
48.3838335,9.9367694
48.3844072,11.0468391
48.3844937,9.4183596
48.3845282,11.4078902
48.3848523,11.0471171
48.3852895,11.2592
48.3856817,11.2591981
48.3866927,11.3761408
48.3873337,10.7388648
48.3876544,11.2562487
48.388302,11.0876712
48.3886449,10.8753789
48.3896099,9.9274674
48.3906342,10.8372688
48.3922128,11.4603018
48.3925293,11.4890195
48.3931219,9.9903223
48.3937422,11.2044992
48.3937423,11.3168616
48.394812,11.426893
48.3955655,10.0008324
48.3955777,11.7440729
48.3965973,9.9930601
48.3969055,9.9533838
48.3982053,9.99354
48.3984666,11.743158
48.3985843,11.7465091
48.398917,9.9914525
48.3989656,9.9837818
48.3996768,11.3782388
48.3999363,9.9897212
48.400946,11.7442634
48.4017218,12.0982007
48.4021763,11.7358535
48.4022539,11.1636899
48.4025754,11.1645072
48.4027094,11.1643967
48.402794,11.9853321
48.402863,11.164272
48.4030882,11.7592782
48.4036734,11.1986723
48.4057382,11.7198987
48.4061335,10.970934
48.4065271,11.2914562
48.4066573,11.2945261
48.4084196,11.249543
48.408868,11.7948255
48.4089868,11.795335
48.4091455,11.6286471
48.4094055,11.4697926
48.4114366,10.763452
48.4127116,9.9922579
48.4147942,11.0989543
48.4151741,9.7907911
48.4155602,9.7929609
48.4156801,10.8159063
48.4176629,9.7973661
48.4189665,11.2172028
48.4197567,9.9466371
48.4215519,10.6268611
48.4228239,9.9552262
48.4228644,10.3005303
48.4229729,9.9535087
48.4236008,10.3046362
48.425398,11.3037901
48.4255096,11.3032308
48.4259962,11.3033593
48.4261889,10.4520222
48.4270129,11.4827885
48.4288844,11.3526784
48.4294374,11.2636995
48.4303385,11.3650409
48.4305397,11.3646385
48.430976,10.7475268
48.430991,11.1844976
48.4328872,11.1494246
48.4339133,11.2488177
48.4340952,11.4176452
48.4365849,9.4496282
48.4369265,11.2328358
48.4381285,10.3203108
48.4384386,12.0403683
48.4392717,10.7062734
48.4396018,10.057716
48.4401267,10.0588605
48.4420989,10.1870464
48.4439429,10.681978
48.4462213,11.1108015
48.4469648,11.3695531
48.4492278,12.3545943
48.4494112,9.5038554
48.4516418,13.115151
48.4537166,10.2783321
48.4545236,9.443802
48.4553666,11.921953
48.4555241,9.9140681
48.45782,10.351848
48.4578385,9.841708
48.4586781,11.1259332
48.4588908,11.3394615
48.4590535,10.9380924
48.4591268,11.1347889
48.4594574,9.4200085
48.4594932,11.1312487
48.4596664,9.4285661
48.4609348,10.1024005
48.4609709,10.1020954
48.4617725,10.2694172
48.4617747,10.2694141
48.4629405,10.2695708
48.4630178,10.269867
48.4630581,10.2696266
48.4636683,11.2802605
48.464381,10.8676469
48.4647505,11.24882
48.4648648,10.6548328
48.4672567,11.4971136
48.4685473,11.9371838
48.4719612,10.0730685
48.4722384,11.2366854
48.4752714,11.0886014
48.4756003,11.0880231
48.4768152,10.4447214
48.4775502,12.7827742
48.4788878,11.3150797
48.48004,11.9086697
48.4812826,11.2367632
48.4820998,11.5096896
48.4830937,11.2671223
48.4845402,10.7381806
48.487851,9.4374094
48.4898177,10.5747054
48.4906756,10.857514
48.4934217,10.1260002
48.4941669,11.1854034
48.4948505,11.3386308
48.4949488,11.3590152
48.4953131,11.3588412
48.4959392,11.5824377
48.4984883,10.1049226
48.4986454,11.2395095
48.4988474,10.0211196
48.4996496,10.1255575
48.5038159,9.4253901
48.50418,9.4241039
48.5041943,9.4259125
48.504357,9.4255733
48.5045832,9.425886
48.5049089,12.0580971
48.5050067,9.4252262
48.5052636,11.2951538
48.5059824,13.450955
48.5069285,12.4279648
48.5093249,10.6153997
48.5123596,13.3027482
48.5137106,9.449396
48.5152941,9.524685
48.5153829,9.4483707
48.5168092,10.9325454
48.5169668,11.8967248
48.5175417,11.8270159
48.5199859,13.7091216
48.5203534,13.71232
48.5215905,12.1051403
48.5228237,10.3723074
48.5229829,10.3727438
48.5240475,9.4896085
48.5288929,10.1473466
48.5292477,11.5049152
48.5296768,11.5065652
48.5297654,11.5073516
48.5298189,11.5056755
48.5302747,11.5048572
48.5308771,12.1595152
48.5324695,9.5282452
48.5325757,11.2976945
48.5326619,11.5129806
48.5342525,9.5112224
48.5355518,12.1489488
48.5359943,12.1516304
48.5368384,11.3308152
48.5371515,11.5112538
48.5373737,11.8056431
48.5377586,10.2232427
48.538757,12.1457461
48.5387907,12.1521241
48.539328,10.1306047
48.540293,9.7886751
48.5412541,10.7396317
48.54197,10.851864
48.5420369,12.1477993
48.544509,11.1995593
48.5491505,9.8956693
48.549327,9.6025822
48.5507351,13.2337606
48.5512401,13.2321642
48.551476,9.6030083
48.5516117,13.2309496
48.5517015,12.1729056
48.5519062,9.4732436
48.5520507,9.4738291
48.5520509,9.4739381
48.5521011,12.4150671
48.5522063,9.473687
48.5523211,9.4734239
48.5525685,9.4732632
48.5576284,11.7428746
48.558292,13.6216345
48.5597739,9.4288171
48.5599771,13.4312001
48.5624859,10.2642046
48.5660877,9.6300675
48.5689853,10.6582565
48.5691277,10.5019959
48.5705999,12.1684264
48.5726125,9.7075899
48.573904,13.4575153
48.574189,13.3258271
48.5743571,13.4641441
48.5744077,13.4546293
48.5749606,13.4606903
48.575002,13.4709103
48.5763629,10.4938238
48.57702,10.4938049
48.5770239,10.4938112
48.577504,10.2704217
48.5776449,10.2701116
48.5786584,9.5102506
48.5788319,9.8708914
48.5788704,9.5097496
48.5793056,10.4954352
48.5816272,9.4974647
48.5816717,14.2419889
48.5821019,11.089256
48.583687,9.5050566
48.5846388,10.210927
48.5853463,9.7649302
48.5857677,9.4493029
48.5858577,9.7973651
48.5859834,9.4483575
48.5859856,9.449553
48.5860405,9.4488098
48.5866424,9.4485828
48.5888198,10.8345649
48.5894646,10.0613369
48.5905504,13.4880828
48.592801,13.5637073
48.5936547,10.2042509
48.5938441,11.8718867
48.5941957,10.8339591
48.5944147,10.2035884
48.5975309,10.264609
48.5978573,10.2638425
48.5978617,10.263439
48.5980262,10.2645477
48.598195,10.263426
48.5982207,10.2639966
48.5982557,14.7134438
48.5991282,13.1322022
48.6003764,9.7969553
48.6005523,13.4741505
48.6050826,14.5602818
48.6058396,10.7220794
48.6065343,10.7244123
48.6086077,14.2872706
48.6108896,9.6158974
48.6110554,10.5699201
48.6145355,13.4371665
48.6163075,14.2908246
48.6177941,11.9929966
48.6180019,9.6784496
48.618379,10.1716405
48.6184847,10.2447135
48.6196663,13.1958629
48.620871,10.247985
48.6214261,9.8510349
48.6219296,14.3041013
48.6223299,10.516853
48.6232202,11.9410439
48.6236465,11.0031043
48.6237318,14.6194513
48.6241936,13.3988055
48.6244274,13.3979634
48.6244873,13.3983869
48.625488,10.1498302
48.6263502,13.3964967
48.626584,13.3969552
48.6265866,13.3963151
48.6266308,13.3965931
48.626853,13.0872381
48.6268881,13.3971091
48.6270326,13.3966656
48.6271379,13.3964382
48.6273037,13.396672
48.6273091,13.3974485
48.6283153,12.5027789
48.6289997,12.4993028
48.6292132,12.4942316
48.6293366,11.3039298
48.6309559,11.573084
48.6311372,12.4912685
48.6322345,10.8139611
48.6327532,10.183536
48.632792,10.1839489
48.6330365,10.1839314
48.6333291,10.1841519
48.6335692,10.1844048
48.6336308,14.6822263
48.6338413,14.5699065
48.6359448,10.6475325
48.6363865,9.8758757
48.6367914,12.5640822
48.6386616,14.2235251
48.6387021,13.1862032
48.6387198,14.2239388
48.6387224,13.1875297
48.6387228,10.1187637
48.6388693,14.2242062
48.6388912,14.2246222
48.6389756,14.2242265
48.6389945,14.224421
48.6391902,14.1031303
48.6392016,11.1039808
48.6413039,14.2197114
48.6421084,14.0984858
48.6423205,9.6140402
48.6430877,12.5955208
48.6433721,14.7063059
48.6441349,9.8564473
48.644279,9.4516613
48.6443986,14.6411167
48.6444016,12.5969851
48.6450026,13.4432376
48.6452057,12.5981462
48.646196,9.4515196
48.6471624,13.3232381
48.6479831,14.1317392
48.6485367,14.6110868
48.648748,9.4495573
48.6500674,14.6133389
48.6528851,13.6686555
48.653475,10.1538876
48.6535733,10.1539069
48.6536071,10.1533938
48.6536708,10.1536433
48.6537348,10.3955705
48.6538093,10.1532807
48.653826,10.1534975
48.6538522,10.1537592
48.6539077,10.1538713
48.6540241,10.1531813
48.6542657,10.1537777
48.6542816,10.1530341
48.6543566,10.1535866
48.6546682,10.1538384
48.6551149,14.4918729
48.6558394,10.8016716
48.6563932,10.8014703
48.6574272,14.6114947
48.6588663,13.2511894
48.6596405,9.8171053
48.6603903,13.1211936
48.6608497,9.7883446
48.6609324,14.6865547
48.6618742,10.2842959
48.661963,13.4373912
48.6631904,12.6460393
48.6632084,9.5652941
48.6632733,10.1909274
48.6676835,9.5772926
48.6687061,13.4293953
48.6691002,12.6908164
48.6704474,10.0944919
48.6742408,11.0483497
48.6748296,9.5172018
48.6764432,9.8340294
48.6777068,13.4373618
48.6779535,13.1175622
48.6803931,10.3639309
48.6824301,9.6259365
48.682738,10.2037318
48.6847088,10.5454794
48.68569,10.1999772
48.6862993,13.1982817
48.6864026,13.198755
48.6866082,13.198464
48.6870845,13.1980398
48.6870972,11.1555956
48.6889315,9.421475
48.6897908,9.7343261
48.6900443,9.4189395
48.6901955,10.9184173
48.690378,13.5407376
48.6916967,10.060251
48.6920091,10.1405939
48.6921297,10.3563463
48.6940342,9.7013709
48.6956961,10.3923005
48.695932,10.3899983
48.6965298,9.6690829
48.6986211,10.0908441
48.7005656,9.6600269
48.7007679,9.6531241
48.7007931,10.981255
48.7015011,9.6444336
48.7017439,13.0146258
48.7017737,9.7141822
48.7018007,13.0195631
48.7040081,9.6492538
48.7040442,9.6498044
48.7051319,9.6594209
48.7060034,13.3863591
48.7066497,10.6686199
48.706693,10.2534424
48.7071749,10.8810536
48.7087963,11.6354233
48.7105855,9.4155541
48.7107184,9.4618726
48.7118481,10.2858719
48.7123596,14.6235942
48.7130855,13.4137542
48.7133992,14.7547681
48.7134487,11.2430846
48.714825,10.7789951
48.7156111,14.3444568
48.7164632,14.3447236
48.7169954,10.7793038
48.7174435,10.4128364
48.7175391,10.1498081
48.7177864,13.4538688
48.7179204,10.7807581
48.7182862,13.08443
48.7192777,10.777494
48.7198286,11.1130833
48.720156,10.6077882
48.7207379,10.7803059
48.7211049,12.131799
48.7221347,13.2912538
48.7224694,13.6718776
48.7226254,10.7773099
48.7227023,10.7875794
48.7231051,10.7593024
48.7240091,10.7692744
48.7243656,10.3875588
48.7246584,14.5782791
48.7251147,13.2029843
48.7252782,12.0145125
48.7261265,9.4847842
48.7268548,13.0046395
48.7268864,13.004369
48.7273398,9.4400669
48.7293476,10.6276349
48.7305349,14.386319
48.7309206,9.4654881
48.7313044,11.7401559
48.7320892,10.1359924
48.7332404,13.0188816
48.7343448,12.3506336
48.7352418,13.4540351
48.7353011,9.4409468
48.7359386,9.7006
48.7361821,11.1843625
48.7365341,10.8737829
48.7370036,14.3288237
48.7377326,11.7373285
48.7380154,12.2516699
48.738038,11.1851388
48.7389453,14.493551
48.7401115,9.8890971
48.7402469,11.1826883
48.7410318,14.7234868
48.7410344,14.7927809
48.7410562,14.7234136
48.7411145,10.118281
48.7419486,9.5597806
48.7426483,10.8834279
48.7429617,11.0700577
48.7429648,10.4437052
48.7433299,12.8252361
48.7450306,9.8728865
48.7450924,10.1158476
48.7453006,14.4867641
48.7457699,11.3909379
48.7458,14.5349979
48.7489396,11.3926817
48.7490173,13.8188722
48.7492855,10.0357037
48.7493212,13.8183133
48.749459,13.8170412
48.7496224,13.8176946
48.7497913,13.8178663
48.7499086,10.5774947
48.7500185,13.8180769
48.7502227,13.8183278
48.7504206,13.8190038
48.7507661,11.1905757
48.7508909,10.3396398
48.7508993,9.5836581
48.7513337,16.3803918
48.7517659,11.8472739
48.7518309,13.3637682
48.7518875,11.8481025
48.7522162,11.8476363
48.7530871,14.7801629
48.7532359,10.0958311
48.7533031,13.3332447
48.7533635,14.5169707
48.7534846,10.3317741
48.7536228,12.3329102
48.7543161,11.4667948
48.7565869,12.3301313
48.7569414,12.7682805
48.7571285,9.6904046
48.7583456,13.0168847
48.758645,13.0168229
48.7606744,9.5483124
48.7608644,12.7996492
48.7610857,10.3453906
48.7615804,14.2986138
48.7616567,14.736808
48.7618406,11.433442
48.7618432,11.4334384
48.7626775,10.4222904
48.7629262,10.6842966
48.7629824,16.8706406
48.7631563,11.427977
48.7632548,11.4218091
48.7635872,11.4279552
48.7636413,13.2672704
48.7640764,11.4230768
48.7645608,9.422618
48.7650252,13.0267517
48.7661162,11.4335696
48.7661923,9.9129893
48.7668881,10.0963388
48.766942,11.4319041
48.7672256,14.9662649
48.7688146,16.7996316
48.7691744,10.0680607
48.7695697,13.0276979
48.7697975,11.6927859
48.7705361,10.7143076
48.7711141,10.5547146
48.7720685,10.0952854
48.7727698,10.1914337
48.7733259,9.57751
48.7736588,9.5432466
48.773711,10.5404438
48.7739831,13.0513734
48.7749321,13.3567159
48.7752966,13.1910731
48.7754673,12.8747669
48.77596,12.874153
48.77596,12.874153
48.7763293,10.3499071
48.7766838,12.8731928
48.7766847,14.6883174
48.7767923,10.167522
48.7781422,16.2038248
48.778274,12.2217073
48.7783888,13.8610274
48.7785845,9.4961202
48.7786994,13.7725763
48.7789225,10.2680327
48.7789294,14.0926973
48.7789591,10.265708
48.7790207,10.2687295
48.7794184,10.2687948
48.779638,13.8642236
48.779969,10.097961
48.7799769,10.2693504
48.7800755,10.2698815
48.7802182,10.2698032
48.7804014,10.2728594
48.7805924,16.757917
48.7806674,11.4037534
48.7807994,10.0932911
48.7809207,11.40432
48.7810786,11.4040596
48.7813121,11.403636
48.7815791,11.4047064
48.7817631,11.4042961
48.7818381,11.4071338
48.7820336,11.404601
48.7820859,11.405343
48.7821132,11.3914514
48.7821177,9.6393296
48.7821521,10.4634044
48.7822305,11.406089
48.7822506,11.4070728
48.782394,13.3811393
48.7825195,10.5349057
48.782627,11.4060463
48.7826819,11.4070302
48.7831496,9.9375308
48.7831681,10.1084089
48.7835423,16.7966313
48.7835692,9.9512109
48.7845101,12.9957804
48.7849258,9.9379464
48.7850278,10.116363
48.7851447,10.129552
48.7851686,9.5066504
48.7858319,10.6917264
48.7862096,9.944943
48.7864739,10.6944162
48.7871656,9.94255
48.7876683,10.1280844
48.7879957,10.1278915
48.7887128,9.555319
48.7888772,12.8922326
48.7889006,9.9342099
48.7892982,13.6850525
48.7896422,14.8652055
48.7904038,14.5197934
48.7907091,13.6833153
48.7908405,10.1021972
48.7908586,10.1023983
48.7910499,13.2588751
48.7911546,10.6418378
48.7912059,10.6418264
48.7913517,11.8008719
48.7915435,10.6414324
48.7917197,10.6416971
48.7920045,12.8961541
48.7925275,13.5354795
48.7925592,10.0462978
48.7927834,9.995029
48.7935992,9.4825355
48.7936821,9.6023921
48.793683,10.3120338
48.7938398,11.254719
48.7942587,9.8246166
48.7943329,13.3114693
48.7954263,9.7649908
48.7956993,9.571132
48.7960038,9.8240129
48.7961068,9.8000618
48.7962421,10.8443944
48.7962695,10.0795542
48.7963189,16.9629593
48.7964098,10.0793744
48.7967152,16.8122018
48.7967626,14.9528342
48.7968652,9.7939828
48.7971994,13.7223504
48.7973286,15.9855205
48.7973745,9.6912805
48.7977965,11.54605
48.7978133,9.8005296
48.7982353,9.4607053
48.7982717,10.1026698
48.7984001,10.1026654
48.7984288,13.0085025
48.7984314,12.9947409
48.7985408,13.0087737
48.7986243,9.8289607
48.7986872,13.530727
48.7988485,10.1042248
48.7990919,11.1102561
48.7994369,10.099549
48.7995142,9.798127
48.7999701,9.4680058
48.8002126,16.8042583
48.8003561,9.7898769
48.8006362,9.7851966
48.8010001,9.7891261
48.8010019,9.7933906
48.8011237,16.809745
48.8013395,9.7879844
48.8014958,13.8994956
48.8018029,9.7847506
48.8019093,13.6719206
48.8019443,9.7860078
48.8021724,9.4184071
48.8024085,10.1104841
48.8031052,10.0909483
48.8031998,13.3977237
48.8036535,13.1526521
48.8040427,16.4949077
48.8040435,16.4947503
48.8058509,9.5271534
48.8066223,9.7781563
48.8066662,16.6368141
48.8070281,16.6384027
48.8070999,9.9233042
48.8073263,9.4974456
48.8079452,14.3192897
48.8085347,11.3463434
48.8091042,16.4984216
48.8096587,11.4260095
48.8098213,14.3140472
48.8101889,16.8936947
48.8103123,12.5700934
48.8105789,12.890286
48.8108579,12.8894142
48.8109426,10.0332487
48.8111219,15.9800175
48.8113332,15.9763307
48.8116157,9.9247241
48.8118067,14.3227392
48.8122694,9.6872568
48.8127717,9.6780872
48.8128019,9.7784338
48.8131853,12.5701318
48.8131906,12.5704258
48.8134512,12.5706642
48.813657,9.7746318
48.8142422,14.0280731
48.8143462,12.9776069
48.8143585,12.974459
48.8151987,12.9798941
48.8153338,13.765221
48.8160262,11.3110083
48.8169621,14.4756328
48.8171096,12.9016775
48.817784,12.8048356
48.8178571,11.0809318
48.8179945,12.9010053
48.8188429,14.2669891
48.8188577,11.3235743
48.8194325,12.3253667
48.8195257,10.0828234
48.8198202,11.7887487
48.8200168,11.7888417
48.8201015,10.156141
48.8204914,12.9090006
48.8208333,9.9588382
48.8213005,13.4833348
48.821564,9.4165136
48.8217856,14.3185354
48.821861,13.1999028
48.8220716,16.0067605
48.822926,13.6012903
48.8234162,9.9620332
48.823826,14.5089002
48.823942,10.7047005
48.8245309,12.9465144
48.824833,9.8432279
48.8249645,9.7104421
48.8252012,12.9412969
48.825244,12.9411927
48.8252682,16.3090567
48.8252917,12.7692679
48.8253432,14.4608277
48.8261842,16.8458539
48.8262478,10.4093104
48.8267755,12.8043794
48.8280049,12.9682165
48.8280901,11.0895955
48.8281551,12.9678591
48.8282519,9.7492098
48.828437,12.9676959
48.8285251,12.9644569
48.8287885,12.9671359
48.8289007,13.7932234
48.8290264,14.4629429
48.8292878,12.9549236
48.8293071,9.8776101
48.829487,12.9559097
48.8310953,12.9487979
48.8312042,12.954346
48.8317551,12.9460765
48.8319878,12.9636098
48.8322551,9.4203151
48.8329294,12.9620051
48.8334115,9.8603939
48.833426,9.648232
48.8334409,12.9641121
48.833664,12.9605203
48.8339606,12.9620105
48.833987,12.963118
48.8342241,9.6265034
48.8344557,13.6563948
48.8345823,13.3310567
48.8348089,11.5520682
48.834911,11.5525789
48.8358045,10.0926185
48.8362864,10.083545
48.8364006,11.4710121
48.8378206,13.1519393
48.8383432,11.4686105
48.8388407,13.340082
48.8389637,12.9543937
48.8390684,10.0897969
48.8393459,10.0934906
48.8393992,9.6787445
48.8396342,9.6793631
48.8399591,13.1380875
48.8403183,13.3375542
48.8414585,9.721176
48.8415621,9.4536436
48.84253,15.9115208
48.8427476,9.5958355
48.8443427,12.6177582
48.8445832,10.1161891
48.8447513,10.8543242
48.8447555,13.1413326
48.8451019,13.0292538
48.845307,13.2730386
48.845662,13.3762085
48.845932,12.7780164
48.8460661,13.1594842
48.8461334,12.9094605
48.8466852,10.7241946
48.8485459,9.5985675
48.8496365,12.983003
48.850048,12.9113566
48.8500494,12.9112627
48.8500792,16.0477055
48.8514652,10.4896165
48.8517173,10.4887166
48.8519718,13.276352
48.8531031,9.8610843
48.8536089,10.4869662
48.8539858,9.4100578
48.8541878,9.4103286
48.85427,9.4099982
48.8543142,13.4012711
48.854396,13.4001055
48.8546258,10.1258849
48.8547268,16.052919
48.8549016,16.0452225
48.8549137,16.0494385
48.8550246,16.0457716
48.8553872,14.3614955
48.855762,10.4850874
48.8557774,14.3703562
48.855798,16.0495195
48.8562085,12.9169174
48.856474,17.0305561
48.8567707,16.0448404
48.8567925,16.0477753
48.8571482,11.7703763
48.8578824,10.7831958
48.8579018,16.0484089
48.8580617,14.2679985
48.8580752,10.3023665
48.858139,16.035718
48.8593189,16.4867364
48.8605862,13.8205775
48.8609293,16.6458432
48.8615551,12.8929461
48.8620853,9.4346538
48.8622451,16.0416087
48.8623782,9.4340882
48.8624372,9.4351893
48.862492,9.550745
48.8632759,11.0003859
48.8635822,10.7050099
48.8656151,10.1000579
48.8662874,14.2935167
48.8679577,9.4912581
48.8680728,14.0858193
48.8689179,12.9368731
48.8692312,10.1719168
48.869408,13.6819598
48.8694721,14.4955197
48.8698923,13.3805306
48.8701225,9.8776985
48.870373,12.5829789
48.8708636,10.0253805
48.8710578,11.3270584
48.8712258,9.8959058
48.8716649,13.0292946
48.8721634,14.3537498
48.8721898,12.9893077
48.8723841,9.4233669
48.8728048,11.5558502
48.8731307,11.3305375
48.8734859,10.804241
48.8735653,11.5562453
48.8736014,11.0318674
48.8739609,9.4030433
48.8742084,13.8228289
48.8742373,9.4035775
48.8743873,9.4043345
48.8744512,9.4048794
48.8745096,9.4028677
48.8747047,9.4055312
48.8747288,14.2782054
48.8748088,9.4031202
48.8748254,9.4035302
48.874837,9.4039286
48.8749934,9.4047444
48.8753364,9.4040295
48.8759272,13.0184228
48.8776278,11.0742486
48.8780834,17.0590356
48.8782908,14.3001212
48.8787507,12.9306246
48.8796978,12.842252
48.8797286,13.941099
48.8798204,12.8426935
48.879948,9.7036464
48.8800658,11.2354888
48.8801571,9.4352838
48.8802446,9.434721
48.881176,13.4188932
48.8821353,17.2766334
48.8831104,9.4410781
48.8834566,9.4406449
48.8840129,9.4247172
48.8843265,9.4248383
48.8845593,12.5372653
48.8846621,9.4251244
48.8850574,12.5373394
48.8851175,12.5661368
48.8852072,14.2458613
48.885305,17.0675113
48.8855345,13.0430409
48.8864562,13.4224967
48.886697,11.1915122
48.8870222,9.7485177
48.8875552,15.8474294
48.8876687,13.3930474
48.8882769,11.2664537
48.8886325,12.0624165
48.8889428,13.0227847
48.8899224,14.7273297
48.8908922,10.8992036
48.8912384,13.0414711
48.8922875,11.1830612
48.8923849,10.0641441
48.8927703,10.9895677
48.892862,14.5065237
48.8930263,12.5748608
48.8930502,12.5752379
48.8930806,12.5745364
48.893121,12.5755616
48.893141,10.7362202
48.8931443,11.1801959
48.8932834,12.5749026
48.8933314,12.5743342
48.8934473,11.1355095
48.8935388,12.5738323
48.894142,11.2652671
48.8942549,9.6117661
48.8945645,15.8125651
48.8977221,9.405067
48.8977845,11.3697122
48.8981127,9.4050759
48.8983622,9.4044788
48.8985208,9.4047496
48.8985819,9.4041041
48.8986203,11.9300525
48.8989288,12.9753389
48.8993038,11.3702644
48.9001162,9.6840761
48.9009477,10.4890824
48.9017071,13.4945744
48.9017471,12.697103
48.9018875,11.6365762
48.9059028,13.0131777
48.906739,13.8249813
48.9068406,15.6247247
48.9075647,9.4685387
48.9077748,13.7886226
48.9078176,11.9463983
48.9084793,12.6243434
48.9090252,9.5244381
48.9092273,12.9754098
48.9097591,10.8434086
48.9097693,14.9570077
48.9110652,10.8451984
48.9112981,13.8609416
48.9113822,17.2026495
48.911606,9.5265837
48.9120205,9.5424908
48.9122905,9.5288079
48.9127493,11.9163813
48.9127789,16.7063822
48.9130982,13.9550529
48.9132119,13.6940309
48.9132529,13.6939976
48.9137637,11.8761628
48.9139942,11.5943841
48.9140829,14.0296254
48.9141755,15.63123
48.914427,9.5343652
48.914609,9.5252181
48.9157664,13.0348614
48.9160685,9.5442772
48.9163868,13.9613399
48.9164293,13.0701466
48.9165742,12.6671827
48.9165978,13.6532652
48.9166418,12.6664208
48.9168783,9.4860351
48.9171431,9.4852038
48.917733,12.8786816
48.918059,16.8998634
48.9185935,11.8724215
48.9189831,11.6928973
48.9195651,11.2017451
48.9198915,10.4366374
48.920055,9.4852899
48.9206937,11.8810029
48.9211705,9.4903274
48.9214279,9.4931097
48.9215118,9.4911099
48.9216678,13.2836664
48.9217799,11.8737889
48.922258,12.8944385
48.9230194,13.2841934
48.9237798,13.5185836
48.9245738,9.5467788
48.9263072,9.9754468
48.9278086,16.8955123
48.9281185,9.626449
48.9282243,14.5170361
48.9282846,11.372145
48.9286438,12.9462763
48.9290396,11.4912553
48.9290493,11.5338231
48.9292166,10.3300555
48.9299802,16.5758535
48.9304694,11.0349766
48.9306586,12.0341612
48.9309071,13.396486
48.9310677,12.9528155
48.9316794,9.5802027
48.9319329,13.3824754
48.9327236,10.973632
48.9332039,16.8831101
48.9332105,11.3252423
48.9333348,12.9364673
48.9336945,13.5387253
48.9337387,13.2834899
48.934302,10.9750322
48.9346852,10.9736859
48.9347129,10.9745268
48.935129,13.6827609
48.9361103,13.3140029
48.9373626,15.728885
48.9375807,15.7296552
48.9382992,11.8539711
48.938792,12.9299962
48.9396211,9.8143417
48.939965,9.5589766
48.9400073,10.3133302
48.9401586,12.7462808
48.940401,11.1917034
48.9405125,12.0388166
48.9407756,11.7789117
48.9408689,11.7553045
48.9409081,13.5709149
48.9412436,11.3520606
48.9417285,10.8200389
48.9418117,13.571869
48.9419522,14.0453203
48.9419544,13.5724631
48.9420205,13.337999
48.9420419,13.3380593
48.9423009,9.7456037
48.9423437,13.5726187
48.9423858,10.0467749
48.9424684,14.2952378
48.9425304,13.3375843
48.9425763,13.9790031
48.9427588,16.9861263
48.9431932,9.4411264
48.9432244,15.7040047
48.9440561,16.9557908
48.9443763,10.928751
48.944801,13.2836776
48.944816,16.3136266
48.9454869,14.0136379
48.946172,9.4346099
48.9463457,11.3856896
48.9463896,13.7464748
48.9465682,11.3861512
48.9467607,11.3865469
48.9469579,11.3869636
48.946998,12.019153
48.9472289,11.3872359
48.9475279,11.5325022
48.9475534,11.3874452
48.9478024,16.3126108
48.9478303,11.2048631
48.9478467,11.3876781
48.94821,13.6927143
48.9482436,11.3879608
48.9483044,9.4308561
48.9488059,11.388325
48.9492915,14.283269
48.9496015,14.885761
48.9497016,9.6560609
48.950041,13.6919463
48.9502229,12.8566905
48.9502422,10.6024908
48.9503068,17.2020304
48.9507229,13.8025724
48.9516085,13.9247982
48.9517794,12.1269461
48.952869,13.4260188
48.9528852,14.2875189
48.9533132,11.0276333
48.9538623,13.0678779
48.9543678,13.5507452
48.9546916,11.7285495
48.955629,9.6895717
48.9561044,10.9089601
48.9569043,10.1179114
48.9571803,14.3312722
48.9578206,12.0433758
48.9581849,14.01589
48.958232,12.8842539
48.9591468,14.4664108
48.9592619,12.8831557
48.9597187,11.4023342
48.9597454,10.1229623
48.9603156,10.9181568
48.9606512,12.093461
48.9606741,14.0683193
48.9607028,9.54831
48.9608546,14.4793235
48.9612153,12.8503615
48.9615172,11.6831416
48.962021,11.6889703
48.9620767,14.4780313
48.9624648,14.0308277
48.9626984,11.6847346
48.9630161,14.0856436
48.9641937,10.5541924
48.9650696,11.6819593
48.9651202,14.5284172
48.9661239,13.8245776
48.9661628,15.2306278
48.966336,13.933512
48.9665915,16.7466504
48.9666683,13.3851027
48.9676542,13.8583831
48.9683929,9.5027538
48.968639,11.3916129
48.9690266,14.2069226
48.9697879,13.7812608
48.9700897,9.7216035
48.9708007,14.4771917
48.9708505,13.6758122
48.9714427,13.4827684
48.972183,14.4724922
48.9722607,9.4603165
48.972462,14.4561954
48.9726624,13.656876
48.9730123,14.4720453
48.973509,17.2658019
48.9736793,9.5494581
48.9738845,12.6881213
48.9742165,14.4786879
48.974337,14.4879929
48.9744672,14.4817241
48.9748582,13.5608052
48.9749003,14.4867887
48.9749774,14.4878591
48.9749775,14.4703079
48.9751357,14.4757047
48.9759267,9.5524594
48.976147,14.4719243
48.9761553,9.770523
48.976474,10.999289
48.9770153,14.4774358
48.9774068,9.9632228
48.9774217,11.3099381
48.9774239,10.9808275
48.977532,10.7322578
48.9779309,10.1234789
48.9781486,10.0916413
48.9781552,13.406576
48.9784031,10.8749924
48.9784107,10.0916479
48.9803226,11.9784977
48.9808862,9.580059
48.9809892,14.4606888
48.9811656,11.3837031
48.981502,14.4604278
48.982461,17.2839013
48.9825405,12.9853745
48.9825891,13.7588501
48.9830991,11.0195726
48.9832114,11.018038
48.9843543,16.5623713
48.9848805,14.9615112
48.9873939,13.4199738
48.987776,12.0524637
48.9878095,11.3605963
48.9879649,13.7296501
48.988436,9.4308598
48.9884389,12.2040077
48.9887199,10.7352028
48.9892976,9.4083763
48.9903606,13.3161101
48.9906861,10.1932305
48.9909885,11.3033203
48.991081,11.3033583
48.9910844,15.2963215
48.991719,11.6258186
48.9920372,12.0353494
48.9920855,12.1561263
48.9921836,11.8253917
48.992275,13.6232602
48.9928826,16.7281187
48.9933765,11.6761233
48.9946777,11.4612839
48.9960523,11.2091894
48.9966886,9.5758849
48.9973086,9.8658389
48.9981703,14.486016
48.998475,14.4869911
48.9989221,14.4824416
48.9989537,10.1214103
48.9990228,14.487041
48.9999244,14.4831098
49.0001337,12.0590301
49.0005103,14.4838084
49.0005871,11.2083694
49.0009091,12.818791
49.0011044,11.9667195
49.001138,11.3819968
49.0014136,13.4042036
49.0024897,12.8212755
49.0025094,12.0974295
49.0026437,10.0406401
49.002974,12.0969338
49.0031088,14.0200669
49.0034284,12.0222015
49.0034544,12.0948003
49.0036019,14.7696494
49.0037665,13.7007308
49.0037992,13.701263
49.0039732,14.7614442
49.0042114,10.0459084
49.0043232,11.452484
49.0043255,14.7623368
49.0045653,15.4406914
49.0047542,12.8464293
49.0048536,15.4396687
49.0050589,15.4402878
49.0051816,9.466026
49.0052621,15.4396442
49.005888,10.7299702
49.0066959,11.3540229
49.0068917,12.3802244
49.0071878,14.7781128
49.0072222,10.1344816
49.0075283,12.0868328
49.0081484,10.9499244
49.0081796,10.076897
49.0083202,12.8214638
49.0084629,11.9627575
49.0086267,10.2340276
49.0087222,12.9109797
49.0088776,12.5512827
49.0090001,11.7573657
49.0099628,9.7587708
49.0103776,17.1227084
49.011236,13.1183009
49.0117998,12.8279001
49.0121177,17.1257294
49.012538,14.4548154
49.0125437,15.0909553
49.0126636,13.997636
49.0132757,10.7911254
49.0133326,13.3252388
49.0137436,12.098652
49.0137586,12.8065528
49.0141407,16.7794452
49.0143286,13.6536187
49.0147861,10.1430875
49.014787,10.1927176
49.0151308,14.7605535
49.0154113,10.4178517
49.0170768,9.9086199
49.0171328,13.9975273
49.0172316,12.0976714
49.0178364,14.4775891
49.0178768,15.8968493
49.017963,11.4779239
49.0180157,9.4464643
49.0187214,12.1017963
49.0188742,12.1000255
49.0188761,12.0898747
49.0189587,13.5789562
49.01932,15.1026607
49.0193883,15.1013133
49.0204788,15.0255018
49.0206198,11.5591547
49.0206687,10.4201578
49.0211952,15.776336
49.0218155,9.4197087
49.0221666,12.8450939
49.0221666,14.9946188
49.0231021,10.24748
49.0233574,14.6981007
49.0233612,13.0877101
49.0237494,12.0453117
49.0250406,9.5358073
49.0250612,12.0972759
49.0252338,11.932673
49.0255435,11.0055644
49.0255975,11.4683452
49.0260556,11.4685061
49.0261976,11.4697509
49.0263785,13.5189756
49.0265752,14.4880585
49.0270359,12.1363434
49.0287813,14.5311781
49.0289403,10.4230295
49.0289628,12.0580654
49.0292608,13.4962028
49.0300776,13.5233224
49.0301841,10.971521
49.0301989,11.2639017
49.0303597,11.8804959
49.0305502,11.8803327
49.0310285,10.9720039
49.0315186,17.2558053
49.0326101,13.2868367
49.0333377,14.9910932
49.0336135,11.5923222
49.0342397,11.5888588
49.0343413,12.6703729
49.0345937,12.612531
49.0348916,14.9768894
49.0354228,13.6945514
49.0356515,15.2722152
49.0356727,16.1887788
49.036072,15.6211174
49.0366744,16.6336383
49.0369928,16.6172177
49.0378728,11.4598501
49.0379328,14.989177
49.0382506,17.1548618
49.0389784,10.4353314
49.039009,11.012857
49.0391741,13.7571504
49.0400948,10.1570376
49.0404052,15.296402
49.0406586,14.985176
49.0408281,15.2832661
49.0408782,13.1829661
49.0412427,13.3668201
49.0417379,10.5165596
49.0422859,14.5213679
49.0436245,13.1927186
49.0439308,15.282938
49.0441027,11.504343
49.0442343,11.1071778
49.044569,11.4575744
49.0451332,10.5968889
49.0455707,10.5969679
49.0456054,10.5965301
49.0456201,11.355311
49.0457839,12.5654773
49.0459856,15.2853218
49.0459889,10.5969369
49.0460225,10.5966354
49.0460586,9.4242403
49.0464181,10.5970585
49.047043,11.6482981
49.0474237,12.8606297
49.0477127,13.7957199
49.0482439,12.9958127
49.0482627,13.7600956
49.0486196,15.3601453
49.0489799,16.3220228
49.0491676,14.1963892
49.0491676,14.1963892
49.0507867,11.0497611
49.0512538,14.4360775
49.0515698,11.7824356
49.052548,16.6358731
49.0527225,11.777342
49.0531749,10.5108288
49.0533436,13.7741552
49.0537248,13.4816046
49.0540024,13.691021
49.0541688,10.9997346
49.0545906,12.3501027
49.0549195,16.6368256
49.0554546,16.6351673
49.0561639,16.3296407
49.0566244,16.3291017
49.0568857,12.7794288
49.0572765,11.316235
49.0580577,11.9038102
49.0583797,11.9022732
49.0584906,11.9610196
49.0587426,14.9914909
49.0596061,10.7138352
49.0603777,13.8559008
49.0611276,10.2949223
49.0612102,10.9682034
49.061493,11.0073733
49.0624958,16.5402033
49.0628182,17.1746053
49.0628343,17.1745036
49.0631004,15.3255996
49.0633507,13.3555115
49.0634781,15.2498539
49.0641443,13.3954697
49.0641625,16.3348878
49.0644502,15.3055959
49.0647889,16.5228015
49.0648804,15.3345281
49.0651309,17.02644
49.0651732,17.0934608
49.0651736,17.0934624
49.0653387,17.1574789
49.0654567,15.2587591
49.0658884,10.8046881
49.0660126,9.7090635
49.0660522,9.7093768
49.0663511,13.3815843
49.0666169,10.5250588
49.0671621,13.4602972
49.0675996,11.1549062
49.0676712,12.7006112
49.0678236,13.8809231
49.0680486,16.9512741
49.0689283,13.3259386
49.0691729,11.4536663
49.0692173,10.3195942
49.0694137,17.1740003
49.069448,10.3164691
49.0700536,16.4658003
49.0702038,17.2859285
49.0707667,9.4093377
49.0711756,9.7706249
49.0717828,11.4903714
49.0718055,12.9506816
49.0722069,17.156882
49.0729143,15.2772915
49.0729766,15.6867898
49.073064,17.2816962
49.0731646,17.2236659
49.0737607,13.9364925
49.0741385,17.0519928
49.0743727,17.2387447
49.0745475,15.3013899
49.074551,15.3006171
49.0753561,9.4457778
49.0755769,17.2213472
49.0755939,16.4127082
49.0762517,9.4391937
49.0765276,16.6421871
49.0768291,17.2005162
49.0769458,10.0229202
49.0774396,15.4399619
49.078105,11.6229084
49.078343,11.6222994
49.0788434,10.5778643
49.0792229,17.1791607
49.0795152,9.474053
49.0799237,17.0088466
49.0800553,12.8887053
49.0801937,10.3327797
49.080315,12.8861781
49.0804618,10.3332225
49.080652,15.5154341
49.0807174,10.3348162
49.0808205,10.3334779
49.0812592,13.2819183
49.081536,10.3353896
49.081813,15.0803821
49.0818894,11.2024542
49.0820049,17.2248934
49.0820765,16.3814076
49.0828859,12.8512983
49.0833373,12.8514799
49.0835091,16.8264486
49.0836429,17.1691829
49.0841922,15.2262629
49.0844953,11.2123421
49.0847602,13.2805802
49.0848141,14.5578891
49.0852205,9.6322175
49.0853373,15.1552049
49.0858953,13.2552854
49.0859814,17.2202556
49.0859956,17.2202505
49.086315,13.4814427
49.0873147,13.4811397
49.0874843,10.6864346
49.0877059,9.6324039
49.0879317,13.4843983
49.088687,9.4344282
49.0886887,9.4344442
49.0890368,11.2983187
49.0891162,17.2114271
49.0892476,17.2113329
49.089752,13.5545938
49.09011,13.3177629
49.0908276,12.2444797
49.0911597,13.4985533
49.0914794,15.0710424
49.0923221,17.1792361
49.0923446,10.0055118
49.0924413,14.5246804
49.0925338,17.0497464
49.0932169,16.2617127
49.0932208,15.0519714
49.0937879,12.3059032
49.0941804,15.0564013
49.0943146,13.5584721
49.0944669,10.694717
49.0944687,9.4003595
49.0946236,12.0174874
49.0950781,15.0664942
49.0963865,15.8889435
49.0969219,17.2763952
49.0972092,17.2205657
49.0972131,17.2205786
49.0972883,17.2081939
49.09732,17.2082017
49.0973899,16.2341056
49.0973981,16.1947766
49.0986881,11.3407704
49.0993913,13.117312
49.0996997,17.2299493
49.0997225,13.111886
49.0998055,14.573214
49.0998686,15.0639274
49.1014034,16.3774949
49.1014623,14.4628562
49.1015268,15.0854013
49.1017338,13.2724353
49.1017815,12.9484901
49.1029744,13.5749954
49.1030205,16.8741564
49.1031864,12.9562926
49.1034919,12.9665065
49.1035473,9.4491779
49.1040185,17.093966
49.1048796,17.2964682
49.1049922,16.6332774
49.105136,10.6130504
49.1056429,13.1311578
49.1059849,16.4766229
49.1071463,11.5994359
49.1071921,16.7563757
49.1086991,13.3829226
49.1094707,9.5901099
49.1095304,13.4945946
49.1095529,9.5916175
49.1099185,10.7542726
49.1103951,17.2770725
49.1108185,9.7354627
49.1113758,11.3013824
49.11219,9.4787144
49.1128421,9.7356674
49.1129357,15.7217476
49.1131886,13.1150783
49.1133896,9.5974162
49.1135484,9.4786922
49.113911,10.6339017
49.1139954,9.8645022
49.1141001,16.3067433
49.1141089,9.7346549
49.1153693,10.7627733
49.1157409,10.8412175
49.1166858,17.0728707
49.1171218,10.8563942
49.1172469,12.5356547
49.1172918,10.9363714
49.1174511,9.5180532
49.1174609,15.2903756
49.1180213,13.1888216
49.1181742,16.2997217
49.1181982,13.5553584
49.1186975,9.4815169
49.1187869,10.9372227
49.1193023,12.7506696
49.1194349,12.7500541
49.119604,10.9638215
49.1196096,17.0458688
49.1208626,12.4631532
49.1210982,13.5258888
49.121356,13.5234572
49.121494,16.1568476
49.1217964,15.3066473
49.1222045,14.5183452
49.1241605,15.7624426
49.1242017,17.1887903
49.1245227,16.5446153
49.124803,10.9722058
49.1250912,11.4057146
49.1267081,15.7172019
49.1272904,16.0800349
49.1276065,16.3346579
49.1278579,15.2626886
49.1278975,13.1951656
49.128314,16.3350053
49.128475,9.5279923
49.1287466,9.5275842
49.1292892,9.5269048
49.1292914,11.5535835
49.1292915,9.5553628
49.1296255,13.0521964
49.1296587,11.1521609
49.1297402,14.4865983
49.1297956,13.0524642
49.130266,11.2706685
49.130274,16.4816596
49.1306748,13.0557918
49.1309738,11.596079
49.1310114,11.5541344
49.1315921,13.5489814
49.1316385,16.5517592
49.1329136,13.8111732
49.1334605,14.4175636
49.1336713,11.4191709
49.1342712,17.2264525
49.1343287,16.3127389
49.1350997,16.2370715
49.1353629,13.6138669
49.1355928,10.9866885
49.1358619,11.3960991
49.1359836,11.5258949
49.1360905,11.5263383
49.1364041,13.728607
49.1364276,10.7970554
49.1367995,11.8702148
49.1372594,10.6263837
49.1375546,12.4195836
49.13773,12.3909716
49.1378051,15.0206878
49.1378519,13.7043643
49.138545,13.469213
49.138629,14.5232582
49.1388919,13.6643651
49.1392406,9.4488933
49.1400268,11.3579169
49.1405458,16.8010497
49.1406486,16.2111241
49.1409254,11.1870892
49.1410268,13.8291822
49.141549,10.6421792
49.1420413,10.9764274
49.1424606,13.6516824
49.142613,12.413711
49.1426333,16.387348
49.1428288,17.2861596
49.1428906,16.4455779
49.1438649,16.492258
49.1442741,11.4228359
49.14477,10.725404
49.1450573,16.3495248
49.1451807,13.4752015
49.1454798,17.2881579
49.1459223,9.5072753
49.1460125,9.5072077
49.146052,9.5084417
49.1462363,9.5074156
49.1462734,9.6520906
49.1464965,13.6687962
49.1466315,9.6523694
49.1468106,9.6525088
49.1469148,13.6845069
49.1474055,9.6426476
49.1475845,9.6427869
49.1476571,16.6708931
49.1478328,14.1754405
49.1479933,16.6704968
49.1480046,16.6690876
49.1483339,10.9180054
49.1484682,15.4283134
49.1490389,9.6489556
49.1499201,15.3554948
49.1501516,17.0022264
49.1501619,15.356506
49.1507684,16.1482114
49.151553,15.3494546
49.1515651,15.3350008
49.1516987,11.0355972
49.1517356,11.0360509
49.1526694,16.4931726
49.1527983,16.5465751
49.1528073,16.7977703
49.1528574,13.0479383
49.1530964,16.4499471
49.1538066,15.3501152
49.1540354,13.6249685
49.1548962,10.7094889
49.1553884,13.4373879
49.1555271,16.5051384
49.1555782,9.4970918
49.1557437,13.2000102
49.155746,16.5055037
49.1559282,16.5051193
49.1559395,16.5055756
49.1566857,15.3127256
49.1570696,17.1470932
49.1572832,13.4220542
49.1573594,14.7671275
49.1576824,16.2285737
49.158148,16.6421183
49.1581891,10.553962
49.1583353,10.5539825
49.1583652,16.6422674
49.1586175,16.3473144
49.1587663,13.5240926
49.1592884,16.155145
49.1593055,14.7557061
49.1594297,15.359775
49.1595557,16.1632691
49.1598574,9.5077606
49.160598,13.5224618
49.1608938,15.3219513
49.161001,11.9589373
49.1611339,16.7249666
49.161139,16.5460668
49.1615185,11.9555119
49.1615694,16.0710361
49.1628054,9.4914743
49.1628105,9.4914749
49.1636301,16.1656679
49.1638812,10.9114151
49.1639667,15.3334
49.1640816,16.8650837
49.1655006,11.6770365
49.1655822,10.0924145
49.1660403,15.343687
49.1662614,13.5024341
49.1667786,16.7278972
49.1670235,10.327728
49.1671854,16.5972227
49.1675396,16.1782133
49.1677385,12.9322278
49.1684677,11.443116
49.1690022,16.5974547
49.1690593,16.5551704
49.1690907,16.7269677
49.1697696,15.3475626
49.1702127,16.5814381
49.1702774,16.5971308
49.1704001,9.6549858
49.1704462,12.9495656
49.1704717,9.5269309
49.1705178,10.0976901
49.1705671,10.0975306
49.170768,16.7272925
49.1711802,16.5901715
49.171323,12.933687
49.1715861,16.590234
49.1716634,13.5340021
49.17175,12.9356537
49.1718208,16.5961629
49.1719293,16.5895678
49.1719621,16.590168
49.1719734,14.2308623
49.1720188,16.3735109
49.1720194,16.5922442
49.1721358,13.2532687
49.1721684,16.5932553
49.1721708,12.9675335
49.1721823,15.3655222
49.1722271,16.147888
49.1723244,11.5068476
49.1724386,16.1642731
49.1724617,9.6561376
49.1725945,15.3740962
49.1726231,15.6579955
49.1734635,16.1624201
49.1737912,15.342688
49.1738366,9.6585658
49.1739778,16.0168361
49.1743283,16.9134647
49.1743504,16.1607804
49.1743554,9.6585859
49.1748893,10.6565739
49.1750125,10.8056749
49.1757803,16.1644564
49.1759936,13.5054585
49.1762123,16.5292249
49.1767576,15.7096286
49.1770663,13.2490552
49.1771753,16.634315
49.1775402,15.3542943
49.177911,15.841206
49.1779802,16.0525408
49.1780648,13.1309566
49.178227,17.1967839
49.1782635,16.1561648
49.1789145,12.864187
49.1792902,16.6242954
49.1793455,12.8649141
49.1800665,13.3775154
49.1803592,13.5003443
49.1805585,16.5215253
49.18076,16.6009198
49.1807904,16.1608748
49.1811867,13.499474
49.1816926,13.2057431
49.1822797,16.5167051
49.1823394,11.4096781
49.182505,16.5976197
49.1827759,15.4563105
49.1827808,16.5569343
49.182859,16.5559908
49.1833804,10.1623697
49.1835504,16.5676095
49.1836966,12.2211277
49.1844528,16.00895
49.1850731,11.1714755
49.1855423,16.3409161
49.1862643,11.0151012
49.1863612,16.5082906
49.1867638,10.4238932
49.1872037,11.5625595
49.1872968,16.5964526
49.1874651,16.5970045
49.1882455,15.4425886
49.188904,15.2522533
49.1892281,16.1674501
49.1902805,16.5929927
49.1905191,16.5269187
49.1906534,16.6060558
49.1909167,15.4239
49.1909398,10.1116293
49.1911664,15.4316489
49.1912427,10.1483246
49.1912936,16.6057274
49.1915528,16.6434935
49.1915575,16.6048013
49.1919283,10.7706214
49.1919965,15.3423296
49.1924644,16.6093024
49.1926468,16.6117417
49.1928178,12.905733
49.192939,13.2456671
49.1933714,16.593635
49.1933812,15.9994631
49.1936035,16.6017117
49.194018,16.5922938
49.1944383,15.4486844
49.1952414,16.607532
49.1952973,16.613068
49.1955289,9.7014458
49.1955841,16.5909988
49.1966205,16.604007
49.1966544,16.6092024
49.1968008,13.3493857
49.1969086,16.598354
49.196921,12.268236
49.1973245,11.4180606
49.1973388,9.719741
49.1973602,15.744103
49.197368,12.268158
49.1980592,10.8781779
49.1982923,13.2413018
49.1990828,16.6106
49.1992954,16.5972215
49.1993248,16.6070015
